{"O23": 5.0, "O34": [4.906063887569011, 4.905937400502501, 4.902968820973753, 4.901093507524037, 4.901280775733194, 4.900904018526249, 4.901278086545989, 4.901678001917342, 4.902555574014688, 4.902603122850719, 4.902804732626089, 4.903015648140743, 4.902664349452124, 4.9027090917997596, 4.9026387065123425, 4.902214206594514, 4.90144982231581, 4.90119657322032, 4.900790191452577, 4.899834162159119, 4.899548802532173, 4.899325125741567, 4.901188868373776, 4.902756055925361, 4.902680921580925, 4.903204616613081, 4.902896841188394, 4.902435504455274, 4.9009887929779445, 4.900735105589745, 2.351398162216946, 2.3529663304736226, 2.3703556826135954, 2.383016100004322, 2.3847524968484706, 2.6070366865472017, 2.6237265230429037, 2.6198769883650845, 2.6375409357614403, 2.6397635725415585, 2.70373832196869, 2.6975235131103164, 2.688904510022849, 2.699583714671298, 2.7024188039267676, 2.7479471091992327, 2.7530250307997752, 2.756020530512161, 2.7550973325125465, 2.753247745472942, 4.874006012324038, 4.8750291870869, 4.875498750944613, 4.876094269473598, 4.875831196836988, 4.874348655563793, 4.874295242450391, 4.874704857762811, 4.87511073771956, 4.875062721725992, 4.875752321895904, 4.875394730863276, 4.8690999335987675, 4.8604860018575335, 4.859650308767518, 4.860592332738351, 4.864197850556283, 4.8647170628997936, 4.863716438029575, 4.863408005849631, 4.862340848746122, 4.860985440989053, 4.859773196331044, 4.858228543636034, 4.857278349204806, 4.857714180379983, 4.856403807132062, 4.854343168701585, 4.8516133727141595, 4.849410250789621, 2.337225050128679, 2.3464927823268855, 2.3601839786692773, 2.339571046244443, 2.330154227457097, 2.4063349410889945, 2.4254221235833175, 2.4305656254489536, 2.4427522810588447, 2.446391173741695, 2.5457195048995476, 2.5639668208937567, 2.560739419042724, 2.5689057143903518, 2.5836716446666608, 2.5875426566981985, 2.614269090812587, 2.6306851370822777, 2.635435410291827, 2.636764000913978, 4.8703292282967, 4.870033433896272, 4.8696965520040525, 4.868611523110292, 4.869519095178275, 4.868692907011954, 4.868191940473864, 4.867282896589637, 4.866414763185814, 4.865564786152793, 4.865332562739604, 4.864243576064489, 4.863574045121288, 4.8640381669857815, 4.862194229493365, 4.854347051202674, 4.843994750424095, 4.8386313398564065, 4.832418163324989, 4.824680260141303, 4.823243036830806, 4.820745681748423, 4.818195855396161, 4.815837118911645, 4.811110992401403, 4.807886737512976, 4.803642188593248, 4.799432411631514, 4.794538946064919, 4.788753946074139, 2.7250188425316177, 2.7320515650564734, 2.7337925537767633, 2.7325806223785003, 2.731384260071013, 2.738853260263061, 2.7391018630940556, 2.737483220816142, 2.7355459208027937, 2.7346472989552266, 2.7180795001995364, 2.7180174836896844, 2.7167252077231137, 2.7123157598758505, 2.715610185119046, 2.734686592093587, 2.7353818533079317, 2.7351240587298236, 2.7319644467801814, 2.7299579256714592, 4.7938327061538715, 4.797617618421173, 4.80404355855797, 4.81015117052554, 4.813725656147629, 4.81670747589864, 4.820426287553264, 4.82389892118415, 4.827032460223718, 4.829638514133198, 4.827851650282328, 4.825397716212713, 4.823054376882349, 4.820403070796275, 4.8180646032289225, 4.82302930762103, 4.823755808811166, 4.832832786958392, 4.848604546384478, 4.86364432133949, 2.3234512849372675, 2.311382628195407, 2.3171049180319954, 2.3210369203985985, 2.3161412718259884, 2.2601601554247317, 2.2626009734139982, 2.263040429212376, 2.268992641562824, 2.2733643731435738, 2.2278423114317203, 2.230539794689396, 2.2324509162919424, 2.232191633051295, 2.2291179979408495, 2.205550018298633, 2.205994539653398, 2.205841185660406, 2.208654107838453, 2.209136708890226, 4.655618744056428, 4.664241135053201, 4.669386955387456, 4.654252991046696, 4.6248070566783515, 4.630930110991374, 4.649095520760032, 4.664683548118518, 4.678173471612454, 4.688678277343184, 4.681162821817089, 4.668761790007895, 4.663709542470679, 4.655862524790749, 4.645566017031885, 4.658588400999312, 4.677582384342391, 4.708275104456152, 4.7148315320696, 4.721127116029358, 5.0, 5.0, 5.0, 5.0, 5.0, 5.0, 5.0, 5.0, 5.0, 5.0, 5.0, 5.0, 5.0, 5.0, 5.0, 5.0, 5.0, 5.0, 5.0, 5.0, 5.0, 5.0, 5.0, 5.0, 5.0, 5.0, 5.0, 5.0, 5.0], "O35": 3.5224743410660744, "O46": 3.503165190937056,