{"O23": 3.090336943456296, "O34": [3.9374632567773737, 3.9419854517889372, 3.9443770621001404, 3.9563005271911127, 3.9759373961780224, 3.993589699367282, 3.993589699367282, 3.993589699367282, 3.993589699367282, 3.993589699367282, 3.9989944213203135, 4.011878255343399, 4.026608467899152, 4.044695654651619, 4.0632080138415425, 4.089086421501262, 2.619001292203409, 2.5456756960316573, 2.5051519300288994, 2.5212315770359575, 2.5378543089642043, 2.542999777551857, 2.5708966530058848, 2.5484410957784185, 2.5405836811561753, 2.561286083627569, 2.5786186738251224, 2.585644360236283, 2.5281018094463303, 2.460174650874244, 2.417922116246264, 2.4037877739338516, 2.407050489504785, 2.390806823913429, 2.4110035652977, 2.459031758191381, 2.4795273299983753, 2.6381152906884098, 2.6783134950399243, 2.660431262516146, 3.7212278828711582, 3.7212278828711582, 3.7212278828711582, 3.7212278828711582, 3.7212278828711582, 3.7212278828711582, 3.7212278828711582, 3.7212278828711582, 4.450762181292627, 4.400839115006169, 4.400839115006169, 4.400839115006169, 4.400839115006169, 4.400839115006169, 4.400839115006169, 4.400839115006169, 4.400839115006169, 4.400839115006169, 4.383991891143566], "O35": 3.3403682436397246, "O46": 2.363260679457258, "O22": [2.988064002806221, 2.9922371249589985, 2.994444124423854, 3.0054472050477044, 3.02356828403057, 3.0398579878797585, 3.0398579878797585, 3.0398579878797585, 3.0398579878797585, 3.0398579878797585, 3.0448455138166377, 3.0567348315123515, 3.0703280038930973, 3.087019022198398, 3.1041023934457903, 3.1279832203467186, 1.7755663344606585, 1.707865442193845, 1.6704501975912356, 1.6852963973706876, 1.7006440227867614, 1.7053947896772068, 1.73115173484094, 1.7104187119946337, 1.7031640286560874, 1.7222783787951177, 1.7382814102457023, 1.7447681660807084, 1.691639623863836, 1.628923062600456, 1.5899116607954387, 1.5768615441088514, 1.5798739813326508, 1.5648763446050515, 1.5835238222115684, 1.6278678396164683, 1.646791224782024, 1.793214124861026, 1.8303287811912208, 1.8138182697083454, 2.7885200586032957, 2.7885200586032957, 2.7885200586032957, 2.7885200586032957, 2.7885200586032957, 2.7885200586032957, 2.7885200586032957, 2.7885200586032957, 3.4617408582744518, 3.4156714045419445, 3.4156714045419445, 3.4156714045419445, 3.4156714045419445, 3.4156714045419445, 3.4156714045419445, 3.4156714045419445, 3.4156714045419445, 3.4156714045419445, 3.400124635122656], "O21": [4.553999999999999, 4.553999999999999, 4.553999999999999, 4.553999999999999, 4.553999999999999, 4.553999999999999, 4.553999999999999, 4.553999999999999, 4.553999999999999, 4.553999999999999, 4.553999999999999, 4.553999999999999, 4.553999999999999, 4.553999999999999, 4.553999999999999, 4.553999999999999, 4.531000000000001, 4.531000000000001, 4.531000000000001, 4.531000000000001, 4.531000000000001, 4.531000000000001, 4.531000000000001, 4.531000000000001, 4.531000000000001, 4.531000000000001, 4.531000000000001, 4.531000000000001, 4.531000000000001, 4.531000000000001, 4.531000000000001, 4.531000000000001, 4.531000000000001, 4.531000000000001, 4.531000000000001, 4.531000000000001, 4.531000000000001, 4.531000000000001, 4.531000000000001, 4.531000000000001, 4.553999999999999, 4.553999999999999, 4.553999999999999, 4.553999999999999, 4.553999999999999, 4.553999999999999, 4.553999999999999, 4.553999999999999, 4.553999999999999, 4.553999999999999, 4.553999999999999, 4.553999999999999, 4.553999999999999, 4.553999999999999, 4.553999999999999, 4.553999999999999, 4.553999999999999, 4.553999999999999, 4.553999999999999], "mode": "2"}