{"O23": 4.594340904953616, "O34": [4.681591278584547, 4.626355660452058, 4.632433162959051, 4.665337718060889, 4.696814942491531, 4.696814942491531, 4.696814942491531, 4.696814942491531, 4.696814942491531, 4.696814942491531, 4.69173481140399, 4.702584515206027, 4.711017873533158, 4.705967906318102, 4.636709876925413, 2.9194117339423316, 2.9194117339423316, 2.9194117339423316, 2.9194117339423316, 2.9194117339423316, 4.345043327818669, 4.345043327818669, 4.345043327818669, 4.345043327818669, 4.345043327818669, 2.29907255817265, 2.29907255817265, 2.29907255817265, 2.29907255817265, 2.29907255817265, 4.135667686112427, 4.135667686112427, 4.135667686112427, 4.135667686112427, 4.135667686112427, 2.8579666608135956, 2.8579666608135956, 2.8579666608135956, 2.8579666608135956, 2.8579666608135956, 4.246218878732538, 4.301131128139748, 4.286413826530303, 4.274177374712463, 4.270441048728169, 4.277397791160017, 4.312357444905663, 4.337501189971932, 4.349705176611468, 4.348311103015094, 4.364997763472725, 4.3610124460277495, 4.364629974538866, 4.3767970793501565, 4.402516180885312, 4.41560907452428, 4.398240613091824, 4.40995844620972, 4.419742936718], "O35": 3.7610073644525825, "O46": 3.4697582131243925, "O22": [3.6747520214267286, 3.6237800971595, 3.62938847103118, 3.6597530898659825, 3.688800555144144, 3.688800555144144, 3.688800555144144, 3.688800555144144, 3.688800555144144, 3.688800555144144, 3.6841125645718162, 3.694124768638997, 3.7019071474102065, 3.6972469923301925, 3.6333350610717425, 2.0529327114670513, 2.0529327114670513, 2.0529327114670513, 2.0529327114670513, 2.0529327114670513, 3.364182551242068, 3.364182551242068, 3.364182551242068, 3.364182551242068, 3.364182551242068, 1.4801788860594058, 1.4801788860594058, 1.4801788860594058, 1.4801788860594058, 1.4801788860594058, 3.170968829493644, 3.170968829493644, 3.170968829493644, 3.170968829493644, 3.170968829493644, 1.9962010039406473, 1.9962010039406473, 1.9962010039406473, 1.9962010039406473, 1.9962010039406473, 3.2729864624703926, 3.3236599791750274, 3.310078721131436, 3.2987868135463247, 3.2953388983867207, 3.3017586427540646, 3.334019725066158, 3.357222598730724, 3.3684845471578533, 3.3671980835284097, 3.3825966835961987, 3.378918996881461, 3.382257284666363, 3.3934851982112955, 3.417219015990372, 3.429301255776367, 3.4132734836484264, 3.424086805241547, 3.4331160209187432], "O21": [4.553999999999999, 4.553999999999999, 4.553999999999999, 4.553999999999999, 4.553999999999999, 4.553999999999999, 4.553999999999999, 4.553999999999999, 4.553999999999999, 4.553999999999999, 4.553999999999999, 4.553999999999999, 4.553999999999999, 4.553999999999999, 4.553999999999999, 4.531000000000001, 4.531000000000001, 4.531000000000001, 4.531000000000001, 4.531000000000001, 4.553999999999999, 4.553999999999999, 4.553999999999999, 4.553999999999999, 4.553999999999999, 4.531000000000001, 4.531000000000001, 4.531000000000001, 4.531000000000001, 4.531000000000001, 4.553999999999999, 4.553999999999999, 4.553999999999999, 4.553999999999999, 4.553999999999999, 4.531000000000001, 4.531000000000001, 4.531000000000001, 4.531000000000001, 4.531000000000001, 4.553999999999999, 4.553999999999999, 4.553999999999999, 4.553999999999999, 4.553999999999999, 4.553999999999999, 4.553999999999999, 4.553999999999999, 4.553999999999999, 4.553999999999999, 4.553999999999999, 4.553999999999999, 4.553999999999999, 4.553999999999999, 4.553999999999999, 4.553999999999999, 4.553999999999999, 4.553999999999999, 4.553999999999999], "mode": "2"}