{"O23": 3.0514022966709105, "O34": [4.978637963412255, 4.978637963412255, 4.978637963412255, 4.978637963412255, 4.978637963412255, 4.978637963412255, 4.978637963412255, 4.978637963412255, 4.978637963412255, 4.978637963412255, 3.556814020155736, 3.556814020155736, 3.556814020155736, 3.556814020155736, 3.556814020155736, 3.556814020155736, 3.556814020155736, 3.556814020155736, 3.556814020155736, 3.5033684853105616, 4.741094287847817, 4.741094287847817, 4.741094287847817, 4.741094287847817, 4.741094287847817, 4.741094287847817, 4.741094287847817, 4.741094287847817, 4.741094287847817, 4.740848729095481, 2.6224141827441065, 2.6224141827441065, 2.6224141827441065, 2.6224141827441065, 2.6224141827441065, 2.6224141827441065, 2.6224141827441065, 2.6224141827441065, 2.6224141827441065, 2.6226117136128306, 4.73226489488081, 4.73226489488081, 4.73226489488081, 4.73226489488081, 4.73226489488081, 4.73226489488081, 4.73226489488081, 4.73226489488081, 4.73226489488081, 4.732019536710119, 3.7188880554776875, 3.7188880554776875, 3.7188880554776875, 3.7188880554776875, 3.7188880554776875, 3.7188880554776875, 3.7188880554776875, 3.7188880554776875, 3.7188880554776875, 3.7188880554776875], "O35": 3.6548024437428586, "O46": 2.5408662603940586, "O22": [3.9488693687976175, 3.9488693687976175, 3.9488693687976175, 3.9488693687976175, 3.9488693687976175, 3.9488693687976175, 3.9488693687976175, 3.9488693687976175, 3.9488693687976175, 3.9488693687976175, 2.641440759986384, 2.641440759986384, 2.641440759986384, 2.641440759986384, 2.641440759986384, 2.641440759986384, 2.641440759986384, 2.641440759986384, 2.641440759986384, 2.591894095810304, 3.7296619325381535, 3.7296619325381535, 3.7296619325381535, 3.7296619325381535, 3.7296619325381535, 3.7296619325381535, 3.7296619325381535, 3.7296619325381535, 3.7296619325381535, 3.7296619325381535, 1.778717426942375, 1.778717426942375, 1.778717426942375, 1.778717426942375, 1.778717426942375, 1.778717426942375, 1.778717426942375, 1.778717426942375, 1.778717426942375, 1.778717426942375, 3.7215140894460315, 3.7215140894460315, 3.7215140894460315, 3.7215140894460315, 3.7215140894460315, 3.7215140894460315, 3.7215140894460315, 3.7215140894460315, 3.7215140894460315, 3.7215140894460315, 2.7910823227890638, 2.7910823227890638, 2.7910823227890638, 2.7910823227890638, 2.7910823227890638, 2.7910823227890638, 2.7910823227890638, 2.7910823227890638, 2.7910823227890638, 2.7910823227890638], "O21": [4.553999999999999, 4.553999999999999, 4.553999999999999, 4.553999999999999, 4.553999999999999, 4.553999999999999, 4.553999999999999, 4.553999999999999, 4.553999999999999, 4.553999999999999, 4.531000000000001, 4.531000000000001, 4.531000000000001, 4.531000000000001, 4.531000000000001, 4.531000000000001, 4.531000000000001, 4.531000000000001, 4.531000000000001, 4.532, 4.553999999999999, 4.553999999999999, 4.553999999999999, 4.553999999999999, 4.553999999999999, 4.553999999999999, 4.553999999999999, 4.553999999999999, 4.553999999999999, 4.553, 4.531000000000001, 4.531000000000001, 4.531000000000001, 4.531000000000001, 4.531000000000001, 4.531000000000001, 4.531000000000001, 4.531000000000001, 4.531000000000001, 4.532, 4.553999999999999, 4.553999999999999, 4.553999999999999, 4.553999999999999, 4.553999999999999, 4.553999999999999, 4.553999999999999, 4.553999999999999, 4.553999999999999, 4.553, 4.531000000000001, 4.531000000000001, 4.531000000000001, 4.531000000000001, 4.531000000000001, 4.531000000000001, 4.531000000000001, 4.531000000000001, 4.531000000000001, 4.531000000000001], "mode": "2"}