{"O23": 2.250179787116873, "O34": [5.0, 5.0, 5.0, 5.0, 5.0, 5.0, 5.0, 5.0, 5.0, 5.0, 5.0, 5.0, 5.0, 5.0, 5.0, 5.0, 5.0, 5.0, 5.0, 5.0, 5.0, 5.0, 5.0, 5.0, 5.0, 5.0, 5.0, 5.0, 5.0, 5.0, 5.0, 5.0, 5.0, 5.0, 5.0, 5.0, 5.0, 5.0, 5.0, 5.0, 5.0, 3.8595363141882553, 3.8753753550408905, 3.8270898680697036, 3.8443490228651997, 3.7873371250792527, 3.7992290606971975, 3.7762742875342012, 3.773530477931504, 3.7675076794881694, 3.767139112878463, 3.7718076972804875, 3.7604983362746176, 3.768168840684944, 3.753728897019539, 3.760243351345264, 3.700933243573996, 3.702836370179742, 3.6343854476847017], "O35": 4.089791569075153, "O46": 2.279737688811603, "O22": [4.031032973225298, 4.032067552322668, 4.032626058955176, 4.031335397114155, 4.030499937237767, 4.029687132287077, 4.029479161397988, 4.028792210938512, 4.028245265188216, 4.027821387295066, 4.030532034816544, 4.032242804984202, 4.0311085099863995, 4.0301144175162635, 4.028567736715009, 4.026921211580958, 4.025752699271947, 4.024279554493319, 4.022963042787324, 4.022334927552272, 4.021671768357842, 4.020466411504997, 4.018648376584063, 4.0176704039003, 4.01723220537518, 4.016468498140073, 4.015158187741278, 4.015049966101279, 4.014858232700002, 4.014506318235376, 4.006529910465728, 4.0002430391903125, 3.994758990849455, 3.9887317787004304, 3.9802258762906857, 3.9761558710029163, 3.977008057683731, 3.9780468453068716, 3.9787176946628944, 3.977598151748276, 3.9785449762651854, 2.9161523206285773, 2.930768729715728, 2.886210448876033, 2.9021373518581317, 2.849526260780887, 2.8605002457239848, 2.8393173749823353, 2.8367853628495676, 2.831227470378914, 2.830887353802825, 2.8351955653992693, 2.824759185538013, 2.831837595866595, 2.818512286223628, 2.8245238831561856, 2.7697919832732723, 2.7715482055895744, 2.7083810798217374], "O21": [4.553999999999999, 4.553999999999999, 4.553999999999999, 4.553999999999999, 4.553999999999999, 4.553999999999999, 4.553999999999999, 4.553999999999999, 4.553999999999999, 4.553999999999999, 4.553999999999999, 4.553999999999999, 4.553999999999999, 4.553999999999999, 4.553999999999999, 4.553999999999999, 4.553999999999999, 4.553999999999999, 4.553999999999999, 4.553999999999999, 4.553999999999999, 4.553999999999999, 4.553999999999999, 4.553999999999999, 4.553999999999999, 4.553999999999999, 4.553999999999999, 4.553999999999999, 4.553999999999999, 4.553999999999999, 4.553999999999999, 4.553999999999999, 4.553999999999999, 4.553999999999999, 4.553999999999999, 4.553999999999999, 4.553999999999999, 4.553999999999999, 4.553999999999999, 4.553999999999999, 4.553999999999999, 4.553999999999999, 4.553999999999999, 4.553999999999999, 4.553999999999999, 4.553999999999999, 4.553999999999999, 4.553999999999999, 4.553999999999999, 4.553999999999999, 4.553999999999999, 4.553999999999999, 4.553999999999999, 4.553999999999999, 4.553999999999999, 4.553999999999999, 4.553999999999999, 4.553999999999999, 4.553999999999999, 4.553999999999999], "mode": "2"}