{"O23": 5.0, "O34": [3.0355196361528565, 2.999160594928205, 2.999160594928205, 2.999160594928205, 2.999160594928205, 2.999160594928205, 2.999160594928205, 2.999160594928205, 2.999160594928205, 2.999160594928205, 2.920386440688417, 2.7899842939450967, 3.41732807174663, 3.41732807174663, 3.41732807174663, 3.41732807174663, 3.41732807174663, 3.41732807174663, 3.41732807174663, 3.41732807174663, 2.564488455195195, 2.567828767400149, 2.567828767400149, 2.567828767400149, 2.567828767400149, 2.567828767400149, 2.567828767400149, 2.567828767400149, 2.567828767400149, 2.567828767400149, 2.5822550475305173, 2.601439091404468, 3.3532966781382783, 3.3532966781382783, 3.3532966781382783, 3.3532966781382783, 3.3532966781382783, 3.3532966781382783, 3.3532966781382783, 3.3532966781382783, 3.22143836914655, 3.22143836914655, 3.22143836914655, 3.22143836914655, 3.22143836914655, 3.22143836914655, 3.22143836914655, 3.22143836914655, 3.520804316295537, 3.5127439421564386, 3.5127439421564386, 3.5127439421564386, 3.5127439421564386, 3.5127439421564386, 3.5127439421564386, 3.5127439421564386, 3.5127439421564386, 3.5127439421564386, 3.502116507993668], "O35": 3.1665420251700693, "O46": 3.1018444666400518, "O22": [2.1557423328737984, 2.1221898832336654, 2.1221898832336654, 2.1221898832336654, 2.1221898832336654, 2.1221898832336654, 2.1221898832336654, 2.1221898832336654, 2.1221898832336654, 2.1221898832336654, 2.049496386539297, 1.929160114894046, 2.5126545835486236, 2.5126545835486236, 2.5126545835486236, 2.5126545835486236, 2.5126545835486236, 2.5126545835486236, 2.5126545835486236, 2.5126545835486236, 1.7252351009196865, 1.7283191824482624, 1.7283191824482624, 1.7283191824482624, 1.7283191824482624, 1.7283191824482624, 1.7283191824482624, 1.7283191824482624, 1.7283191824482624, 1.7283191824482624, 1.7416388428111897, 1.75935130551671, 2.453534948568513, 2.453534948568513, 2.453534948568513, 2.453534948568513, 2.453534948568513, 2.453534948568513, 2.453534948568513, 2.453534948568513, 2.3273098086877346, 2.3273098086877346, 2.3273098086877346, 2.3273098086877346, 2.3273098086877346, 2.3273098086877346, 2.3273098086877346, 2.3273098086877346, 2.6035673921489035, 2.596129206534719, 2.596129206534719, 2.596129206534719, 2.596129206534719, 2.596129206534719, 2.596129206534719, 2.596129206534719, 2.596129206534719, 2.596129206534719, 2.586322114885987], "O21": [4.553999999999999, 4.553999999999999, 4.553999999999999, 4.553999999999999, 4.553999999999999, 4.553999999999999, 4.553999999999999, 4.553999999999999, 4.553999999999999, 4.553999999999999, 4.553999999999999, 4.553999999999999, 4.531000000000001, 4.531000000000001, 4.531000000000001, 4.531000000000001, 4.531000000000001, 4.531000000000001, 4.531000000000001, 4.531000000000001, 4.531000000000001, 4.531000000000001, 4.531000000000001, 4.531000000000001, 4.531000000000001, 4.531000000000001, 4.531000000000001, 4.531000000000001, 4.531000000000001, 4.531000000000001, 4.531000000000001, 4.531000000000001, 4.531000000000001, 4.531000000000001, 4.531000000000001, 4.531000000000001, 4.531000000000001, 4.531000000000001, 4.531000000000001, 4.531000000000001, 4.553999999999999, 4.553999999999999, 4.553999999999999, 4.553999999999999, 4.553999999999999, 4.553999999999999, 4.553999999999999, 4.553999999999999, 4.553999999999999, 4.553999999999999, 4.553999999999999, 4.553999999999999, 4.553999999999999, 4.553999999999999, 4.553999999999999, 4.553999999999999, 4.553999999999999, 4.553999999999999, 4.553999999999999], "mode": "2"}