{"O23": 2.9473709878135113, "O34": [4.873209292909474, 4.911359606676807, 4.9313669554566655, 4.946413253761187, 4.956538743777178, 4.963037394484031, 4.979396648671689, 4.990445218541403, 4.998927518720005, 5.0, 5.0, 5.0, 5.0, 5.0, 5.0, 5.0, 5.0, 5.0, 5.0, 5.0, 5.0, 5.0, 5.0, 5.0, 5.0, 5.0, 5.0, 5.0, 5.0, 5.0, 5.0, 5.0, 5.0, 5.0, 5.0, 5.0, 5.0, 4.985755336790383, 5.0, 5.0, 5.0, 5.0, 5.0, 5.0, 4.982642341894254, 4.946934406202477, 4.914535761972251, 4.904385278595605, 4.925321814416853, 4.9172940903702935, 4.900663196470369, 4.8840350255374325, 4.880122208494244, 4.868112964861331, 4.857080621303913, 4.8386862197338605, 4.854361972384931, 4.864851110932069, 4.843110185388254], "O35": 4.930382832841479, "O46": 3.089748564664208, "O22": [3.851578845216032, 3.886784297238949, 3.9052472583005753, 3.9191321174478118, 3.928476010531904, 3.9344730237430956, 3.949569490365801, 3.95976520982547, 3.9675927525765715, 3.9722356355064488, 3.976712591800127, 3.996139312452339, 4.010457169285324, 4.007297824153368, 4.010176984177506, 4.030628440088704, 4.0335696131278365, 4.039772607546644, 4.049160010324201, 4.049711273281521, 4.039347633256927, 4.026444353584341, 4.021418849130049, 4.01977611113003, 4.019871022766012, 4.02390718675621, 4.020239437255966, 4.0157510719737335, 4.00856025828488, 4.00859623330131, 4.012239825568864, 4.00665153986283, 3.992350984008757, 3.9999402269374142, 4.002314695124173, 3.994949761144692, 3.972760583997829, 3.9554373448441855, 3.969639336028223, 3.987216006663943, 3.9920812145224316, 3.9900575135798073, 3.9926831307664195, 3.981726786442762, 3.952564645208432, 3.919613041599062, 3.889715281858186, 3.8803483246765147, 3.899668747881321, 3.8922606920656344, 3.876913553877917, 3.8615689284685817, 3.8579581457754557, 3.8468759079430606, 3.8366951622700434, 3.819720643373184, 3.834186368642078, 3.8438658398552135, 3.823803118593352], "O21": [4.553999999999999, 4.553999999999999, 4.553999999999999, 4.553999999999999, 4.553999999999999, 4.553999999999999, 4.553999999999999, 4.553999999999999, 4.553999999999999, 4.553999999999999, 4.553999999999999, 4.553999999999999, 4.553999999999999, 4.553999999999999, 4.553999999999999, 4.553999999999999, 4.553999999999999, 4.553999999999999, 4.553999999999999, 4.553999999999999, 4.553999999999999, 4.553999999999999, 4.553999999999999, 4.553999999999999, 4.553999999999999, 4.553999999999999, 4.553999999999999, 4.553999999999999, 4.553999999999999, 4.553999999999999, 4.553999999999999, 4.553999999999999, 4.553999999999999, 4.553999999999999, 4.553999999999999, 4.553999999999999, 4.553999999999999, 4.553999999999999, 4.553999999999999, 4.553999999999999, 4.553999999999999, 4.553999999999999, 4.553999999999999, 4.553999999999999, 4.553999999999999, 4.553999999999999, 4.553999999999999, 4.553999999999999, 4.553999999999999, 4.553999999999999, 4.553999999999999, 4.553999999999999, 4.553999999999999, 4.553999999999999, 4.553999999999999, 4.553999999999999, 4.553999999999999, 4.553999999999999, 4.553999999999999], "mode": "2"}