{"O23": 3.090336943456296, "O34": [4.348166616972396, 4.298450342205379, 4.26208903917393, 4.2803000324552904, 4.29672212927084, 4.314251814880379, 4.314251814880379, 4.314251814880379, 4.314251814880379, 4.314251814880379, 4.288460660714318, 4.2788483173442735, 4.332624320873936, 4.323255775926512, 4.311902161491501, 4.304325620857608, 2.856189389817523, 2.850320260368169, 2.8409598486312406, 2.8225605215588185, 2.792677967141518, 2.780618524278738, 2.768631298215859, 2.733488562635552, 2.6943877366546376, 2.649968145889324, 2.578492525682526, 2.5092894663710443, 2.4493290873302658, 2.393833928589986, 2.3573915661423523, 2.3165307360413285, 2.271691897095092, 2.236799148028829, 2.233011529111135, 2.231008841755523, 2.2279347977807693, 2.2212737497370547, 2.213998118103232, 2.216729271778916, 4.514101597291964, 4.514101597291964, 4.514101597291964, 4.514101597291964, 4.514101597291964, 4.514101597291964, 4.514101597291964, 4.514101597291964, 5.0, 5.0, 5.0, 5.0, 5.0, 5.0, 5.0, 5.0, 5.0, 5.0, 5.0], "O35": 3.3892134959560294, "O46": 2.422332645650236, "O22": [3.367064750511145, 3.321186125849161, 3.2876315889934107, 3.3044368570749953, 3.3195913154388625, 3.3357678666847366, 3.3357678666847366, 3.3357678666847366, 3.3357678666847366, 3.3357678666847366, 3.3119675580910393, 3.303097201338386, 3.3527221801470493, 3.3440768027673875, 3.333599585444454, 3.3266078857322854, 1.994560064916405, 1.9891411481766088, 1.9804987605294566, 1.9635108200973839, 1.935920514625824, 1.9247861347547284, 1.9137184320338398, 1.8812714465376605, 1.845169990218413, 1.804157764120796, 1.7381649387506521, 1.6742703493086992, 1.6189094470637488, 1.5676712443165783, 1.534024324511978, 1.4962978715265516, 1.4548985571894717, 1.4226823820915586, 1.4191853061224255, 1.4173362421122429, 1.4144980037504191, 1.4083479153837963, 1.4016303872745028, 1.4039781770058948, 3.5201910399616496, 3.5201910399616496, 3.5201910399616496, 3.5201910399616496, 3.5201910399616496, 3.5201910399616496, 3.5201910399616496, 3.5201910399616496, 3.994602066671296, 3.9850383037355117, 3.9850383037355117, 3.9850383037355117, 3.9850383037355117, 3.9850383037355117, 3.9850383037355117, 3.9850383037355117, 3.9850383037355117, 3.9850383037355117, 3.980303683146581], "O21": [4.553999999999999, 4.553999999999999, 4.553999999999999, 4.553999999999999, 4.553999999999999, 4.553999999999999, 4.553999999999999, 4.553999999999999, 4.553999999999999, 4.553999999999999, 4.553999999999999, 4.553999999999999, 4.553999999999999, 4.553999999999999, 4.553999999999999, 4.553999999999999, 4.531000000000001, 4.531000000000001, 4.531000000000001, 4.531000000000001, 4.531000000000001, 4.531000000000001, 4.531000000000001, 4.531000000000001, 4.531000000000001, 4.531000000000001, 4.531000000000001, 4.531000000000001, 4.531000000000001, 4.531000000000001, 4.531000000000001, 4.531000000000001, 4.531000000000001, 4.531000000000001, 4.531000000000001, 4.531000000000001, 4.531000000000001, 4.531000000000001, 4.531000000000001, 4.532, 4.553999999999999, 4.553999999999999, 4.553999999999999, 4.553999999999999, 4.553999999999999, 4.553999999999999, 4.553999999999999, 4.553999999999999, 4.553999999999999, 4.553999999999999, 4.553999999999999, 4.553999999999999, 4.553999999999999, 4.553999999999999, 4.553999999999999, 4.553999999999999, 4.553999999999999, 4.553999999999999, 4.553999999999999, 4.553999999999999], "mode": "2"}