{"O23": 5.0, "O34": [4.362743057115917, 4.362368782212967, 4.362368782212967, 4.362368782212967, 4.362368782212967, 4.362368782212967, 4.362368782212967, 4.362368782212967, 4.362368782212967, 4.362368782212967, 4.357118888551533, 4.360889575328296, 3.493540312640644, 3.493540312640644, 3.493540312640644, 3.493540312640644, 3.493540312640644, 3.493540312640644, 3.493540312640644, 3.493540312640644, 2.9739860028066594, 2.969622871916098, 2.969622871916098, 2.969622871916098, 2.969622871916098, 2.969622871916098, 2.969622871916098, 2.969622871916098, 2.969622871916098, 2.969622871916098, 2.965582408620433, 2.9693693248223343, 3.6737632901337123, 3.6729443625455036, 3.6764256413741316, 3.676918054586344, 3.6816972462622344, 3.6809116500989023, 3.6834878559727326, 3.686550279191195, 3.6862848652220683, 3.6875574463528964, 3.685584072717422, 3.685996183550592, 3.695409333703791, 3.705103663340714, 3.7160203547417456, 3.7217755100207084, 3.725324764258182, 3.725551136867513, 3.7258603264305354, 3.727755734720467, 3.733364433930149, 3.7375975486815802, 3.7388832137865835, 3.74280914051183, 3.742495757579365, 3.7484541320244964, 3.7505937011017063], "O35": 3.5856736427511646, "O46": 3.5657858817758736, "O22": [3.3805160203294564, 3.380170636089119, 3.380170636089119, 3.380170636089119, 3.380170636089119, 3.380170636089119, 3.380170636089119, 3.380170636089119, 3.380170636089119, 3.380170636089119, 3.3753259870896306, 3.3788056106969853, 2.583020690059269, 2.583020690059269, 2.583020690059269, 2.583020690059269, 2.583020690059269, 2.583020690059269, 2.583020690059269, 2.583020690059269, 2.1033206645123936, 2.0992922232887317, 2.0992922232887317, 2.0992922232887317, 2.0992922232887317, 2.0992922232887317, 2.0992922232887317, 2.0992922232887317, 2.0992922232887317, 2.0992922232887317, 2.0955616982801506, 2.0990581254378355, 2.749419015068224, 2.7486629062696846, 2.7518771410694347, 2.75233178195299, 2.7567443685211788, 2.7560190343405417, 2.758397623065723, 2.7612251320832133, 2.7609800776483633, 2.7621550408608972, 2.7603330419563883, 2.76071354034406, 2.769404620917348, 2.7783553120895137, 2.7884345993648627, 2.7937482847334367, 2.7970252806435134, 2.797234288526662, 2.7975197605908395, 2.7992697747623945, 2.8044482385018807, 2.808356636942562, 2.8095436804759166, 2.8131684548541673, 2.812879111088051, 2.8183804269648465, 2.8203558726912514], "O21": [4.553999999999999, 4.553999999999999, 4.553999999999999, 4.553999999999999, 4.553999999999999, 4.553999999999999, 4.553999999999999, 4.553999999999999, 4.553999999999999, 4.553999999999999, 4.553999999999999, 4.553999999999999, 4.531000000000001, 4.531000000000001, 4.531000000000001, 4.531000000000001, 4.531000000000001, 4.531000000000001, 4.531000000000001, 4.531000000000001, 4.531000000000001, 4.531000000000001, 4.531000000000001, 4.531000000000001, 4.531000000000001, 4.531000000000001, 4.531000000000001, 4.531000000000001, 4.531000000000001, 4.531000000000001, 4.531000000000001, 4.531000000000001, 4.531000000000001, 4.531000000000001, 4.531000000000001, 4.531000000000001, 4.531000000000001, 4.531000000000001, 4.531000000000001, 4.531000000000001, 4.531000000000001, 4.531000000000001, 4.531000000000001, 4.531000000000001, 4.531000000000001, 4.531000000000001, 4.531000000000001, 4.531000000000001, 4.531000000000001, 4.531000000000001, 4.531000000000001, 4.531000000000001, 4.531000000000001, 4.531000000000001, 4.531000000000001, 4.531000000000001, 4.531000000000001, 4.531000000000001, 4.531000000000001], "mode": "2"}