{"O23": 4.594340904953616, "O34": [4.573654443930089, 4.573654443930089, 4.573654443930089, 4.573654443930089, 4.573654443930089, 2.470482884343119, 2.470482884343119, 2.470482884343119, 2.470482884343119, 2.470676961909744, 4.468087101493271, 4.468087101493271, 4.468087101493271, 4.468087101493271, 4.468087101493271, 2.533805020948382, 2.533805020948382, 2.533805020948382, 2.533805020948382, 2.5340005377870303, 4.890527529758854, 4.890527529758854, 4.890527529758854, 4.890527529758854, 4.890527529758854, 2.500036209233698, 2.500036209233698, 2.500036209233698, 2.500036209233698, 2.5002309585286637, 4.875168365414579, 4.839364668447554, 4.803271400803282, 4.778836626684949, 4.769846590033554, 4.776840175238334, 4.788867413697521, 4.804585933294282, 4.815402809097442, 4.807796193050971, 4.7882564954858715, 4.766619163349091, 4.74178986338903, 4.7109688930278235, 4.676183899545132, 4.639378072352681, 4.620305044362662, 4.642806786864996, 4.654381727588409, 4.6617831302094075, 4.663280907742798, 4.679135502544118, 4.7005448468485325, 4.717054584464216, 4.722313235916798, 4.710355973641394, 4.687927718529906, 4.652225725782034, 4.6148761274380865, 4.611202029872007], "O35": 3.8517740483574063, "O46": 3.563869788593037, "O22": [3.5751469414499857, 3.5751469414499857, 3.5751469414499857, 3.5751469414499857, 3.5751469414499857, 1.6384405659004333, 1.6384405659004333, 1.6384405659004333, 1.6384405659004333, 1.6384405659004333, 3.477728450162803, 3.477728450162803, 3.477728450162803, 3.477728450162803, 3.477728450162803, 1.6969053499899607, 1.6969053499899607, 1.6969053499899607, 1.6969053499899607, 1.6969053499899607, 3.8675602696478393, 3.8675602696478393, 3.8675602696478393, 3.8675602696478393, 3.8675602696478393, 1.6657268965816974, 1.6657268965816974, 1.6657268965816974, 1.6657268965816974, 1.6657268965816974, 3.8533866949104936, 3.8203467219366685, 3.7870395305423794, 3.7644909016330583, 3.7561948151068716, 3.7626485583158167, 3.773747401935438, 3.7882525929257382, 3.798234503020854, 3.7912150494479695, 3.7731836411254656, 3.753216516789581, 3.7303038158918222, 3.701861947760182, 3.669762043506682, 3.6357972957646294, 3.61819653431534, 3.638961344296438, 3.649642803505174, 3.6564728842868157, 3.6578550468402966, 3.6724858092509227, 3.6922425443684346, 3.7074778784494242, 3.712330609217202, 3.7012963402481582, 3.6805993450910344, 3.6476532256836505, 3.6131866810415203, 3.609796190824874], "O21": [4.553999999999999, 4.553999999999999, 4.553999999999999, 4.553999999999999, 4.553999999999999, 4.531000000000001, 4.531000000000001, 4.531000000000001, 4.531000000000001, 4.532, 4.553999999999999, 4.553999999999999, 4.553999999999999, 4.553999999999999, 4.553999999999999, 4.531000000000001, 4.531000000000001, 4.531000000000001, 4.531000000000001, 4.532, 4.553999999999999, 4.553999999999999, 4.553999999999999, 4.553999999999999, 4.553999999999999, 4.531000000000001, 4.531000000000001, 4.531000000000001, 4.531000000000001, 4.532, 4.553999999999999, 4.553999999999999, 4.553999999999999, 4.553999999999999, 4.553999999999999, 4.553999999999999, 4.553999999999999, 4.553999999999999, 4.553999999999999, 4.553999999999999, 4.553999999999999, 4.553999999999999, 4.553999999999999, 4.553999999999999, 4.553999999999999, 4.553999999999999, 4.553999999999999, 4.553999999999999, 4.553999999999999, 4.553999999999999, 4.553999999999999, 4.553999999999999, 4.553999999999999, 4.553999999999999, 4.553999999999999, 4.553999999999999, 4.553999999999999, 4.553999999999999, 4.553999999999999, 4.553999999999999], "mode": "2"}