{"O23": 5.0, "O34": [4.186091919900525, 4.186091919900525, 4.186091919900525, 4.186091919900525, 4.186091919900525, 4.186091919900525, 4.186091919900525, 4.186091919900525, 2.976397041959186, 2.976397041959186, 2.976397041959186, 2.976397041959186, 2.976397041959186, 2.976397041959186, 2.976397041959186, 2.976397041959186, 3.8276915203956317, 3.8276915203956317, 3.8276915203956317, 3.8276915203956317, 3.8276915203956317, 3.8276915203956317, 3.8276915203956317, 3.8276915203956317, 2.905477553771538, 2.905477553771538, 2.905477553771538, 2.905477553771538, 2.905477553771538, 2.905477553771538, 2.905477553771538, 2.905477553771538, 4.009186406385851, 4.009186406385851, 4.009186406385851, 4.009186406385851, 3.4851981610636815, 3.48498102459745, 3.48498102459745, 3.48498102459745, 3.48498102459745, 3.48498102459745, 3.48498102459745, 3.48498102459745, 3.0270693039461807, 3.0270693039461807, 3.0270693039461807, 3.0270693039461807, 3.0270693039461807, 3.0270693039461807, 3.0270693039461807, 3.0270693039461807, 3.273402936513422, 3.273402936513422, 3.273402936513422, 3.273402936513422, 3.273402936513422, 3.273402936513422, 3.273402936513422], "O35": 3.2787494709628087, "O46": 3.3046141920721066, "O22": [3.2175007650956857, 3.2175007650956857, 3.2175007650956857, 3.2175007650956857, 3.2175007650956857, 3.2175007650956857, 3.2175007650956857, 3.2175007650956857, 2.1055467562244052, 2.1055467562244052, 2.1055467562244052, 2.1055467562244052, 2.1055467562244052, 2.1055467562244052, 2.1055467562244052, 2.1055467562244052, 2.8867656590434803, 2.8867656590434803, 2.8867656590434803, 2.8867656590434803, 2.8867656590434803, 2.8867656590434803, 2.8867656590434803, 2.8867656590434803, 2.0400674027642127, 2.0400674027642127, 2.0400674027642127, 2.0400674027642127, 2.0400674027642127, 2.0400674027642127, 2.0400674027642127, 2.0400674027642127, 3.0542507691293816, 3.0542507691293816, 3.0542507691293816, 3.0542507691293816, 2.5751179730280214, 2.5751179730280214, 2.5751179730280214, 2.5751179730280214, 2.5751179730280214, 2.5751179730280214, 2.5751179730280214, 2.5751179730280214, 2.147944290454169, 2.147944290454169, 2.147944290454169, 2.147944290454169, 2.147944290454169, 2.147944290454169, 2.147944290454169, 2.147944290454169, 2.379769744097925, 2.379769744097925, 2.379769744097925, 2.379769744097925, 2.379769744097925, 2.379769744097925, 2.379769744097925], "O21": [4.553999999999999, 4.553999999999999, 4.553999999999999, 4.553999999999999, 4.553999999999999, 4.553999999999999, 4.553999999999999, 4.553999999999999, 4.531000000000001, 4.531000000000001, 4.531000000000001, 4.531000000000001, 4.531000000000001, 4.531000000000001, 4.531000000000001, 4.531000000000001, 4.553999999999999, 4.553999999999999, 4.553999999999999, 4.553999999999999, 4.553999999999999, 4.553999999999999, 4.553999999999999, 4.553999999999999, 4.531000000000001, 4.531000000000001, 4.531000000000001, 4.531000000000001, 4.531000000000001, 4.531000000000001, 4.531000000000001, 4.531000000000001, 4.553999999999999, 4.553999999999999, 4.553999999999999, 4.553999999999999, 4.532, 4.531000000000001, 4.531000000000001, 4.531000000000001, 4.531000000000001, 4.531000000000001, 4.531000000000001, 4.531000000000001, 4.553999999999999, 4.553999999999999, 4.553999999999999, 4.553999999999999, 4.553999999999999, 4.553999999999999, 4.553999999999999, 4.553999999999999, 4.531000000000001, 4.531000000000001, 4.531000000000001, 4.531000000000001, 4.531000000000001, 4.531000000000001, 4.531000000000001], "mode": "2"}