{"O23": 5.0, "O34": [1.8596097438761352, 1.8586334389927395, 1.8586209118769648, 1.8572806174688117, 1.8551644796571585, 1.8539437038031226, 1.8516493679942199, 1.8507526814266035, 1.8528951157695404, 1.8479765195594655, 1.8506542654466698, 1.8452824689513219, 1.8476296150608764, 1.8411381978984074, 1.8432744939365575, 1.842366715937483, 1.8423310763646377, 1.8402021468836112, 1.8391627041776637, 1.8369846382264723, 1.8355348358903203, 1.8326013758051731, 1.8296591770205965, 1.8273931748999213, 1.8245121415672385, 1.8225870021006896, 1.8200817862350562, 1.817259267573714, 1.8160916933158746, 1.8203548569804027, 1.8180165098718741, 1.8186306227031357, 1.815419105942705, 1.8156418038258466, 1.811960688107362, 1.812315138226856, 1.8110639355240001, 1.8110639355240001, 1.8110639355240001, 1.8110639355240001, 3.0467399379962075, 3.0362991476852232, 3.1466123450051837, 3.1577611395868357, 3.200651702425512, 3.2242154356478623, 3.2605208561765298, 3.281683684420281, 3.3247890589941473, 3.3441344636793175, 3.4195734810523484, 3.4419777423910056, 3.520891668561759, 3.524835627453387, 3.6172832621164686, 3.6219029948903745, 3.647122808859755, 3.6396627405656448, 3.647497960486825, 3.641761820289833, 3.636549661315205, 3.6305856729322827, 3.6250288977542287, 3.617254274829167, 3.618010448184772, 3.6134347689863793, 3.6149379507166803, 3.610594941648735, 3.6123185094905996, 3.605669210783459, 3.6019733273930004, 3.605110230985889, 3.6012437853156998, 3.5938769209133494, 3.5795075942636347, 3.581897274374845, 3.5587249990270715, 3.5605310169054682, 3.522234214003871, 3.5305717045427674, 4.6739592325751556, 4.643706190169066, 4.630166145242823, 4.633057237407799, 4.628623070482177, 4.622588134988335, 4.618513278373788, 4.613890046637474, 4.601218740873071, 4.5865730355961425, 4.5665570263253485, 4.556911786312392, 4.552111412405341, 4.548046198922477, 4.540453388720857, 4.556526795500803, 4.5564763443806635, 4.524958741260565, 4.500446669577022, 4.474686044729185, 4.459239009362238, 4.440196641302347, 4.413318063138892, 4.379636210410673, 4.353561668153384, 4.329851811210072, 4.305767156445189, 4.277316880151104, 4.26462022934348, 4.250191466082718, 4.227553847992409, 4.172215717614832, 4.120928216580071, 4.061521861869083, 4.008603040861592, 3.9576014190267506, 3.9275534177271045, 3.9582120233769884, 3.98824923579105, 4.026653456964836, 4.060201499532505, 4.094633206410244, 4.123959997883999, 4.150188488208856, 4.173217574345919, 4.2175908566705225, 4.272033865945365, 4.325643545456893, 4.371230313053522, 4.421003957390085, 4.464020496558788, 4.5101347186219405, 4.532747006120522, 4.560700616295404, 4.586824147009907, 4.6027469653877455, 4.616947186031949, 4.622238829009689, 4.64156292656097, 4.665111442748305, 4.690097540384791, 4.715262220640013, 4.738078131870514, 4.760720410334276, 4.782858415804857, 4.791858551439268, 4.796442208909839, 4.800228290077527, 4.8056288538892025, 4.8129716792457415, 4.816751826955243, 4.827239511542239, 4.844952069252135, 4.829577665221939, 4.812094911895663, 4.796313727061442, 4.780682397080643, 4.766499530938594, 4.7380949572847095, 4.699462585281591, 4.6582180360515935, 4.615989003672886, 4.570027763134229, 4.520377986549221, 4.469764147789549, 4.41390892354388, 4.349977688020521, 4.286862262845663, 4.217484269827304, 4.140505742146227, 4.074596230612277, 4.003872492967888, 3.936281316741924, 3.9249330015987764, 3.9241435548318555, 3.9681262753804476, 4.011274258646172, 4.05034862390952, 4.05945389745726, 4.059573573496792, 4.059951956597635, 4.088739422354805, 4.093291861339945, 4.095193252707346, 4.1056873018593745, 4.134862105341988, 4.1860514549305625, 4.2389797315303275, 4.276930594037315, 4.331584388700321, 4.374816312404574, 4.437205994165532, 4.494206307583449, 4.548737750296886, 4.602151903269377, 4.6199413830682765, 4.636144042397161, 4.653545577264657, 4.690505701930531, 4.73412055854085, 4.773294631556989, 4.769070770004259, 4.760016236304975, 4.751770698219948, 4.739176691827719, 4.714592092852657, 4.670964868053989, 4.6292011176828165, 4.593731518854796, 4.547259908020569, 4.5243838462310615, 4.48801276489555, 4.449544862059181, 4.408239607466548, 4.35188862299232, 4.295235723236093, 4.227255158566612, 4.145773004796827, 4.037863301155864, 3.8936637654051607, 2.5287383490208595, 2.5584085870249322, 2.5779714518303245, 2.5963657148672716, 2.6243873109962284, 2.6395545207515667, 2.65181341781598, 2.66641307017218, 2.682505683429107, 2.658362152622116, 2.6539179071892898, 2.6490730266851594, 2.6327837796416347, 2.6173717650556254, 2.6099928880573247, 2.6160989361768774, 2.6290945005295665, 2.590823059320137, 2.5484112344451524, 2.5031009866606615, 2.459330226045771, 2.409124987164987, 2.367386851161764, 2.3257011844944286, 2.2777896054099425, 2.2358676229626107, 2.1948608451587934, 2.1447942442893377, 2.0963775167480017, 2.0863861457235187, 2.0781252208339867, 2.0707224285558987, 2.06915944716219, 2.065378063238507, 2.066019775945263, 2.043116618890477, 2.0118207141909195, 2.0032337149802744, 2.002331811554009, 2.0027222106287956, 1.8570025872909905, 1.8469603086991753, 1.8494923051126444, 1.8467413757681226, 1.8496518730881464, 1.8473816014684228, 1.8503411632351747, 1.8487334958621755, 1.851837650319903, 1.8505679384140716, 1.8512154366404634, 1.8522991443537096, 1.8529519745214793, 1.8541834662130992, 1.8547101214740074, 1.8553578921278815, 1.8557392265464547, 1.8563943206280238, 1.856714584342082, 1.8551151259310172, 1.8549014460593614, 1.855153218800612, 1.8559895966404838, 1.8562289167309813, 1.8552396527875723, 1.8550313450585638, 1.8534055923981536, 1.852894321190903, 1.850140682759435, 1.8488922746399332, 1.845688103805788, 1.8470997546638472, 1.844079994643322, 1.8454095532269428, 1.8420344277223875, 1.8434671622513836, 1.8395503451693853, 1.841378964143451, 1.8371037316620145], "O35": 2.5237687996468794, "O46": 2.5356569997101595,