{"O23": 5.0, "O34": [3.9031746492651984, 3.9025556665103434, 3.9162576262904882, 4.042619874642701, 4.057933784738592, 4.050089637895816, 4.051940764124833, 4.056312235092671, 4.060494590899904, 4.048409977437621, 4.058034783927049, 4.0888413959162175, 4.122238619640415, 4.133774243160392, 4.163498211437977, 4.211931167785122, 4.254795217044168, 4.2664835908242615, 4.256610389801088, 4.227177767168078, 4.216513547122012, 4.214627630885044, 4.206668552289091, 4.128239816500528, 4.11375737320014, 4.113273472528761, 4.109526078989573, 4.099949545991102, 4.0944222090887425, 4.0910182511700866, 4.0793705483836025, 4.064363532242059, 4.042389384500768, 4.019141874509083, 4.003019252344082, 3.9793420802727093, 3.9912203579886043, 4.0612890041984135, 4.080489029722279, 4.106226649401268, 4.133260006928039, 4.1474012530002256, 4.161088608488481, 4.178615343572623, 4.196958387336963, 4.214801581644884, 4.23502980630643, 4.259933878126195, 1.8110639355240001, 1.8110639355240001, 1.8110639355240001, 1.8110639355240001, 1.8110639355240001, 1.8110639355240001, 1.8110639355240001, 1.8110639355240001, 1.8110639355240001, 1.8110639355240001], "O35": 2.724992499527382, "O46": 2.7134682790455367, "O22": [2.9564221679824096, 2.9558509651395717, 2.96849525662828, 3.085103473771725, 3.099235287482411, 3.0919966383583626, 3.0937048742602085, 3.0977389069123737, 3.101598422396632, 3.090446632609094, 3.0993284904401968, 3.127757108537225, 3.1585763663994655, 3.1692215433399173, 3.1966510881009165, 3.2413454550045895, 3.280900784454841, 3.2916869207065784, 3.2825758421698774, 3.2554151537851252, 3.245574115793058, 3.243833775359563, 3.2364890661819326, 3.1641143247352037, 3.1507497960475517, 3.1503032481639885, 3.1468451197653735, 3.1380078091450807, 3.1329071330322376, 3.1297659301072986, 3.1190173254135702, 3.1051687161989685, 3.084890775399621, 3.063437764484535, 3.0485596640166013, 3.0267101570772694, 3.037671538385747, 3.1023315141200083, 3.1200494700335977, 3.143800376522042, 3.1687470015283625, 3.1817966703508738, 3.194427484867923, 3.2106013133424742, 3.2275284387951793, 3.2439942986823134, 3.2626610859903806, 3.285859308770931, 1.05, 1.05, 1.05, 1.05, 1.05, 1.05, 1.05, 1.05, 1.05, 1.05], "O21": [4.553999999999999, 4.553999999999999, 4.553999999999999, 4.553999999999999, 4.553999999999999, 4.553999999999999, 4.553999999999999, 4.553999999999999, 4.553999999999999, 4.553999999999999, 4.553999999999999, 4.553999999999999, 4.553999999999999, 4.553999999999999, 4.553999999999999, 4.553999999999999, 4.553999999999999, 4.553999999999999, 4.553999999999999, 4.553999999999999, 4.553999999999999, 4.553999999999999, 4.553999999999999, 4.553999999999999, 4.553999999999999, 4.553999999999999, 4.553999999999999, 4.553999999999999, 4.553999999999999, 4.553999999999999, 4.553999999999999, 4.553999999999999, 4.553999999999999, 4.553999999999999, 4.553999999999999, 4.553999999999999, 4.553999999999999, 4.553999999999999, 4.553999999999999, 4.553999999999999, 4.553999999999999, 4.553999999999999, 4.553999999999999, 4.553999999999999, 4.553999999999999, 4.553999999999999, 4.553999999999999, 4.553, 4.408, 4.408, 4.408, 4.408, 4.408, 4.408, 4.408, 4.408, 4.408, 4.408], "mode": "2"}