{"O23": 5.0, "O34": [2.8507157745809106, 2.8034315928666897, 2.7639755091516682, 2.7225638365511955, 2.7032778213328155, 2.67222070782892, 2.64417250199892, 2.6110503711732527, 2.5730035173426824, 2.531632731087427, 2.4954248052472066, 2.462047999472235, 2.420715902072465, 2.3778662169992737, 2.322365065839376, 2.264981612720652, 2.2323866079340924, 2.216286397005218, 2.150894001708681, 2.106241933033704, 2.194656626392466, 2.2008703647429724, 2.2008728211603574, 2.2008086777372315, 2.200489669974498, 2.214061627212909, 2.214593615547583, 2.2150370946785283, 2.215200200415593, 2.2265916644172585, 2.227912497283781, 2.228739458272052, 2.2295874721958224, 2.229057257651881, 2.23043009817128, 2.2330041366361253, 2.232244135669342, 2.261403293420984, 2.262720672245816, 2.26873367782078, 2.150653673500564, 2.125497231380112, 2.1507519838743017, 2.1507118397491523, 2.158579141452286, 2.167813208160947, 2.171687823177395, 2.204597255333189, 2.2660526312360587, 2.2752790196661508, 2.2928052986603196, 2.3070607751592105, 2.3168753787424317, 2.306443121375885, 2.3208880882527927, 2.3275110289526775, 2.327022980170596, 2.340683882802099, 2.343531561927638], "O35": 2.2923474969960007, "O46": 2.3230021320970007, "O22": [1.9852036704161407, 1.9415694030563713, 1.9051589748037263, 1.8669439115721085, 1.849146603596484, 1.8204868204528943, 1.7946036843219801, 1.764038284656033, 1.7289283063915288, 1.6907509734463178, 1.657337974439512, 1.6265375584441095, 1.5883959279220534, 1.548853853871458, 1.4976368933428255, 1.4446829276690125, 1.4146039646440067, 1.3997465454659581, 1.3394018560535441, 1.298196526235079, 1.383772554335471, 1.3895096455096967, 1.3895119134987406, 1.3894526904278708, 1.3891581533043464, 1.401689024689221, 1.402180204942957, 1.4025896654101637, 1.402740259534312, 1.4132579002682735, 1.4144774138933585, 1.4152409398610797, 1.4160239038230698, 1.415534361295061, 1.4168018931387254, 1.4191784807138323, 1.418476778358023, 1.445399177910165, 1.4466155024482654, 1.4519923064801001, 1.3391800790256485, 1.3159654884054997, 1.3392708007210734, 1.3392337553620086, 1.3464937719990577, 1.3550150516527666, 1.358590581172674, 1.3889597005966492, 1.4456712731696486, 1.4541854672389656, 1.4703588748295946, 1.4835139565153255, 1.4925709608084046, 1.4829439800593451, 1.4962739251669799, 1.5023856342995028, 1.501935258502145, 1.5145416620855126, 1.5171695259464038], "O21": [4.553999999999999, 4.553999999999999, 4.553999999999999, 4.553999999999999, 4.553999999999999, 4.553999999999999, 4.553999999999999, 4.553999999999999, 4.553999999999999, 4.553999999999999, 4.553999999999999, 4.553999999999999, 4.553999999999999, 4.553999999999999, 4.553999999999999, 4.553999999999999, 4.553999999999999, 4.553999999999999, 4.553999999999999, 4.553999999999999, 4.531000000000001, 4.531000000000001, 4.531000000000001, 4.531000000000001, 4.531000000000001, 4.531000000000001, 4.531000000000001, 4.531000000000001, 4.531000000000001, 4.531000000000001, 4.531000000000001, 4.531000000000001, 4.531000000000001, 4.531000000000001, 4.531000000000001, 4.531000000000001, 4.531000000000001, 4.531000000000001, 4.531000000000001, 4.532, 4.553999999999999, 4.553999999999999, 4.553999999999999, 4.553999999999999, 4.553999999999999, 4.553999999999999, 4.553999999999999, 4.553999999999999, 4.553999999999999, 4.553999999999999, 4.553999999999999, 4.553999999999999, 4.553999999999999, 4.553999999999999, 4.553999999999999, 4.553999999999999, 4.553999999999999, 4.553999999999999, 4.553999999999999], "mode": "2"}