{"O23": 5.0, "O34": [4.9899339937575276, 4.9899339937575276, 4.9899339937575276, 4.9899339937575276, 4.9899339937575276, 4.9899339937575276, 4.9899339937575276, 4.9899339937575276, 4.9899339937575276, 4.9899339937575276, 3.475875461004588, 3.475875461004588, 3.475875461004588, 3.475875461004588, 3.475875461004588, 3.475875461004588, 3.475875461004588, 3.475875461004588, 3.475875461004588, 3.4952067061724623, 4.884150710899099, 4.884150710899099, 4.884150710899099, 4.884150710899099, 4.884150710899099, 4.884150710899099, 4.884150710899099, 4.884150710899099, 4.884150710899099, 4.884150710899099, 3.062729847032238, 3.062729847032238, 3.062729847032238, 3.062729847032238, 3.062729847032238, 3.062729847032238, 3.062729847032238, 3.062729847032238, 3.062729847032238, 3.0952559727787987, 4.8107372815687155, 4.8107372815687155, 4.8107372815687155, 4.8107372815687155, 4.8107372815687155, 4.8107372815687155, 4.8107372815687155, 4.8107372815687155, 4.8107372815687155, 4.8107372815687155, 3.5746465836608876, 3.5746465836608876, 3.5746465836608876, 3.5746465836608876, 3.5746465836608876, 3.5746465836608876, 3.5746465836608876, 3.5746465836608876, 3.5746465836608876, 3.5746465836608876], "O35": 3.727926966845954, "O46": 3.7750903232844655, "O22": [3.959293447005604, 3.959293447005604, 3.959293447005604, 3.959293447005604, 3.959293447005604, 3.959293447005604, 3.959293447005604, 3.959293447005604, 3.959293447005604, 3.959293447005604, 2.566710884480319, 2.566710884480319, 2.566710884480319, 2.566710884480319, 2.566710884480319, 2.566710884480319, 2.566710884480319, 2.566710884480319, 2.566710884480319, 2.58455925687443, 3.8616756839588438, 3.8616756839588438, 3.8616756839588438, 3.8616756839588438, 3.8616756839588438, 3.8616756839588438, 3.8616756839588438, 3.8616756839588438, 3.8616756839588438, 3.8616756839588438, 2.185257092593879, 2.185257092593879, 2.185257092593879, 2.185257092593879, 2.185257092593879, 2.185257092593879, 2.185257092593879, 2.185257092593879, 2.185257092593879, 2.2150958875783107, 3.793929112334531, 3.793929112334531, 3.793929112334531, 3.793929112334531, 3.793929112334531, 3.793929112334531, 3.793929112334531, 3.793929112334531, 3.793929112334531, 3.793929112334531, 2.6579054124915684, 2.6579054124915684, 2.6579054124915684, 2.6579054124915684, 2.6579054124915684, 2.6579054124915684, 2.6579054124915684, 2.6579054124915684, 2.6579054124915684, 2.6579054124915684], "O21": [4.553999999999999, 4.553999999999999, 4.553999999999999, 4.553999999999999, 4.553999999999999, 4.553999999999999, 4.553999999999999, 4.553999999999999, 4.553999999999999, 4.553999999999999, 4.531000000000001, 4.531000000000001, 4.531000000000001, 4.531000000000001, 4.531000000000001, 4.531000000000001, 4.531000000000001, 4.531000000000001, 4.531000000000001, 4.531000000000001, 4.553999999999999, 4.553999999999999, 4.553999999999999, 4.553999999999999, 4.553999999999999, 4.553999999999999, 4.553999999999999, 4.553999999999999, 4.553999999999999, 4.553999999999999, 4.531000000000001, 4.531000000000001, 4.531000000000001, 4.531000000000001, 4.531000000000001, 4.531000000000001, 4.531000000000001, 4.531000000000001, 4.531000000000001, 4.532, 4.553999999999999, 4.553999999999999, 4.553999999999999, 4.553999999999999, 4.553999999999999, 4.553999999999999, 4.553999999999999, 4.553999999999999, 4.553999999999999, 4.553999999999999, 4.531000000000001, 4.531000000000001, 4.531000000000001, 4.531000000000001, 4.531000000000001, 4.531000000000001, 4.531000000000001, 4.531000000000001, 4.531000000000001, 4.531000000000001], "mode": "2"}