{"O23": 5.0, "O34": [5.0, 5.0, 5.0, 5.0, 5.0, 5.0, 5.0, 5.0, 5.0, 5.0, 3.643161671332017, 3.643161671332017, 3.643161671332017, 3.643161671332017, 3.643161671332017, 3.643161671332017, 3.643161671332017, 3.643161671332017, 3.643161671332017, 3.643382403144073, 5.0, 5.0, 5.0, 5.0, 5.0, 5.0, 5.0, 5.0, 5.0, 5.0, 3.657951862529517, 3.657951862529517, 3.657951862529517, 3.657951862529517, 3.657951862529517, 3.657951862529517, 3.657951862529517, 3.657951862529517, 3.657951862529517, 3.658172930513243, 5.0, 5.0, 5.0, 5.0, 5.0, 5.0, 5.0, 5.0, 5.0, 5.0, 3.6237031663829113, 3.6237031663829113, 3.6237031663829113, 3.6237031663829113, 3.6237031663829113, 3.6237031663829113, 3.6237031663829113, 3.6237031663829113, 3.6237031663829113, 3.6237031663829113], "O35": 3.9061359555196162, "O46": 4.005859516452213, "O22": [4.1995369849162945, 4.1995369849162945, 4.1995369849162945, 4.1995369849162945, 4.1995369849162945, 4.1995369849162945, 4.1995369849162945, 4.1995369849162945, 4.1995369849162945, 4.1995369849162945, 2.721164803635276, 2.721164803635276, 2.721164803635276, 2.721164803635276, 2.721164803635276, 2.721164803635276, 2.721164803635276, 2.721164803635276, 2.721164803635276, 2.721164803635276, 4.075194445566018, 4.075194445566018, 4.075194445566018, 4.075194445566018, 4.075194445566018, 4.075194445566018, 4.075194445566018, 4.075194445566018, 4.075194445566018, 4.075194445566018, 2.734820459956462, 2.734820459956462, 2.734820459956462, 2.734820459956462, 2.734820459956462, 2.734820459956462, 2.734820459956462, 2.734820459956462, 2.734820459956462, 2.734820459956462, 4.1210528021855515, 4.1210528021855515, 4.1210528021855515, 4.1210528021855515, 4.1210528021855515, 4.1210528021855515, 4.1210528021855515, 4.1210528021855515, 4.1210528021855515, 4.1210528021855515, 2.703198933379724, 2.703198933379724, 2.703198933379724, 2.703198933379724, 2.703198933379724, 2.703198933379724, 2.703198933379724, 2.703198933379724, 2.703198933379724, 2.703198933379724], "O21": [4.553999999999999, 4.553999999999999, 4.553999999999999, 4.553999999999999, 4.553999999999999, 4.553999999999999, 4.553999999999999, 4.553999999999999, 4.553999999999999, 4.553, 4.531000000000001, 4.531000000000001, 4.531000000000001, 4.531000000000001, 4.531000000000001, 4.531000000000001, 4.531000000000001, 4.531000000000001, 4.531000000000001, 4.532, 4.553999999999999, 4.553999999999999, 4.553999999999999, 4.553999999999999, 4.553999999999999, 4.553999999999999, 4.553999999999999, 4.553999999999999, 4.553999999999999, 4.553999999999999, 4.531000000000001, 4.531000000000001, 4.531000000000001, 4.531000000000001, 4.531000000000001, 4.531000000000001, 4.531000000000001, 4.531000000000001, 4.531000000000001, 4.532, 4.553999999999999, 4.553999999999999, 4.553999999999999, 4.553999999999999, 4.553999999999999, 4.553999999999999, 4.553999999999999, 4.553999999999999, 4.553999999999999, 4.553, 4.531000000000001, 4.531000000000001, 4.531000000000001, 4.531000000000001, 4.531000000000001, 4.531000000000001, 4.531000000000001, 4.531000000000001, 4.531000000000001, 4.531000000000001], "mode": "2"}