{"O23": 5.0, "O34": [5.0, 5.0, 5.0, 5.0, 4.988996740891711, 4.988996740891711, 4.988996740891711, 4.988996740891711, 4.988996740891711, 4.988996740891711, 4.983698626224429, 4.969394705828473, 4.956651754019549, 4.938527334217149, 4.925924994646008, 2.9990000121229605, 2.9990000121229605, 2.9990000121229605, 2.9990000121229605, 2.9990000121229605, 2.9990000121229605, 2.9990000121229605, 2.9990000121229605, 2.9990000121229605, 2.869532344999687, 1.8110639355240001, 1.8110639355240001, 1.8110639355240001, 1.8110639355240001, 1.8110639355240001, 1.8110639355240001, 1.8110639355240001, 1.8110639355240001, 1.8110639355240001, 1.813039441782, 2.8720771924698925, 2.8720771924698925, 2.8720771924698925, 2.8720771924698925, 2.8720771924698925, 2.8720771924698925, 2.8720771924698925, 2.8720771924698925, 2.8720771924698925, 2.8444990467136435, 5.0, 5.0, 5.0, 5.0, 5.0, 4.980531378370613, 4.9494899985783585, 4.92762343263379, 4.949138701907592, 4.968366782584275, 4.95662579126391, 4.939300162276157, 4.922128958673554, 4.921483782661306, 4.907522219612997, 4.8914717947281146, 4.88865883013116, 4.910002027965371, 4.897878956178876, 4.874775183666191, 3.2601875366362685, 3.2601875366362685, 3.2601875366362685, 3.2601875366362685, 3.2601875366362685, 3.2601875366362685, 3.2601875366362685, 3.2601875366362685, 3.2601875366362685, 3.2595514554780065, 1.8110639355240001, 1.8110639355240001, 1.8110639355240001, 1.8110639355240001, 1.8110639355240001, 1.8110639355240001, 1.8110639355240001, 1.8110639355240001, 1.8110639355240001, 1.8132190332600002, 3.012584407081338, 3.012584407081338, 3.012584407081338, 3.012584407081338, 3.012584407081338, 3.012584407081338, 3.012584407081338, 3.012584407081338, 3.012584407081338, 3.0223410463785934, 4.966726082933816, 4.968156196115491, 4.956786680291769, 4.939690180951575, 4.93194344625118, 4.926025813506046, 4.921136744160404, 4.918835960607566, 4.915529335974637, 4.914411643444279, 4.9331889685197865, 4.9549258368976945, 4.951718110516414, 4.9455904665607235, 4.93412695379621, 4.910657309854467, 4.900511943848531, 4.886359134916349, 4.878841805513519, 4.870033501037557, 3.2129916267750778, 3.2129916267750778, 3.2129916267750778, 3.2129916267750778, 3.2129916267750778, 3.2129916267750778, 3.2129916267750778, 3.2129916267750778, 3.2129916267750778, 3.2121478094965106, 1.8110639355240001, 1.8110639355240001, 1.8110639355240001, 1.8110639355240001, 1.8110639355240001, 1.8110639355240001, 1.8110639355240001, 1.8110639355240001, 1.8110639355240001, 1.8142965821280002, 2.831197826566344, 2.831197826566344, 2.831197826566344, 2.831197826566344, 2.831197826566344, 2.831197826566344, 2.831197826566344, 2.831197826566344, 2.831197826566344, 2.8318046557321255, 4.718333785690851, 4.770320776709315, 4.814615186614969, 4.818422753906824, 4.834520896395939, 4.865015652518289, 4.886678314450195, 4.899426619817183, 4.909374153232243, 4.920407083367333, 4.942620576360314, 4.955559043250753, 4.952729850644087, 4.949032507223813, 4.95293580506441, 4.979312567069699, 5.0, 5.0, 5.0, 5.0, 5.0, 5.0, 5.0, 5.0, 5.0, 5.0, 4.997511183760445, 4.99115357555295, 4.985394511596458, 4.975725258013377, 4.960988656138616, 4.959281855693786, 4.976669885147147], "O35": 3.2149505291270217, "O46": 3.1481129181702663, "O22": [4.002298693871593, 3.9996394775015656, 4.00817361955665, 3.9869288061098676, 3.9584285416472347, 3.9584285416472347, 3.9584285416472347, 3.9584285416472347, 3.9584285416472347, 3.9584285416472347, 3.9535393938706678, 3.94033960772184, 3.9285802973980655, 3.9118549201000423, 3.900225368011583, 2.1264158841668963, 2.1264158841668963, 2.1264158841668963, 2.1264158841668963, 2.1264158841668963, 2.1264158841668963, 2.1264158841668963, 2.1264158841668963, 2.1264158841668963, 2.007254646788903, 1.05, 1.05, 1.05, 1.05, 1.05, 1.05, 1.05, 1.05, 1.05, 1.05, 2.0092291364532398, 2.0092291364532398, 2.0092291364532398, 2.0092291364532398, 2.0092291364532398, 2.0092291364532398, 2.0092291364532398, 2.0092291364532398, 2.0092291364532398, 1.983579436742319, 4.004608657657937, 3.998842151042129, 4.006069207314335, 4.012661672842441, 3.9818667743537213, 3.950616629118528, 3.921971365185283, 3.9017927018337213, 3.9216471854638817, 3.939391030924345, 3.928556338734092, 3.912568092770635, 3.8967223519388825, 3.896126977722984, 3.8832431220079346, 3.868431645838215, 3.865835816855937, 3.885531511416943, 3.874344231942579, 3.853253274769586, 2.367568079057925, 2.367568079057925, 2.367568079057925, 2.367568079057925, 2.367568079057925, 2.367568079057925, 2.367568079057925, 2.367568079057925, 2.367568079057925, 2.367568079057925, 1.05, 1.05, 1.05, 1.05, 1.05, 1.05, 1.05, 1.05, 1.05, 1.05, 2.1389582391916377, 2.1389582391916377, 2.1389582391916377, 2.1389582391916377, 2.1389582391916377, 2.1389582391916377, 2.1389582391916377, 2.1389582391916377, 2.1389582391916377, 2.147394185313904, 3.937876978558209, 3.9391966998404997, 3.9287048085733143, 3.9129280055055395, 3.9057792491809575, 3.900318404560684, 3.8958067274789596, 3.8936835437620814, 3.890632160866981, 3.889600744166351, 3.90692862831158, 3.926987605584322, 3.92402748688366, 3.9183728420329986, 3.907794209545033, 3.8861362114267193, 3.8767739766006786, 3.8637136374671615, 3.856776578410562, 3.848877508066981, 2.323992501418399, 2.323992501418399, 2.323992501418399, 2.323992501418399, 2.323992501418399, 2.323992501418399, 2.323992501418399, 2.323992501418399, 2.323992501418399, 2.323992501418399, 1.05, 1.05, 1.05, 1.05, 1.05, 1.05, 1.05, 1.05, 1.05, 1.05, 1.9714855695207694, 1.9714855695207694, 1.9714855695207694, 1.9714855695207694, 1.9714855695207694, 1.9714855695207694, 1.9714855695207694, 1.9714855695207694, 1.9714855695207694, 1.9714855695207694, 3.7086583368248554, 3.756632398828076, 3.7975076779234778, 3.8010213352012383, 3.8158768456045085, 3.844017680308081, 3.864008179206295, 3.87577242984151, 3.884952102976731, 3.895133389948889, 3.915632200695118, 3.927571934091269, 3.9249611297559497, 3.9215491880563715, 3.925151186343892, 3.949491899108678, 3.9838478638626467, 4.011040817322861, 4.022660996297258, 4.008904328402718, 3.999542664783322, 3.992860830283609, 3.9844465809084286, 3.989178348247264, 3.9886530863324188, 3.97650553457382, 3.9662857459613385, 3.9604188880347033, 3.955104372116074, 3.9461814981079426, 3.9325824296062586, 3.9310073788336855, 3.9470532085069796],