{"O23": 5.0, "O34": [1.8110639355240001, 1.8110639355240001, 1.8110639355240001, 1.8110639355240001, 1.8110639355240001, 1.8110639355240001, 1.8110639355240001, 1.8110639355240001, 1.8110639355240001, 1.8110639355240001, 1.8110639355240001, 1.8110639355240001, 1.8110639355240001, 1.8110639355240001, 1.81232107587, 3.2125399313206255, 3.2125399313206255, 3.2125399313206255, 3.2125399313206255, 3.2125399313206255, 3.2125399313206255, 3.2125399313206255, 3.2125399313206255, 3.2125399313206255, 3.1917777531573166, 4.771964712773217, 4.771964712773217, 4.771964712773217, 4.771964712773217, 4.771964712773217, 4.771964712773217, 4.771964712773217, 4.771964712773217, 4.771964712773217, 4.771718452722314, 3.3486861886189834, 3.3486861886189834, 3.3486861886189834, 3.3486861886189834, 3.3486861886189834, 3.3486861886189834, 3.3486861886189834, 3.3486861886189834, 3.3486861886189834, 3.3632625466542563, 1.8110639355240001, 1.8110639355240001, 1.8110639355240001, 1.8110639355240001, 1.8121914800972818, 1.8152406352985067, 1.8212546162942542, 1.817104050688138, 1.8191529579563899, 1.8245338217072147, 1.8258854437455831, 1.8273867264617163, 1.8290810870941527, 1.8325184972786863, 1.83768315373177, 1.8448357638953101, 1.849644264334905, 1.8626252881231302, 1.8730989386667392, 1.886577750350336, 3.3062153678332593, 3.3062153678332593, 3.3062153678332593, 3.3062153678332593, 3.3062153678332593, 3.3062153678332593, 3.3062153678332593, 3.3062153678332593, 3.3062153678332593, 3.353074529999189, 4.733169857892143, 4.733169857892143, 4.733169857892143, 4.733169857892143, 4.733169857892143, 4.733169857892143, 4.733169857892143, 4.733169857892143, 4.733169857892143, 4.732924479162966, 2.950861561156633, 2.950861561156633, 2.950861561156633, 2.950861561156633, 2.950861561156633, 2.950861561156633, 2.950861561156633, 2.950861561156633, 2.950861561156633, 2.9500415760789425, 1.876051026073919, 1.8759188352694698, 1.8735456438175349, 1.8663663795026322, 1.8603877898685863, 1.8514811563219786, 1.84047743335592, 1.8419776084522677, 1.8433153642790487, 1.8425226441940448, 1.839879700422568, 1.8343863625188424, 1.827298425471834, 1.8246276843201088, 1.8252471488621242, 1.822467383734124, 1.8148497973579414, 1.8128680250034048, 1.8110639355240001, 1.813578216216, 2.4665412289685897, 2.4665412289685897, 2.4665412289685897, 2.4665412289685897, 2.4665412289685897, 2.4665412289685897, 2.4665412289685897, 2.4665412289685897, 2.4665412289685897, 2.4671231928944826, 4.79571949848382, 4.79571949848382, 4.79571949848382, 4.79571949848382, 4.79571949848382, 4.79571949848382, 4.79571949848382, 4.79571949848382, 4.79571949848382, 4.7954726987838106, 2.6743228496133242, 2.6743228496133242, 2.6743228496133242, 2.6743228496133242, 2.6743228496133242, 2.6743228496133242, 2.6743228496133242, 2.6743228496133242, 2.6743228496133242, 2.6735280067340614, 1.8110639355240001, 1.8110639355240001, 1.8110639355240001, 1.8110639355240001, 1.8110639355240001, 1.8110639355240001, 1.8110639355240001, 1.8110639355240001, 1.8110639355240001, 1.8110639355240001, 1.8110639355240001, 1.8110639355240001, 1.8110639355240001, 1.8110639355240001, 1.8110639355240001, 1.8110639355240001, 1.8110639355240001, 1.8110639355240001, 1.8110639355240001, 1.8110639355240001, 1.8110639355240001, 1.8110639355240001, 1.8110639355240001, 1.8110639355240001, 1.8110639355240001, 1.8110639355240001, 1.8110639355240001, 1.8110639355240001, 1.8110639355240001, 1.8110639355240001, 1.8110639355240001, 1.8110639355240001, 1.8110639355240001, 1.8110639355240001], "O35": 2.188054588898989, "O46": 2.1801726927742413, "O22": [1.05, 1.05, 1.05, 1.05, 1.05, 1.05, 1.05, 1.05, 1.05, 1.05, 1.05, 1.05, 1.05, 1.05, 1.05, 2.3235754548903675, 2.3235754548903675, 2.3235754548903675, 2.3235754548903675, 2.3235754548903675, 2.3235754548903675, 2.3235754548903675, 2.3235754548903675, 2.3235754548903675, 2.3042115916677726, 3.75814943778559, 3.75814943778559, 3.75814943778559, 3.75814943778559, 3.75814943778559, 3.75814943778559, 3.75814943778559, 3.75814943778559, 3.75814943778559, 3.75814943778559, 2.44927812325049, 2.44927812325049, 2.44927812325049, 2.44927812325049, 2.44927812325049, 2.44927812325049, 2.44927812325049, 2.44927812325049, 2.44927812325049, 2.463132218985121, 1.05, 1.05, 1.05, 1.05, 1.0510439708482775, 1.0538671223381446, 1.0594353464158688, 1.0555924211787435, 1.0574894632199756, 1.062471496771043, 1.063722936438602, 1.0651129439183988, 1.0666817183585824, 1.0698643473306508, 1.0746461988921319, 1.0812686568213072, 1.0857207506913131, 1.0977396196006453, 1.1074369620398432, 1.117735010382241, 2.4100651797135217, 2.4100651797135217, 2.4100651797135217, 2.4100651797135217, 2.4100651797135217, 2.4100651797135217, 2.4100651797135217, 2.4100651797135217, 2.4100651797135217, 2.452934434947801, 3.7223491974368166, 3.7223491974368166, 3.7223491974368166, 3.7223491974368166, 3.7223491974368166, 3.7223491974368166, 3.7223491974368166, 3.7223491974368166, 3.7223491974368166, 3.7223491974368166, 2.0819700664318592, 2.0819700664318592, 2.0819700664318592, 2.0819700664318592, 2.0819700664318592, 2.0819700664318592, 2.0819700664318592, 2.0819700664318592, 2.0819700664318592, 2.0819700664318592, 1.1101702404109965, 1.110047847603186, 1.1078505573568322, 1.1012034208848593, 1.0956679649573022, 1.0874214920468035, 1.077233366210101, 1.0786223481670099, 1.0798609493880755, 1.0791269858010046, 1.076679937306037, 1.071593766198375, 1.0650311878073806, 1.0625584022769774, 1.0631319520405342, 1.0605582234026996, 1.0535052533477567, 1.051670370173217, 1.05, 1.05, 1.6348012693955833, 1.6348012693955833, 1.6348012693955833, 1.6348012693955833, 1.6348012693955833, 1.6348012693955833, 1.6348012693955833, 1.6348012693955833, 1.6348012693955833, 1.6348012693955833, 3.7800705672879475, 3.7800705672879475, 3.7800705672879475, 3.7800705672879475, 3.7800705672879475, 3.7800705672879475, 3.7800705672879475, 3.7800705672879475, 3.7800705672879475, 3.7800705672879475, 1.8266442525926607, 1.8266442525926607, 1.8266442525926607, 1.8266442525926607, 1.8266442525926607, 1.8266442525926607, 1.8266442525926607, 1.8266442525926607, 1.8266442525926607, 1.8266442525926607, 1.05, 1.05, 1.05, 1.05, 1.05, 1.05, 1.05, 1.05, 1.05, 1.05, 1.05, 1.05, 1.05, 1.05, 1.05, 1.05, 1.05, 1.05, 1.05, 1.05, 1.05, 1.05, 1.05, 1.05, 1.05, 1.05, 1.05, 1.05, 1.05, 1.05, 1.05, 1.05, 1.05, 1.05, 1.0510846221084387],