{"O23": 5.0, "O34": [3.4104048738634383, 3.4104048738634383, 3.4104048738634383, 3.4104048738634383, 3.4104048738634383, 3.4104048738634383, 3.4104048738634383, 3.4104048738634383, 2.7423518049211792, 2.7423518049211792, 2.7423518049211792, 2.7423518049211792, 2.7423518049211792, 2.7423518049211792, 2.7423518049211792, 2.7423518049211792, 3.2708015523433107, 3.2708015523433107, 3.2708015523433107, 3.2708015523433107, 3.2708015523433107, 3.2708015523433107, 3.2708015523433107, 3.2708015523433107, 2.738171014697499, 2.738171014697499, 2.738171014697499, 2.738171014697499, 2.738171014697499, 2.738171014697499, 2.738171014697499, 2.738171014697499, 3.3059259409787716, 3.3059259409787716, 3.3059259409787716, 3.3059259409787716, 2.755985652534127, 2.755985652534127, 2.755985652534127, 2.755985652534127, 2.755985652534127, 2.755985652534127, 2.755985652534127, 2.755985652534127, 3.5478517422733207, 3.5478517422733207, 3.5478517422733207, 3.5478517422733207, 3.5478517422733207, 3.5478517422733207, 3.5478517422733207, 3.5478517422733207, 2.738306503563264, 2.738306503563264, 2.738306503563264, 2.738306503563264, 2.738306503563264, 2.738306503563264, 2.738306503563264], "O35": 2.9181980825661475, "O46": 2.9155405399371106, "O22": [2.501689795607926, 2.501689795607926, 2.501689795607926, 2.501689795607926, 2.501689795607926, 2.501689795607926, 2.501689795607926, 2.501689795607926, 1.885204426422106, 1.885204426422106, 1.885204426422106, 1.885204426422106, 1.885204426422106, 1.885204426422106, 1.885204426422106, 1.885204426422106, 2.3728625972789548, 2.3728625972789548, 2.3728625972789548, 2.3728625972789548, 2.3728625972789548, 2.3728625972789548, 2.3728625972789548, 2.3728625972789548, 1.8813463556724055, 1.8813463556724055, 1.8813463556724055, 1.8813463556724055, 1.8813463556724055, 1.8813463556724055, 1.8813463556724055, 1.8813463556724055, 2.405275698426208, 2.405275698426208, 2.405275698426208, 2.405275698426208, 1.8977858633914768, 1.8977858633914768, 1.8977858633914768, 1.8977858633914768, 1.8977858633914768, 1.8977858633914768, 1.8977858633914768, 1.8977858633914768, 2.6285269996481113, 2.6285269996481113, 2.6285269996481113, 2.6285269996481113, 2.6285269996481113, 2.6285269996481113, 2.6285269996481113, 2.6285269996481113, 1.8814713860140282, 1.8814713860140282, 1.8814713860140282, 1.8814713860140282, 1.8814713860140282, 1.8814713860140282, 1.8814713860140282], "O21": [4.553999999999999, 4.553999999999999, 4.553999999999999, 4.553999999999999, 4.553999999999999, 4.553999999999999, 4.553999999999999, 4.553999999999999, 4.553999999999999, 4.553999999999999, 4.553999999999999, 4.553999999999999, 4.553999999999999, 4.553999999999999, 4.553999999999999, 4.553999999999999, 4.553999999999999, 4.553999999999999, 4.553999999999999, 4.553999999999999, 4.553999999999999, 4.553999999999999, 4.553999999999999, 4.553999999999999, 4.553999999999999, 4.553999999999999, 4.553999999999999, 4.553999999999999, 4.553999999999999, 4.553999999999999, 4.553999999999999, 4.553999999999999, 4.553999999999999, 4.553999999999999, 4.553999999999999, 4.553999999999999, 4.553999999999999, 4.553999999999999, 4.553999999999999, 4.553999999999999, 4.553999999999999, 4.553999999999999, 4.553999999999999, 4.553999999999999, 4.553999999999999, 4.553999999999999, 4.553999999999999, 4.553999999999999, 4.553999999999999, 4.553999999999999, 4.553999999999999, 4.553999999999999, 4.553999999999999, 4.553999999999999, 4.553999999999999, 4.553999999999999, 4.553999999999999, 4.553999999999999, 4.553999999999999], "mode": "2"}