{"O23": 5.0, "O34": [3.890533013207192, 3.890533013207192, 3.890533013207192, 3.890533013207192, 3.890533013207192, 3.890533013207192, 3.890533013207192, 3.890533013207192, 3.7733866547758366, 3.7733866547758366, 3.7733866547758366, 3.7733866547758366, 3.7733866547758366, 3.7733866547758366, 3.7733866547758366, 3.7733866547758366, 3.9327734077311916, 3.9327734077311916, 3.9327734077311916, 3.9327734077311916, 3.9327734077311916, 3.9327734077311916, 3.9327734077311916, 3.9327734077311916, 3.252658409913191, 3.252658409913191, 3.252658409913191, 3.252658409913191, 3.252658409913191, 3.252658409913191, 3.252658409913191, 3.252658409913191, 3.8779826376308613, 3.8779826376308613, 3.8779826376308613, 3.8779826376308613, 3.3041061437307064, 3.3041061437307064, 3.3041061437307064, 3.3041061437307064, 3.3041061437307064, 3.3041061437307064, 3.3041061437307064, 3.3041061437307064, 4.315989274243492, 4.315989274243492, 4.315989274243492, 4.315989274243492, 4.315989274243492, 4.315989274243492, 4.315989274243492, 4.315989274243492, 3.1015056177215996, 3.1015056177215996, 3.1015056177215996, 3.1015056177215996, 3.1015056177215996, 3.1015056177215996, 3.1015056177215996], "O35": 3.4704302465615626, "O46": 3.5155517063086723, "O22": [2.9447563527431018, 2.9447563527431018, 2.9447563527431018, 2.9447563527431018, 2.9447563527431018, 2.9447563527431018, 2.9447563527431018, 2.9447563527431018, 2.836652641550405, 2.836652641550405, 2.836652641550405, 2.836652641550405, 2.836652641550405, 2.836652641550405, 2.836652641550405, 2.836652641550405, 2.9837361680052537, 2.9837361680052537, 2.9837361680052537, 2.9837361680052537, 2.9837361680052537, 2.9837361680052537, 2.9837361680052537, 2.9837361680052537, 2.3561199425719974, 2.3561199425719974, 2.3561199425719974, 2.3561199425719974, 2.3561199425719974, 2.3561199425719974, 2.3561199425719974, 2.3561199425719974, 2.9331747534955372, 2.9331747534955372, 2.9331747534955372, 2.9331747534955372, 2.4035963731892274, 2.4035963731892274, 2.4035963731892274, 2.4035963731892274, 2.4035963731892274, 2.4035963731892274, 2.4035963731892274, 2.4035963731892274, 3.3373712097823294, 3.3373712097823294, 3.3373712097823294, 3.3373712097823294, 3.3373712097823294, 3.3373712097823294, 3.3373712097823294, 3.3373712097823294, 2.216634789026876, 2.216634789026876, 2.216634789026876, 2.216634789026876, 2.216634789026876, 2.216634789026876, 2.216634789026876], "O21": [4.553999999999999, 4.553999999999999, 4.553999999999999, 4.553999999999999, 4.553999999999999, 4.553999999999999, 4.553999999999999, 4.553999999999999, 4.553999999999999, 4.553999999999999, 4.553999999999999, 4.553999999999999, 4.553999999999999, 4.553999999999999, 4.553999999999999, 4.553999999999999, 4.553999999999999, 4.553999999999999, 4.553999999999999, 4.553999999999999, 4.553999999999999, 4.553999999999999, 4.553999999999999, 4.553999999999999, 4.553999999999999, 4.553999999999999, 4.553999999999999, 4.553999999999999, 4.553999999999999, 4.553999999999999, 4.553999999999999, 4.553999999999999, 4.553999999999999, 4.553999999999999, 4.553999999999999, 4.553999999999999, 4.553999999999999, 4.553999999999999, 4.553999999999999, 4.553999999999999, 4.553999999999999, 4.553999999999999, 4.553999999999999, 4.553999999999999, 4.553999999999999, 4.553999999999999, 4.553999999999999, 4.553999999999999, 4.553999999999999, 4.553999999999999, 4.553999999999999, 4.553999999999999, 4.553999999999999, 4.553999999999999, 4.553999999999999, 4.553999999999999, 4.553999999999999, 4.553999999999999, 4.553999999999999], "mode": "2"}