{"O23": 3.9337388676939646, "O34": [4.766777338412085, 4.766777338412085, 4.766777338412085, 4.766777338412085, 4.766777338412085, 4.766777338412085, 4.766777338412085, 4.766777338412085, 4.766777338412085, 4.766777338412085, 2.7954665676186234, 2.7954665676186234, 2.7954665676186234, 2.7954665676186234, 2.7954665676186234, 2.7954665676186234, 2.7954665676186234, 2.7954665676186234, 2.7954665676186234, 2.793776826012325, 4.539196599620122, 4.539196599620122, 4.539196599620122, 4.539196599620122, 4.539196599620122, 4.539196599620122, 4.539196599620122, 4.539196599620122, 4.539196599620122, 4.539196599620122, 3.203257328606248, 3.203257328606248, 3.203257328606248, 3.203257328606248, 3.203257328606248, 3.203257328606248, 3.203257328606248, 3.203257328606248, 3.203257328606248, 3.203257328606248, 4.639848416440971, 4.639848416440971, 4.639848416440971, 4.639848416440971, 4.639848416440971, 4.639848416440971, 4.639848416440971, 4.639848416440971, 4.639848416440971, 4.639848416440971, 2.7760208045501464, 2.775819786869289, 2.775819786869289, 2.775819786869289, 2.775819786869289, 2.775819786869289, 2.775819786869289, 2.775819786869289, 2.775819786869289], "O35": 3.2084986108743965, "O46": 2.68554995755694, "O22": [3.7533624821576623, 3.7533624821576623, 3.7533624821576623, 3.7533624821576623, 3.7533624821576623, 3.7533624821576623, 3.7533624821576623, 3.7533624821576623, 3.7533624821576623, 3.7533624821576623, 1.9384952054613886, 1.9384952054613886, 1.9384952054613886, 1.9384952054613886, 1.9384952054613886, 1.9384952054613886, 1.9384952054613886, 1.9384952054613886, 1.9384952054613886, 1.9369350815698785, 3.54334893338992, 3.54334893338992, 3.54334893338992, 3.54334893338992, 3.54334893338992, 3.54334893338992, 3.54334893338992, 3.54334893338992, 3.54334893338992, 3.54334893338992, 2.3150049076444956, 2.3150049076444956, 2.3150049076444956, 2.3150049076444956, 2.3150049076444956, 2.3150049076444956, 2.3150049076444956, 2.3150049076444956, 2.3150049076444956, 2.3150049076444956, 3.6362313335116205, 3.6362313335116205, 3.6362313335116205, 3.6362313335116205, 3.6362313335116205, 3.6362313335116205, 3.6362313335116205, 3.6362313335116205, 3.6362313335116205, 3.6362313335116205, 1.9203555017788592, 1.9203555017788592, 1.9203555017788592, 1.9203555017788592, 1.9203555017788592, 1.9203555017788592, 1.9203555017788592, 1.9203555017788592, 1.9203555017788592], "O21": [4.553999999999999, 4.553999999999999, 4.553999999999999, 4.553999999999999, 4.553999999999999, 4.553999999999999, 4.553999999999999, 4.553999999999999, 4.553999999999999, 4.553999999999999, 4.531000000000001, 4.531000000000001, 4.531000000000001, 4.531000000000001, 4.531000000000001, 4.531000000000001, 4.531000000000001, 4.531000000000001, 4.531000000000001, 4.531000000000001, 4.553999999999999, 4.553999999999999, 4.553999999999999, 4.553999999999999, 4.553999999999999, 4.553999999999999, 4.553999999999999, 4.553999999999999, 4.553999999999999, 4.553999999999999, 4.531000000000001, 4.531000000000001, 4.531000000000001, 4.531000000000001, 4.531000000000001, 4.531000000000001, 4.531000000000001, 4.531000000000001, 4.531000000000001, 4.531000000000001, 4.553999999999999, 4.553999999999999, 4.553999999999999, 4.553999999999999, 4.553999999999999, 4.553999999999999, 4.553999999999999, 4.553999999999999, 4.553999999999999, 4.553999999999999, 4.532, 4.531000000000001, 4.531000000000001, 4.531000000000001, 4.531000000000001, 4.531000000000001, 4.531000000000001, 4.531000000000001, 4.531000000000001], "mode": "2"}