{"O23": 1.7740381726089227, "O34": [5.0, 5.0, 5.0, 5.0, 5.0, 5.0, 5.0, 5.0, 4.99186589893275, 4.973993347666185, 4.961019356303819, 4.943354562441265, 4.919130007525918, 4.896228946040217, 4.869019189767671, 4.822393000402859, 4.77296181877289, 4.714596170048064, 4.6659977248617395, 4.674402472172847, 4.655909486766805, 4.666819226434359, 4.691383206446664, 4.687250589467238, 4.67169551488402, 4.62904296446478, 4.593798017845239, 4.57377420751223, 4.543864673533609, 4.534345557301215, 4.538975435251934, 4.545965691731318, 4.559704885491225, 4.569717061195595, 4.572265312792821, 4.583208164037128, 4.595386313633735, 4.617325072867915, 4.65398300758172, 4.595021409698488, 2.933882999047375, 2.9373035728147183, 2.990950265080132, 3.0481669243007863, 3.0898495885759423, 3.2135709780131108, 3.3228815563287526, 3.409351616421222, 3.4444624527400336, 3.4184210107024153, 3.4022951663936496, 3.4793652109503475, 3.498132915154178, 3.539098129483757, 3.5981837523807347, 3.641879391674302, 3.635832448940814, 3.6406815275426156, 3.6409374744250567, 3.6303951584482874, 3.662264641734753, 3.663593955748767, 3.660402426001314, 3.654158055664871, 2.6565762863187086, 2.662861867746856, 2.6678529540727274, 2.6756097588440877, 2.6884829461021447, 2.705863648547465, 2.7121090187566916, 2.6763132532601537, 2.6620260536993308, 2.6895063545980973, 2.729296756456472, 1.8110639355240001, 1.8110639355240001, 1.8110639355240001, 1.8110639355240001, 1.8110639355240001, 1.8110639355240001, 1.8110639355240001, 1.8110639355240001, 1.8110639355240001, 1.8110639355240001, 1.8110639355240001, 1.8110639355240001, 1.8110639355240001, 1.8110639355240001, 1.8110639355240001, 1.8110639355240001, 1.8110639355240001, 1.8110639355240001, 1.8110639355240001, 1.8110639355240001, 1.8110639355240001, 1.8110639355240001, 1.8110639355240001, 1.8110639355240001, 1.8110639355240001, 1.8110639355240001, 1.8110639355240001, 1.8110639355240001, 1.8110639355240001, 1.8110639355240001, 1.8110639355240001, 1.8127953667273764, 1.8167873893323285, 1.8184865401816126, 1.8241686194997369, 3.0946194693681335, 3.0539600014140857, 3.0420290992742838, 3.0242485419514207, 2.9717247785178076, 2.98267723955479, 3.004456867168874, 3.0346619010055775, 3.0388266348486423, 3.050224422126463, 3.085040204204801, 3.0811199814081833, 3.0465908395196974, 2.5317989188580325, 2.5324635588215303, 2.966520484881045, 2.950717235461793, 2.9546314586093216, 2.9264845991159674, 2.9313624941421765, 2.950866177954434, 2.9738299312798695, 2.976462046046919, 3.0209409270824277, 3.0581693925289266, 3.0436072671173378, 3.0142888721495176, 3.0263449573091337, 2.997837759171423, 2.957551958366997, 2.9694057912170684, 2.974657082491688, 2.988854322800832, 3.0123422574601144, 3.0277370072248075, 4.547777910710055, 4.534079960037498, 4.537460056611936, 4.573211982432509, 4.614874081356701, 4.663009019626526, 4.687053689901199, 4.68559320539784, 4.685310606138326, 4.7000428229263, 4.684079424749123, 4.686609639696329, 4.716388257316278, 4.741517947005132, 4.750233064285664, 4.75138853952329, 4.727913056789733, 4.72712673596259, 4.725145897774467, 4.740723150015019, 4.773393069785866, 4.804581778115473, 4.842694795810631, 4.8653601623008385, 4.864841747408803, 4.843890613119939, 4.833855139259252, 4.843153205756923, 4.852469678564676, 4.8459908354972985, 4.866891340861978, 4.892705421566722, 4.8851575355347645, 4.870319485392164, 4.8588248804328895], "O35": 3.1487811704267057, "O46": 1.7188986106800404, "O22": [4.041088941742457, 4.029022079321588, 4.0105623359031375, 3.987908514679755, 3.9699112093694278, 3.9798488023676115, 3.97945360510569, 3.9690908975908554, 3.9610762264441672, 3.9445832756920565, 3.9326107599943048, 3.9163095296396717, 3.893954892898019, 3.872821587774351, 3.8477121804218846, 3.8046851143090006, 3.7590695761531885, 3.7052092315568164, 3.6603621500667414, 3.6681181263355214, 3.6510526333898143, 3.6611202390926403, 3.683788100360811, 3.6799744843133633, 3.6656201218488182, 3.6262599654265832, 3.593735612289362, 3.5752574603587126, 3.5476566739029582, 3.538872347989837, 3.543144840925546, 3.5495955123568144, 3.562274163696299, 3.5715134893163945, 3.5738650387661735, 3.583963200129271, 3.5952013059012455, 3.615446589868545, 3.6492748611036605, 3.5948645692740264, 2.066293906070178, 2.0694520924089725, 2.118983621958688, 2.1718112712926434, 2.2102965167023934, 2.3245274114334347, 2.4254529282043613, 2.505289990952723, 2.53770752413513, 2.513663684686056, 2.4987748313352838, 2.569932940589656, 2.5872610004587204, 2.6250838305045567, 2.679637077925774, 2.7199808858562844, 2.7143977956406307, 2.7188749082064114, 2.719111221761552, 2.7093775920953957, 2.738802411902142, 2.7400297560977585, 2.737083044132505, 2.7313176707091316, 1.81025900334217, 1.8160624266120544, 1.8206706536880506, 1.8278324448166283, 1.8397181478888118, 1.8557656009639418, 1.8615318975612565, 1.828481975160178, 1.8152907266908695, 1.8406630521507168, 1.8779550904304263, 1.05, 1.05, 1.05, 1.05, 1.05, 1.05, 1.05, 1.05, 1.05, 1.05, 1.05, 1.05, 1.05, 1.05, 1.05, 1.05, 1.05, 1.05, 1.05, 1.05, 1.05, 1.05, 1.05, 1.05, 1.05, 1.05, 1.05, 1.05, 1.05, 1.05, 1.05, 1.0516030973364199, 1.0552992307966738, 1.0568724404023175, 1.059302996290273, 2.2147005066117464, 2.1771599695646926, 2.1661442702375346, 2.149727634593148, 2.101232895575445, 2.1113452086480096, 2.1314541514959977, 2.159342199441824, 2.1631874623779597, 2.173710941338409, 2.2058560534783687, 2.2022365454883617, 2.1703560857702793, 1.695053133184565, 1.695666789546248, 2.0964278160231142, 2.0818368117591692, 2.0854507803247757, 2.059463027047663, 2.063966745570246, 2.0819743290815595, 2.1031765650140906, 2.105606773939505, 2.146673742233633, 2.1810464641757585, 2.1676013790330946, 2.1405319571288652, 2.15166323686151, 2.1253427860133605, 2.0881472526316154, 2.0990917945464433, 2.103940266613577, 2.1170484564795564, 2.138734664529108, 2.1523758898592193, 3.551267844298827, 3.5386272524505906, 3.54174643591288, 3.574738634008007, 3.6131847928992498, 3.6576041460458404, 3.679792783626239, 3.6784450354156535, 3.6781842502820568, 3.6917792721862894, 3.6770481050436867, 3.67938301011091, 3.7068629857756346, 3.730052889011746, 3.7380952774745264, 3.7391615603966026, 3.7174981741887874, 3.7167725502706346, 3.714944615008491, 3.729319443214314, 3.759467538459338, 3.788248758489432, 3.823419793362135, 3.8443355970281097, 3.843857199111887, 3.824523304310113, 3.8152624789422185, 3.823842818175757, 3.832440142917474, 3.826461408373805, 3.8457485823498416, 3.8695700477592494, 3.8626047907709813, 3.8489121048970256, 3.838304780252618],