{"O23": 5.0, "O34": [3.1339548645449504, 3.073187033084537, 3.0430767712248947, 2.98428944906136, 2.9476296385288467, 2.9489430308348177, 2.9095521290608457, 2.895921015399785, 2.888500498127269, 2.8725263107993757, 2.864924586347705, 2.8509813384403517, 2.841286828820947, 3.341583385412899, 3.342459415980551, 3.3420843882270366, 3.346470973432346, 3.335134070421283, 2.8203375410609173, 2.8201980143238106, 2.828244230039941, 2.831399817415107, 2.8442697936994894, 2.8956480456531515, 2.946491963232362, 2.956915013026635, 2.9913627446227276, 3.040503437478189, 3.084937574496741, 3.1305444921295686, 3.179208982252035, 3.2035655926271516, 3.262706286366771, 3.3837993312165024, 3.4680577687120424, 4.514818202174849, 4.509756456639841, 4.505657011340323, 4.507126665945569, 4.504244674387163, 4.50149291779896, 4.499525655626265, 4.496921993654951, 4.495211102988302, 4.494484104409397, 4.490434470651661, 4.481668629511977, 4.4864360417800855, 4.49056445429496, 4.4860875962089475, 4.477820122054536, 4.475819723445417, 4.470065497700512, 4.458311018031496, 4.46194449414862, 4.4572427514043245, 4.45456514944789, 4.451205719223455, 4.4442273394081875, 4.443693331803539, 4.452429501504655, 4.459410941726304, 4.456537108663609, 4.452466982561608, 4.4478849702881815, 4.457256563429016, 4.472155000318725, 4.46371742513977, 4.464879317940066, 4.471337161712753, 4.477773222425396, 4.489184005888658, 4.497652900532866, 4.500419421407747, 4.488149359673411, 4.4922297956382735, 4.641279171588181, 4.603650843617256, 4.55572406906474, 4.534791230797681, 4.528268659562917, 4.5283680832942235, 4.5088202860734174, 4.488347799676997, 4.4207116676111955, 4.391334191250381, 4.369109987688276, 4.462270528456629, 4.5464677500254655, 4.47586241996652, 3.072154147397911, 3.15784316402709, 3.245993921353986, 3.305894107681479, 3.300154007905467, 3.295785896265183, 3.2894637700659213, 3.2829308129719417, 3.2646416866341172, 3.2425697468312578, 3.297697032680267, 3.2925488960921996, 3.3042820406666387, 3.320755872268508, 3.3318125442669047, 3.297442035310254, 3.334777862251265, 3.3359454483276982, 3.3460379690606192, 3.3171581051269725, 3.208230089249909, 3.15512270021446, 3.063918655682423, 3.038822706876205, 3.0473994427556983, 3.021225848438304, 3.0010595417677854, 2.988337084198247, 2.9812750991341477, 2.981624162019719, 3.39711576111448, 3.4034856173179477, 3.4142573162284076, 3.422928848937978, 3.428672935504898, 3.4313372416359686, 3.4331479783159815, 3.4345663487492333, 3.4438895461544585, 3.4466194999370368, 3.4439187388559356, 3.439525837694458, 3.438688548348521, 3.4458577647128568, 3.452997367262684, 3.4605352683294495, 3.4633478755771034, 3.4624817183435432, 3.462535037808942, 3.4628745335075153, 3.4617692563039832, 3.463467043647442, 3.4590967111735167, 3.45704459557653, 3.4584334753820056, 3.4580534844234427, 3.4619979187296037, 3.465785701609786, 3.4716812856562322, 3.48275503886637, 3.489195235942988, 3.4922931675099327, 3.4925625595468723, 3.4942669393261383, 3.4956594324047, 3.4959682600503106, 3.489552796219877, 3.4776049846064487, 3.4632720080913595, 3.4526288476832843, 3.440517728246769, 2.95670182731458, 2.9281730524581597, 2.9206752039378054, 2.9467660050192985, 2.9848400868154927, 3.0008113291711, 3.0466010572054674, 3.0590727286837973, 3.1277361468373197, 3.136757462983484, 3.1377657880392738, 3.1354894368029993, 3.1774564236824734, 3.1746494303034316, 3.191120055947267, 3.1856334996871625, 3.1799969036026803, 3.1557886739683925, 3.2369783696126717, 4.513909116624224, 4.50328157078694, 4.494291859636024, 4.482434345140841, 4.48815181643732, 4.501539450546889, 4.5093023065556626, 4.515551704422091, 4.520495194867507, 4.526181653622757, 4.539345299905452, 4.547704888840315, 4.552207319447005, 4.552695879765545, 4.56009020055066, 4.562214989492187, 4.560704211729334, 4.5553065953645255, 4.545401981763223, 4.540441008849224, 4.551481140198767, 4.563338031078577, 4.571496666176917, 4.58110141678748, 4.583323682726135, 4.579660355587597, 4.574958169802277, 4.5718226190123215, 4.5671824813081585, 4.5637856951782325, 4.556827570335259, 4.555148744610654, 4.557445585977897, 4.563013047512991, 4.565676437879017, 4.566093890392462, 4.569833936515688, 4.576694100606991, 4.585596963278137, 4.586247372226085, 4.585332704835058, 4.582726437164019, 4.584596967082982, 4.587748342212064, 4.585763540418989, 3.3763892397041735, 3.3751014058712485, 3.3751014058712485, 3.3751014058712485, 3.3751014058712485, 3.3751014058712485, 3.3751014058712485, 3.3751014058712485], "O35": 3.6503121849897604, "O46": 3.6120076904673204,