{"O23": 5.0, "O34": [2.961099127052427, 2.9596954258127712, 2.9639575540971066, 2.959490402171606, 2.960972264720479, 2.9593725692641693, 2.9593725692641693, 2.9593725692641693, 2.9593725692641693, 2.950697531817, 2.956695927337465, 2.9399478692529337, 2.938580252495629, 2.9029067889012476, 2.895309541112313, 2.8701621882150494, 3.7886407509095865, 3.7825336522273125, 3.7907879255063652, 3.807793125058105, 3.818700705227157, 3.822659792126128, 3.8833050563166296, 3.879287833899721, 3.8606963874270606, 3.8505746746544736, 3.8563040940491544, 3.8549210463918504, 3.835103454392915, 3.8258879061491706, 3.8551191952387187, 3.8888277408971192, 3.8925717707029768, 3.8435835762182866, 3.833330963042709, 3.801575013824706, 3.853267720435988, 3.851286627916623, 3.84867240052321, 3.8493453883562117, 3.856529418542679, 3.821359136812717, 3.7944181536232002, 3.7676610792994616, 3.7453550577702495, 3.74640034024184, 3.7470828781097603, 3.7526440174820563, 5.0, 5.0, 5.0, 5.0, 5.0, 5.0, 5.0, 5.0, 5.0, 5.0, 5.0, 5.0, 5.0, 5.0, 5.0], "O35": 3.818172853898734, "O46": 3.813895022936551, "O22": [2.0914223229694278, 2.090126297688186, 2.09406148407425, 2.0899370011237206, 2.0913051920694916, 2.0898282070137735, 2.0898282070137735, 2.0898282070137735, 2.0898282070137735, 2.081818619553404, 2.087356886544831, 2.0718935485665986, 2.070630839777546, 2.037693837670801, 2.030679364131736, 2.00727345601006, 2.850729258399873, 2.8450935729119564, 2.8527106903931383, 2.868403241196522, 2.878468854094744, 2.8821223350261547, 2.9380863292385433, 2.9343792003292926, 2.9172228466274177, 2.907882439217448, 2.913169598868316, 2.9118933100744266, 2.8936054582736985, 2.8851012676256564, 2.912076163609115, 2.943182712147001, 2.9466377364623013, 2.901430990820884, 2.8919697873439314, 2.862665112329859, 2.9103676060403174, 2.908539436079021, 2.9061270035722506, 2.9067480427860106, 2.9133775303336966, 2.880922078626852, 2.856060697488202, 2.831369029101857, 2.8107848321917586, 2.8117494282401267, 2.8123792803118404, 2.817511149647389, 4.077172735776622, 4.09679628815972, 4.111140753781442, 4.124256416845131, 4.133690453049785, 4.133690453049785, 4.133690453049785, 4.133690453049785, 4.133690453049785, 4.133690453049785, 4.139742582186776, 4.1475628981554715, 4.148107932636403, 4.155534822757446, 4.169390111257408], "O21": [4.531000000000001, 4.531000000000001, 4.531000000000001, 4.531000000000001, 4.531000000000001, 4.531000000000001, 4.531000000000001, 4.531000000000001, 4.531000000000001, 4.531000000000001, 4.531000000000001, 4.531000000000001, 4.531000000000001, 4.531000000000001, 4.531000000000001, 4.532, 4.553999999999999, 4.553999999999999, 4.553999999999999, 4.553999999999999, 4.553999999999999, 4.553999999999999, 4.553999999999999, 4.553999999999999, 4.553999999999999, 4.553999999999999, 4.553999999999999, 4.553999999999999, 4.553999999999999, 4.553999999999999, 4.553999999999999, 4.553999999999999, 4.553999999999999, 4.553999999999999, 4.553999999999999, 4.553999999999999, 4.553999999999999, 4.553999999999999, 4.553999999999999, 4.553999999999999, 4.553999999999999, 4.553999999999999, 4.553999999999999, 4.553999999999999, 4.553999999999999, 4.553999999999999, 4.553999999999999, 4.553999999999999, 4.553999999999999, 4.553999999999999, 4.553999999999999, 4.553999999999999, 4.553999999999999, 4.553999999999999, 4.553999999999999, 4.553999999999999, 4.553999999999999, 4.553999999999999, 4.553999999999999, 4.553999999999999, 4.553999999999999, 4.553999999999999, 4.553999999999999], "mode": "2"}