{"O23": 3.0184760822182333, "O34": [4.757628119285581, 4.730287480601857, 4.72592540018648, 4.707320743638677, 4.699463873926665, 4.687539902111219, 4.666049160982425, 4.642334183395041, 4.623721458482989, 4.606276097939576, 4.585721641056683, 4.566770038441478, 4.548934149705258, 4.543665363959894, 4.53189276517763, 4.532342919477803, 4.523331047223637, 4.500305317572434, 4.4811136669987635, 4.48143014039267, 4.480815012196437, 4.4868188646259695, 4.466074156913239, 4.46425991749479, 4.452805070472489, 4.472582862052053, 4.5071632401300255, 4.533026933822356, 4.553333045357721, 4.569555743928091, 4.578086758353973, 4.5902011610635975, 4.601399944289779, 4.603785901983367, 4.609641159148453, 4.585416995911949, 4.595868625794258, 4.641830200481098, 4.669918739743507, 4.6805212885150755, 4.6988370560439, 4.688342375455461, 4.68983738464142, 4.690184707512098, 4.688395401964395, 4.667199476343013, 4.6412610776433505, 4.612092600624017, 4.62123436321024, 4.641912810950017, 4.637996076623148, 4.630423718677239, 4.624668866857342, 4.614738784865721, 4.607132193595006, 4.629210764525379, 4.613492519689548, 4.557067817308234, 4.509563451345624], "O35": 4.594046206403179, "O46": 2.9872026985647486, "O22": [3.7449195006144516, 3.7196893137980074, 3.7156639468319526, 3.6984954027541477, 3.691245012852155, 3.680241464618411, 3.6604096157806563, 3.6385252215717654, 3.6213492319350014, 3.605250496617141, 3.5862826592866015, 3.568793950263236, 3.5523348320232504, 3.547472749239117, 3.536608889399281, 3.537024295828553, 3.528708059212109, 3.50745970918616, 3.489749481751792, 3.490041526240697, 3.4894738804191583, 3.495014289338194, 3.475870886833983, 3.474196690412066, 3.4636260547488082, 3.4818771783652487, 3.5137882616864253, 3.537655510406157, 3.5563941724205828, 3.5713646242937838, 3.5792371209895877, 3.5904164005619923, 3.6007507382554858, 3.6029525214340627, 3.6083558053091167, 3.586001530012217, 3.59564638789273, 3.638060141614484, 3.6639804977989012, 3.6737646249852336, 3.6906665796829454, 3.6809819942243447, 3.6823616021219654, 3.6826821147849724, 3.681030927562813, 3.66147113712188, 3.6375349499507483, 3.6106180175095535, 3.6190541180904545, 3.6381363752968023, 3.63452197769913, 3.6275341378089814, 3.622223508887815, 3.613059940082806, 3.6060405093732104, 3.626414812828858, 3.611909875390412, 3.5598406535038625, 3.516003198143068], "O21": [4.553999999999999, 4.553999999999999, 4.553999999999999, 4.553999999999999, 4.553999999999999, 4.553999999999999, 4.553999999999999, 4.553999999999999, 4.553999999999999, 4.553999999999999, 4.553999999999999, 4.553999999999999, 4.553999999999999, 4.553999999999999, 4.553999999999999, 4.553999999999999, 4.553999999999999, 4.553999999999999, 4.553999999999999, 4.553999999999999, 4.553999999999999, 4.553999999999999, 4.553999999999999, 4.553999999999999, 4.553999999999999, 4.553999999999999, 4.553999999999999, 4.553999999999999, 4.553999999999999, 4.553999999999999, 4.553999999999999, 4.553999999999999, 4.553999999999999, 4.553999999999999, 4.553999999999999, 4.553999999999999, 4.553999999999999, 4.553999999999999, 4.553999999999999, 4.553999999999999, 4.553999999999999, 4.553999999999999, 4.553999999999999, 4.553999999999999, 4.553999999999999, 4.553999999999999, 4.553999999999999, 4.553999999999999, 4.553999999999999, 4.553999999999999, 4.553999999999999, 4.553999999999999, 4.553999999999999, 4.553999999999999, 4.553999999999999, 4.553999999999999, 4.553999999999999, 4.553999999999999, 4.553999999999999], "mode": "2"}