{"O23": 3.7619431328086477, "O34": [3.4840512038651243, 3.421492191907145, 3.371304061142082, 3.3572592151270495, 3.324810145996013, 3.2897820455352966, 3.2151205641710154, 3.1834564723779972, 3.1533230297567547, 3.002803224551199, 2.8802657176623065, 2.8878468449221346, 2.9552150285930487, 3.0200095812848806, 3.0705409855775896, 3.13658087366848, 3.187838803494956, 3.2045778768525506, 3.207260474947528, 3.2284363540875796, 3.2601548524950177, 3.253623374358947, 3.2460026876699395, 3.2337338310189137, 3.2117715433812513, 3.1847501182476137, 3.193596367363132, 3.1280635445236564, 3.1932959083496506, 3.728708817561124, 3.734685629744968, 3.7279623143046607, 3.727461636503701, 3.726544658841327, 3.71835739394433, 3.7074023642727614, 3.6934313707357473, 3.6838793983662934, 3.662118091668674, 3.63688189083091, 3.619199978880352, 3.617343560510182, 3.6127136823826267, 3.6221389264059427, 3.5960398424644127, 3.5724721593863835, 3.5696943751336234, 3.5672277450521053, 3.554156265241836, 3.5358897662345528, 3.5176845712013582, 3.5040683317163537, 3.492149987969714, 3.4834079706506436, 3.4811998931994763, 3.492480062002311, 3.505304225987208, 3.5115907769908605, 3.5372736868020564, 3.5625944998854764, 3.5629703821923537, 3.5519048604303523, 3.557686770115603, 3.561134052654094, 3.5905760782448337, 3.6107378484958517, 3.6119642811013817, 3.6162178388377284, 3.611339204714771, 3.6260843609632785, 3.6333506321284483, 3.642478881582114, 3.649782153025318, 3.6539644667009252, 3.6495476337627997, 3.6474652527645657, 3.651175440151408, 3.654077576968007, 3.6367752946656897, 3.61999607926068, 3.6222081742021337, 3.6224923275732595, 3.6094312951085055, 3.5938386046960544, 3.582956090929577, 3.575486192386884, 3.580725740359428, 3.595659229957132, 3.61017666702841, 3.6120206358204308, 3.619616441369184, 3.629264327788705, 3.6202445481667778, 3.6030729828881123, 3.6175775560484222, 3.618553929280136, 3.612053333390381, 3.5948988149498673, 3.5902665135329475, 3.592195033961752, 3.5954077775734734, 3.597483473812556, 3.5881549574328826, 3.5913703513139423, 3.6018823314563173, 3.6018228632841653, 3.5905759598899882, 3.5810715582859483, 3.5723081408764834, 3.5631978751222855, 3.551876736042234, 3.539167400759639, 3.539830400184491, 3.550606327798371, 3.5350998587512255, 3.5217383621148803, 3.5115451610511133, 3.5234809755782788, 3.5472387594114076, 3.5581011107701093, 4.824707215899125, 4.825443271027376, 4.826070496030694, 4.827137073198728, 4.8256795621961865, 4.8242586096274485, 4.809646238703952, 4.7958927558105096, 4.797854243148583, 4.779326119475636, 4.759441847397945, 4.754850900222823, 4.741947699618204, 4.731407380162005, 4.724088600870902, 4.70602759692405, 4.702432464532189, 4.703474736531739, 4.7028748475410715, 4.702047072620798, 4.701220009611247, 4.687134495558243, 4.678325947413165, 4.658214240598084, 4.632571941571776, 4.628737244028204, 4.642079169977427, 4.633995903881734, 4.630507459083114, 4.6278835415287185, 4.6456629596198695, 4.650477577178521, 4.666555558532585, 4.678447457110555, 4.668368291473623, 4.686990939419692, 4.689738489511965, 4.687868567181668, 4.686256468509286, 4.687171160999354, 4.688215883927371, 4.701937377994769, 4.7062865570495385, 4.721132136495115, 4.746491247062558, 4.751548084263603, 4.749467662191226, 4.76837678704642, 4.754284271392635, 4.76319310430744, 4.76716081149629, 4.766756136267448, 4.767170040297966, 4.755805588308025, 4.765089564112526, 4.7529581956083735, 4.737940907718875, 4.7369080728431525, 4.733769838511776, 4.707670389744105, 4.680708409775856, 4.653424107585547, 4.64229526843164, 4.6369264880707215, 4.618852780801609, 4.599003373831124, 4.588245751706737, 4.565868624756234, 4.557570912711916, 4.545303239015263, 4.525679024272755, 4.50696615313563, 4.488289197362128, 4.49057624758893, 4.500828991988791, 4.5178413756349265, 4.511575440936538, 4.488240757873945, 4.491332028403317, 4.524028785016655, 4.538068156016233, 4.564158874152787, 4.563653323108647, 4.55459325309113, 4.564702851283529, 4.57064371605582, 4.573724189017519, 4.594771735749747, 4.62427422632907, 4.6283766395064525, 4.633923065692145, 4.628063085742745, 4.612574095293033, 4.5977819560766156, 4.574214953908053, 4.546486629865195, 4.538320280890304, 4.531693522114472, 4.528296071061396, 4.528123342914799, 4.522032643526932, 4.492983280135278, 4.4769655302398625, 4.492994665935804, 4.47639102083475, 4.473132938389376, 4.478161647826, 4.470209682351577, 4.468303789807209, 4.474608798341051, 4.467330946800179, 4.472003166269927, 4.487686021662538, 4.500815546159507, 4.508888442885214, 4.522898986042294, 4.551335701536209, 4.573176477459193, 4.555547260260598, 4.5271253410518515], "O35": 4.042246369163604, "O46": 3.167243527629399,