{"O23": 5.0, "O34": [3.234098600815128, 3.2350751976306475, 3.2357878228889394, 3.2351283121833947, 3.2354752938156235, 3.2373097717235844, 2.287808885137958, 2.3036773680996068, 2.318181916797681, 2.3423595715634806, 2.3606607438591696, 2.389727189558473, 2.403245127469443, 2.376045411098359, 2.378879785786046, 2.3749438143114214, 2.3762196976397214, 2.3821245774168314, 2.3722253477065345, 2.362568162462106, 2.350672315219323, 2.36082824035892, 2.3954776632271018, 2.454496084602159, 4.880804604435381, 4.8807900400807664, 4.8807900400807664, 4.8807900400807664, 4.8807900400807664, 4.8807900400807664, 4.8807900400807664, 4.8807900400807664, 4.8807900400807664, 4.8807900400807664, 4.881571044556757, 4.881748342261, 5.0, 5.0, 5.0, 5.0, 5.0, 5.0, 5.0, 5.0, 5.0, 5.0, 5.0, 5.0, 5.0, 5.0, 5.0, 5.0, 5.0, 5.0, 5.0, 5.0, 5.0, 5.0, 5.0, 5.0], "O35": 3.586295036122985, "O46": 3.6112522802172387, "O22": [2.3434803890070217, 2.344382072447014, 2.3450400332186554, 2.344431112656723, 2.344751477813347, 2.3464452354872947, 1.469779233626112, 1.484430467458674, 1.4978223925169711, 1.5201454132085392, 1.5370427281794903, 1.563879527491131, 1.5763605232956033, 1.551247259116838, 1.5538642128873252, 1.55023016427837, 1.5514081763814276, 1.5568601010913503, 1.5477202274437984, 1.5388038313697407, 1.5278204979274912, 1.5371973762570608, 1.569188890369151, 1.6236800912031841, 3.8585878668758595, 3.858574426758676, 3.858574426758676, 3.858574426758676, 3.858574426758676, 3.858574426758676, 3.858574426758676, 3.858574426758676, 3.858574426758676, 3.858574426758676, 3.859295144700259, 3.8594587566133507, 4.324092984593119, 4.323444394582342, 4.322134510271913, 4.321016243236514, 4.319399412329024, 4.319597587752045, 4.319501844286899, 4.319434034221882, 4.319854465894427, 4.319404577208529, 4.318142208731009, 4.317469881627772, 4.3110413653568225, 4.307016777661666, 4.306951068027887, 4.307517716649637, 4.306209721968997, 4.304979987553937, 4.302899823179425, 4.300289658490992, 4.297394346777624, 4.295767808761641, 4.294823021277838, 4.293647622953141], "O21": [4.531000000000001, 4.531000000000001, 4.531000000000001, 4.531000000000001, 4.531000000000001, 4.531000000000001, 4.531000000000001, 4.531000000000001, 4.531000000000001, 4.531000000000001, 4.531000000000001, 4.531000000000001, 4.531000000000001, 4.531000000000001, 4.531000000000001, 4.531000000000001, 4.531000000000001, 4.531000000000001, 4.531000000000001, 4.531000000000001, 4.531000000000001, 4.531000000000001, 4.531000000000001, 4.531000000000001, 4.553999999999999, 4.553999999999999, 4.553999999999999, 4.553999999999999, 4.553999999999999, 4.553999999999999, 4.553999999999999, 4.553999999999999, 4.553999999999999, 4.553999999999999, 4.553999999999999, 4.553999999999999, 4.553999999999999, 4.553999999999999, 4.553999999999999, 4.553999999999999, 4.553999999999999, 4.553999999999999, 4.553999999999999, 4.553999999999999, 4.553999999999999, 4.553999999999999, 4.553999999999999, 4.553999999999999, 4.553999999999999, 4.553999999999999, 4.553999999999999, 4.553999999999999, 4.553999999999999, 4.553999999999999, 4.553999999999999, 4.553999999999999, 4.553999999999999, 4.553999999999999, 4.553999999999999, 4.553999999999999], "mode": "2"}