{"O23": 5.0, "O34": [5.0, 5.0, 5.0, 5.0, 5.0, 5.0, 5.0, 5.0, 5.0, 5.0, 5.0, 5.0, 5.0, 5.0, 5.0, 5.0, 5.0, 5.0, 5.0, 5.0, 5.0, 5.0, 5.0, 5.0, 5.0, 5.0, 5.0, 5.0, 5.0, 5.0, 5.0, 5.0, 5.0, 5.0, 5.0, 5.0, 5.0, 5.0, 5.0, 5.0, 5.0, 5.0, 5.0, 5.0, 5.0, 5.0, 5.0, 5.0, 5.0, 5.0, 5.0, 5.0, 5.0, 5.0, 5.0, 5.0, 5.0, 5.0, 5.0, 5.0], "O35": 5.0, "O46": 4.8927134898375, "O22": [4.261584058274328, 4.250051794760917, 4.239047053053357, 4.228661645117651, 4.220689260324942, 4.213564467934522, 4.205360304161911, 4.199312208049686, 4.19396886741608, 4.186924239402633, 4.160171775927021, 4.135415000006135, 4.12366014311906, 4.11415589908606, 4.102065310847626, 4.092334671665867, 4.087220411422963, 4.090763688185811, 4.094278796431688, 4.109305364987501, 4.121746225998387, 4.124349178469504, 4.133171658971393, 4.141721499685762, 4.149922977694726, 4.154294789188125, 4.159912707508134, 4.169195979349638, 4.177054730092959, 4.191794129775883, 4.1996179322844, 4.207992131812646, 4.218603301842056, 4.222852504270126, 4.221043430959065, 4.223205831619607, 4.226834843709055, 4.231196897339931, 4.238012476045756, 4.233545254529556, 4.23217913348655, 4.235723005034905, 4.236560644840395, 4.241775989484031, 4.244853946493714, 4.25006062879204, 4.251941114736778, 4.251135112760222, 4.25436361895553, 4.249716072386547, 4.251390999535879, 4.252850121813903, 4.248621340969255, 4.2489251332681075, 4.2573844448884675, 4.258777051677045, 4.2594987375414535, 4.264172970685732, 4.265162922319018, 4.268832305622744], "O21": [4.559, 4.559, 4.559, 4.559, 4.559, 4.559, 4.559, 4.559, 4.559, 4.559, 4.559, 4.559, 4.559, 4.559, 4.559, 4.559, 4.559, 4.559, 4.559, 4.559, 4.559, 4.559, 4.559, 4.559, 4.559, 4.559, 4.559, 4.559, 4.559, 4.559, 4.559, 4.559, 4.559, 4.559, 4.559, 4.559, 4.559, 4.559, 4.559, 4.559, 4.559, 4.559, 4.559, 4.559, 4.559, 4.559, 4.559, 4.559, 4.559, 4.559, 4.559, 4.559, 4.559, 4.559, 4.559, 4.559, 4.559, 4.559, 4.559, 4.559], "mode": "2"}