{"O23": 5.0, "O34": [4.324637250994181, 4.332463314674805, 4.345762351468939, 4.372379634503515, 4.374745324797391, 4.352686720782318, 4.339740158111783, 4.318427492607692, 4.296050966543511, 4.291576395872627, 4.299718005621253, 4.291914950602415, 4.2885514966081635, 4.3092904845157785, 4.330700733492227, 4.362038913034229, 4.370690698761881, 4.378311679473076, 4.386093725090562, 4.39907443618426, 4.414539711925324, 4.420282466041032, 4.416235614045932, 4.400035587146676, 4.39962442881582, 4.4224334295464605, 4.440822164881567, 4.4725165107592435, 4.512298127768916, 4.53475566966537, 4.525059996660781, 4.531951184328219, 3.4652256434476603, 3.4652256434476603, 3.4652256434476603, 3.4652256434476603, 3.4652256434476603, 3.4652256434476603, 3.4652256434476603, 3.4652256434476603, 2.491147012862565, 2.502556451606324, 2.4848796876425827, 2.5320117860739995, 2.535522032428952, 2.5759210691746945, 2.582410490154857, 2.6054046513710225, 2.604151616666554, 2.6123710931014337, 2.609665592099978, 2.6276791017215206, 2.66040913700625, 2.667985198503655, 2.7010650677140093, 2.68926154800963, 2.756670785077193, 2.7397967944059163, 2.701870002688866], "O35": 3.065924734841624, "O46": 3.087079845693718, "O22": [3.3453516403614456, 3.352573602181126, 3.364846072721271, 3.389408740451059, 3.3915918206912385, 3.3712359428842746, 3.3592887386295756, 3.339621219576895, 3.3189719604490024, 3.314842786465331, 3.322355937029246, 3.3151552078092115, 3.312051382269321, 3.331189506486023, 3.35094707644301, 3.3798662298497164, 3.387850175386968, 3.3948828848014125, 3.4020642263572753, 3.414042943083423, 3.428314438370296, 3.433613903421435, 3.429879432071442, 3.4149299018198707, 3.414550481221155, 3.4355988318536164, 3.4525681218980027, 3.4818159487966036, 3.518526782095891, 3.5392508033610905, 3.5303035492736234, 3.5366627991158786, 2.5522788939106853, 2.5522788939106853, 2.5522788939106853, 2.5522788939106853, 2.5522788939106853, 2.5522788939106853, 2.5522788939106853, 2.5522788939106853, 1.6575195780288277, 1.668053814687563, 1.6517330105589194, 1.6952496716541816, 1.6984906519218357, 1.735790735074248, 1.7417823616492698, 1.7630126729257718, 1.761855756760575, 1.7694447286566093, 1.7669467628521685, 1.7835784813502864, 1.8137978414153617, 1.8207927538336823, 1.851335112553341, 1.8404370243331833, 1.9026753931261167, 1.887095782673697, 1.8520783020923246], "O21": [4.553999999999999, 4.553999999999999, 4.553999999999999, 4.553999999999999, 4.553999999999999, 4.553999999999999, 4.553999999999999, 4.553999999999999, 4.553999999999999, 4.553999999999999, 4.553999999999999, 4.553999999999999, 4.553999999999999, 4.553999999999999, 4.553999999999999, 4.553999999999999, 4.553999999999999, 4.553999999999999, 4.553999999999999, 4.553999999999999, 4.553999999999999, 4.553999999999999, 4.553999999999999, 4.553999999999999, 4.553999999999999, 4.553999999999999, 4.553999999999999, 4.553999999999999, 4.553999999999999, 4.553999999999999, 4.553999999999999, 4.553999999999999, 4.553999999999999, 4.553999999999999, 4.553999999999999, 4.553999999999999, 4.553999999999999, 4.553999999999999, 4.553999999999999, 4.553999999999999, 4.531000000000001, 4.531000000000001, 4.531000000000001, 4.531000000000001, 4.531000000000001, 4.531000000000001, 4.531000000000001, 4.531000000000001, 4.531000000000001, 4.531000000000001, 4.531000000000001, 4.531000000000001, 4.531000000000001, 4.531000000000001, 4.531000000000001, 4.531000000000001, 4.531000000000001, 4.531000000000001, 4.531000000000001, 4.531000000000001], "mode": "2"}