{"O23": 2.1403222635600283, "O34": [4.504041852706909, 4.504041852706909, 4.504041852706909, 4.504041852706909, 4.504041852706909, 3.114676425816692, 3.110503929031849, 3.110503929031849, 3.110503929031849, 3.110503929031849, 1.82668839411, 1.8110639355240001, 1.8110639355240001, 1.8110639355240001, 1.8110639355240001, 2.69162730476248, 2.6956111965714147, 2.6956111965714147, 2.6956111965714147, 2.6956111965714147, 3.9539287331801614, 3.9541564146792934, 3.9541564146792934, 3.9541564146792934, 2.4571038113942163, 2.4528429257201467, 2.4528429257201467, 2.4528429257201467, 2.4528429257201467, 2.4528429257201467, 1.8292026748019998, 1.8110639355240001, 1.8110639355240001, 1.8110639355240001, 1.8110639355240001, 2.139436433273914, 2.145223656821769, 2.145223656821769, 2.145223656821769, 2.145223656821769, 3.9226587129010704, 3.9233396571603314, 3.9233396571603314, 3.9233396571603314, 3.9233396571603314, 2.162742713269746, 2.1625556346943005, 2.1625556346943005, 2.1625556346943005, 2.1625556346943005, 1.830998589582, 1.8110639355240001, 1.8110639355240001, 1.8110639355240001, 1.8110639355240001, 2.5444958045283514, 2.5539025393684485, 2.5539025393684485, 2.5539025393684485], "O35": 2.3772378709398665, "O46": 1.5267171583970143, "O22": [3.510907817351428, 3.510907817351428, 3.510907817351428, 3.510907817351428, 3.510907817351428, 2.2293664915959095, 2.2293664915959095, 2.2293664915959095, 2.2293664915959095, 2.2293664915959095, 1.05, 1.05, 1.05, 1.05, 1.05, 1.8462996002365093, 1.8462996002365093, 1.8462996002365093, 1.8462996002365093, 1.8462996002365093, 3.0034685987739276, 3.0034685987739276, 3.0034685987739276, 3.0034685987739276, 1.6221537438263574, 1.6221537438263574, 1.6221537438263574, 1.6221537438263574, 1.6221537438263574, 1.6221537438263574, 1.05, 1.05, 1.05, 1.05, 1.05, 1.3381315187072642, 1.3381315187072642, 1.3381315187072642, 1.3381315187072642, 1.3381315187072642, 2.9750306182909294, 2.9750306182909294, 2.9750306182909294, 2.9750306182909294, 2.9750306182909294, 1.3541339848034224, 1.3541339848034224, 1.3541339848034224, 1.3541339848034224, 1.3541339848034224, 1.05, 1.05, 1.05, 1.05, 1.05, 1.715461215887051, 1.715461215887051, 1.715461215887051, 1.715461215887051], "O21": [4.553999999999999, 4.553999999999999, 4.553999999999999, 4.553999999999999, 4.553999999999999, 4.551, 4.531000000000001, 4.531000000000001, 4.531000000000001, 4.531000000000001, 4.495, 4.408, 4.408, 4.408, 4.408, 4.511, 4.531000000000001, 4.531000000000001, 4.531000000000001, 4.531000000000001, 4.553, 4.553999999999999, 4.553999999999999, 4.553999999999999, 4.553, 4.531000000000001, 4.531000000000001, 4.531000000000001, 4.531000000000001, 4.531000000000001, 4.5089999999999995, 4.408, 4.408, 4.408, 4.408, 4.5, 4.531000000000001, 4.531000000000001, 4.531000000000001, 4.531000000000001, 4.551, 4.553999999999999, 4.553999999999999, 4.553999999999999, 4.553999999999999, 4.532, 4.531000000000001, 4.531000000000001, 4.531000000000001, 4.531000000000001, 4.519, 4.408, 4.408, 4.408, 4.408, 4.4830000000000005, 4.531000000000001, 4.531000000000001, 4.531000000000001], "mode": "2"}