{"O23": 5.0, "O34": [1.8439002652383387, 1.8318332917674476, 1.8239113657192045, 1.8212799076342616, 1.8202674302079227, 1.8185060564521132, 1.8157041421339097, 1.8110639355240001, 1.8110639355240001, 1.8110639355240001, 1.8110639355240001, 1.8110639355240001, 1.8110639355240001, 1.8110639355240001, 1.8110639355240001, 1.8110639355240001, 1.8110639355240001, 1.8110639355240001, 1.8110639355240001, 1.811782301436, 2.9521476257378483, 2.9343147081219376, 2.927435329738127, 2.9316509807931066, 2.9114245144279742, 2.9047836762295676, 2.890932807427551, 2.8810356179797587, 2.8633198853392625, 2.8655922820993114, 2.8679942662389664, 2.87212107067113, 2.8695155137267836, 2.8498500109636504, 2.8409307871415335, 2.815011630591818, 2.7812215035589207, 2.7575645682938528, 2.7628880769491646, 2.760555765328328, 5.0, 5.0, 5.0, 5.0, 5.0, 5.0, 5.0, 5.0, 5.0, 5.0, 5.0, 5.0, 5.0, 4.993810723706323, 4.981409385619421, 4.981667764735277, 4.977211955392455, 4.970025589609076, 4.955398581462659, 4.956932475879731, 4.954679239353969, 4.952166942672363, 4.950321315455095, 4.942774580802771, 4.947748791156689, 4.944263103543988, 4.943291440386064, 4.954037093391224, 4.970745765718665, 4.993630158965475, 4.998632717150485, 5.0, 5.0, 5.0, 5.0, 5.0, 5.0, 5.0, 5.0, 5.0, 5.0, 5.0, 4.987719883185905, 4.973950800393937, 4.968834616902171, 4.979719251416993, 4.993285454107335, 4.9924774738905455, 4.980724446175227, 4.984253869725671, 4.987631058495626, 4.986763516982752, 4.98081629568211, 4.9705561773264035, 4.966369409769495, 4.966860994369545, 4.958136007061148, 4.958116500902064, 4.974352580646604, 5.0, 5.0, 5.0, 5.0, 5.0, 5.0, 5.0, 5.0, 5.0, 5.0, 5.0, 5.0, 4.99829840421646, 4.985319106670845, 4.978728933455574, 4.963838416047203, 4.957893857221009, 4.953521959518002, 4.960165581124194, 4.948206054962353, 4.921842230688401, 4.914128135298069, 4.905252692602768, 4.894588457242011, 4.88910283896878, 4.8845873744734085, 4.876694402176433, 4.854061944997572, 4.849755164165203, 4.860504809788399, 4.8829081469464075, 4.881074878378409, 4.864242382722429, 4.855129603817249, 4.859548100607411, 4.883998119704058, 4.906118231785851, 4.925474625162821, 4.9330657690075705, 4.949440609104185, 4.981589768348923, 4.995254080510263, 4.9900225452612, 4.9778756059325096, 4.972318973809232, 4.967293009818163, 4.959151635831671, 4.959110014547865, 4.955953082198182, 4.968092133883718, 4.98146403785515, 4.99282757866224, 4.993852057266865, 4.995737636651663, 4.989802548063399, 4.971007480166409, 4.950916365846827, 4.931725036478598, 4.926744064040889, 4.910168065789869, 4.877552705804688, 4.878669635896346, 4.911449555557956, 4.936727274184813, 4.960483673799768, 4.979006097186804, 4.997871307621875, 5.0, 5.0, 4.996053809615736, 4.986398976039259, 4.9829128335733, 4.99222756501, 5.0, 5.0, 5.0, 5.0, 5.0, 5.0, 5.0, 5.0, 5.0, 4.977384818712821, 4.961556647753429, 4.948712756767758, 4.9443895841119305, 4.9390119438845845, 4.947276715353603, 4.947984823679103, 4.9453412616653525, 4.924314795085941, 4.907960194320378, 4.893994346288179, 4.882077345417216, 4.871610525178878, 4.8717473267280225, 4.87355706416502, 4.866545787519766, 4.854742935645995, 4.850543119026533, 4.850189071215537, 4.870104331931439, 4.885239777032366, 4.8942314735843, 4.887987611299458, 4.874111582710913, 4.854221051831597, 4.822276709939461, 4.8062132940809486, 4.807603974671997, 4.821715126203039, 4.835312638931033, 4.844247597060515, 4.851492395700002, 4.852687804403235, 4.8477260992692335, 4.835568485790487, 4.841543259837475, 4.855997489331768, 4.861041544644856, 4.857363282805718, 4.854256726259257, 4.845517781469357, 4.831977551542915, 4.825141926615364, 4.822904382739107, 4.830968605644389, 4.852491279014156, 4.870736849652575, 4.874494061007445, 4.878155909076717, 4.8797843136152315, 4.886645091926829, 4.892289113840914, 4.896481015952307, 4.894887247736865, 4.902294848874063, 4.898461751976848, 4.894523238730358, 4.892669862573687, 4.896527995792645, 4.898293458506274, 4.913672885717178, 4.918251904338401, 4.9263888595340966, 4.938988200223212, 4.962012749088857, 4.97555045983364, 4.987962064082514, 5.0, 5.0, 5.0, 5.0, 4.999777793236195, 5.0, 5.0, 5.0, 5.0, 5.0, 5.0, 5.0, 2.8776837993282225, 2.883984817527414, 2.8887827879794963, 2.8951919566195965, 2.9005507553534104, 2.8953019113112055, 2.9112516313928896, 2.9230799088190027, 2.92823123196959, 2.927069661827752, 2.935775608112652, 2.9266889956590547, 2.911948408353073, 2.918283310904582, 2.920966016363871, 2.915614075426219, 2.9129981423672455, 2.9305489876961497, 2.953231933986717, 2.9955587762879836, 1.8194268961144475, 1.814755330091042, 1.814755330091042, 1.814755330091042, 1.814755330091042, 1.814755330091042, 1.814755330091042, 1.814755330091042, 1.814755330091042], "O35": 3.325170116096982, "O46": 3.3271710861102366,