{"O23": 5.0, "O34": [4.813003822434756, 4.813003822434756, 4.813003822434756, 4.813003822434756, 4.813003822434756, 2.577887759168175, 2.5739591688286723, 2.5739591688286723, 2.5739591688286723, 2.5739591688286723, 4.998671847491189, 5.0, 5.0, 5.0, 5.0, 2.8265723624162526, 2.8243490344974425, 2.8243490344974425, 2.8243490344974425, 2.8243490344974425, 4.317196282564094, 4.3174322167776, 4.3174322167776, 4.3174322167776, 3.061672786099204, 3.057109739189788, 3.057109739189788, 3.057109739189788, 3.057109739189788, 3.057109739189788, 4.873210099883976, 4.875944944312399, 4.875944944312399, 4.875944944312399, 4.875944944312399, 2.5931617693189892, 2.5904065223504706, 2.5904065223504706, 2.5904065223504706, 2.5904065223504706, 4.799113178442225, 4.7998538593091515, 4.7998538593091515, 4.7998538593091515, 4.7998538593091515, 3.124861739957674, 3.124652793523712, 3.124652793523712, 3.124652793523712, 3.124652793523712, 4.825849586172528, 4.829563114302677, 4.829563114302677, 4.829563114302677, 4.829563114302677, 2.8226164456398037, 2.819182389789144, 2.819182389789144, 2.819182389789144], "O35": 2.476965257313001, "O46": 2.637880084147251, "O22": [3.796020696592632, 3.796020696592632, 3.796020696592632, 3.796020696592632, 3.796020696592632, 1.7339793293592076, 1.7339793293592076, 1.7339793293592076, 1.7339793293592076, 1.7339793293592076, 3.969213183464925, 3.969213183464925, 3.969213183464925, 3.969213183464925, 3.969213183464925, 1.965162138710491, 1.965162138710491, 1.965162138710491, 1.965162138710491, 1.965162138710491, 3.338702770106215, 3.338702770106215, 3.338702770106215, 3.338702770106215, 2.1800680953618845, 2.1800680953618845, 2.1800680953618845, 2.1800680953618845, 2.1800680953618845, 2.1800680953618845, 3.854103328888814, 3.854103328888814, 3.854103328888814, 3.854103328888814, 3.854103328888814, 1.7491650294010497, 1.7491650294010497, 1.7491650294010497, 1.7491650294010497, 1.7491650294010497, 3.7838857925720526, 3.7838857925720526, 3.7838857925720526, 3.7838857925720526, 3.7838857925720526, 2.2424300164858764, 2.2424300164858764, 2.2424300164858764, 2.2424300164858764, 2.2424300164858764, 3.8113017597824386, 3.8113017597824386, 3.8113017597824386, 3.8113017597824386, 3.8113017597824386, 1.9603918200899901, 1.9603918200899901, 1.9603918200899901, 1.9603918200899901], "O21": [4.553999999999999, 4.553999999999999, 4.553999999999999, 4.553999999999999, 4.553999999999999, 4.551, 4.531000000000001, 4.531000000000001, 4.531000000000001, 4.531000000000001, 4.546, 4.553999999999999, 4.553999999999999, 4.553999999999999, 4.553999999999999, 4.542, 4.531000000000001, 4.531000000000001, 4.531000000000001, 4.531000000000001, 4.553, 4.553999999999999, 4.553999999999999, 4.553999999999999, 4.553, 4.531000000000001, 4.531000000000001, 4.531000000000001, 4.531000000000001, 4.531000000000001, 4.543, 4.553999999999999, 4.553999999999999, 4.553999999999999, 4.553999999999999, 4.545, 4.531000000000001, 4.531000000000001, 4.531000000000001, 4.531000000000001, 4.551, 4.553999999999999, 4.553999999999999, 4.553999999999999, 4.553999999999999, 4.532, 4.531000000000001, 4.531000000000001, 4.531000000000001, 4.531000000000001, 4.539, 4.553999999999999, 4.553999999999999, 4.553999999999999, 4.553999999999999, 4.548, 4.531000000000001, 4.531000000000001, 4.531000000000001], "mode": "2"}