{"O23": 3.914316407468664, "O34": [5.0, 5.0, 5.0, 5.0, 5.0, 5.0, 5.0, 5.0, 5.0, 5.0, 3.39985819539881, 3.39985819539881, 3.39985819539881, 3.39985819539881, 3.39985819539881, 3.39985819539881, 3.39985819539881, 3.39985819539881, 3.39985819539881, 3.4155806964157573, 5.0, 5.0, 5.0, 5.0, 5.0, 5.0, 5.0, 5.0, 5.0, 5.0, 3.6051795860399727, 3.6051795860399727, 3.6051795860399727, 3.6051795860399727, 3.6051795860399727, 3.6051795860399727, 3.6051795860399727, 3.6051795860399727, 3.6051795860399727, 3.579517108028628, 5.0, 5.0, 5.0, 5.0, 5.0, 5.0, 5.0, 5.0, 5.0, 5.0, 3.8286510693479565, 3.8286510693479565, 3.8286510693479565, 3.8286510693479565, 3.8286510693479565, 3.8286510693479565, 3.8286510693479565, 3.8286510693479565, 3.8286510693479565, 3.8286510693479565], "O35": 3.9683145931897315, "O46": 3.2012039235990324, "O22": [4.1835444989814325, 4.1835444989814325, 4.1835444989814325, 4.1835444989814325, 4.1835444989814325, 4.1835444989814325, 4.1835444989814325, 4.1835444989814325, 4.1835444989814325, 4.1835444989814325, 2.496524796976306, 2.496524796976306, 2.496524796976306, 2.496524796976306, 2.496524796976306, 2.496524796976306, 2.496524796976306, 2.496524796976306, 2.496524796976306, 2.511041246934926, 4.192183734158569, 4.192183734158569, 4.192183734158569, 4.192183734158569, 4.192183734158569, 4.192183734158569, 4.192183734158569, 4.192183734158569, 4.192183734158569, 4.192183734158569, 2.686096270971695, 2.686096270971695, 2.686096270971695, 2.686096270971695, 2.686096270971695, 2.686096270971695, 2.686096270971695, 2.686096270971695, 2.686096270971695, 2.6621998662006896, 4.233655744885461, 4.233655744885461, 4.233655744885461, 4.233655744885461, 4.233655744885461, 4.233655744885461, 4.233655744885461, 4.233655744885461, 4.233655744885461, 4.233655744885461, 2.892425569416148, 2.892425569416148, 2.892425569416148, 2.892425569416148, 2.892425569416148, 2.892425569416148, 2.892425569416148, 2.892425569416148, 2.892425569416148, 2.892425569416148], "O21": [4.553999999999999, 4.553999999999999, 4.553999999999999, 4.553999999999999, 4.553999999999999, 4.553999999999999, 4.553999999999999, 4.553999999999999, 4.553999999999999, 4.553999999999999, 4.531000000000001, 4.531000000000001, 4.531000000000001, 4.531000000000001, 4.531000000000001, 4.531000000000001, 4.531000000000001, 4.531000000000001, 4.531000000000001, 4.531000000000001, 4.553999999999999, 4.553999999999999, 4.553999999999999, 4.553999999999999, 4.553999999999999, 4.553999999999999, 4.553999999999999, 4.553999999999999, 4.553999999999999, 4.553999999999999, 4.531000000000001, 4.531000000000001, 4.531000000000001, 4.531000000000001, 4.531000000000001, 4.531000000000001, 4.531000000000001, 4.531000000000001, 4.531000000000001, 4.532, 4.553999999999999, 4.553999999999999, 4.553999999999999, 4.553999999999999, 4.553999999999999, 4.553999999999999, 4.553999999999999, 4.553999999999999, 4.553999999999999, 4.553999999999999, 4.531000000000001, 4.531000000000001, 4.531000000000001, 4.531000000000001, 4.531000000000001, 4.531000000000001, 4.531000000000001, 4.531000000000001, 4.531000000000001, 4.531000000000001], "mode": "2"}