{"O23": 2.1403222635600283, "O34": [4.441498349626723, 4.441498349626723, 4.441498349626723, 4.441498349626723, 4.441498349626723, 2.3401092452391934, 2.3401092452391934, 2.3401092452391934, 2.3401092452391934, 2.339918130982737, 1.8659833735024145, 1.8659833735024145, 1.8659833735024145, 1.8659833735024145, 1.866164216764051, 2.441985151843724, 2.441985151843724, 2.441985151843724, 2.441985151843724, 2.441985151843724, 4.007777128295993, 4.007777128295993, 4.007777128295993, 4.007777128295993, 4.007777128295993, 2.4847062953616543, 2.4847062953616543, 2.4847062953616543, 2.4847062953616543, 2.4845118945059124, 1.8110639355240001, 1.8110639355240001, 1.8110639355240001, 1.8110639355240001, 1.8119618929140002, 3.0694263721010993, 3.0694263721010993, 3.0694263721010993, 3.0694263721010993, 3.0696340632735124, 3.8891877232014194, 3.8891877232014194, 3.8891877232014194, 3.8891877232014194, 3.8891877232014194, 3.415355429482582, 3.415355429482582, 3.415355429482582, 3.415355429482582, 3.4149243216413967, 1.8110639355240001, 1.8110639355240001, 1.8110639355240001, 1.8110639355240001, 1.8126802588259998, 2.8010367729355834, 2.8010367729355834, 2.8010367729355834, 2.8010367729355834], "O35": 2.467360230552676, "O46": 1.565047736980336, "O22": [3.4531921112509965, 3.4531921112509965, 3.4531921112509965, 3.4531921112509965, 3.4531921112509965, 1.5180677062685386, 1.5180677062685386, 1.5180677062685386, 1.5180677062685386, 1.5180677062685386, 1.1008488033305583, 1.1008488033305583, 1.1008488033305583, 1.1008488033305583, 1.1008488033305583, 1.6121288545947265, 1.6121288545947265, 1.6121288545947265, 1.6121288545947265, 1.6121288545947265, 3.052950274656859, 3.052950274656859, 3.052950274656859, 3.052950274656859, 3.052950274656859, 1.6515729189572972, 1.6515729189572972, 1.6515729189572972, 1.6515729189572972, 1.6515729189572972, 1.05, 1.05, 1.05, 1.05, 1.05, 2.1914399365926798, 2.1914399365926798, 2.1914399365926798, 2.1914399365926798, 2.1914399365926798, 2.943514907048999, 2.943514907048999, 2.943514907048999, 2.943514907048999, 2.943514907048999, 2.5108332599130616, 2.5108332599130616, 2.5108332599130616, 2.5108332599130616, 2.5108332599130616, 1.05, 1.05, 1.05, 1.05, 1.05, 1.9436381281208135, 1.9436381281208135, 1.9436381281208135, 1.9436381281208135], "O21": [4.553999999999999, 4.553999999999999, 4.553999999999999, 4.553999999999999, 4.553999999999999, 4.531000000000001, 4.531000000000001, 4.531000000000001, 4.531000000000001, 4.53, 4.408, 4.408, 4.408, 4.408, 4.409, 4.531000000000001, 4.531000000000001, 4.531000000000001, 4.531000000000001, 4.531000000000001, 4.553999999999999, 4.553999999999999, 4.553999999999999, 4.553999999999999, 4.553999999999999, 4.531000000000001, 4.531000000000001, 4.531000000000001, 4.531000000000001, 4.53, 4.408, 4.408, 4.408, 4.408, 4.413, 4.531000000000001, 4.531000000000001, 4.531000000000001, 4.531000000000001, 4.532, 4.553999999999999, 4.553999999999999, 4.553999999999999, 4.553999999999999, 4.553999999999999, 4.531000000000001, 4.531000000000001, 4.531000000000001, 4.531000000000001, 4.529, 4.408, 4.408, 4.408, 4.408, 4.417, 4.531000000000001, 4.531000000000001, 4.531000000000001, 4.531000000000001], "mode": "2"}