{"O23": 3.009214889839177, "O34": [4.6900699457606745, 4.6900699457606745, 4.6900699457606745, 4.6900699457606745, 4.6900699457606745, 4.6900699457606745, 4.6900699457606745, 4.6900699457606745, 4.6900699457606745, 4.6900699457606745, 2.8048929353926626, 2.8016672525547914, 2.8016672525547914, 2.8016672525547914, 2.8016672525547914, 2.8016672525547914, 2.8016672525547914, 2.8016672525547914, 2.8016672525547914, 2.8016672525547914, 4.669052397649436, 4.669296325332282, 4.669296325332282, 4.669296325332282, 4.669296325332282, 4.669296325332282, 4.669296325332282, 4.669296325332282, 4.669296325332282, 4.669296325332282, 3.034128233575883, 3.0301990419346256, 3.0301990419346256, 3.0301990419346256, 3.0301990419346256, 3.0301990419346256, 3.0301990419346256, 3.0301990419346256, 3.0301990419346256, 3.0301990419346256, 4.204092739495866, 4.204792865486399, 4.204792865486399, 4.204792865486399, 4.204792865486399, 4.204792865486399, 4.204792865486399, 4.204792865486399, 4.204792865486399, 4.204792865486399, 2.1524076725028043, 2.1486724121308467, 2.1486724121308467, 2.1486724121308467, 2.1486724121308467, 2.1486724121308467, 2.1486724121308467, 2.1486724121308467, 2.1486724121308467], "O35": 2.7967399814991185, "O46": 2.0627369758120118, "O22": [3.6825762116105336, 3.6825762116105336, 3.6825762116105336, 3.6825762116105336, 3.6825762116105336, 3.6825762116105336, 3.6825762116105336, 3.6825762116105336, 3.6825762116105336, 3.6825762116105336, 1.9442202445304289, 1.9442202445304289, 1.9442202445304289, 1.9442202445304289, 1.9442202445304289, 1.9442202445304289, 1.9442202445304289, 1.9442202445304289, 1.9442202445304289, 1.9442202445304289, 3.663406128192759, 3.663406128192759, 3.663406128192759, 3.663406128192759, 3.663406128192759, 3.663406128192759, 3.663406128192759, 3.663406128192759, 3.663406128192759, 3.663406128192759, 2.155221680046976, 2.155221680046976, 2.155221680046976, 2.155221680046976, 2.155221680046976, 2.155221680046976, 2.155221680046976, 2.155221680046976, 2.155221680046976, 2.155221680046976, 3.234758165562217, 3.234758165562217, 3.234758165562217, 3.234758165562217, 3.234758165562217, 3.234758165562217, 3.234758165562217, 3.234758165562217, 3.234758165562217, 3.234758165562217, 1.341315724821151, 1.341315724821151, 1.341315724821151, 1.341315724821151, 1.341315724821151, 1.341315724821151, 1.341315724821151, 1.341315724821151, 1.341315724821151], "O21": [4.553999999999999, 4.553999999999999, 4.553999999999999, 4.553999999999999, 4.553999999999999, 4.553999999999999, 4.553999999999999, 4.553999999999999, 4.553999999999999, 4.553999999999999, 4.547, 4.531000000000001, 4.531000000000001, 4.531000000000001, 4.531000000000001, 4.531000000000001, 4.531000000000001, 4.531000000000001, 4.531000000000001, 4.531000000000001, 4.553, 4.553999999999999, 4.553999999999999, 4.553999999999999, 4.553999999999999, 4.553999999999999, 4.553999999999999, 4.553999999999999, 4.553999999999999, 4.553999999999999, 4.55, 4.531000000000001, 4.531000000000001, 4.531000000000001, 4.531000000000001, 4.531000000000001, 4.531000000000001, 4.531000000000001, 4.531000000000001, 4.531000000000001, 4.551, 4.553999999999999, 4.553999999999999, 4.553999999999999, 4.553999999999999, 4.553999999999999, 4.553999999999999, 4.553999999999999, 4.553999999999999, 4.553999999999999, 4.551, 4.531000000000001, 4.531000000000001, 4.531000000000001, 4.531000000000001, 4.531000000000001, 4.531000000000001, 4.531000000000001, 4.531000000000001], "mode": "2"}