{"O23": 5.0, "O34": [3.8687876566799093, 3.8186538224187734, 3.7938559804955565, 3.776480117759109, 3.7448079567865844, 3.7148320659182468, 3.684499372060498, 3.6538591222579044, 3.629687393513516, 3.6051058043317443, 3.592861468901107, 3.5988484567317873, 3.60834365097758, 3.620959115056253, 3.6202573679047303, 3.6113140326493656, 3.517104787733201, 3.4272876212593117, 3.3456919229233213, 3.2441484537935192, 3.2386596931266425, 3.240390523486948, 3.2354552333889237, 3.223305806873631, 3.2232591286654935, 3.2333337398583746, 3.2515437779842853, 3.2725264575642496, 3.291004131436274, 3.3078468288302894, 3.3266503664423017, 3.3272541032287366, 3.334379674200384, 3.343187317854716, 3.3566024555230767, 3.3807082177823777, 3.4032646832874494, 3.4059762840979326, 3.4135251427839592, 3.418948003740516, 3.428797186349006, 3.4325250460992, 3.43858688433144, 3.447552505814467, 3.45183666757129, 3.440371984144774, 3.4322788994305484, 3.4179959465672476, 3.4040225589236117, 3.3893016482991607, 3.384300207262448, 3.383961216270226, 3.3793880895238426, 3.3718164567792184, 3.3716041086122956, 3.360014349501263, 3.3529081266807856, 3.3442599569119427, 3.3145742656192327, 3.3026432456780896, 3.52911565202503, 3.52911565202503, 3.52911565202503, 3.52911565202503, 3.52911565202503, 1.8176437637114735, 1.8165654624627152, 1.8165654624627152, 1.8165654624627152, 1.8165654624627152, 2.700037406097072, 2.7004360146080764, 2.7004360146080764, 2.7004360146080764, 2.7004360146080764, 3.339715075155483, 3.339715075155483, 3.339715075155483, 3.339715075155483, 3.339715075155483, 1.9750495220541116, 1.9746839053138423, 1.9746839053138423, 1.9746839053138423, 1.9746839053138423, 1.833204981987085, 1.8317644755290825, 1.8317644755290825, 1.8317644755290825, 1.8317644755290825, 2.16187519535551, 2.162436422953025, 2.162436422953025, 2.162436422953025, 2.162436422953025, 3.4366203435423426, 3.436836272826365, 3.436836272826365, 3.436836272826365, 3.436836272826365, 3.0714514287019257, 3.071035973186674, 3.071035973186674, 3.071035973186674, 3.071035973186674, 1.8226444459880682, 1.819767808129784, 1.819767808129784, 1.819767808129784, 1.819767808129784, 3.022823773204857, 3.023443711251903, 3.023443711251903, 3.023443711251903, 3.023443711251903, 3.6548273771129094, 3.6550482636256336, 3.6550482636256336, 3.6550482636256336, 3.6550482636256336, 3.162784247295204, 3.1623646400945473, 3.1623646400945473, 3.1623646400945473, 3.1623646400945473, 1.8674915115196615, 1.8642370492844207, 1.8642370492844207, 1.8642370492844207, 1.8642370492844207, 1.9336723806335763, 1.9343999515991919, 1.9343999515991919, 1.9343999515991919, 1.9343999515991919, 3.3800851532754503, 3.3802997981926795, 3.3802997981926795, 3.3802997981926795, 3.3802997981926795, 2.816387891200636, 2.81558020556076, 2.81558020556076, 2.81558020556076, 2.81558020556076, 1.8195275512873013, 1.815933501878117, 1.815933501878117, 1.815933501878117, 1.815933501878117, 2.915785941077715, 2.916807052237831, 2.916807052237831, 2.916807052237831, 2.916807052237831, 3.6100105636524726, 3.610230432016559, 3.610230432016559, 3.610230432016559, 3.610230432016559, 2.7532255178936014, 2.7524235742944922, 2.7524235742944922, 2.7524235742944922, 2.7524235742944922, 1.815194539518, 1.8110639355240001, 1.8110639355240001, 1.8110639355240001, 1.8110639355240001, 2.7639601050918228, 2.7651647580846697, 2.7651647580846697, 2.7651647580846697, 2.7651647580846697, 3.4541887378770815, 3.4544050662799917, 3.4544050662799917, 3.4544050662799917, 3.4544050662799917, 4.355242911803867, 4.367561029099575, 4.371497863632509, 4.389715270126634, 4.40223569978963, 4.380288050652217, 4.35728768826267, 4.342761951119488, 4.370159035387893, 4.39084325715701, 4.436089492911334, 4.474615265534555, 4.502166543032689, 4.519912442715234, 4.512827058763785, 4.538985446072535, 4.571998258733979, 4.586272659926483, 4.6106652452014965, 4.642635830292746, 4.64106025029835, 4.639685069206056, 4.635213904205864, 4.624854442774912, 4.6327424100542896, 4.677783428905958, 4.744691320034551, 4.798782469670398, 4.809499850462621, 4.81846770368391, 4.812275544711278, 4.837880787933969, 4.832226213362834, 4.81476652507829, 4.783992529534691, 4.787456325076318, 4.791058749750518, 4.756926478400173, 4.726550872575704, 4.731998325936221, 4.782611412877027, 4.812886626148909, 4.831507042661016, 4.814020862885867, 4.782558208076561, 4.745845825168478, 4.6884359586066715, 4.629623399277091, 4.609874784158091, 4.590725278454277, 4.584520871413445, 4.533016785065722, 4.519411596218675, 4.527223956290674, 4.559500718036578, 4.526721850680996, 4.474541419725609, 4.516659399671166], "O35": 3.2041511631984387, "O46": 3.164293879886329,