{"O23": 5.0, "O34": [4.187410903137769, 4.204013620905801, 4.205858821757571, 4.21598511898606, 4.220002606812616, 4.230419479930525, 4.226317162001497, 4.220488266899636, 4.224618422740888, 4.245309158097089, 4.261160181358922, 4.298630381130913, 4.323086460921625, 4.333350897702947, 4.350206032352473, 4.381929807341688, 4.46296781284688, 4.492967173618968, 4.518815033256747, 4.54035338611938, 4.564193197702863, 4.580234337404193, 4.608408965623662, 4.634409059719829, 4.657668605823909, 4.670442883642742, 4.69208712848661, 4.708564850555231, 4.742514685595404, 4.749645490461102, 4.762262282264702, 4.753456690087289, 4.7546879375923154, 4.774215301971096, 4.7783297018880635, 4.791088085804907, 4.785021412325478, 4.813262598631935, 4.822377202875307, 4.820801989028716, 4.817919981732707, 4.812906884389199, 4.80149437979278, 4.80677696174468, 4.822560125358716, 4.8468231870772245, 4.864847045032819, 4.8531520082111035, 4.819710281900081, 4.817432685272045, 4.805793986099669, 4.807051968594003, 4.786788838897803, 4.755194472422678, 4.738239080707741, 4.704916235349247, 4.689492341490861, 4.698411609939523, 4.68906027787633, 4.685124073190105, 4.6811158408805795, 4.678834101150996, 4.67250514134146, 4.637035355010577, 4.594909590725553, 4.548474904997201, 4.517153806369431, 4.539819301893754, 4.570551025251157, 4.560257728511723, 4.555144897876951, 4.524579394084678, 4.520155583574284, 4.522493611797406, 4.525061386725251, 4.549283844977725, 4.522056404634977, 4.477809912914244, 4.502098018503439, 4.4892978669130255, 4.456189404851753, 4.43098063119554, 4.416918026657733, 4.410194538464175, 4.388990507752897, 4.3671803028484, 4.344935932756819, 4.32860844088726, 4.284063070276858, 4.254130308535775, 4.217579352961211, 4.2136895850243175, 4.214246750846856, 4.206423173389494, 4.191662665770915, 4.149051825761464, 4.116830030409796, 4.078611235762441, 4.027500290789489, 4.036563760103608, 4.114531876107277, 4.1299607278749, 4.123619080177224, 4.131429710076704, 4.145735273331961, 4.1650543165414575, 4.242741416710171, 4.299579925014892, 4.340971882381099, 4.374190609024067, 4.421457122085532, 4.455989550212071, 4.491344812764423, 4.536572126937986, 4.572441338025672, 4.603755324562389, 4.629030175511931, 4.661789441560344, 4.681186414489156, 4.691908842044572, 4.6799272720847345, 4.7082212658236084, 4.749373234362916, 4.763441408462614, 4.777924877529592, 4.806609823203587, 4.782881714930132, 4.773200741010922, 4.774037698148285, 4.780847796264403, 4.77446463310677, 4.7766684702439886, 4.771328869698206, 4.7474678716087215, 4.73202281800514, 4.735284752882538, 4.739767184159053, 4.745139442794987, 4.760219212162618, 4.773314715699692, 4.7709933399607785, 4.7564937665372815, 4.74689990459415, 4.749804328083067, 4.7398220054878495, 4.71545469062223, 4.721443502828269, 4.73494329145139, 4.752656889386794, 4.743168227732792, 4.723865241725929, 4.701698356353636, 4.711751257484684, 4.73206043936485, 4.733704292682876, 4.71041632892683, 4.698091259598599, 4.673698840172046, 4.641941200184947, 4.612099496307897, 4.594388071810196, 4.585962960584761, 4.557124729624307, 4.543116900970233, 4.54401492176894, 4.54554385719028, 4.517858170123511, 4.470844327296133, 4.4447119170636356, 4.461955781390279, 4.48593192273161, 4.49933052585284, 4.475060869059117, 4.460213083529391, 4.473088391664431, 4.475685793507253, 4.45854527906877, 4.445159238646622, 4.425248143009383, 4.41772683722136, 4.428872144013622, 4.422560579473446, 4.417377769401781, 4.4401600447500975, 4.4464911008290615, 4.455547354755252, 4.472010336287355, 4.473108959407262, 4.443265023390669, 4.413639532429154, 4.384290236547198, 4.385322208686924, 4.415632773585317, 4.438158019861908, 4.453673735324224, 4.480180388862879, 4.520601978923751, 4.554818033439648, 4.589303957373879, 4.623973828014695, 4.631186082622, 4.65538434182361, 4.682560394328015, 4.685674221421667, 4.705358094736311, 4.709831771114532, 4.693011583674486, 4.678329956841058, 4.681901430987528, 4.704910103863016, 4.7505302816427335, 4.768751375684631, 4.754616717524542, 4.742941797699331, 4.727026425596762, 4.725622277920574, 4.711554221859243, 4.7129226779223705, 4.720574292442806, 4.6909303921151935, 4.692787430379451, 4.6964071614389535, 4.697781437383406, 4.676278433755369, 4.650768606970381, 4.666481581509968, 4.690944898474186, 4.717701504831439, 4.746597160504707, 4.756019057789496, 4.736563834490182, 4.7237545410138075, 4.72506136845905, 4.731064795097173, 4.740909260202987, 4.742099452427333, 4.749487309353368, 4.74319376988213, 4.73015633998604, 4.768054757910084, 4.232543360216038, 4.1926062794943295, 4.157156301786195, 4.128088923417187, 4.109265940576653, 4.102139400507281, 4.112253579847572, 4.132679349328569, 4.135430379162908, 4.129346521090082, 4.126770681389802, 4.116200656776715, 4.107195620223533, 4.1030512063166675, 4.097799662469727, 4.088549323090126, 4.086512346836636, 4.084776876236615, 4.048452891708429, 4.018789721015964, 2.3132683444106084, 2.321951042841432, 2.8369355934310136, 2.8460829467613933, 2.8570950445479935, 2.86314718222249, 2.8791409460443305, 2.8953254167256457, 2.8914992247625126, 2.915028005655488, 2.9288656388155476, 2.92696461180706, 2.936185206483246, 2.947127927842062, 2.9684696001715434, 3.0123104937695033, 3.050237610417534, 3.0876951533793533, 3.0476016977225453, 3.0847399687142247, 2.482611111261127, 2.512455519204456, 2.487164527295791, 2.4559894802286775, 2.4691692352949786, 2.4681598774790223, 2.4469383035833867, 2.4337626323193122, 2.4158562875133196, 2.4225922388407977, 2.394365209418812, 2.4006114563106586, 2.3485057843097823, 2.3493856485992595, 2.363986760649712, 2.373788450081297, 2.370683043379076, 2.3648546666302126, 2.377092036168286], "O35": 3.5505952375182694, "O46": 3.582332801251202,