{"O23": 5.0, "O34": [3.9140213285251173, 3.8971278417241892, 3.884985765307699, 3.8808342875626773, 3.889368122295429, 3.8967789959675736, 3.8819380957407543, 3.8637237583629327, 3.8483001253989046, 3.8412840967032365, 3.796180079648987, 3.765454771722313, 3.7501170033979663, 3.7296896738560505, 3.7321202638549655, 3.7470852927030363, 3.738877038872355, 3.740994711549144, 3.739902624978749, 3.745722607501983, 3.7575513409014514, 3.7526672903332745, 3.759953845969681, 3.770840515048556, 3.748569441212909, 3.7265657426584076, 3.735626994426439, 3.7418747490599253, 3.7529228286910996, 3.7523244572103036, 3.7697206298119093, 3.798672257164501, 3.8269185453824512, 3.8323270188371445, 3.8260798271221224, 3.811944637389262, 3.81287498230493, 3.8144537839335024, 3.803232979273846, 3.792935382885179, 3.778895114244374, 3.785415133895127, 3.7720255991299836, 3.764941970825284, 3.7831296782540975, 3.784811324848655, 3.8072618543891776, 3.821305834727483, 3.8238195673039903, 3.827308576706069, 3.8169221092195484, 3.808749559962736, 3.792967934922118, 3.8013845683749494, 3.8004440654683993, 3.8043011135420555, 3.8026246996622324, 3.791829924719539, 3.787635519372068, 3.776267202146065, 3.7571601928910914, 3.739022024070897, 3.7289556354441658, 3.7106478509460135, 3.724843298113788, 3.7421250717137395, 3.7276934668122945, 3.7229743895061773, 3.7174261970937605, 3.741948993286218, 3.7975389492363645, 3.8012268210452813, 3.816276142093815, 3.8163537434266317, 3.829948277529721, 3.8429823729850323, 3.8315206209076766, 3.8278638969890686, 3.849301612444145, 3.863794174409877, 3.8684354724488, 3.8954239382289475, 3.9326018162663052, 3.9665501406383608, 3.9404649161736005, 3.9456077818835595, 3.9454403840029815, 3.9669238974994387, 3.9731162063870715, 3.976013426630503, 3.951393760557389, 3.9706827870686543, 3.9688962653642035, 3.958594558328277, 3.9447951984172382, 3.9357365378940288, 3.955019134904615, 3.967515619269788, 3.979428623541177, 3.9794439544612614, 3.9875084784995862, 3.972964796538073, 3.945475352848129, 3.9259039578061263, 3.9346178827064544, 3.934373607428206, 3.909136153652381, 3.8742912603928694, 3.868410127695391, 3.831306774657479, 3.8127328220312005, 3.791733559432163, 3.778435222458259, 3.769644697815592, 3.756775870653111, 3.7381839205203127, 3.7260247538801825, 3.726458946090515, 3.685904691538637, 3.665676448498031, 3.68991411786714, 3.708579772295281, 3.719403726657191, 3.7270384780753805, 3.7282126494102585, 3.7153058997517716, 3.7258764804130706, 3.7442176039747013, 3.7738128469533025, 3.789539636876448, 3.790160127419886, 3.7787059664490306, 3.7923668505059247, 3.818147313209538, 3.8664782930625643, 3.9031361578364985, 3.9353121037701673, 3.939568400263099, 3.970511602341342, 3.982785063353118, 3.9834062398623526, 3.9683752831172856, 3.9880575031135104, 3.9859672763046463, 4.01167864421977, 4.026704827602163, 4.028487618460137, 4.005129331612825, 3.9642038362043084, 3.949878808589531, 3.9392936848556817, 3.935517849513827, 3.921931112517668, 3.8956568946959806, 3.8589062921255457, 3.8187159723876056, 3.7801903106961197, 3.7854027138209165, 3.7707561905495224, 3.779719553633042, 3.7677343458665487, 3.770634322118963, 3.7768216901140117, 3.7746091080535953, 3.747119155613257, 3.726657238745103, 3.7258116598135116, 3.735321944872468, 3.739427692322357, 3.726174964532128, 3.7392080107557235, 3.743066491109223, 3.7563662712842194, 3.784835901878381, 3.804839651084069, 3.819330380045009, 3.837271889734934, 3.8248971497547193, 3.811511272129528, 3.7909751324130037, 3.7689404964180286, 3.7529620738626486, 3.700442929923418, 3.6783221017705565, 3.655651436251311, 3.6387299425893613, 3.625874879336767, 3.620860744867791, 3.620457440647404, 3.6237214930296693, 3.613564198475122, 3.6144064359742543, 3.6169988525075247, 3.5925179785696097, 3.5523412972163233, 3.5330074149873854, 3.5027440412256574, 3.477396364369548, 3.4644406806406116, 3.46471036165479, 3.448943234336836, 3.4473825020006332, 3.453246231095918, 3.4534018246648897, 3.4601870559701062, 3.471892887169912, 3.47830934370281, 3.471549946684501, 3.482970157271468, 3.4844514170127905, 3.4656473042859237, 3.462186204902846, 3.46325115404366, 3.5687788343982434, 3.681862520046175, 3.7099587959071707, 3.727151641515189, 3.7403705523684474, 3.7495225320548777, 3.7473352873748462, 3.7629249699471448, 3.7811166276915924, 3.8068198456785884, 3.8326177062249216, 3.8564367923652925, 3.869520071150903, 3.901542261966094, 3.9381077493886347, 3.9634099102507703, 3.992505284071147, 4.0273027754304564, 4.042678944792051, 4.044388697666308, 3.984055833439285, 3.919338988708816, 3.9326597631930658, 3.9367398722365645, 3.9466695893239905, 3.9542307778218144, 3.9771094296556, 3.997739906515624, 3.9955371001031272, 3.9792745768134083, 3.963315862633765, 3.9590238746941075, 3.9518883274406007, 3.9260330624949216, 3.9020624524591185, 3.8921291353955088, 3.879114451134111, 3.8683534887276707, 3.8825574345329614, 3.8955964919034196, 3.9083035889341153, 3.9066016195435, 3.883874717538622, 3.870246760076848, 3.879958687647606, 3.887682573982794, 3.874074970231154, 3.8435800752373694, 3.827316503386065, 3.8117129169758153, 3.7971627412296374, 3.775726951548425, 3.7737251095205155, 3.75302601726242, 3.745519386859484, 3.733787195943467, 3.7400167167722205, 3.734085811086868, 3.712445464134129, 3.6832936522219812, 3.6579026523243536, 3.6384411347985197, 3.6273274225370167, 3.6383189253647896, 3.608533277972248, 3.5835021987810824, 3.574388659647883, 3.5746532720122053, 3.581700850906315, 3.5996490683325697, 3.6200596327524868, 3.644809479033741, 3.6379606798058433, 3.66212832776458, 3.6576074851017837, 3.6430189417027585, 3.6071555162381084, 3.594961122671982, 3.5810808649211725, 3.57337674117335, 3.5614501832857406, 3.5567432055786443, 3.555379548766205, 3.539477875932774, 3.5418349274968794, 3.5515751178529524], "O35": 3.7401268073135747, "O46": 3.762920814397681,