{"O23": 3.902698923826839, "O34": [4.750078521193911, 4.750078521193911, 4.750078521193911, 4.750078521193911, 4.750078521193911, 4.750078521193911, 4.750078521193911, 4.750078521193911, 4.750078521193911, 4.754118537347093, 3.6432217673717027, 3.6432217673717027, 3.6432217673717027, 3.6432217673717027, 3.6432217673717027, 3.6432217673717027, 3.6432217673717027, 3.6432217673717027, 3.6432217673717027, 3.639508868881395, 4.983489368244971, 4.983489368244971, 4.983489368244971, 4.983489368244971, 4.983489368244971, 4.983489368244971, 4.983489368244971, 4.983489368244971, 4.983489368244971, 4.976021617312418, 3.638142029951496, 3.638142029951496, 3.638142029951496, 3.638142029951496, 3.638142029951496, 3.638142029951496, 3.638142029951496, 3.638142029951496, 3.638142029951496, 3.6278086364468964, 4.923232399765337, 4.923232399765337, 4.923232399765337, 4.923232399765337, 4.923232399765337, 4.923232399765337, 4.923232399765337, 4.923232399765337, 4.923232399765337, 4.923232399765337, 3.671325669280211, 3.671325669280211, 3.671325669280211, 3.671325669280211, 3.671325669280211, 3.671325669280211, 3.671325669280211, 3.671325669280211], "O35": 3.9317641107061747, "O46": 3.1802638220989303, "O22": [3.737952663722112, 3.737952663722112, 3.737952663722112, 3.737952663722112, 3.737952663722112, 3.737952663722112, 3.737952663722112, 3.737952663722112, 3.737952663722112, 3.7416808268958173, 2.7212202897918276, 2.7212202897918276, 2.7212202897918276, 2.7212202897918276, 2.7212202897918276, 2.7212202897918276, 2.7212202897918276, 2.7212202897918276, 2.7212202897918276, 2.7177922025506254, 3.9533462887286976, 3.9533462887286976, 3.9533462887286976, 3.9533462887286976, 3.9533462887286976, 3.9533462887286976, 3.9533462887286976, 3.9533462887286976, 3.9533462887286976, 3.94645498112954, 2.7165302119229264, 2.7165302119229264, 2.7165302119229264, 2.7165302119229264, 2.7165302119229264, 2.7165302119229264, 2.7165302119229264, 2.7165302119229264, 2.7165302119229264, 2.7067860056157897, 3.897740617284059, 3.897740617284059, 3.897740617284059, 3.897740617284059, 3.897740617284059, 3.897740617284059, 3.897740617284059, 3.897740617284059, 3.897740617284059, 3.897740617284059, 2.7471683807003338, 2.7471683807003338, 2.7471683807003338, 2.7471683807003338, 2.7471683807003338, 2.7471683807003338, 2.7471683807003338, 2.7471683807003338], "O21": [4.553999999999999, 4.553999999999999, 4.553999999999999, 4.553999999999999, 4.553999999999999, 4.553999999999999, 4.553999999999999, 4.553999999999999, 4.553999999999999, 4.553999999999999, 4.531000000000001, 4.531000000000001, 4.531000000000001, 4.531000000000001, 4.531000000000001, 4.531000000000001, 4.531000000000001, 4.531000000000001, 4.531000000000001, 4.531000000000001, 4.553999999999999, 4.553999999999999, 4.553999999999999, 4.553999999999999, 4.553999999999999, 4.553999999999999, 4.553999999999999, 4.553999999999999, 4.553999999999999, 4.553999999999999, 4.531000000000001, 4.531000000000001, 4.531000000000001, 4.531000000000001, 4.531000000000001, 4.531000000000001, 4.531000000000001, 4.531000000000001, 4.531000000000001, 4.532, 4.553999999999999, 4.553999999999999, 4.553999999999999, 4.553999999999999, 4.553999999999999, 4.553999999999999, 4.553999999999999, 4.553999999999999, 4.553999999999999, 4.553999999999999, 4.531000000000001, 4.531000000000001, 4.531000000000001, 4.531000000000001, 4.531000000000001, 4.531000000000001, 4.531000000000001, 4.531000000000001], "mode": "2"}