{"O23": 3.3913218045519042, "O34": [5.0, 5.0, 5.0, 5.0, 5.0, 5.0, 5.0, 5.0, 5.0, 5.0, 5.0, 5.0, 5.0, 5.0, 5.0, 5.0, 5.0, 5.0, 5.0, 5.0, 5.0, 5.0, 5.0, 5.0, 5.0, 5.0, 5.0, 5.0, 5.0, 5.0, 5.0, 5.0, 5.0, 5.0, 5.0, 5.0, 5.0, 5.0, 5.0, 5.0, 5.0, 5.0, 5.0, 5.0, 5.0, 5.0, 5.0, 5.0, 5.0, 5.0, 5.0, 5.0, 5.0, 5.0, 5.0, 5.0, 5.0, 5.0, 5.0, 5.0, 5.0, 5.0, 5.0, 5.0, 5.0, 5.0, 5.0, 5.0, 5.0, 5.0, 5.0, 5.0, 5.0, 5.0, 5.0, 5.0, 5.0, 5.0, 5.0, 5.0, 5.0, 5.0, 5.0, 5.0, 5.0, 5.0, 5.0, 5.0, 5.0, 5.0, 5.0, 5.0, 5.0, 5.0, 5.0, 5.0, 5.0, 5.0, 5.0, 5.0, 5.0, 5.0, 5.0, 5.0, 5.0, 2.809111972993955, 2.809111972993955, 2.809111972993955, 2.809111972993955, 2.809111972993955, 2.809111972993955, 2.809111972993955, 2.809111972993955, 2.809111972993955, 2.808506649820526, 1.8110639355240001, 1.8110639355240001, 1.8110639355240001, 1.8110639355240001, 1.8110639355240001, 1.8110639355240001, 1.8110639355240001, 1.8110639355240001, 1.8110639355240001, 1.814476173606, 3.029434339130898, 3.029434339130898, 3.029434339130898, 3.029434339130898, 3.029434339130898, 3.029434339130898, 3.029434339130898, 3.029434339130898, 3.029434339130898, 3.0300546856674666, 5.0, 5.0, 5.0, 5.0, 5.0, 5.0, 5.0, 5.0, 5.0, 5.0, 5.0, 5.0, 5.0, 5.0, 5.0, 5.0, 5.0, 5.0, 5.0, 5.0, 5.0, 5.0, 5.0, 5.0, 5.0, 5.0, 5.0, 5.0, 5.0, 5.0, 5.0, 5.0, 5.0, 5.0, 5.0, 5.0, 5.0, 5.0, 5.0, 5.0, 5.0, 5.0, 5.0, 5.0, 5.0, 5.0], "O35": 3.9929820124630697, "O46": 2.963824560031483, "O22": [4.289431694959555, 4.290183737082882, 4.293098457848566, 4.295411831795894, 4.294583162891179, 4.297127178686655, 4.297882824024872, 4.297781860066063, 4.298511235332653, 4.2983904793920615, 4.294769113807766, 4.2898200146511165, 4.2870884661295285, 4.286648077500175, 4.285918586333322, 4.282027864809468, 4.275249394961077, 4.281361636089827, 4.27904865424645, 4.28192239154859, 4.280972157037587, 4.2809878488575706, 4.279626575627746, 4.277482268202393, 4.2784487641397835, 4.278746234511125, 4.2807037619480885, 4.280260852277467, 4.277544843228806, 4.277068884810513, 4.278073889858463, 4.2774237987151595, 4.282007765447467, 4.283241346712867, 4.281703227475453, 4.286603892551035, 4.293739966384296, 4.296118731538476, 4.297026274328451, 4.2923080380716, 4.286909035339596, 4.288196226697702, 4.287909123492825, 4.2726776922922305, 4.258055608646831, 4.241836652808016, 4.239634976582934, 4.24010572871304, 4.244255916477726, 4.24350438037187, 4.245006213578868, 4.247422774420635, 4.245681353156666, 4.2431173858260935, 4.244274440967292, 4.241603126538167, 4.237523837791797, 4.235148367361468, 4.235760756050184, 4.244683101056601, 4.249476380547095, 4.2460544898379835, 4.248170824712605, 4.265720038261278, 4.27959644027575, 4.2781652960394645, 4.275891052826774, 4.275125042552405, 4.269818676589477, 4.272200424679812, 4.272712931366795, 4.270318546433792, 4.267022122755766, 4.2545456586136865, 4.2533103926261955, 4.253963394284574, 4.254539477523133, 4.256026879754014, 4.257317613815057, 4.256358203818513, 4.256652213828326, 4.260284149183304, 4.259128562036518, 4.256941293969902, 4.256535162043843, 4.273671123964856, 4.276119642403085, 4.277990931226323, 4.278718474968807, 4.278804773855222, 4.278054985816011, 4.278774685492473, 4.28142457230856, 4.291047365376524, 4.290073695049327, 4.290255564307348, 4.292904554215799, 4.293995383980212, 4.29187127641799, 4.290608440969654, 4.291199495154827, 4.28822454669932, 4.28617941897478, 4.28774241410696, 4.2879897810106185, 1.9510938908793494, 1.9510938908793494, 1.9510938908793494, 1.9510938908793494, 1.9510938908793494, 1.9510938908793494, 1.9510938908793494, 1.9510938908793494, 1.9510938908793494, 1.9510938908793494, 1.05, 1.05, 1.05, 1.05, 1.05, 1.05, 1.05, 1.05, 1.05, 1.05, 2.1545156365255567, 2.1545156365255567, 2.1545156365255567, 2.1545156365255567, 2.1545156365255567, 2.1545156365255567, 2.1545156365255567, 2.1545156365255567, 2.1545156365255567, 2.1545156365255567, 4.289662950234313, 4.288568897110952, 4.290317682815693, 4.291376370272086, 4.290269279727859, 4.290118101060696, 4.292241440215955, 4.294029045232281, 4.291554529496088, 4.2933440028780865, 4.296257692316668, 4.297708854693284, 4.297852540771245, 4.299547593146279, 4.301884555065327, 4.302497406815349, 4.3000222631824485, 4.295253172208651, 4.29407313604313, 4.291431987200478, 4.293660328311279, 4.29495493001256, 4.294862581665124, 4.295799234177602, 4.298149956620723, 4.297479257859075, 4.2965312625195695, 4.292425241042192, 4.2921106830587314, 4.290902431486266, 4.294028288947908, 4.2949659565999925, 4.294545692015955, 4.292153246270142, 4.291745532425186, 4.293882702758496, 4.2939090133686415, 4.297675977148853, 4.298259815802721, 4.299939137903987, 4.298646026960292, 4.298379456106208, 4.297584576959376, 4.295501617141041, 4.293166794422144, 4.294963345683616],