{"O23": 5.0, "O34": [5.0, 5.0, 5.0, 5.0, 5.0, 5.0, 4.996812103283105, 4.9861641150761, 4.976400618210697, 4.966894964413043, 4.948165787655196, 4.943617611786277, 4.949337917948727, 4.944894958732394, 4.945870942752578, 4.949056581142981, 4.956405670681898, 4.9565842078107325, 4.957239551609025, 4.961366558215125, 4.961938991167231, 4.962900210874844, 4.96577223007334, 4.975299836109787, 4.965640106231855, 4.960701280772236, 4.953061711416734, 4.952243263409307, 4.949732273184161, 4.950036933907897, 4.955678817747554, 4.955439032447072, 4.944512131084472, 4.947343611443266, 4.948454926887784, 4.946100655302222, 4.933501161546226, 4.926517976776189, 4.913459159829922, 4.901713528298214, 4.8932478504455155, 4.886731198506174, 4.861599538864697, 4.835900637518797, 4.825462498133359, 4.824362517062028, 4.830210651487847, 4.834265210383809, 4.835653656033159, 4.849107102359222, 4.854156605004595, 4.863127548978131, 4.858842369674832, 4.852902768810842, 4.853971200124132, 4.853132185239692, 4.8594892319368705, 4.869722852281633, 4.886054684030588, 4.897720230946044, 4.906936935826624, 4.916638841665753, 4.939249360459215, 4.957409875013349, 4.969272504086408, 4.977005686774643, 4.976782744623786, 4.977250676235046, 4.980056024449581, 4.971822487656812, 4.968965426446944, 4.964586381931174, 4.960801562188635, 4.953243235006064, 4.935493360018122, 4.923368797687336, 4.907713679760371, 4.893891803296934, 4.880544462320758, 4.860747315233388, 4.838399671622711, 4.820656795049668, 4.7977931670084155, 4.782105081634522, 4.777652283543663, 4.76930598708428, 4.759650422409917, 4.748831160343427, 4.737548987206771, 4.7305999683491144, 4.721252018662068, 4.711566755350872, 4.70467762095412, 4.692228533137755, 4.687551552485102, 4.677387278963398, 4.674496278010611, 4.665899252096644, 4.658157586067167, 4.659263931459491, 4.673669787357766, 4.681938467731747, 4.70115587305728, 4.714744643312625, 4.722294840676285, 4.7343314721191705, 4.747393698800965, 4.750306490075746, 4.752883078665093, 4.752839544573815, 4.759796844904967, 4.767394812414737, 4.773971651266105, 4.783062762060628, 4.790887530090327, 4.802461869274946, 4.811629271039977, 4.820994422285514, 4.832394829601786, 4.8409126102535005, 4.327217949235379, 4.327160960033017, 4.33762224752601, 4.312651496204022, 4.295402211485757, 4.288215236305053, 4.285467916004613, 4.27800687211261, 4.273293463008674, 4.277148531432524, 4.285729282682876, 4.2978921422945495, 4.281730533690904, 4.26808451616584, 4.26289177817744, 4.253833281341365, 4.248667442763269, 4.25597561030761, 4.255769127791904, 4.254973895561458, 4.259772535139413, 4.260676645040857, 4.25083802492926, 4.268842396552759, 4.28115612755111, 4.293664050956915, 4.301939205704172, 4.310211233193023, 4.309909008052687, 4.297644728589528, 4.285054424089073, 4.27299646232349, 4.258670773170706, 4.246722195980598, 4.236406454185546, 4.234717856231421, 4.229611680550666, 4.220413659565824, 4.21235313022589, 4.213373628604685, 4.215769405401024, 4.210762034974412, 4.247322290854925, 4.289973968161299, 4.330609075784526, 4.364567281024142, 4.3952019033304675, 4.432547725416207, 4.471039587091617, 4.514322036448738, 4.535688500316215, 4.557745309767891, 4.583862422096778, 4.608464214928484, 4.632375798970233, 4.652544380996595, 4.678865989715203, 4.714333393213067, 4.7472970116692315, 4.781447282759757, 3.267489215795026, 3.2531988201040423, 3.261547152484317, 3.2479218269077257, 3.2617320687683375, 3.255924983665034, 3.2693505352805037, 3.260969933376555, 3.2735927374767226, 3.26974435845024, 3.2702443585631524, 3.2940037030225247, 3.3285740395660475, 3.3514756347789976, 3.3925608772202005, 3.416155481258684, 3.4443241008047205, 3.4801621603824144, 3.5107088881379482, 3.5300759933391754, 3.543652469399785, 3.562403851178497, 3.5828411696447224, 3.5986735514061454, 3.608689059001804, 3.6143278540321804, 3.621395526057051, 3.6246207868515703, 3.6246452507299187, 3.624891734203913, 3.6229596271205775, 3.6228588383118177, 3.6138161515550102, 3.613694954332664, 3.608353936333791, 3.6071809604864864, 3.567211647390812, 3.573517311970141, 3.3879850570841303, 3.3645494979976593, 3.183433133307263, 3.2171420481025264, 3.1066941406067254, 3.084727120070383, 2.99568769280766, 2.994874761363893, 2.9116790494880473, 2.904009556210573, 2.891293715310311, 2.8804374671578645, 2.8595488575777925, 2.8529999311247654, 2.8382169838955873, 2.8337998437084897, 2.8269915017726617, 2.824226262573205, 2.830104633625926, 2.827205738735771, 2.849011510783937, 2.8535673289570487, 2.1936431363348072, 2.1900350645939355, 2.1923671768549617, 2.192746371492071, 2.1945474593387813, 2.193358017006934, 2.1981873392599036, 2.19744459340812, 2.199624453141412, 2.1987137881292464, 2.2063506327519398, 2.2063094515986013, 2.219881328431074, 2.2205431073312427, 2.228780843728248, 2.2264946734263766, 2.242793973331404, 2.243036527998161, 2.248226250329287, 2.2511710493778123, 2.261229264156604, 2.2723407541943508, 2.284045003960596, 2.2897162762068435, 2.321801016034101, 2.3452659257110873, 2.3551264886338354, 2.3637063796398072, 2.420091850404086, 2.4372740794883647, 2.474723621570773, 2.5124846989853253, 2.498870450099791, 2.524841394940465, 2.5439907374497017, 2.592195693047104, 2.5395761418273217, 2.5410060835233024, 2.535132096375849, 2.5282212906482395, 2.500077278504892, 2.477220669500755, 2.4729776452709347, 2.472137295149849, 2.4478460036838112, 2.4493378255947356, 2.4619526310048068, 2.4952891321951247, 2.537631501255211, 2.5760366067977003, 2.551184124260302, 2.554502356816186, 2.570361159971129, 2.5726014893744904, 2.591443369380532, 2.5916394277042865, 2.61488077519939, 2.6215475355083444, 2.6272429271021895], "O35": 3.05281198255318, "O46": 3.064627617202385,