{"O23": 1.7740381726089227, "O34": [1.8648720821957574, 1.8642595918221874, 1.8636420422270588, 1.86891983211162, 1.8739129233728518, 1.8739126405592028, 1.878965254686664, 1.8780942008457737, 1.8772605513598253, 1.8755747213939356, 1.875863605086923, 1.8776741014271623, 1.875645085045848, 1.874245751808205, 1.8733773501684698, 1.8691197981793117, 1.8706021126928123, 1.872571544927192, 1.8744285992024896, 1.8744259782796813, 1.8696330345771628, 1.8647865267842618, 1.8442094556487054, 1.8334211921819519, 1.8352492636402147, 1.8215337619165954, 1.8166077220386894, 1.8160144872649977, 1.8119018575150143, 1.8110639355240001, 1.8110639355240001, 1.8110639355240001, 1.8110639355240001, 1.8110639355240001, 1.8110639355240001, 1.8110639355240001, 1.8110639355240001, 1.8110639355240001, 1.8110639355240001, 1.8119618929140002, 2.925617172020425, 2.938374322005442, 2.946579020114243, 2.9549368752556453, 2.9592384812178025, 2.9503375549802238, 2.94420579898135, 2.9392272011163856, 2.9343386799247413, 2.9137905191726428, 3.0202396649759065, 3.1535285501419295, 3.300541657605914, 3.221086048483361, 3.158949227543208, 3.1415260152808977, 3.0794493164480303, 3.029290008063178, 2.986113264796147, 3.66254806979724, 3.642785432214499, 3.6418732806505614, 3.6455913163566596, 3.6496472458253106, 3.6538606215014586, 3.6461086547966644, 3.642647226934536, 3.6342755842310663, 3.6247235187556965, 3.6191277493552656, 3.597576368201141, 3.571640135183385, 3.542472470626004, 3.5596931163028342, 3.5776423631818806, 5.0, 5.0, 5.0, 5.0, 5.0, 5.0, 5.0, 5.0, 5.0, 5.0, 5.0, 5.0, 5.0, 5.0, 5.0, 5.0, 5.0, 5.0, 5.0, 5.0, 5.0, 5.0, 5.0, 5.0, 5.0, 5.0, 5.0, 5.0, 5.0, 5.0, 5.0, 5.0, 5.0, 5.0, 5.0, 3.838147426557314, 3.8386322581799215, 3.8394638469573428, 3.8388985340532527, 3.8160432931816217, 3.8174918540591403, 3.8195897895642696, 3.8212978124193144, 3.8222421006245897, 3.8253082243874332, 3.5671814156467936, 3.5395014252058394, 3.49845758410132, 3.44332671058578, 3.3814326392424228, 3.3640196342863566, 3.3296211974312184, 3.2817798325640393, 3.2880120806360553, 3.3129336638522813, 3.3268332647759205, 3.325720761943543, 3.3810369741953146, 3.4561753534018145, 3.515536239802107, 3.536446618978156, 3.5433755387667696, 3.538064056159128, 3.5302965357960074, 3.528906322398347, 3.5236254205820687, 3.524285306992162, 3.524362797277422, 3.522754487836455, 3.801271146727611, 1.8596035042950356, 1.8614445227629994, 1.8630661370855992, 1.8633773670949938, 1.864017303061614, 1.863508401830404, 1.8629945187984476, 1.8637444952889093, 1.8652103937552744, 1.8636748297052264, 1.8648376968814724, 1.8656249020074538, 1.8674337028760672, 1.8691268945371762, 1.8667304752386016, 1.8598116349575067, 1.8521421828172706, 1.8429826729790615, 1.8447517031846168, 1.8483000286017237, 1.8505043448260947, 1.8556243046956578, 1.8592480231876884, 1.8618195712897747, 1.8647899847844167, 1.8623529540964368, 1.8596792502475812, 1.8627773689983, 1.8527080023087084, 1.8414725198325286, 1.8296041257931877, 1.8216387499309867, 1.8177992018654785, 1.815134033931201, 1.82807563229641], "O35": 2.3752668890033615, "O46": 1.4898380732150724, "O22": [1.0998198810550357, 1.0992527885338093, 1.0986810117810701, 1.1035676113119237, 1.1081906141120195, 1.1081903522605487, 1.1128684660856292, 1.1120619748490808, 1.111290115552664, 1.1097292394851053, 1.109996711087708, 1.1116730132445456, 1.1097943877755725, 1.108498773267959, 1.1076947376511308, 1.103752755873178, 1.1051252010755603, 1.106948658780976, 1.1086680679937195, 1.1086656413339915, 1.1042279511340374, 1.099740667019839, 1.0806887706092811, 1.0707001343906293, 1.0723927089958527, 1.0596938017346684, 1.055132880462157, 1.0545836163136755, 1.0507758151229476, 1.05, 1.05, 1.05, 1.05, 1.05, 1.05, 1.05, 1.05, 1.05, 1.05, 1.05, 2.0586621390711493, 2.070440705927179, 2.0780160331218545, 2.0857327688874165, 2.0897044046738635, 2.081486256036194, 2.075824858462095, 2.071228161874641, 2.0667146323049073, 2.0477426922186575, 2.1460262729622865, 2.269090754209081, 2.404826691860591, 2.3314660113609715, 2.2740956190300574, 2.2580089170065296, 2.200694034900158, 2.1543823768921326, 2.1145176611998617, 2.7390640985944517, 2.72081742529413, 2.7199752436006257, 2.723408073988982, 2.7271528787820554, 2.731043052304305, 2.7238857281209747, 2.7206898215478534, 2.7129603558448228, 2.704141015949395, 2.6989744901915795, 2.6790762853369086, 2.655129584470963, 2.6281993306582496, 2.6440990046956925, 2.660468969750678, 4.241676165967526, 4.249364614079255, 4.258542596238346, 4.266142423549491, 4.2704593382893705, 4.2748133550584555, 4.279778825548774, 4.2835363888445075, 4.286536940165958, 4.287817375797485, 4.302580638009078, 4.319301483811099, 4.320697038547881, 4.320391776666177, 4.308195567918051, 4.293044199199631, 4.293142669427522, 4.294208207832485, 4.294838409720054, 4.304597236855237, 4.315310123152329, 4.31576466831031, 4.313774520431552, 4.30871925817224, 4.297945674616489, 4.295911803860706, 4.292564013853, 4.289431609702049, 4.2862676781003515, 4.284532549455215, 4.281312243007078, 4.2759398140115605, 4.268699396705073, 4.259834878895111, 4.276611364380738, 2.9011934743487173, 2.9016411152158, 2.90240891398144, 2.9018869654393895, 2.8807849181221328, 2.8821223619211724, 2.884059367728569, 2.885636370539808, 2.8865082237178505, 2.8893391494161396, 2.6510128870725858, 2.62545618997598, 2.5875607645051164, 2.536658903172705, 2.4795126394566065, 2.46343536175114, 2.4316755808661448, 2.387504060171193, 2.3932582412120853, 2.4162681246433517, 2.4291015066247117, 2.4280743423282916, 2.479147325321754, 2.5485219445726774, 2.6033293404189446, 2.6226357136605616, 2.6290331257052664, 2.6241290794980627, 2.616957394755778, 2.6156738226830405, 2.6107980114574754, 2.6114072789041853, 2.6114788250180667, 2.609993886744404, 2.8675601768725483, 1.0949418107147888, 1.0966463726959625, 1.0981477927906165, 1.0984359543982514, 1.0990284582422203, 1.0985572768249843, 1.0980814828586087, 1.0987758710109605, 1.1001331169253865, 1.0987113690478307, 1.0997880443839427, 1.1005169017813465, 1.1021916341350975, 1.1037593262482344, 1.1015405298057315, 1.0951345147101796, 1.0880335231871916, 1.079552917203014, 1.0811908266995287, 1.0844761498552065, 1.0865170819240206, 1.0912575498175574, 1.0946126779053393, 1.096993622585608, 1.0997438687126508, 1.0974874710012916, 1.0950119423691878, 1.0978804282249959, 1.0885574040770876, 1.0781546967700726, 1.067165989373008, 1.0597910080261448, 1.0562360476760773, 1.0537684222756454, 1.0657507879785542],