{"O23": 5.0, "O34": [3.596629820471303, 3.6678409650089567, 3.6678409650089567, 3.6678409650089567, 3.6678409650089567, 3.6678409650089567, 3.6678409650089567, 3.6678409650089567, 3.6678409650089567, 3.6678409650089567, 3.6938493082304444, 3.735499845196069, 3.634482237950184, 3.634482237950184, 3.634482237950184, 3.634482237950184, 3.634482237950184, 3.634482237950184, 3.634482237950184, 3.634482237950184, 2.738091374197894, 2.7282761759835923, 2.7282761759835923, 2.7282761759835923, 2.7282761759835923, 2.7282761759835923, 2.7282761759835923, 2.7282761759835923, 2.7282761759835923, 2.735497065192552, 2.7350430659541796, 2.761478596204447, 2.904074672541645, 2.904074672541645, 2.904074672541645, 2.904074672541645, 2.904074672541645, 2.904074672541645, 2.904074672541645, 2.904278605374749, 3.546523517286779, 3.546523517286779, 3.546523517286779, 3.546523517286779, 3.546523517286779, 3.546523517286779, 3.546523517286779, 3.546523517286779, 4.555416367584458, 4.558399233072275, 4.5599178448374085, 4.5599178448374085, 4.5599178448374085, 4.5599178448374085, 4.5599178448374085, 4.5599178448374085, 4.5599178448374085, 4.5599178448374085, 4.590934819293129, 4.611104034770213], "O35": 3.515511067188629, "O46": 3.4808825630039717, "O22": [2.673539848093924, 2.7392541315414185, 2.7392541315414185, 2.7392541315414185, 2.7392541315414185, 2.7392541315414185, 2.7392541315414185, 2.7392541315414185, 2.7392541315414185, 2.7392541315414185, 2.7632548641451877, 2.801690353557272, 2.7131511574462412, 2.7131511574462412, 2.7131511574462412, 2.7131511574462412, 2.7131511574462412, 2.7131511574462412, 2.7131511574462412, 2.7131511574462412, 1.8855211828640681, 1.8764588947740073, 1.8764588947740073, 1.8764588947740073, 1.8764588947740073, 1.8764588947740073, 1.8764588947740073, 1.8764588947740073, 1.8764588947740073, 1.883125879673268, 1.8827067060813583, 1.9071144037875916, 2.038772134590932, 2.038772134590932, 2.038772134590932, 2.038772134590932, 2.038772134590932, 2.038772134590932, 2.038772134590932, 2.038772134590932, 2.6273013017069484, 2.6273013017069484, 2.6273013017069484, 2.6273013017069484, 2.6273013017069484, 2.6273013017069484, 2.6273013017069484, 2.6273013017069484, 3.558316680873565, 3.561069295923145, 3.56247068449271, 3.56247068449271, 3.56247068449271, 3.56247068449271, 3.56247068449271, 3.56247068449271, 3.56247068449271, 3.56247068449271, 3.591093426962313, 3.6097057600652276], "O21": [4.553999999999999, 4.553999999999999, 4.553999999999999, 4.553999999999999, 4.553999999999999, 4.553999999999999, 4.553999999999999, 4.553999999999999, 4.553999999999999, 4.553999999999999, 4.553999999999999, 4.553999999999999, 4.531000000000001, 4.531000000000001, 4.531000000000001, 4.531000000000001, 4.531000000000001, 4.531000000000001, 4.531000000000001, 4.531000000000001, 4.531000000000001, 4.531000000000001, 4.531000000000001, 4.531000000000001, 4.531000000000001, 4.531000000000001, 4.531000000000001, 4.531000000000001, 4.531000000000001, 4.531000000000001, 4.531000000000001, 4.531000000000001, 4.531000000000001, 4.531000000000001, 4.531000000000001, 4.531000000000001, 4.531000000000001, 4.531000000000001, 4.531000000000001, 4.532, 4.553999999999999, 4.553999999999999, 4.553999999999999, 4.553999999999999, 4.553999999999999, 4.553999999999999, 4.553999999999999, 4.553999999999999, 4.553999999999999, 4.553999999999999, 4.553999999999999, 4.553999999999999, 4.553999999999999, 4.553999999999999, 4.553999999999999, 4.553999999999999, 4.553999999999999, 4.553999999999999, 4.553999999999999, 4.553999999999999], "mode": "2"}