{"O23": 5.0, "O34": [1.8261871715366957, 1.8325769254385507, 1.8323797135628797, 1.8279848391940532, 1.8412551414504676, 1.8412551414504676, 1.8412551414504676, 1.8412551414504676, 1.8412551414504676, 1.8301244948064352, 1.8219813933955948, 1.8281046792389122, 1.8361797734066727, 1.8337187555371073, 1.8318159510249887, 3.912566239684171, 3.913495593272552, 3.913977825916732, 3.915402607848035, 3.914395916753846, 3.914395916753846, 3.914395916753846, 3.914395916753846, 3.914395916753846, 3.914395916753846, 3.9134803321158147, 3.9222274075601176, 3.9233258946062017, 3.9281322303307835, 3.9283844305388445, 4.926402336376098, 4.928543626266935, 4.929283375180089, 4.920438423859798, 4.922037004950038, 4.922273814327278, 4.917601520299437, 4.912077357108729, 4.913875298088474, 4.905083723657626, 4.906674913484473, 4.910714362061711, 4.910112119983207, 4.909253997209318, 4.910653761602142, 4.908838187706852, 4.908034654687583, 4.907764522064182, 4.907070834384779, 4.908082909365329, 4.905562172657647, 4.897997619913748, 4.897308232701807, 4.904526808323431, 4.902275695567912, 4.901038211582027, 4.905890507175511, 4.903463206415023, 4.9016016263814715, 4.910951957184348, 4.912222496157471, 4.9119596372647205, 4.910766447355451, 4.910142784853164, 4.9106750338479515, 4.911091015900195, 4.91108278353948, 4.9098710834492785, 4.90929806620743, 4.908046166728359, 4.909147244193554, 4.914815192891864, 4.91403628925781, 4.911697356352571, 4.9114931533002455, 4.908665846430409, 4.906571529873967, 4.913008114763004, 4.913835074520853, 4.913242576955071, 4.912612869494948, 4.911275009852317, 4.9105372331050745, 4.909775353894101, 4.908248068884369, 4.9073875399532305, 4.90598208971279, 4.905692771737942, 4.904894444798348, 4.902404286359529, 3.8902563396755965, 3.887552258855736, 3.891264433872334, 3.884601004958072, 3.8841695106698557, 3.889850178762719, 3.8948487200883424, 3.8987311934973463, 3.899330705593315, 3.892662566804718, 3.8905539030124183, 3.877674079321568, 3.866053731434445, 3.867575748248689, 3.865951150938865, 3.8609277583183053, 3.8594152800720085, 3.863937650858196, 3.8683875769242837, 3.867479741809974, 3.875957386156471, 3.876710992632985, 3.8731720612182747, 3.877961566679662, 3.8776189840948785, 3.870556174028843, 3.8622792773684544, 3.853316551844904, 3.8485105010899945, 3.857969482977932, 1.813757807694, 1.8110639355240001, 1.8110639355240001, 1.8110639355240001, 1.8110639355240001, 1.8110639355240001, 1.8110639355240001, 1.8110639355240001, 1.8110639355240001, 1.8110639355240001, 1.8110639355240001, 1.8110639355240001, 1.8110639355240001, 1.8118541049318173, 1.816939560091417, 1.814132686437758, 1.8142591312433933, 1.8110639355240001, 1.8110639355240001, 1.8110639355240001, 1.8110639355240001, 1.8110639355240001, 1.8110639355240001, 1.8110639355240001, 1.8110639355240001, 1.8110639355240001, 1.8110639355240001, 1.8110639355240001, 1.8110639355240001, 1.8110639355240001, 2.9572742362791993, 2.97761957128811, 3.0036115480223224, 2.990394246969502, 2.995833384242141, 2.9778320089576336, 2.943108040770699, 2.9201359772659123, 2.8835932328362435, 2.8816041181150926, 2.9171736818620255, 2.903153493043679, 2.861287102720409, 2.8315067647512007, 2.824142125951006, 2.8110878720492734, 2.8141409621696707, 2.7897157300496764, 2.8036371475869415, 2.8039622355197946, 2.7951262055671364, 2.787116610205434, 2.781253276710793, 2.7823600913934015, 2.7783686001030046, 3.882960680951604, 3.8842180505902757, 3.880429630519088, 3.877284612315984, 3.8732330862480966, 4.908495324138042, 4.910801797971302, 4.910838728024898, 4.909802138011803, 4.908209515312572, 4.899145115991515, 4.893035039900573, 4.895580764364791, 4.8984249029468385, 4.8988213345451905, 4.89483469747726, 4.889053858934546, 4.884861397414266, 4.883856878151663, 4.883050980894385, 4.884462427238021, 4.884367268615694, 4.884728317510775, 4.886787837216869, 4.889952701241104, 4.889307331206322, 4.887686139147195, 4.888147995432407, 4.888262060802353, 4.8865757322778975, 4.892223558679632, 4.8974351853241975, 4.894722239569656, 4.891998237480544, 4.89209901584577, 4.893913787822123, 4.896662234084165, 4.897315937295024, 4.896065291216014, 4.89480977713273, 4.897821522777869, 4.900278295611878, 4.902207901162537, 4.903048147215097, 4.903130417617279, 4.906581850912154, 4.905860984704656, 4.905677859194327, 4.906340085628791, 4.909478330188956, 4.91174044399015, 4.9095970013464925, 4.902713447260013, 4.900588417177949, 4.899040373277371, 4.898954550569254, 4.899371818085491, 4.900545352250309, 4.900566116498763, 4.90301861098071, 4.899624070303203, 4.896302613297217, 4.891923140384842, 4.8866821794456285], "O35": 3.3824390467458065, "O46": 3.366363083346855,