{"O23": 5.0, "O34": [2.9192615219913702, 2.9145708050402153, 2.910725022876424, 2.9165965576763875, 2.9211712167272137, 2.923495594831269, 2.9242690626727263, 2.9265550350421528, 2.9318681279018506, 2.938026259131092, 2.94138475993246, 2.942784782419975, 2.945487723619113, 2.9419003554162195, 2.940948850340855, 2.9386193155412754, 2.937549839539505, 2.938864431097483, 2.9416529667421303, 2.946176601498192, 2.9517326270157827, 2.9580267879187985, 2.9650451592152907, 2.963404224810569, 4.411314579741539, 4.407771160892814, 4.407771160892814, 4.407771160892814, 4.407771160892814, 4.407771160892814, 4.407771160892814, 4.407771160892814, 4.407771160892814, 4.407771160892814, 4.4024770087077405, 4.400065869069269, 4.914880490000794, 4.917757792597955, 4.912059598520017, 4.922306801165001, 4.92596107745883, 4.928720701787474, 4.935678020229408, 4.93819263558856, 4.938741761837067, 4.938486170870763, 4.935349864932526, 4.931858442498118, 4.930174972849753, 4.935163772827312, 4.939052565162015, 4.938232358018212, 4.939441340554606, 4.9443178290977405, 4.948633795444807, 4.953449565672038, 4.956510671977787], "O35": 3.81027531109661, "O46": 3.8170008442099577, "O22": [2.0527940220647123, 2.0484631234488946, 2.0449123458549066, 2.0503334834342324, 2.0545572267888987, 2.056703305100235, 2.057417441305602, 2.0595280599324854, 2.0644335928715623, 2.0701193424690048, 2.0732202173722083, 2.07451284609324, 2.0770084484542184, 2.0736962622476907, 2.0728177457955685, 2.0706669063516077, 2.069679468357811, 2.0708932194363983, 2.0734678504127118, 2.0776444834748853, 2.082774314047514, 2.088585658672752, 2.095065660525302, 2.09336106970056, 3.4253382574388294, 3.4220683587156717, 3.4220683587156717, 3.4220683587156717, 3.4220683587156717, 3.4220683587156717, 3.4220683587156717, 3.4220683587156717, 3.4220683587156717, 3.4220683587156717, 3.4171828675532576, 3.4149578462498815, 3.8900333999775767, 3.892688600644013, 3.8874302559957465, 3.8968864665864964, 3.9002586655551728, 3.9028052716590134, 3.9092255475736355, 3.911546057200965, 3.9120527958326368, 3.911816934194471, 3.908922722919796, 3.905700806954546, 3.904147286050393, 3.9087509954545405, 3.9123396079310058, 3.9115827134156387, 3.912698373353356, 3.9171984407575886, 3.921181253247438, 3.9256252892446817, 3.928450105623423], "O21": [4.531000000000001, 4.531000000000001, 4.531000000000001, 4.531000000000001, 4.531000000000001, 4.531000000000001, 4.531000000000001, 4.531000000000001, 4.531000000000001, 4.531000000000001, 4.531000000000001, 4.531000000000001, 4.531000000000001, 4.531000000000001, 4.531000000000001, 4.531000000000001, 4.531000000000001, 4.531000000000001, 4.531000000000001, 4.531000000000001, 4.531000000000001, 4.531000000000001, 4.531000000000001, 4.532, 4.553999999999999, 4.553999999999999, 4.553999999999999, 4.553999999999999, 4.553999999999999, 4.553999999999999, 4.553999999999999, 4.553999999999999, 4.553999999999999, 4.553999999999999, 4.553999999999999, 4.553999999999999, 4.553999999999999, 4.553999999999999, 4.553999999999999, 4.553999999999999, 4.553999999999999, 4.553999999999999, 4.553999999999999, 4.553999999999999, 4.553999999999999, 4.553999999999999, 4.553999999999999, 4.553999999999999, 4.553999999999999, 4.553999999999999, 4.553999999999999, 4.553999999999999, 4.553999999999999, 4.553999999999999, 4.553999999999999, 4.553999999999999, 4.553999999999999], "mode": "2"}