{"O23": 3.3314234215633047, "O34": [4.370660356422349, 4.326506294981611, 4.36025091631427, 4.390350179230098, 4.41458811600526, 4.433924268874533, 4.44994370383149, 4.4673021961301895, 4.485671561267707, 4.49948213171425, 4.493276142863001, 4.485209688256347, 4.478744848201626, 4.470277581810689, 4.500438143434797, 4.535304272103706, 4.535270111247568, 4.531968638738376, 4.555547409470248, 4.568765516212088, 4.605621623341592, 4.637681956876803, 4.611604380133883, 4.595616419893684, 4.593867143255, 4.59333267782996, 4.593439094628487, 4.592247136314727, 4.587858788982546, 4.585390679225427, 4.546021447880984, 4.512960062532748, 4.549461116962922, 4.585510430520454, 4.583825768491168, 4.579558989706371, 4.547359524317505, 4.513517536798027, 4.502907695111095, 4.492788108596567, 4.476829609568051, 4.46205093840344, 4.4887668903212745, 4.494867917069812, 4.478891785559206, 4.461971541650717, 4.437671130696972, 4.4094335437380385, 5.0, 5.0, 5.0, 5.0, 5.0, 5.0, 5.0, 5.0, 5.0, 5.0, 5.0, 5.0], "O35": 4.637923980146326, "O46": 3.2165148401337396, "O22": [3.387822175203662, 3.3470764109316034, 3.378216250425549, 3.405992120447769, 3.4283591060897884, 3.446202681539746, 3.4609855599257773, 3.477004132447592, 3.493955547499756, 3.506700065886422, 3.5009731236628303, 3.493529326938601, 3.487563514500718, 3.4797498450638322, 3.507582282084337, 3.5397570586160354, 3.5397255346713266, 3.536678906202261, 3.558437607502146, 3.570635395063518, 3.6046465415828504, 3.6342321051773245, 3.6101674832584636, 3.595413650023609, 3.5937994018380346, 3.5933061923458687, 3.593404394722861, 3.592304444890618, 3.588254838577936, 3.5859772447376477, 3.5496469646322533, 3.5191376214381966, 3.5528211221392496, 3.586087752307716, 3.5845331310637443, 3.580595709297919, 3.550881753579894, 3.519652063694687, 3.509861206540588, 3.500522761260643, 3.4857961150964045, 3.4721582246763867, 3.4968119449374044, 3.502442027190361, 3.4876991096133616, 3.4720849566402237, 3.4496603192653725, 3.423382774601216, 4.344862396433192, 4.346423338245602, 4.346423338245602, 4.346423338245602, 4.346423338245602, 4.346423338245602, 4.346423338245602, 4.346423338245602, 4.346423338245602, 4.346423338245602, 4.351396559457983, 4.363055998107918], "O21": [4.553999999999999, 4.553999999999999, 4.553999999999999, 4.553999999999999, 4.553999999999999, 4.553999999999999, 4.553999999999999, 4.553999999999999, 4.553999999999999, 4.553999999999999, 4.553999999999999, 4.553999999999999, 4.553999999999999, 4.553999999999999, 4.553999999999999, 4.553999999999999, 4.553999999999999, 4.553999999999999, 4.553999999999999, 4.553999999999999, 4.553999999999999, 4.553999999999999, 4.553999999999999, 4.553999999999999, 4.553999999999999, 4.553999999999999, 4.553999999999999, 4.553999999999999, 4.553999999999999, 4.553999999999999, 4.553999999999999, 4.553999999999999, 4.553999999999999, 4.553999999999999, 4.553999999999999, 4.553999999999999, 4.553999999999999, 4.553999999999999, 4.553999999999999, 4.553999999999999, 4.553999999999999, 4.553999999999999, 4.553999999999999, 4.553999999999999, 4.553999999999999, 4.553999999999999, 4.553999999999999, 4.555, 4.559, 4.559, 4.559, 4.559, 4.559, 4.559, 4.559, 4.559, 4.559, 4.559, 4.559, 4.559], "mode": "2"}