{"O23": 5.0, "O34": [3.6544731189883395, 3.6287595767031893, 3.6084086651960803, 3.582772471276862, 3.5728480974615633, 3.573260716980644, 3.565065883580585, 3.558769433767809, 3.5531184343321445, 3.5315306546784635, 3.5094584744359127, 3.517572363523564, 3.479576182756564, 3.430213741442813, 3.3551074520310546, 3.290629452331289, 3.272923622314706, 3.265222375110871, 3.2560074949215947, 3.2969011511275803, 3.31958655135934, 3.34190508245991, 3.342405992937547, 3.3481846351088653, 3.3421558830644034, 3.3277456354280743, 3.3208425775857275, 3.311377127929652, 3.299248035059206, 3.3181587007516518, 3.360473028053054, 3.3850703855154958, 2.074945913756724, 2.0661584493385865, 2.0661584493385865, 2.0661584493385865, 2.0661584493385865, 2.0661584493385865, 2.0661584493385865, 2.0661584493385865, 2.0661584493385865, 2.0661584493385865, 2.0769470957838063, 2.085528692785885, 3.6087107610874343, 3.597267616590372, 3.585852221794352, 3.579245622254251, 3.600064819305278, 3.583967871589501, 3.583967871589501, 3.583967871589501, 3.583967871589501, 3.583967871589501, 3.553804227375664, 3.5448294384927594, 3.5681971347704433, 3.595322147399105, 3.5794495065782606], "O35": 3.063000880280109, "O46": 3.012483414135082, "O22": [2.7269181632293686, 2.7031894755761035, 2.684409471745581, 2.66075216185876, 2.651593860610104, 2.65197462960643, 2.64441236377918, 2.638601943368216, 2.6333871503595105, 2.6134657534998667, 2.593097347428311, 2.600584917117428, 2.5655217004108826, 2.5199695964359643, 2.450660838331618, 2.391159961384507, 2.37482086249855, 2.367714082444138, 2.359210508282757, 2.396947541335267, 2.4178818323177897, 2.438477573172637, 2.438939817858114, 2.44427240072914, 2.4387090142219208, 2.425411108341169, 2.419040904594948, 2.410306102680222, 2.3991132668955366, 2.416564198959086, 2.4556122400519245, 2.4783109023307137, 1.2732446829990764, 1.2651312926834042, 1.2651312926834042, 1.2651312926834042, 1.2651312926834042, 1.2651312926834042, 1.2651312926834042, 1.2651312926834042, 1.2651312926834042, 1.2651312926834042, 1.2750923571523751, 1.2830156718534804, 2.6846882485460615, 2.6741284120781477, 2.6635941832834673, 2.657497553919889, 2.676709695854176, 2.661855287998468, 2.661855287998468, 2.661855287998468, 2.661855287998468, 2.661855287998468, 2.6340200063364896, 2.6257379905879468, 2.647301910486674, 2.6723331156438137, 2.657685700204371], "O21": [4.553999999999999, 4.553999999999999, 4.553999999999999, 4.553999999999999, 4.553999999999999, 4.553999999999999, 4.553999999999999, 4.553999999999999, 4.553999999999999, 4.553999999999999, 4.553999999999999, 4.553999999999999, 4.553999999999999, 4.553999999999999, 4.553999999999999, 4.553999999999999, 4.553999999999999, 4.553999999999999, 4.553999999999999, 4.553999999999999, 4.553999999999999, 4.553999999999999, 4.553999999999999, 4.553999999999999, 4.553999999999999, 4.553999999999999, 4.553999999999999, 4.553999999999999, 4.553999999999999, 4.553999999999999, 4.553999999999999, 4.553999999999999, 4.531000000000001, 4.531000000000001, 4.531000000000001, 4.531000000000001, 4.531000000000001, 4.531000000000001, 4.531000000000001, 4.531000000000001, 4.531000000000001, 4.531000000000001, 4.531000000000001, 4.531000000000001, 4.553999999999999, 4.553999999999999, 4.553999999999999, 4.553999999999999, 4.553999999999999, 4.553999999999999, 4.553999999999999, 4.553999999999999, 4.553999999999999, 4.553999999999999, 4.553999999999999, 4.553999999999999, 4.553999999999999, 4.553999999999999, 4.553999999999999], "mode": "2"}