{"O23": 5.0, "O34": [5.0, 5.0, 5.0, 5.0, 5.0, 2.798985216250364, 2.798985216250364, 2.798985216250364, 2.798985216250364, 2.7991867604667457, 5.0, 5.0, 5.0, 5.0, 5.0, 3.8109339273772083, 3.8109339273772083, 3.8109339273772083, 3.8109339273772083, 3.811158472546288, 5.0, 5.0, 5.0, 5.0, 5.0, 3.572996201212005, 3.572996201212005, 3.572996201212005, 3.572996201212005, 3.5732153382074054, 5.0, 5.0, 5.0, 5.0, 5.0, 3.6728062395900083, 3.6728062395900083, 3.6728062395900083, 3.6728062395900083, 3.6730276452043085, 5.0, 5.0, 5.0, 5.0, 5.0, 3.453367479673645, 3.453367479673645, 3.453367479673645, 3.453367479673645, 3.453800315494438, 5.0, 5.0, 5.0, 5.0, 5.0, 3.5342514567866217, 3.5342514567866217, 3.5342514567866217, 3.5342514567866217], "O35": 3.019728637584351, "O46": 3.308394804463263, "O22": [4.1958736503688, 4.1958736503688, 4.1958736503688, 4.1958736503688, 4.1958736503688, 1.9417439434789325, 1.9417439434789325, 1.9417439434789325, 1.9417439434789325, 1.9417439434789325, 4.221512665575487, 4.221512665575487, 4.221512665575487, 4.221512665575487, 4.221512665575487, 2.8760674846209295, 2.8760674846209295, 2.8760674846209295, 2.8760674846209295, 2.8760674846209295, 4.244854018228115, 4.244854018228115, 4.244854018228115, 4.244854018228115, 4.244854018228115, 2.656381628571569, 2.656381628571569, 2.656381628571569, 2.656381628571569, 2.656381628571569, 4.11143208936608, 4.11143208936608, 4.11143208936608, 4.11143208936608, 4.11143208936608, 2.748535378532881, 2.748535378532881, 2.748535378532881, 2.748535378532881, 2.748535378532881, 4.139908616818116, 4.139908616818116, 4.139908616818116, 4.139908616818116, 4.139908616818116, 2.545929458910176, 2.545929458910176, 2.545929458910176, 2.545929458910176, 2.545929458910176, 4.165083362239956, 4.165083362239956, 4.165083362239956, 4.165083362239956, 4.165083362239956, 2.620608939289861, 2.620608939289861, 2.620608939289861, 2.620608939289861], "O21": [4.553999999999999, 4.553999999999999, 4.553999999999999, 4.553999999999999, 4.553999999999999, 4.531000000000001, 4.531000000000001, 4.531000000000001, 4.531000000000001, 4.532, 4.553999999999999, 4.553999999999999, 4.553999999999999, 4.553999999999999, 4.553999999999999, 4.531000000000001, 4.531000000000001, 4.531000000000001, 4.531000000000001, 4.532, 4.553999999999999, 4.553999999999999, 4.553999999999999, 4.553999999999999, 4.553999999999999, 4.531000000000001, 4.531000000000001, 4.531000000000001, 4.531000000000001, 4.532, 4.553999999999999, 4.553999999999999, 4.553999999999999, 4.553999999999999, 4.553, 4.531000000000001, 4.531000000000001, 4.531000000000001, 4.531000000000001, 4.532, 4.553999999999999, 4.553999999999999, 4.553999999999999, 4.553999999999999, 4.553, 4.531000000000001, 4.531000000000001, 4.531000000000001, 4.531000000000001, 4.533, 4.553999999999999, 4.553999999999999, 4.553999999999999, 4.553999999999999, 4.553, 4.531000000000001, 4.531000000000001, 4.531000000000001, 4.531000000000001, 4.531000000000001], "mode": "2"}