{"O23": 5.0, "O34": [5.0, 5.0, 5.0, 5.0, 5.0, 5.0, 5.0, 5.0, 5.0, 5.0, 3.319451714288469, 3.319451714288469, 3.319451714288469, 3.319451714288469, 3.319451714288469, 3.319451714288469, 3.319451714288469, 3.319451714288469, 3.319451714288469, 3.3196650883784113, 5.0, 5.0, 5.0, 5.0, 5.0, 5.0, 5.0, 5.0, 5.0, 5.0, 3.0439528791558157, 3.0439528791558157, 3.0439528791558157, 3.0439528791558157, 3.0439528791558157, 3.0439528791558157, 3.0439528791558157, 3.0439528791558157, 3.0439528791558157, 3.044159991331883, 5.0, 5.0, 5.0, 5.0, 5.0, 5.0, 5.0, 5.0, 5.0, 5.0, 3.068023219574954, 3.068023219574954, 3.068023219574954, 3.068023219574954, 3.068023219574954, 3.068023219574954, 3.068023219574954, 3.068023219574954, 3.068023219574954, 3.068023219574954], "O35": 3.424420519054638, "O46": 3.5559600550159782, "O22": [4.392091488624697, 4.392091488624697, 4.392091488624697, 4.392091488624697, 4.392091488624697, 4.392091488624697, 4.392091488624697, 4.392091488624697, 4.392091488624697, 4.392091488624697, 2.422286184548878, 2.422286184548878, 2.422286184548878, 2.422286184548878, 2.422286184548878, 2.422286184548878, 2.422286184548878, 2.422286184548878, 2.422286184548878, 2.422286184548878, 4.238134072597788, 4.238134072597788, 4.238134072597788, 4.238134072597788, 4.238134072597788, 4.238134072597788, 4.238134072597788, 4.238134072597788, 4.238134072597788, 4.238134072597788, 2.167920479655588, 2.167920479655588, 2.167920479655588, 2.167920479655588, 2.167920479655588, 2.167920479655588, 2.167920479655588, 2.167920479655588, 2.167920479655588, 2.167920479655588, 4.252833492125548, 4.252833492125548, 4.252833492125548, 4.252833492125548, 4.252833492125548, 4.252833492125548, 4.252833492125548, 4.252833492125548, 4.252833492125548, 4.252833492125548, 2.1901444179339022, 2.1901444179339022, 2.1901444179339022, 2.1901444179339022, 2.1901444179339022, 2.1901444179339022, 2.1901444179339022, 2.1901444179339022, 2.1901444179339022, 2.1901444179339022], "O21": [4.553999999999999, 4.553999999999999, 4.553999999999999, 4.553999999999999, 4.553999999999999, 4.553999999999999, 4.553999999999999, 4.553999999999999, 4.553999999999999, 4.553999999999999, 4.531000000000001, 4.531000000000001, 4.531000000000001, 4.531000000000001, 4.531000000000001, 4.531000000000001, 4.531000000000001, 4.531000000000001, 4.531000000000001, 4.532, 4.553999999999999, 4.553999999999999, 4.553999999999999, 4.553999999999999, 4.553999999999999, 4.553999999999999, 4.553999999999999, 4.553999999999999, 4.553999999999999, 4.553, 4.531000000000001, 4.531000000000001, 4.531000000000001, 4.531000000000001, 4.531000000000001, 4.531000000000001, 4.531000000000001, 4.531000000000001, 4.531000000000001, 4.532, 4.553999999999999, 4.553999999999999, 4.553999999999999, 4.553999999999999, 4.553999999999999, 4.553999999999999, 4.553999999999999, 4.553999999999999, 4.553999999999999, 4.553, 4.531000000000001, 4.531000000000001, 4.531000000000001, 4.531000000000001, 4.531000000000001, 4.531000000000001, 4.531000000000001, 4.531000000000001, 4.531000000000001, 4.531000000000001], "mode": "2"}