{"O23": 4.594340904953616, "O34": [5.0, 5.0, 5.0, 5.0, 5.0, 5.0, 5.0, 5.0, 5.0, 5.0, 5.0, 5.0, 5.0, 5.0, 5.0, 4.008228271302699, 4.008228271302699, 4.008228271302699, 4.008228271302699, 4.008228271302699, 5.0, 5.0, 5.0, 5.0, 5.0, 3.998723419511701, 3.998723419511701, 3.998723419511701, 3.998723419511701, 3.998723419511701, 5.0, 5.0, 5.0, 5.0, 5.0, 4.002500716800421, 4.002500716800421, 4.002500716800421, 4.002500716800421, 4.002500716800421, 5.0, 5.0, 5.0, 5.0, 5.0, 5.0, 5.0, 5.0, 5.0, 5.0, 4.997691267981981, 4.9897052995337, 4.9706822600366944, 4.9475777779970995, 4.916064601818987, 4.872971177172674, 4.819517466294895, 4.785668978506848, 4.798456363578608, 4.802193491961743], "O35": 4.625127711764024, "O46": 4.2227180753514375, "O22": [4.273056350172075, 4.257448906092558, 4.24744932546626, 4.237643051054213, 4.2236473580659695, 4.2236473580659695, 4.2236473580659695, 4.2236473580659695, 4.2236473580659695, 4.2236473580659695, 4.213129419192565, 4.202161030998486, 4.188262715192078, 4.171052241235205, 4.14853330819211, 3.0582276554249277, 3.0582276554249277, 3.0582276554249277, 3.0582276554249277, 3.0582276554249277, 4.352735013512563, 4.352735013512563, 4.352735013512563, 4.352735013512563, 4.352735013512563, 3.049451907518192, 3.049451907518192, 3.049451907518192, 3.049451907518192, 3.049451907518192, 4.2825517848204395, 4.2825517848204395, 4.2825517848204395, 4.2825517848204395, 4.2825517848204395, 3.05293945361607, 3.05293945361607, 3.05293945361607, 3.05293945361607, 3.05293945361607, 4.102265711560004, 4.079914912022748, 4.0672496844857475, 4.054124016857504, 4.047605100923362, 4.036740333705897, 4.021537958897227, 4.010643065640858, 3.996459482745624, 3.9808600172272937, 3.9664519292976026, 3.9590824059228495, 3.9415277743036636, 3.92020675086674, 3.891126108993271, 3.8513591098765287, 3.802031545620272, 3.7707958572288756, 3.782596170966476, 3.7860448265869335], "O21": [4.553999999999999, 4.553999999999999, 4.553999999999999, 4.553999999999999, 4.553999999999999, 4.553999999999999, 4.553999999999999, 4.553999999999999, 4.553999999999999, 4.553999999999999, 4.553999999999999, 4.553999999999999, 4.553999999999999, 4.553999999999999, 4.553999999999999, 4.531000000000001, 4.531000000000001, 4.531000000000001, 4.531000000000001, 4.531000000000001, 4.553999999999999, 4.553999999999999, 4.553999999999999, 4.553999999999999, 4.553999999999999, 4.531000000000001, 4.531000000000001, 4.531000000000001, 4.531000000000001, 4.531000000000001, 4.553999999999999, 4.553999999999999, 4.553999999999999, 4.553999999999999, 4.553999999999999, 4.531000000000001, 4.531000000000001, 4.531000000000001, 4.531000000000001, 4.531000000000001, 4.553999999999999, 4.553999999999999, 4.553999999999999, 4.553999999999999, 4.553999999999999, 4.553999999999999, 4.553999999999999, 4.553999999999999, 4.553999999999999, 4.553999999999999, 4.553999999999999, 4.553999999999999, 4.553999999999999, 4.553999999999999, 4.553999999999999, 4.553999999999999, 4.553999999999999, 4.553999999999999, 4.553999999999999, 4.553999999999999], "mode": "2"}