{"O23": 5.0, "O34": [5.0, 5.0, 5.0, 5.0, 5.0, 5.0, 5.0, 5.0, 5.0, 5.0, 5.0, 5.0, 5.0, 5.0, 5.0, 5.0, 5.0, 5.0, 5.0, 5.0, 5.0, 5.0, 5.0, 5.0, 5.0, 5.0, 5.0, 5.0, 5.0, 5.0, 5.0, 5.0, 5.0, 5.0, 5.0, 5.0, 5.0, 5.0, 5.0, 5.0, 5.0, 5.0, 5.0, 5.0, 5.0, 5.0, 5.0, 5.0, 5.0, 5.0, 5.0, 5.0, 5.0, 5.0, 5.0, 5.0, 5.0, 5.0, 5.0, 5.0, 5.0, 5.0, 5.0, 5.0, 5.0, 5.0, 5.0, 5.0, 5.0, 5.0, 5.0, 5.0, 5.0, 5.0, 5.0, 5.0, 5.0, 5.0, 5.0, 5.0, 5.0, 5.0, 5.0, 5.0, 5.0, 5.0, 5.0, 5.0, 5.0, 5.0, 5.0, 5.0, 5.0, 5.0, 5.0, 5.0, 5.0, 5.0, 5.0, 5.0, 5.0, 5.0, 5.0, 5.0, 5.0, 5.0, 5.0, 5.0, 5.0, 5.0, 5.0, 5.0, 5.0, 5.0, 5.0, 5.0, 5.0, 5.0, 5.0, 5.0, 5.0, 5.0, 5.0, 5.0, 5.0, 5.0, 5.0, 5.0, 5.0, 5.0, 5.0, 5.0, 5.0, 5.0, 5.0, 5.0, 5.0, 5.0, 5.0, 5.0, 5.0, 5.0, 5.0, 5.0, 5.0, 5.0, 5.0, 5.0, 5.0, 5.0, 5.0, 5.0, 5.0, 5.0, 5.0, 5.0, 5.0, 5.0, 5.0, 5.0, 5.0, 5.0, 5.0, 5.0, 5.0, 5.0, 5.0, 5.0, 5.0, 5.0, 5.0, 5.0, 5.0, 5.0, 5.0, 5.0, 5.0, 5.0, 5.0, 5.0], "O35": 4.999999999999998, "O46": 4.936544988899999, "O22": [4.4647701190199545, 4.466748200151905, 4.4663139672834395, 4.4638644341376335, 4.456567014348435, 4.451766652887889, 4.446866774862705, 4.442326287979883, 4.437521828252839, 4.433240337886826, 4.429743939258226, 4.4238335551073, 4.414901358428933, 4.406475335495676, 4.397810585743184, 4.390682373199636, 4.380285368031698, 4.369969196521894, 4.358942186830848, 4.343764679463207, 4.330810369450789, 4.3179960398996755, 4.308573235266981, 4.305215311172009, 4.30316990451195, 4.296052800481874, 4.2908174537165635, 4.287773246092717, 4.288924261984302, 4.288846059401515, 4.285916836119213, 4.288940861434001, 4.29837788777091, 4.300168164379411, 4.304880225968413, 4.308768260213918, 4.317802313630325, 4.326076739010499, 4.337475350569166, 4.344292194147232, 4.34504627435717, 4.35622925281567, 4.358977254545915, 4.3563829083147425, 4.358949742696292, 4.364792505691693, 4.369354370793204, 4.371911931414404, 4.373360175164168, 4.379753099820826, 4.384607252461866, 4.3861968007088725, 4.387227447057936, 4.396299780574739, 4.4025092238166215, 4.408725709667397, 4.4094798148925625, 4.407440225232729, 4.401286918973772, 4.400093949480756, 4.407822942372311, 4.407020147142116, 4.411404432191154, 4.414748010581759, 4.417675012789074, 4.417699917337531, 4.411844917316343, 4.408120538298731, 4.402327921748902, 4.391687968763407, 4.38560728810326, 4.380192255132404, 4.373833460585165, 4.371861755031267, 4.36385561341985, 4.351762532134947, 4.341042230880784, 4.332822490384934, 4.3286627197664025, 4.322069008582802, 4.306071668746136, 4.289301980603935, 4.274851496527133, 4.268064074440271, 4.2706763696429455, 4.278842386419078, 4.296732897922385, 4.309754976782573, 4.3235456394562926, 4.336673965738386, 4.345456848250156, 4.355167501821309, 4.363560899790891, 4.361550826409044, 4.362811772440802, 4.365917207612132, 4.369317898521234, 4.376285756174257, 4.387027793870616, 4.399338233655171, 4.410397485508399, 4.42131755888866, 4.429805999994312, 4.436998865777316, 4.438293247811153, 4.43804092432341, 4.437895416933312, 4.438519617035703, 4.438141671362627, 4.438812276679279, 4.439856674440099, 4.437561090897714, 4.433080675738027, 4.430564425159259, 4.43200137374671, 4.434692301989759, 4.436579432136294, 4.428795281411402, 4.417299566210647, 4.40544257526018, 4.394132473188175, 4.381882241263768, 4.369942903188283, 4.355154489449709, 4.34104812744923, 4.326435516409988, 4.309568486289302, 4.292443462770194, 4.275967146877855, 4.256660341090364, 4.236764496772948, 4.220404790728516, 4.208743388479483, 4.200497996926398, 4.188121927759448, 4.176552742401522, 4.16986544912006, 4.17305777555124, 4.174459671894591, 4.185660361476282, 4.200007621172409, 4.205078529503775, 4.214370480704075, 4.223325038650624, 4.230451260514896, 4.235213162069631, 4.23884363253545, 4.244809611744363, 4.252211047100083, 4.262783229619665, 4.269880547729547, 4.275405188946817, 4.284760727834595, 4.28782998311849, 4.286601363199938, 4.28788117895368, 4.287281407505558, 4.28934320224853, 4.29726544118737, 4.294951660944397, 4.290070385405317, 4.290786472673965, 4.287049863315627, 4.2861637204281395, 4.287998459799122, 4.29179650223685, 4.295279981774318, 4.295727654977262, 4.298055632421727, 4.294530184101556, 4.294776293028795, 4.296470426321553, 4.293279986418918, 4.293865410652846, 4.300668354991822, 4.3041880092203995, 4.306665104939719, 4.311873754406928, 4.309632919463412, 4.310498048251083], "O21": [4.559, 4.559, 4.559, 4.559, 4.559, 4.559, 4.559, 4.559, 4.559, 4.559, 4.559, 4.559, 4.559, 4.559, 4.559, 4.559, 4.559, 4.559, 4.559, 4.559, 4.559, 4.559, 4.559, 4.559, 4.559, 4.559, 4.559, 4.559, 4.559, 4.559, 4.559, 4.559, 4.559, 4.559, 4.559, 4.559, 4.559, 4.559, 4.559, 4.559, 4.559, 4.559, 4.559, 4.559, 4.559, 4.559, 4.559, 4.559, 4.559, 4.559, 4.559, 4.559, 4.559, 4.559, 4.559, 4.559, 4.559, 4.559, 4.559, 4.559, 4.559, 4.559, 4.559, 4.559, 4.559, 4.559, 4.559, 4.559, 4.559, 4.559, 4.559, 4.559, 4.559, 4.559, 4.559, 4.559, 4.559, 4.559, 4.559, 4.559, 4.559, 4.559, 4.559, 4.559, 4.559, 4.559, 4.559, 4.559, 4.559, 4.559, 4.559, 4.559, 4.559, 4.559, 4.559, 4.559, 4.559, 4.559, 4.559, 4.559, 4.559, 4.559, 4.559, 4.559, 4.559, 4.559, 4.559, 4.559, 4.559, 4.559, 4.559, 4.559, 4.559, 4.559, 4.559, 4.559, 4.559, 4.559, 4.559, 4.559, 4.559, 4.559, 4.559, 4.559, 4.559, 4.559, 4.559, 4.559, 4.559, 4.559, 4.559, 4.559, 4.559, 4.559, 4.559, 4.559, 4.559, 4.559, 4.559, 4.559, 4.559, 4.559, 4.559, 4.559, 4.559, 4.559, 4.559, 4.559, 4.559, 4.559, 4.559, 4.559, 4.559, 4.559, 4.559, 4.559, 4.559, 4.559, 4.559, 4.559, 4.559, 4.559, 4.559, 4.559, 4.559, 4.559, 4.559, 4.559, 4.559, 4.559, 4.559, 4.559, 4.559, 4.559, 4.559, 4.559, 4.559, 4.559, 4.559, 4.559], "mode": "2"}