{"O23": 1.7688029718764249, "O34": [4.800014359025936, 4.773313176746311, 4.749279912985447, 4.724649454350306, 4.713109418250801, 4.716149885543429, 4.719003049509773, 4.718778297494335, 4.719773853518585, 4.722439479186469, 4.715250875865511, 4.712149649235744, 4.702175209527368, 4.689703890440404, 4.6828595019366235, 4.672242894994682, 4.674626832920002, 4.690491233351291, 4.713593740839907, 4.7403832018552015, 4.762532935996528, 4.778006409817064, 4.790098117787158, 4.804309930669348, 4.8085182912502535, 4.802109616366978, 4.800231535755374, 4.79652122873044, 4.79130822074483, 4.7853036429188105, 4.78391323055042, 4.783998203624344, 4.782660674687937, 4.781912976630377, 4.777894177690528, 4.766466273129342, 4.7575392114009425, 4.749491256834794, 4.731698487684022, 4.70546931118402, 3.034365480410904, 3.1585745454567267, 3.2823508647048074, 3.3836624675939735, 3.4339128360178734, 3.459254604941088, 3.4801121244548554, 3.495693277071529, 3.5115758465561635, 3.543904900406244, 3.583175836661499, 3.607571714326963, 3.6204870120354045, 3.6273852104359405, 3.6200183914990847, 3.6129837249588475, 3.6037262705522854, 3.592523866077236, 3.580590756429625, 3.5867440063302247, 3.5875909998194033, 3.588973085566772, 3.592558926429622, 3.5970956578511513, 3.5962042839326043, 3.5943385995440575, 3.5949311060046463, 3.5933080413877745, 3.5932326422702916, 3.5802105667693715, 3.5755137710532514, 3.5701526341067895, 3.5628930031871895, 3.55422419258173, 3.5631869470858906, 1.8993266075081119, 1.8985996625587567, 1.8971377937102416, 1.8957826964180775, 1.8948769148712714, 1.8936170225822624, 1.8911913498292499, 1.8902563725238932, 1.8886866072621011, 1.8858992421804308, 1.8849546788443907, 1.8846163519455499, 1.8836260227864108, 1.8854581134853374, 1.8838994460686205, 1.8847029558795698, 1.8852779505189976, 1.8844928744689489, 1.883465185271958, 1.8822365685210045, 1.8817051894191672, 1.8814131830742276, 1.8798045915816024, 1.8791469607486249, 1.8760813220465644, 1.8771199955881335, 1.8783578540013828, 1.8800604117421937, 1.8805805310694814, 1.8809520870098877, 1.8816922646375027, 1.8815882038903806, 1.8769995099220322, 1.8706863097491129, 1.8617871018788288, 3.6751494688072963, 3.655878921753075, 3.6489911929580616, 3.6436320602390904, 3.6399171932707297, 3.6366780676180905, 3.6377022107891515, 3.633471129393512, 3.6296425999336983, 3.6285027402515113, 3.623353083728131, 3.6290293301529037, 3.6337064122401856, 3.6380831393588, 3.636119271747991, 3.636347627677907, 3.6386151534048143, 3.6378421302284423, 3.630692337219041, 3.6250183368619013, 3.6186089018464362, 3.632681779820579, 3.643748765155799, 3.6505624824326253, 3.642587635398485, 3.6455901996747055, 3.6444974427864345, 3.650601826887029, 3.655875124343644, 3.658024305050644, 3.667958639106262, 3.6669736241602364, 3.660386972067755, 3.651747116224052, 3.6480756435694066, 5.0, 5.0, 5.0, 5.0, 5.0, 5.0, 5.0, 5.0, 5.0, 5.0, 5.0, 5.0, 4.99392679034403, 4.966281668022425, 4.9400290113124665, 4.9157885665761665, 4.903315467806467, 4.895568860764971, 4.886620383027755, 4.876254515276751, 4.866054458434791, 4.852196097550905, 4.833098107100522, 4.815570029016337, 4.791891327401745, 4.77450603099026, 4.745601432534366, 4.710666370861411, 4.676229003220407, 4.640649890919599, 4.635163258941744, 4.649199595730072, 4.666039494624016, 4.688523677428578], "O35": 3.3937918543940637, "O46": 1.8085447446834504, "O22": [3.7840339031515198, 3.75939381244523, 3.737215700898172, 3.714486492560064, 3.7038372436516127, 3.706643014163768, 3.709275939484991, 3.709068536307528, 3.7099872443438917, 3.7124471076397505, 3.7058133999625027, 3.7029515601885943, 3.6937470576843614, 3.6822384124748795, 3.6759223493209676, 3.666125249128813, 3.6683251684471, 3.6829649795810866, 3.7042841808846414, 3.7290057360006923, 3.749445709506245, 3.7637247700544507, 3.774883106717484, 3.7879978952257507, 3.7918814081486008, 3.785967425435126, 3.7842343157870593, 3.780810411156726, 3.775999800590015, 3.770458722268588, 3.7691756372531944, 3.769254051168621, 3.7680197674590006, 3.767329784979339, 3.763621201240566, 3.753075428322289, 3.7448374556203743, 3.737410730899599, 3.720991403800153, 3.696786884264533, 2.1590685168562964, 2.2737496782822757, 2.388031289235277, 2.481571420794684, 2.527967153753549, 2.5513649910340312, 2.570622559404113, 2.5850085036005077, 2.5996727433985836, 2.629521880753917, 2.6657803984263326, 2.688304902444211, 2.700229485733039, 2.7065985329843683, 2.699796812422493, 2.693301765311549, 2.6847544372819816, 2.67441135358283, 2.663393616082699, 2.669074858791391, 2.6698568805949, 2.6711329484780295, 2.6744437245046315, 2.678632449605386, 2.677809451733161, 2.6760868813840974, 2.6766339375029693, 2.6751353759023035, 2.675065760545645, 2.663042590239425, 2.658706079152198, 2.6537561875210427, 2.6470534327335677, 2.6390495944625916, 2.6477290898796495, 1.1317206332467142, 1.1310475695351658, 1.1296940545628817, 1.1284393972277118, 1.1276007523065439, 1.126434243369459, 1.124188361741706, 1.1233226850547506, 1.1218692709629425, 1.1192885056808208, 1.1184139534808069, 1.1181007034080848, 1.1171837775527005, 1.1188800734920377, 1.1174369346718345, 1.1181808882492037, 1.118713264224134, 1.1179863780953256, 1.117034861332112, 1.1158973097868392, 1.1154053165611635, 1.1151349537579072, 1.1136455912396699, 1.1130367040747406, 1.110198290842892, 1.1111599777898826, 1.1123060860044482, 1.1138824499824527, 1.114364018009279, 1.114708034183433, 1.1153933497657058, 1.1152970020123487, 1.1110484225343074, 1.1052031574369954, 1.0949559019443202, 2.750698861914925, 2.7329065315670813, 2.726547150812481, 2.721599109667329, 2.718169204947271, 2.715178548092135, 2.716124130673249, 2.7122176096124813, 2.708682761291684, 2.7076303386511333, 2.702875705075651, 2.708116534577852, 2.7124348442411303, 2.716475838745212, 2.7146626166715144, 2.714873455737501, 2.7169670427380073, 2.716253317088089, 2.709651974698377, 2.7044132189711028, 2.6984954427493215, 2.711488809941043, 2.721706862313139, 2.7279979088695754, 2.720634801195169, 2.723407042966139, 2.722398109930076, 2.7280342352659215, 2.7329030254516153, 2.7348873455131355, 2.7440596307007876, 2.7431501748733043, 2.73706877564857, 2.7290916710600817, 2.7250901649230936, 3.9735645086133595, 3.975188924966955, 3.9767677448297722, 3.9779069453173874, 3.9805277932420475, 3.9838976713032133, 3.9933931787527968, 4.002687702581635, 4.007681398228909, 4.010024654068499, 4.007235180792988, 3.989073564394291, 3.9629780355392836, 3.9374668684884293, 3.9132406812042775, 3.890871381193206, 3.879361093676521, 3.872212455156716, 3.8639547195696125, 3.8543890037537603, 3.8449762997332724, 3.832187679902008, 3.8145638828702038, 3.798388815063157, 3.7765378966476115, 3.760494589049894, 3.7338211661159, 3.7015827775892505, 3.669803665583125, 3.636970941355399, 3.6319078281122996, 3.644860685705888, 3.66040069557834, 3.6811493013127006],