{"O23": 3.0341454072286864, "O34": [4.4713920045387345, 4.4713920045387345, 4.4713920045387345, 4.4713920045387345, 4.4713920045387345, 4.4713920045387345, 4.4713920045387345, 4.4713920045387345, 4.4713920045387345, 4.4713920045387345, 2.4258083051754116, 2.4227204338729393, 2.4227204338729393, 2.4227204338729393, 2.4227204338729393, 2.4227204338729393, 2.4227204338729393, 2.4227204338729393, 2.4227204338729393, 2.4227204338729393, 4.622715988350221, 4.622958863362242, 4.622958863362242, 4.622958863362242, 4.622958863362242, 4.622958863362242, 4.622958863362242, 4.622958863362242, 4.622958863362242, 4.622958863362242, 3.0320527905226133, 3.0281244947910437, 3.0281244947910437, 3.0281244947910437, 3.0281244947910437, 3.0281244947910437, 3.0281244947910437, 3.0281244947910437, 3.0281244947910437, 3.0281244947910437, 4.458451235635828, 4.459168697967595, 4.459168697967595, 4.459168697967595, 4.459168697967595, 4.459168697967595, 4.459168697967595, 4.459168697967595, 4.459168697967595, 4.459168697967595, 2.6473724712614684, 2.6434123084052845, 2.6434123084052845, 2.6434123084052845, 2.6434123084052845, 2.6434123084052845, 2.6434123084052845, 2.6434123084052845, 2.6434123084052845], "O35": 3.0437000755069663, "O46": 2.1996884408022654, "O22": [3.480778244361536, 3.480778244361536, 3.480778244361536, 3.480778244361536, 3.480778244361536, 3.480778244361536, 3.480778244361536, 3.480778244361536, 3.480778244361536, 3.480778244361536, 1.5943419061894832, 1.5943419061894832, 1.5943419061894832, 1.5943419061894832, 1.5943419061894832, 1.5943419061894832, 1.5943419061894832, 1.5943419061894832, 1.5943419061894832, 1.5943419061894832, 3.620645502311698, 3.620645502311698, 3.620645502311698, 3.620645502311698, 3.620645502311698, 3.620645502311698, 3.620645502311698, 3.620645502311698, 3.620645502311698, 3.620645502311698, 2.1533062685126314, 2.1533062685126314, 2.1533062685126314, 2.1533062685126314, 2.1533062685126314, 2.1533062685126314, 2.1533062685126314, 2.1533062685126314, 2.1533062685126314, 2.1533062685126314, 3.4694984673280853, 3.4694984673280853, 3.4694984673280853, 3.4694984673280853, 3.4694984673280853, 3.4694984673280853, 3.4694984673280853, 3.4694984673280853, 3.4694984673280853, 3.4694984673280853, 1.7981048157589976, 1.7981048157589976, 1.7981048157589976, 1.7981048157589976, 1.7981048157589976, 1.7981048157589976, 1.7981048157589976, 1.7981048157589976, 1.7981048157589976], "O21": [4.553999999999999, 4.553999999999999, 4.553999999999999, 4.553999999999999, 4.553999999999999, 4.553999999999999, 4.553999999999999, 4.553999999999999, 4.553999999999999, 4.553999999999999, 4.547, 4.531000000000001, 4.531000000000001, 4.531000000000001, 4.531000000000001, 4.531000000000001, 4.531000000000001, 4.531000000000001, 4.531000000000001, 4.531000000000001, 4.553, 4.553999999999999, 4.553999999999999, 4.553999999999999, 4.553999999999999, 4.553999999999999, 4.553999999999999, 4.553999999999999, 4.553999999999999, 4.553999999999999, 4.55, 4.531000000000001, 4.531000000000001, 4.531000000000001, 4.531000000000001, 4.531000000000001, 4.531000000000001, 4.531000000000001, 4.531000000000001, 4.531000000000001, 4.551, 4.553999999999999, 4.553999999999999, 4.553999999999999, 4.553999999999999, 4.553999999999999, 4.553999999999999, 4.553999999999999, 4.553999999999999, 4.553999999999999, 4.551, 4.531000000000001, 4.531000000000001, 4.531000000000001, 4.531000000000001, 4.531000000000001, 4.531000000000001, 4.531000000000001, 4.531000000000001, 4.531000000000001], "mode": "2"}