{"O23": 1.404719631613272, "O34": [5.0, 5.0, 5.0, 5.0, 5.0, 5.0, 5.0, 5.0, 5.0, 5.0, 5.0, 5.0, 5.0, 5.0, 5.0, 5.0, 5.0, 5.0, 5.0, 5.0, 5.0, 5.0, 5.0, 5.0, 5.0, 5.0, 5.0, 5.0, 5.0, 5.0, 5.0, 5.0, 5.0, 5.0, 5.0, 5.0, 5.0, 5.0, 5.0, 5.0, 5.0, 5.0, 5.0, 5.0, 5.0, 5.0, 5.0, 5.0, 5.0, 5.0, 5.0, 5.0, 5.0, 5.0, 5.0, 5.0, 5.0, 5.0, 5.0, 5.0, 5.0, 5.0, 5.0, 5.0, 5.0, 5.0, 5.0, 5.0, 5.0, 5.0, 5.0, 5.0, 5.0, 5.0, 5.0, 5.0, 5.0, 5.0, 5.0, 5.0, 5.0, 5.0, 5.0, 5.0, 5.0, 5.0, 5.0, 5.0, 5.0, 5.0, 5.0, 5.0, 5.0, 5.0, 5.0, 5.0, 5.0, 5.0, 5.0, 5.0, 5.0, 5.0, 5.0, 5.0, 5.0, 5.0, 5.0, 5.0, 5.0, 5.0, 5.0, 5.0, 5.0, 5.0, 5.0, 5.0, 5.0, 5.0, 5.0, 5.0, 5.0, 5.0, 5.0, 5.0, 5.0, 5.0, 5.0, 5.0, 5.0, 5.0, 5.0, 5.0, 5.0, 5.0, 5.0, 5.0, 5.0, 5.0, 5.0, 5.0, 5.0, 5.0, 5.0, 5.0, 5.0, 5.0, 5.0, 5.0, 5.0, 5.0, 5.0, 5.0, 5.0, 5.0, 5.0, 5.0, 5.0, 5.0, 5.0, 5.0, 5.0, 5.0, 5.0, 5.0, 5.0, 5.0, 5.0, 5.0, 5.0, 5.0, 4.567695696931794, 4.568217135661738, 4.5675249302839145, 4.5291469941617155, 4.516862181765408, 4.518502162230821, 4.504520007437518, 4.488897898127011, 4.474478297618632, 4.4674793701583075], "O35": 4.904499604476409, "O46": 1.9917854531295984, "O22": [4.406402585169203, 4.408806973537391, 4.410705840382217, 4.41213334083491, 4.412581302116508, 4.413173997032654, 4.414675534422428, 4.413983203298963, 4.415200966932804, 4.416796381545975, 4.417591247458244, 4.41717919045465, 4.4169289535770275, 4.417063841320743, 4.418330130781732, 4.42111068853858, 4.425910178913054, 4.42589461942343, 4.4252556293348615, 4.423921776218366, 4.418006251549858, 4.4123883403456405, 4.411912654708415, 4.410961941730963, 4.411511269140766, 4.411692256209357, 4.410918231313023, 4.412303216236733, 4.412292091926234, 4.411662774926233, 4.410538450593445, 4.410316558376529, 4.410498276976299, 4.410541470855751, 4.409189334391837, 4.408227132888676, 4.410249167316756, 4.410219050358375, 4.409957322445011, 4.401619278008947, 4.403473591250067, 4.40882747675057, 4.408924586278795, 4.399045219929925, 4.398482027553455, 4.397711322546322, 4.397467838723189, 4.396812928046246, 4.39642313759361, 4.3962453755864965, 4.396642284925886, 4.397398697332585, 4.395998578421012, 4.394017549114637, 4.393927265747276, 4.382371605873997, 4.372826408172525, 4.3620065333392395, 4.361236935896945, 4.36975600783273, 4.372021058740596, 4.37002252709165, 4.369210009137592, 4.379825056724618, 4.378205992925261, 4.37661766547431, 4.374504904984664, 4.372448382158129, 4.36996723967364, 4.367339980281982, 4.364520377977325, 4.362861278851058, 4.362993538038283, 4.363461287229868, 4.362473119099414, 4.3749479775941085, 4.38472051785668, 4.3941711807547295, 4.394300829563681, 4.38596729194718, 4.386508117547284, 4.377645849291273, 4.377547965298423, 4.3777933817606876, 4.379072151654825, 4.3807970687815425, 4.381872245454189, 4.382281529628467, 4.383615560036238, 4.385014878980435, 4.38669755879127, 4.387642801241449, 4.388006790447065, 4.377040130010465, 4.3780707828086705, 4.377732296096169, 4.376807975663721, 4.375975952957298, 4.375614819768707, 4.3841882695594, 4.384358730830291, 4.393589675865376, 4.393867622856143, 4.393208055141523, 4.392181683372792, 4.390067601126083, 4.38958828253041, 4.390834722980678, 4.3910228763344765, 4.39152802827192, 4.390655310116634, 4.390220319114686, 4.390853899099677, 4.402521720273113, 4.403080430874359, 4.402609708671903, 4.401804698732507, 4.399555133749137, 4.400010784704092, 4.401179644023726, 4.401755613822012, 4.402176980377344, 4.401736110642209, 4.402115148634117, 4.403024181174834, 4.402147982240911, 4.403295047443529, 4.398815737739283, 4.398225107954825, 4.396615148917329, 4.3962450094859005, 4.396552686928065, 4.3961236596445135, 4.395397381747848, 4.394842411187226, 4.396843280255073, 4.398557124831839, 4.401987375424168, 4.402509357234563, 4.403271516994965, 4.404189818706457, 4.404427487842106, 4.405320918247722, 4.4062770174806865, 4.406404820994611, 4.407902208064028, 4.407783866709649, 4.411360685048101, 4.411988383107716, 4.413443805308822, 4.414703956955118, 4.415401154637122, 4.416623749639934, 4.4149700960692435, 4.408827998730078, 4.409131529141929, 4.399904184963712, 4.392801743704587, 4.389984452329175, 4.389392373607559, 4.3868370146555815, 4.387781824238539, 4.387713219928656, 4.388391514833533, 4.388846881451522, 4.378395615492842, 4.3786309432078605, 4.379742236482972, 4.379254760390211, 4.379355824548638, 3.5696481562278093, 3.570129344568799, 3.5694905712321607, 3.5340750672567895, 3.522738532095732, 3.5242519207914507, 3.5113490628292676, 3.4969328401166053, 3.4836263033215653, 3.4771676302312455], "O21": [4.553999999999999, 4.553999999999999, 4.553999999999999, 4.553999999999999, 4.553999999999999, 4.553999999999999, 4.553999999999999, 4.553999999999999, 4.553999999999999, 4.553999999999999, 4.553999999999999, 4.553999999999999, 4.553999999999999, 4.553999999999999, 4.553999999999999, 4.553999999999999, 4.553999999999999, 4.553999999999999, 4.553999999999999, 4.553999999999999, 4.553999999999999, 4.553999999999999, 4.553999999999999, 4.553999999999999, 4.553999999999999, 4.553999999999999, 4.553999999999999, 4.553999999999999, 4.553999999999999, 4.553999999999999, 4.553999999999999, 4.553999999999999, 4.553999999999999, 4.553999999999999, 4.553999999999999, 4.553999999999999, 4.553999999999999, 4.553999999999999, 4.553999999999999, 4.553999999999999, 4.553999999999999, 4.553999999999999, 4.553999999999999, 4.553999999999999, 4.553999999999999, 4.553999999999999, 4.553999999999999, 4.553999999999999, 4.553999999999999, 4.553999999999999, 4.553999999999999, 4.553999999999999, 4.553999999999999, 4.553999999999999, 4.553999999999999, 4.553999999999999, 4.553999999999999, 4.553999999999999, 4.553999999999999, 4.553999999999999, 4.553999999999999, 4.553999999999999, 4.553999999999999, 4.553999999999999, 4.553999999999999, 4.553999999999999, 4.553999999999999, 4.553999999999999, 4.553999999999999, 4.553999999999999, 4.553999999999999, 4.553999999999999, 4.553999999999999, 4.553999999999999, 4.553999999999999, 4.553999999999999, 4.553999999999999, 4.553999999999999, 4.553999999999999, 4.553999999999999, 4.553999999999999, 4.553999999999999, 4.553999999999999, 4.553999999999999, 4.553999999999999, 4.553999999999999, 4.553999999999999, 4.553999999999999, 4.553999999999999, 4.553999999999999, 4.553999999999999, 4.553999999999999, 4.553999999999999, 4.553999999999999, 4.553999999999999, 4.553999999999999, 4.553999999999999, 4.553999999999999, 4.553999999999999, 4.553999999999999, 4.553999999999999, 4.553999999999999, 4.553999999999999, 4.553999999999999, 4.553999999999999, 4.553999999999999, 4.553999999999999, 4.553999999999999, 4.553999999999999, 4.553999999999999, 4.553999999999999, 4.553999999999999, 4.553999999999999, 4.553999999999999, 4.553999999999999, 4.553999999999999, 4.553999999999999, 4.553999999999999, 4.553999999999999, 4.553999999999999, 4.553999999999999, 4.553999999999999, 4.553999999999999, 4.553999999999999, 4.553999999999999, 4.553999999999999, 4.553999999999999, 4.553999999999999, 4.553999999999999, 4.553999999999999, 4.553999999999999, 4.553999999999999, 4.553999999999999, 4.553999999999999, 4.553999999999999, 4.553999999999999, 4.553999999999999, 4.553999999999999, 4.553999999999999, 4.553999999999999, 4.553999999999999, 4.553999999999999, 4.553999999999999, 4.553999999999999, 4.553999999999999, 4.553999999999999, 4.553999999999999, 4.553999999999999, 4.553999999999999, 4.553999999999999, 4.553999999999999, 4.553999999999999, 4.553999999999999, 4.553999999999999, 4.553999999999999, 4.553999999999999, 4.553999999999999, 4.553999999999999, 4.553999999999999, 4.553999999999999, 4.553999999999999, 4.553999999999999, 4.553999999999999, 4.553999999999999, 4.553999999999999, 4.553999999999999, 4.553999999999999, 4.553999999999999, 4.553999999999999, 4.553999999999999, 4.553999999999999, 4.553999999999999, 4.553999999999999, 4.553999999999999, 4.553999999999999, 4.553999999999999, 4.553999999999999, 4.553999999999999, 4.553999999999999, 4.553999999999999],