{"O23": 5.0, "O34": [3.013949541719687, 3.013949541719687, 3.013949541719687, 3.013949541719687, 3.013536681281232, 1.8110639355240001, 1.8110639355240001, 1.8110639355240001, 1.8110639355240001, 1.8119618929140002, 2.9184135363786545, 2.9184135363786545, 2.9184135363786545, 2.9184135363786545, 2.918005018885876, 1.8941864700311903, 1.8941864700311903, 1.8941864700311903, 1.8941864700311903, 1.895819844907119, 3.4067822041977065, 3.4067822041977065, 3.4067822041977065, 3.4067822041977065, 3.406351486084473, 1.8110639355240001, 1.8110639355240001, 1.8110639355240001, 1.8110639355240001, 1.812500667348, 3.10409287997188, 3.10409287997188, 3.10409287997188, 3.10409287997188, 3.103467442611396, 1.8951451439691438, 1.8951451439691438, 1.8951451439691438, 1.8951451439691438, 1.8964156996084043, 2.7882445898390853, 2.7882445898390853, 2.7882445898390853, 2.7882445898390853, 2.78784198966158, 1.849191602610936, 1.849191602610936, 1.849191602610936, 1.849191602610936, 1.851357128914639, 2.740465320162402, 2.740465320162402, 2.740465320162402, 2.740465320162402, 2.740064891969918, 1.8501873255328354, 1.8501873255328354, 1.8501873255328354, 1.8501873255328354, 1.8501873255328354], "O35": 1.5471077454522093, "O46": 1.681516932939157, "O22": [2.1402186562616077, 2.1402186562616077, 2.1402186562616077, 2.1402186562616077, 2.1402186562616077, 1.05, 1.05, 1.05, 1.05, 1.05, 2.0520110842420753, 2.0520110842420753, 2.0520110842420753, 2.0520110842420753, 2.0520110842420753, 1.1269614833122459, 1.1269614833122459, 1.1269614833122459, 1.1269614833122459, 1.1269614833122459, 2.5029176747464446, 2.5029176747464446, 2.5029176747464446, 2.5029176747464446, 2.5029176747464446, 1.05, 1.05, 1.05, 1.05, 1.05, 2.22344722514072, 2.22344722514072, 2.22344722514072, 2.22344722514072, 2.22344722514072, 1.1278491002348423, 1.1278491002348423, 1.1278491002348423, 1.1278491002348423, 1.1278491002348423, 1.9318272154942755, 1.9318272154942755, 1.9318272154942755, 1.9318272154942755, 1.9318272154942755, 1.0853016403029945, 1.0853016403029945, 1.0853016403029945, 1.0853016403029945, 1.0853016403029945, 1.8877130267546232, 1.8877130267546232, 1.8877130267546232, 1.8877130267546232, 1.8877130267546232, 1.0862235601348633, 1.0862235601348633, 1.0862235601348633, 1.0862235601348633, 1.0862235601348633], "O21": [4.531000000000001, 4.531000000000001, 4.531000000000001, 4.531000000000001, 4.529, 4.408, 4.408, 4.408, 4.408, 4.413, 4.531000000000001, 4.531000000000001, 4.531000000000001, 4.531000000000001, 4.529, 4.408, 4.408, 4.408, 4.408, 4.417, 4.531000000000001, 4.531000000000001, 4.531000000000001, 4.531000000000001, 4.529, 4.408, 4.408, 4.408, 4.408, 4.416, 4.531000000000001, 4.531000000000001, 4.531000000000001, 4.531000000000001, 4.5280000000000005, 4.408, 4.408, 4.408, 4.408, 4.415, 4.531000000000001, 4.531000000000001, 4.531000000000001, 4.531000000000001, 4.529, 4.408, 4.408, 4.408, 4.408, 4.42, 4.531000000000001, 4.531000000000001, 4.531000000000001, 4.531000000000001, 4.529, 4.408, 4.408, 4.408, 4.408, 4.408], "mode": "2"}