{"O23": 3.759511049200042, "O34": [5.0, 5.0, 5.0, 5.0, 5.0, 5.0, 5.0, 5.0, 5.0, 5.0, 5.0, 5.0, 5.0, 5.0, 5.0, 5.0, 5.0, 5.0, 5.0, 5.0, 5.0, 5.0, 5.0, 5.0, 5.0, 5.0, 5.0, 5.0, 5.0, 5.0, 5.0, 5.0, 5.0, 5.0, 5.0, 5.0, 5.0, 5.0, 5.0, 5.0, 5.0, 5.0, 4.991748174109292, 4.998759262906471, 5.0, 5.0, 5.0, 5.0, 5.0, 5.0, 5.0, 5.0, 4.993841622238065, 4.988287572250381, 4.989338285885476, 4.99354419153734, 5.0, 5.0, 5.0, 5.0, 5.0, 5.0, 5.0, 4.998784173830086, 4.977271311843861, 4.955487975860406, 4.932916905366545, 4.902966144446624, 4.8854013048941125, 4.914849444191789, 4.932694369390097, 4.943499709790582, 4.965030544342849, 4.957443316374132, 4.957745915611941, 4.9694500945161, 4.967086966848721, 4.9527776239479175, 4.935102273421561, 4.915889586218313, 4.9103480419042524, 4.904699833020808, 4.902836717495972, 4.916136680457031, 4.927776053299019, 4.94118019655071, 4.959147219805564, 4.9949897251782005, 5.0, 4.998200415263328, 4.992724455638703, 4.980848548442084, 4.949108996745706, 4.9370609092728746, 4.92126292075663, 4.8975506004402956, 4.868731378123262, 4.847988382274291, 4.837072378437072, 4.833042953321758, 4.837786962810494, 4.8520186193868575, 4.851040618714028, 4.849135665381213, 4.841753002846039, 4.836582382994504, 4.8167464707977174, 4.797283144241593, 4.7753891154835415, 4.7666103005876215, 4.76878312927538, 4.791731594591511, 4.820827571990611, 4.853565452727835, 4.881577367201322, 4.906852442704325, 4.928038676330602, 4.941551925400999, 4.950602604586474, 4.954479118889549, 4.958094886503433, 4.961153636315533, 4.963589784510004, 4.965260353971676, 4.9730211381069935, 4.984798142960036, 4.993696817773452, 4.997329100059027, 5.0, 5.0, 5.0, 4.971403483822078, 4.989762799365629, 4.997232800663456, 5.0, 5.0, 5.0, 5.0, 5.0, 5.0, 5.0, 5.0, 5.0, 5.0, 5.0, 5.0, 5.0, 5.0, 5.0, 5.0, 2.83229806969085, 2.8211941778822682, 2.807848427438561, 2.785252241579702, 2.7646408118297483, 3.420691351983977, 3.4222335759623768, 3.430946072656023, 3.424402847021035, 3.4164495090477347, 3.4415600240104176, 3.436720918484462, 3.425712688175398, 3.3956996184612454, 3.312596818272787, 3.1901010276989745, 3.0992008759238634, 3.0191243035855226, 2.9865420999979038, 2.9757062640085215, 2.9592897102410483, 2.9473606047463132, 2.9238727533843987, 2.9066599036996794, 2.906839404169082, 2.932747016858818, 2.9233392918553336, 2.9118268676365875, 2.9023392061761384, 2.8917654654243594, 2.8872436451896695, 2.896529957149045, 2.8981726563261936, 2.897638967826133, 2.901482498646711, 2.9197986506802542, 2.9449197865893884, 2.9626093779756806, 2.975609978636565, 2.9990548912163155, 3.0005321530031805, 2.9913895688974708, 3.0087475411038898, 3.0311486029030643, 3.045936778704737, 2.9863586798856265, 2.993942429416859, 3.000291176896903, 3.01505589992173, 3.0404545860942624, 3.0588010466586226, 3.041376154526719, 3.035623395088777, 3.028066629338603, 3.0115398362467287, 2.994366848756758, 2.9523550995836882, 2.927717108133626, 2.9221437376553725, 2.909907312434895, 2.9482312297800592, 2.9861431184506224, 3.0449188342504, 3.0994311396655543, 3.179685289049735, 3.1859276338954494, 3.162476879722117, 3.166415598139707, 3.151960681412749, 3.148795673277435, 3.137412719491543, 3.177684057034475, 3.221537545414076, 3.2302216876435734, 3.231451854349126, 3.252452710403144, 3.281718101968747, 3.3024661427688837, 3.3181939035683015, 3.3234535658317785, 3.2959939528996927, 3.2383682104007097, 3.270554389284896, 3.2965727096392037, 3.314922715726609, 3.3363520784889378, 3.3528097839360615, 3.3512114364846037, 3.347875983800249, 3.3267906682228148, 3.308888904921642, 3.2818074930550636, 3.2561219364897096, 3.2650811207856854, 3.2722310790226254, 3.259663604653583, 3.2668890366592596, 3.2852039195562814, 3.304799813137856, 3.289472381381634, 3.252029270168078, 3.3015653845703605, 3.2642715665149753, 3.2301993672673577, 3.1809149601238724, 3.171340194733416, 3.0912523145906237, 3.042643943237201, 3.0187144533649173, 3.0042270192328333, 2.9946558954053524, 2.9937788568824666, 2.993346086572917, 2.9905701843227552, 2.9981108771753164, 3.0100864479167373, 2.987868436342599, 2.96479764201768, 2.941559227423126, 2.9335010577329945, 2.955231796832896, 2.9250375112115705, 2.9016081908436604, 2.8769137471072246, 2.8606227157079553, 2.8398235839164574, 2.919520892110752, 2.980025430735062, 3.0772562482853547, 3.1846380117407143, 3.257655367793904, 3.2642908126964376, 3.2758095550189505, 3.2944743905350826, 3.2968508919707236, 3.2999271049511827, 3.3155271154742603, 3.32829838376915, 3.336163580072408, 3.340818250547498, 3.342398046188404, 3.3350217052649613, 3.327395024170167, 3.318854237885848, 3.3136938318269844, 3.308291835521694, 3.3035279000632194, 3.301247756543803, 3.2979251246728287], "O35": 3.4002816237904154, "O46": 2.792783919920276,