{"O23": 5.0, "O34": [5.0, 5.0, 5.0, 5.0, 5.0, 5.0, 5.0, 5.0, 5.0, 5.0, 5.0, 5.0, 5.0, 5.0, 5.0, 5.0, 5.0, 5.0, 5.0, 5.0, 5.0, 5.0, 5.0, 5.0, 5.0, 5.0, 5.0, 5.0, 5.0, 5.0, 5.0, 5.0, 5.0, 5.0, 5.0, 5.0, 5.0, 5.0, 5.0, 5.0, 5.0, 5.0, 5.0, 5.0, 5.0, 5.0, 5.0, 5.0, 5.0, 5.0, 5.0, 5.0, 5.0, 5.0, 5.0, 5.0, 5.0, 5.0, 5.0, 5.0], "O35": 5.0, "O46": 4.976099908325, "O22": [4.368756701891295, 4.373245798930636, 4.3762787261254275, 4.378175571648931, 4.378577514978998, 4.3808409150235885, 4.38409734429322, 4.382407787475232, 4.381473324824187, 4.381161588090284, 4.378032876872138, 4.376826880446679, 4.379845660260918, 4.381969974497106, 4.385447354538057, 4.389765550321723, 4.39425251808212, 4.398199980097283, 4.401530484223115, 4.404746628314941, 4.405933762339043, 4.404723004803571, 4.403887246938006, 4.403699360432629, 4.404505536160323, 4.403262963860032, 4.404242411735164, 4.4083588295764216, 4.410518127414007, 4.411125032496167, 4.413069021246704, 4.412310532286653, 4.412318960400209, 4.414749586795529, 4.416616024025816, 4.420143408105032, 4.42310053722883, 4.426145737827697, 4.429506189103899, 4.432623305568682, 4.436844196976755, 4.4411670724501455, 4.443006906477446, 4.443351458626236, 4.4439609932982025, 4.444341588241776, 4.440028064340667, 4.4386182685743565, 4.439280571408149, 4.411627775005621, 4.415022420423759, 4.416103736280132, 4.418456592325321, 4.4182089770136805, 4.415775904832102, 4.414943092007652, 4.413333581833056, 4.409535049151774, 4.400254366362987, 4.375003452658172], "O21": [4.559, 4.559, 4.559, 4.559, 4.559, 4.559, 4.559, 4.559, 4.559, 4.559, 4.559, 4.559, 4.559, 4.559, 4.559, 4.559, 4.559, 4.559, 4.559, 4.559, 4.559, 4.559, 4.559, 4.559, 4.559, 4.559, 4.559, 4.559, 4.559, 4.559, 4.559, 4.559, 4.559, 4.559, 4.559, 4.559, 4.559, 4.559, 4.559, 4.559, 4.559, 4.559, 4.559, 4.559, 4.559, 4.559, 4.559, 4.559, 4.559, 4.559, 4.559, 4.559, 4.559, 4.559, 4.559, 4.559, 4.559, 4.559, 4.559, 4.559], "mode": "2"}