{"O23": 2.30735595546549, "O34": [3.2588139450578, 3.223218340970738, 3.197803014513918, 3.174083033673661, 3.1516415183787374, 3.125303639364444, 3.106476107513374, 3.0925071463594254, 3.114907080184059, 3.1364890474176264, 3.1425221533222074, 3.1649725378276057, 3.179901263635596, 3.1697323002945152, 3.1524636275723594, 3.1392461656857784, 3.112004342976949, 3.1048428294659876, 3.1062304995572974, 3.097060160104494, 3.091030630718506, 3.086779758114623, 3.0892153019094466, 3.107608016890063, 3.1286143234252313, 3.165393002983363, 3.189439553747582, 3.1920174901513634, 3.1583005414693797, 3.109887943591739, 3.0724615432028575, 3.0280592198690544, 2.9755030978655728, 2.9409299971497607, 2.901212137612797, 2.889305861223659, 2.8881671696466764, 2.862369016826886, 2.856480575010117, 2.8485673409333923, 2.838711428115532, 2.8433055978525483, 2.8262303299689995, 2.7914618354557783, 2.758843585529433, 2.697412810399937, 2.6417891746362834, 2.6042209915112373, 2.5916187471915038, 2.5859741177957924, 2.5542320221958876, 2.5217549645295185, 2.492131309637736, 2.4865582789754814, 2.4789385523404115, 2.4289174109414957, 2.3719297124425758, 2.364488372942819, 2.3311317754396264, 2.316665260761361, 2.3060883633676825, 2.2564316263926028], "O35": 2.685240786528011, "O46": 1.755259414261389, "O22": [2.3618003256621747, 2.328952382666045, 2.3054988912562706, 2.283609880000714, 2.262900648227278, 2.2385958170356393, 2.22122160162721, 2.2083309188738633, 2.2290017788932355, 2.2489178119994193, 2.2544852162878417, 2.2752026326483232, 2.2889789948403036, 2.279594984181556, 2.2636592979712926, 2.2514621054881414, 2.2263231069404092, 2.219714397983014, 2.2209949524005004, 2.212532480830582, 2.2069683769856234, 2.2030456335863366, 2.2052931752642717, 2.22226613776126, 2.241650946007209, 2.275590641668605, 2.2977810145816386, 2.3001599574373897, 2.2690456545139064, 2.224370074588651, 2.1898326563299975, 2.148857793754351, 2.100358532569022, 2.0684541648629766, 2.0318021675318607, 2.020814948796367, 2.019764153987002, 1.995957386972816, 1.990523480003288, 1.9832210765595497, 1.9741259517339098, 1.978365492809458, 1.9626082823204718, 1.9305236034641118, 1.9004231896154382, 1.8437343188569506, 1.7924043284364184, 1.7577360717960369, 1.7461066076064304, 1.740897692927778, 1.7116058021568517, 1.6816356817931783, 1.6542987071251185, 1.6491558644004476, 1.642124312258709, 1.595964353931997, 1.5433755941740603, 1.5365086592821837, 1.5057268916613902, 1.4923770620492265, 1.4826166061846846, 1.4367929235315766], "O21": [4.553999999999999, 4.553999999999999, 4.553999999999999, 4.553999999999999, 4.553999999999999, 4.553999999999999, 4.553999999999999, 4.553999999999999, 4.553999999999999, 4.553999999999999, 4.553999999999999, 4.553999999999999, 4.553999999999999, 4.553999999999999, 4.553999999999999, 4.553999999999999, 4.553999999999999, 4.553999999999999, 4.553999999999999, 4.553999999999999, 4.553999999999999, 4.553999999999999, 4.553999999999999, 4.553999999999999, 4.553999999999999, 4.553999999999999, 4.553999999999999, 4.553999999999999, 4.553999999999999, 4.553999999999999, 4.553999999999999, 4.553999999999999, 4.553999999999999, 4.553999999999999, 4.553999999999999, 4.553999999999999, 4.553999999999999, 4.553999999999999, 4.553999999999999, 4.553999999999999, 4.553999999999999, 4.553999999999999, 4.553999999999999, 4.553999999999999, 4.553999999999999, 4.553999999999999, 4.553999999999999, 4.553999999999999, 4.553999999999999, 4.553999999999999, 4.553999999999999, 4.553999999999999, 4.553999999999999, 4.553999999999999, 4.553999999999999, 4.553999999999999, 4.553999999999999, 4.553999999999999, 4.553999999999999, 4.553999999999999, 4.553999999999999, 4.553999999999999], "mode": "2"}