{"O23": 3.009214889839177, "O34": [4.82289411933233, 4.82289411933233, 4.82289411933233, 4.82289411933233, 4.82289411933233, 4.82289411933233, 4.82289411933233, 4.82289411933233, 4.82289411933233, 4.82289411933233, 3.1008524238143225, 3.097519148559707, 3.097519148559707, 3.097519148559707, 3.097519148559707, 3.097519148559707, 3.097519148559707, 3.097519148559707, 3.097519148559707, 3.097519148559707, 5.0, 5.0, 5.0, 5.0, 5.0, 5.0, 5.0, 5.0, 5.0, 5.0, 2.9523389121040626, 2.9484450265847126, 2.9484450265847126, 2.9484450265847126, 2.9484450265847126, 2.9484450265847126, 2.9484450265847126, 2.9484450265847126, 2.9484450265847126, 2.9484450265847126, 4.975670632641325, 4.976423347154935, 4.976423347154935, 4.976423347154935, 4.976423347154935, 4.976423347154935, 4.976423347154935, 4.976423347154935, 4.976423347154935, 4.976423347154935, 3.051148917553566, 3.047005286446567, 3.047005286446567, 3.047005286446567, 3.047005286446567, 3.047005286446567, 3.047005286446567, 3.047005286446567, 3.047005286446567], "O35": 3.3527404179263725, "O46": 2.4218986316045217, "O22": [3.8051475513557005, 3.8051475513557005, 3.8051475513557005, 3.8051475513557005, 3.8051475513557005, 3.8051475513557005, 3.8051475513557005, 3.8051475513557005, 3.8051475513557005, 3.8051475513557005, 2.2173777554689833, 2.2173777554689833, 2.2173777554689833, 2.2173777554689833, 2.2173777554689833, 2.2173777554689833, 2.2173777554689833, 2.2173777554689833, 2.2173777554689833, 2.2173777554689833, 3.994741591655639, 3.994741591655639, 3.994741591655639, 3.994741591655639, 3.994741591655639, 3.994741591655639, 3.994741591655639, 3.994741591655639, 3.994741591655639, 3.994741591655639, 2.0797389008463876, 2.0797389008463876, 2.0797389008463876, 2.0797389008463876, 2.0797389008463876, 2.0797389008463876, 2.0797389008463876, 2.0797389008463876, 2.0797389008463876, 2.0797389008463876, 3.9468257010345753, 3.9468257010345753, 3.9468257010345753, 3.9468257010345753, 3.9468257010345753, 3.9468257010345753, 3.9468257010345753, 3.9468257010345753, 3.9468257010345753, 3.9468257010345753, 2.1707387410531704, 2.1707387410531704, 2.1707387410531704, 2.1707387410531704, 2.1707387410531704, 2.1707387410531704, 2.1707387410531704, 2.1707387410531704, 2.1707387410531704], "O21": [4.553999999999999, 4.553999999999999, 4.553999999999999, 4.553999999999999, 4.553999999999999, 4.553999999999999, 4.553999999999999, 4.553999999999999, 4.553999999999999, 4.553999999999999, 4.547, 4.531000000000001, 4.531000000000001, 4.531000000000001, 4.531000000000001, 4.531000000000001, 4.531000000000001, 4.531000000000001, 4.531000000000001, 4.531000000000001, 4.553, 4.553999999999999, 4.553999999999999, 4.553999999999999, 4.553999999999999, 4.553999999999999, 4.553999999999999, 4.553999999999999, 4.553999999999999, 4.553999999999999, 4.55, 4.531000000000001, 4.531000000000001, 4.531000000000001, 4.531000000000001, 4.531000000000001, 4.531000000000001, 4.531000000000001, 4.531000000000001, 4.531000000000001, 4.551, 4.553999999999999, 4.553999999999999, 4.553999999999999, 4.553999999999999, 4.553999999999999, 4.553999999999999, 4.553999999999999, 4.553999999999999, 4.553999999999999, 4.551, 4.531000000000001, 4.531000000000001, 4.531000000000001, 4.531000000000001, 4.531000000000001, 4.531000000000001, 4.531000000000001, 4.531000000000001], "mode": "2"}