{"O23": 5.0, "O34": [2.476067417444815, 2.476067417444815, 2.476067417444815, 2.476067417444815, 2.475873212945292, 1.8110639355240001, 1.8110639355240001, 1.8110639355240001, 1.8110639355240001, 1.8119618929140002, 2.109309375496301, 2.109309375496301, 2.109309375496301, 2.109309375496301, 2.1091235071745724, 1.8110639355240001, 1.8110639355240001, 1.8110639355240001, 1.8110639355240001, 1.811782301436, 3.058575376689965, 3.058575376689965, 3.058575376689965, 3.058575376689965, 3.058575376689965, 1.8200549527019187, 1.8200549527019187, 1.8200549527019187, 1.8200549527019187, 1.8200549527019187, 3.083508122546796, 3.0837161385165417, 3.0837161385165417, 3.0837161385165417, 3.0837161385165417, 1.8110639355240001, 1.8110639355240001, 1.8110639355240001, 1.8110639355240001, 1.8110639355240001, 2.3958057963231547, 2.395998180899689, 2.395998180899689, 2.395998180899689, 2.395998180899689, 1.811243527002, 1.8110639355240001, 1.8110639355240001, 1.8110639355240001, 1.8110639355240001, 2.3057976653722854, 2.305988004074561, 2.305988004074561, 2.305988004074561, 2.305988004074561, 1.812500667348, 1.8110639355240001, 1.8110639355240001, 1.8110639355240001], "O35": 2.0722435773610064, "O46": 2.015331675283255, "O22": [1.643596717280271, 1.643596717280271, 1.643596717280271, 1.643596717280271, 1.643596717280271, 1.05, 1.05, 1.05, 1.05, 1.05, 1.3049721716606972, 1.3049721716606972, 1.3049721716606972, 1.3049721716606972, 1.3049721716606972, 1.05, 1.05, 1.05, 1.05, 1.05, 2.181421305859747, 2.181421305859747, 2.181421305859747, 2.181421305859747, 2.181421305859747, 1.058324602017984, 1.058324602017984, 1.058324602017984, 1.058324602017984, 1.058324602017984, 2.2046335550167804, 2.2046335550167804, 2.2046335550167804, 2.2046335550167804, 2.2046335550167804, 1.05, 1.05, 1.05, 1.05, 1.05, 1.569669479859242, 1.569669479859242, 1.569669479859242, 1.569669479859242, 1.569669479859242, 1.05, 1.05, 1.05, 1.05, 1.05, 1.486563857780408, 1.486563857780408, 1.486563857780408, 1.486563857780408, 1.486563857780408, 1.05, 1.05, 1.05, 1.05], "O21": [4.531000000000001, 4.531000000000001, 4.531000000000001, 4.531000000000001, 4.53, 4.408, 4.408, 4.408, 4.408, 4.413, 4.531000000000001, 4.531000000000001, 4.531000000000001, 4.531000000000001, 4.53, 4.408, 4.408, 4.408, 4.408, 4.412, 4.531000000000001, 4.531000000000001, 4.531000000000001, 4.531000000000001, 4.531000000000001, 4.408, 4.408, 4.408, 4.408, 4.408, 4.53, 4.531000000000001, 4.531000000000001, 4.531000000000001, 4.531000000000001, 4.408, 4.408, 4.408, 4.408, 4.408, 4.53, 4.531000000000001, 4.531000000000001, 4.531000000000001, 4.531000000000001, 4.409, 4.408, 4.408, 4.408, 4.408, 4.53, 4.531000000000001, 4.531000000000001, 4.531000000000001, 4.531000000000001, 4.416, 4.408, 4.408, 4.408], "mode": "2"}