{"O23": 5.0, "O34": [4.747309420003675, 4.740617530925135, 4.734480757263942, 4.7275063018438646, 4.7233461251061755, 4.720732013145444, 4.716749142963031, 4.712373895420841, 4.710971329941324, 4.710006362942897, 4.698027508651582, 4.6883377601231135, 4.6751377902728795, 4.665878267124557, 4.655485473319588, 4.643775758087262, 4.634419093255333, 4.6314016081706395, 4.632987337069787, 4.6382336033719005, 4.648471370720666, 4.652524465955256, 4.658022330033397, 4.664080884677221, 4.669606665546548, 4.6710120239986574, 4.675284672279043, 4.6785620296582895, 4.681787487197322, 4.682279254166817, 4.6840548552901655, 4.687941041849104, 4.695528202369229, 4.7042037196177, 4.711257869545154, 4.718455890089394, 4.731221923669754, 4.742375812074662, 4.748767331517983, 4.75137661654866, 4.75272323695655, 4.753905988817122, 4.749367767655653, 4.745717523329591, 4.7442505184406905, 4.74265371211203, 4.741414963904887, 4.746017856253194, 4.748646342060407, 4.753464875816118, 4.757175867289201, 4.75937174709896, 4.763165697923425, 4.761353750094489, 4.7595041460994425, 4.759362240715332, 4.756140506933148, 4.7457614375430515, 4.7393121740268285, 4.729503873962643, 4.724969331453679, 4.723643338256033, 4.7277415637368, 4.728383026850401, 4.7327795659413106, 4.740118274184821, 4.740705658805209, 4.738512804284349, 4.735206143397477, 4.733255096479095, 4.7313463547985215, 4.7320906078338245, 4.726806406392925, 4.719036476099071, 4.717672160513844, 4.7143878320740535, 4.714078268068058, 4.7203429239886, 4.718201089541605, 4.723269867582784, 4.722281434453298, 4.720084586277694, 4.716080316852104, 4.718403154505454, 4.71103446151568, 4.704039443052833, 4.703172397889293, 4.6994916417547845, 4.696964960080453, 4.694642486926948, 4.693125485728696, 4.690689993030886, 4.694510336068002, 4.704704960519725, 4.711182170986453, 4.713834687883527, 4.716312923087405, 4.71320197087339, 4.7199987858428925, 4.719810220762561, 4.724103823382638, 4.7247043804271796, 4.727855565017469, 4.7321628769223265, 4.737222788941531, 4.739853854593303, 4.741795042262492, 4.745438363832821, 4.749106406670284, 4.751292743557328, 4.75340301306032, 4.754360426290052, 4.753997937740863, 4.748758166261741, 4.74480830081842, 2.870172950891016, 2.870172950891016, 2.870172950891016, 2.870172950891016, 2.870172950891016, 2.870172950891016, 2.870172950891016, 2.870172950891016, 2.870172950891016, 2.8699697886225533, 1.8845215297779214, 1.8845215297779214, 1.8845215297779214, 1.8845215297779214, 1.8845215297779214, 1.8845215297779214, 1.8845215297779214, 1.8845215297779214, 1.8845215297779214, 1.8820218167828984, 2.9515329277829014, 2.9515329277829014, 2.9515329277829014, 2.9515329277829014, 2.9515329277829014, 2.9515329277829014, 2.9515329277829014, 2.9515329277829014, 2.9515329277829014, 2.9517379393120615, 4.674936413333503, 4.676784050839133, 4.677226204595841, 4.675843444182912, 4.67241522026579, 4.669033229203763, 4.66842550967167, 4.670318173213118, 4.66936942975632, 4.675301023769851, 4.672122425290185, 4.6672496807144395, 4.663832699717041, 4.667025689013582, 4.675824410367539, 4.688234848636923, 4.694991751795444, 4.6999368048080274, 4.704249728758803, 4.701143523780546, 4.703089162548546, 4.900150717249358, 4.9451003676011895, 5.0, 5.0, 5.0, 5.0, 5.0, 5.0, 5.0, 5.0, 5.0, 5.0, 5.0], "O35": 3.8759273625963977, "O46": 3.769703588809798, "O22": [3.735397312285319, 3.7292219769700177, 3.72355890714516, 3.7171228170732684, 3.7132837686334885, 3.710871442649033, 3.707196014290158, 3.7031584965812776, 3.701864196565837, 3.700973716357102, 3.6899195220819427, 3.680977735154223, 3.6687966844792403, 3.660251913394488, 3.65066134997432, 3.639855519638878, 3.631221105336444, 3.628436543012084, 3.6298998678754324, 3.6347411695151757, 3.6441886731298743, 3.6479289057973143, 3.653002384123389, 3.6585932727368395, 3.663692512928432, 3.6649893903240547, 3.6689322285130994, 3.6719566033237685, 3.6749330844959784, 3.675386891470059, 3.6770254321263987, 3.6806116399695954, 3.6876131398081142, 3.695618985005817, 3.702128617884539, 3.708771015859971, 3.7205516262496325, 3.7308445345990315, 3.7367426861185105, 3.7391505577685793, 3.7403932311697003, 3.7414846852042944, 3.7372967739765155, 3.733928295743891, 3.7325745304629927, 3.7311009832482465, 3.729957855282353, 3.7342054456619036, 3.736631035960927, 3.741077622167061, 3.7445021584122893, 3.7465285360133245, 3.750029627892741, 3.748357546170198, 3.746650714999526, 3.746519763437173, 3.7435467185812117, 3.733968820174293, 3.7280173819059668, 3.7189661945568417, 3.7147816780226193, 3.7135580395962835, 3.717339918860034, 3.7179318667797308, 3.7219890325209053, 3.7287612583681886, 3.7293033021688804, 3.7272797163316014, 3.7242282999810357, 3.722427856370049, 3.720666452412288, 3.7213532557944853, 3.7164769472681236, 3.7093067858416684, 3.708047783172051, 3.705016975404133, 3.704731306960419, 3.7105123876822135, 3.7085358836271065, 3.713213397506334, 3.7123012625412, 3.710273991323471, 3.7065788155508894, 3.7087223509897003, 3.701922454949389, 3.6954673891170335, 3.694667272056585, 3.6912706372532176, 3.68893899272192, 3.686795793646839, 3.68539589132285, 3.6831483967976983, 3.686673843647875, 3.6960815346098848, 3.7020587625750188, 3.704506528979495, 3.7067934666729494, 3.7039226520425896, 3.7101948139119982, 3.7100208043631047, 3.713982979404926, 3.7145371788368777, 3.7174451202652334, 3.72141994635812, 3.7260892785926774, 3.72851724959542, 3.7303085950027444, 3.733670684854234, 3.7370555877129594, 3.739073159019244, 3.741020534660664, 3.741904044183836, 3.7415695364965553, 3.736734228337773, 3.733089257048418, 2.0074709665819777, 2.0074709665819777, 2.0074709665819777, 2.0074709665819777, 2.0074709665819777, 2.0074709665819777, 2.0074709665819777, 2.0074709665819777, 2.0074709665819777, 2.0074709665819777, 1.1180129094697162, 1.1180129094697162, 1.1180129094697162, 1.1180129094697162, 1.1180129094697162, 1.1180129094697162, 1.1180129094697162, 1.1180129094697162, 1.1180129094697162, 1.114691947464715, 2.0825899334634217, 2.0825899334634217, 2.0825899334634217, 2.0825899334634217, 2.0825899334634217, 2.0825899334634217, 2.0825899334634217, 2.0825899334634217, 2.0825899334634217, 2.0825899334634217, 3.668610852031807, 3.670315868508392, 3.6707238919643315, 3.6694478682421305, 3.6662842724359694, 3.6631633407235267, 3.6626025316837643, 3.664349098590404, 3.663473589611525, 3.6689473178156056, 3.666014078604037, 3.6615174661665204, 3.6583642454276095, 3.661310764614178, 3.6694303036664353, 3.680882767510921, 3.6871180984028653, 3.691681437715014, 3.6956614426542544, 3.6927950088156685, 3.694590461736932, 3.876440633452201, 3.9179205743134826, 3.9907404948372953, 4.08846895993932, 4.137464219139823, 4.177990838217107, 4.206338532973079, 4.209418056075684, 4.207432335434135, 4.197737971559406, 4.185782220795977, 4.166754742560247, 4.14902006089775],