{"O23": 4.594340904953616, "O34": [4.504717058250112, 4.5003966926055545, 4.497831716504174, 4.495257295593147, 4.49457190357565, 4.490159697889256, 4.489114617713741, 4.489859103808929, 4.479305075317481, 4.468158141047088, 4.453500392351751, 4.437705639557862, 4.421198044978937, 4.404140180338023, 4.394882441316509, 4.383813162450703, 4.369914535504871, 4.374362796026526, 4.394112185007061, 4.416118474066777, 4.414090616786572, 4.411962151093628, 4.408675808846098, 4.405315795526832, 4.39983055679929, 4.398225194438726, 4.3923547562289045, 4.382752085026704, 4.392281921098358, 4.406926645732436, 3.5202004310819297, 3.5202004310819297, 3.5202004310819297, 3.5202004310819297, 3.5202004310819297, 4.862519456541473, 4.862519456541473, 4.862519456541473, 4.862519456541473, 4.862519456541473, 3.5611454741719086, 3.5611454741719086, 3.5611454741719086, 3.5611454741719086, 3.5611454741719086, 4.686710753633734, 4.686710753633734, 4.686710753633734, 4.686710753633734, 4.686710753633734, 2.8389227614692834, 2.8387203140993167, 2.8387203140993167, 2.8387203140993167, 2.8387203140993167, 4.95207200796708, 4.9523223652911375, 4.9523223652911375, 4.9523223652911375], "O35": 3.887727556693963, "O46": 3.6116966722975383, "O22": [3.5115309030880706, 3.5075440308870043, 3.5051770479146542, 3.502801349187176, 3.502168863280611, 3.4980972402644825, 3.497132830896749, 3.4978198493486996, 3.4880804971124326, 3.4777940061007913, 3.464267704020951, 3.449692164351989, 3.4344588078845595, 3.4187176572641063, 3.4101745325875883, 3.39995970268042, 3.387133924965719, 3.3912388197074934, 3.4094637331505777, 3.4297713342471026, 3.4279000093446927, 3.425935842095837, 3.422903175968059, 3.4198025255139313, 3.4147406979747283, 3.413259255176933, 3.4078419620975167, 3.398980530908177, 3.407774749185201, 3.4212890325443936, 2.6076357481105705, 2.6076357481105705, 2.6076357481105705, 2.6076357481105705, 2.6076357481105705, 3.841714168252124, 3.841714168252124, 3.841714168252124, 3.841714168252124, 3.841714168252124, 2.645439954224378, 2.645439954224378, 2.645439954224378, 2.645439954224378, 2.645439954224378, 3.6794763189600554, 3.6794763189600554, 3.6794763189600554, 3.6794763189600554, 3.6794763189600554, 1.9784310175585238, 1.9784310175585238, 1.9784310175585238, 1.9784310175585238, 1.9784310175585238, 3.9245850986142177, 3.9245850986142177, 3.9245850986142177, 3.9245850986142177], "O21": [4.553999999999999, 4.553999999999999, 4.553999999999999, 4.553999999999999, 4.553999999999999, 4.553999999999999, 4.553999999999999, 4.553999999999999, 4.553999999999999, 4.553999999999999, 4.553999999999999, 4.553999999999999, 4.553999999999999, 4.553999999999999, 4.553999999999999, 4.553999999999999, 4.553999999999999, 4.553999999999999, 4.553999999999999, 4.553999999999999, 4.553999999999999, 4.553999999999999, 4.553999999999999, 4.553999999999999, 4.553999999999999, 4.553999999999999, 4.553999999999999, 4.553999999999999, 4.553999999999999, 4.553999999999999, 4.531000000000001, 4.531000000000001, 4.531000000000001, 4.531000000000001, 4.531000000000001, 4.553999999999999, 4.553999999999999, 4.553999999999999, 4.553999999999999, 4.553999999999999, 4.531000000000001, 4.531000000000001, 4.531000000000001, 4.531000000000001, 4.531000000000001, 4.553999999999999, 4.553999999999999, 4.553999999999999, 4.553999999999999, 4.553999999999999, 4.532, 4.531000000000001, 4.531000000000001, 4.531000000000001, 4.531000000000001, 4.553, 4.553999999999999, 4.553999999999999, 4.553999999999999], "mode": "2"}