{"O23": 5.0, "O34": [5.0, 5.0, 5.0, 5.0, 5.0, 5.0, 5.0, 5.0, 5.0, 5.0, 5.0, 5.0, 5.0, 5.0, 5.0, 5.0, 5.0, 5.0, 5.0, 5.0, 5.0, 5.0, 5.0, 5.0, 5.0, 5.0, 5.0, 5.0, 5.0, 5.0, 5.0, 5.0, 5.0, 5.0, 5.0, 5.0, 5.0, 5.0, 5.0, 5.0, 5.0, 5.0, 5.0, 5.0, 5.0, 5.0, 5.0, 5.0, 5.0, 5.0, 5.0, 5.0, 5.0, 5.0, 5.0, 5.0, 5.0, 5.0, 5.0, 5.0], "O35": 5.0, "O46": 4.9779888512124995, "O22": [4.394367586218434, 4.398230162517247, 4.400572162965149, 4.402168631147002, 4.402097771477627, 4.403830656059312, 4.406489353226136, 4.404967278491655, 4.4040518691773745, 4.404035818210281, 4.401160627482285, 4.399677467553851, 4.402230473309165, 4.403793394752875, 4.406837052483635, 4.410445155439644, 4.414491422601165, 4.417935863829565, 4.420732417127174, 4.423453421348993, 4.424785083208376, 4.423779532215027, 4.423531359572642, 4.423445431528465, 4.424865687715446, 4.423877620285543, 4.425131507715947, 4.428798171487013, 4.43088805262814, 4.431155372733042, 4.4332139029448765, 4.432529564650791, 4.4326377902104905, 4.435073117253454, 4.436829353436992, 4.440038000798731, 4.442616019705708, 4.445546272434535, 4.448715072513348, 4.451832268423944, 4.4553549755598665, 4.4591360403578255, 4.460471800163547, 4.460745884959481, 4.461426436456845, 4.461396335333713, 4.458254142608251, 4.456788517300881, 4.457459269545203, 4.39542344700055, 4.400183149724851, 4.403604282271712, 4.4100344568420144, 4.410856860132518, 4.407375806209063, 4.409840178203307, 4.40526106706494, 4.407642038970884, 4.394002658395175, 4.393404262339409], "O21": [4.559, 4.559, 4.559, 4.559, 4.559, 4.559, 4.559, 4.559, 4.559, 4.559, 4.559, 4.559, 4.559, 4.559, 4.559, 4.559, 4.559, 4.559, 4.559, 4.559, 4.559, 4.559, 4.559, 4.559, 4.559, 4.559, 4.559, 4.559, 4.559, 4.559, 4.559, 4.559, 4.559, 4.559, 4.559, 4.559, 4.559, 4.559, 4.559, 4.559, 4.559, 4.559, 4.559, 4.559, 4.559, 4.559, 4.559, 4.559, 4.559, 4.559, 4.559, 4.559, 4.559, 4.559, 4.559, 4.559, 4.559, 4.559, 4.559, 4.559], "mode": "2"}