{"O23": 5.0, "O34": [2.2579938613786092, 2.255775766596238, 2.256678656371068, 2.2540193765119168, 2.265967814071587, 2.2635569970028575, 2.2764693005107004, 2.2786336969509335, 2.2962104903924487, 2.328812823345918, 2.3360026887079575, 2.346957993382291, 2.3571605258517603, 2.944152445049628, 2.944155666322665, 2.9500747008034183, 2.9525465432113753, 2.953906553786443, 2.956743593791697, 2.9567816620518466, 2.952668807693012, 2.954537086973483, 2.959850923037584, 2.9685840427405075, 5.0, 5.0, 5.0, 5.0, 5.0, 5.0, 5.0, 5.0, 5.0, 5.0, 5.0, 5.0, 5.0, 5.0, 5.0, 5.0, 2.961428921046987, 2.9610896913562077, 2.9620966564297, 2.9638346458344826, 2.9637099945070733, 2.9625543864436827, 2.9639790602910776, 2.969041865951577, 2.971930161131701, 2.975373335133221, 2.976219963656257, 2.9800879365013473, 2.97511420081197, 2.9708475934592777, 2.9728095604068017, 2.97679929250128, 2.981388838410731, 2.9818971522235183, 2.9835122406881496, 2.9912530402378787], "O35": 2.9671562260685316, "O46": 2.9188239064138983, "O22": [1.4422512786302033, 1.440203330795628, 1.4410369611589104, 1.4385816709376076, 1.449613560567106, 1.4473876739031541, 1.4593094926723225, 1.4613078612894652, 1.477536363494791, 1.5076378170957898, 1.5142761579440276, 1.5243910965225005, 1.533811006998868, 2.075775597235837, 2.0757785714095256, 2.0812435650355767, 2.083525795870355, 2.0847814819367687, 2.0874008965720408, 2.087436044669209, 2.0836386816146444, 2.085363647805103, 2.0902698669384128, 2.098333081245951, 4.121865904281098, 4.116984964080585, 4.114587009561884, 4.112554759065745, 4.108856555951622, 4.1076241412256245, 4.1076241412256245, 4.1076241412256245, 4.1076241412256245, 4.1076241412256245, 4.104509778166439, 4.101004693941846, 4.096949080860205, 4.0927982430931245, 4.085824393532414, 4.078284615306197, 2.0917268189280236, 2.091413611072266, 2.0923433332636443, 2.093948003932512, 2.0938329144340497, 2.0927659514485866, 2.0940813405581675, 2.098755785478962, 2.101422523576342, 2.104601576516966, 2.105383261350374, 2.108954527409542, 2.104362320026987, 2.1004229981556337, 2.1022344653632685, 2.105918150690136, 2.110155638953328, 2.110624960724632, 2.1121161580125376, 2.1192631716576456], "O21": [4.531000000000001, 4.531000000000001, 4.531000000000001, 4.531000000000001, 4.531000000000001, 4.531000000000001, 4.531000000000001, 4.531000000000001, 4.531000000000001, 4.531000000000001, 4.531000000000001, 4.531000000000001, 4.531000000000001, 4.531000000000001, 4.531000000000001, 4.531000000000001, 4.531000000000001, 4.531000000000001, 4.531000000000001, 4.531000000000001, 4.531000000000001, 4.531000000000001, 4.531000000000001, 4.531000000000001, 4.553999999999999, 4.553999999999999, 4.553999999999999, 4.553999999999999, 4.553999999999999, 4.553999999999999, 4.553999999999999, 4.553999999999999, 4.553999999999999, 4.553999999999999, 4.553999999999999, 4.553999999999999, 4.553999999999999, 4.553999999999999, 4.553999999999999, 4.553999999999999, 4.531000000000001, 4.531000000000001, 4.531000000000001, 4.531000000000001, 4.531000000000001, 4.531000000000001, 4.531000000000001, 4.531000000000001, 4.531000000000001, 4.531000000000001, 4.531000000000001, 4.531000000000001, 4.531000000000001, 4.531000000000001, 4.531000000000001, 4.531000000000001, 4.531000000000001, 4.531000000000001, 4.531000000000001, 4.531000000000001, 4.531000000000001], "mode": "2"}