{"O23": 2.1403222635600283, "O34": [5.0, 5.0, 5.0, 5.0, 5.0, 3.6248688792343904, 3.6248688792343904, 3.6248688792343904, 3.6248688792343904, 3.624648563205902, 1.8110639355240001, 1.8110639355240001, 1.8110639355240001, 1.8110639355240001, 1.81232107587, 3.2173709797397048, 3.2173709797397048, 3.2173709797397048, 3.2173709797397048, 3.217582033599263, 5.0, 5.0, 5.0, 5.0, 5.0, 3.582126767627689, 3.582126767627689, 3.582126767627689, 3.582126767627689, 3.5816880785729146, 1.8110639355240001, 1.8110639355240001, 1.8110639355240001, 1.8110639355240001, 1.813039441782, 3.4547090677212937, 3.4547090677212937, 3.4547090677212937, 3.4547090677212937, 3.4549255161251358, 5.0, 5.0, 5.0, 5.0, 5.0, 2.9836598314999065, 2.9836598314999065, 2.9836598314999065, 2.9836598314999065, 2.9830426062399593, 1.8110639355240001, 1.8110639355240001, 1.8110639355240001, 1.8110639355240001, 1.8126802588259998, 2.8414544420217633, 2.8414544420217633, 2.8414544420217633, 2.8414544420217633], "O35": 2.5658485805740954, "O46": 1.6739734902860954, "O22": [4.20000364597892, 4.20000364597892, 4.20000364597892, 4.20000364597892, 4.20000364597892, 2.7042752260291176, 2.7042752260291176, 2.7042752260291176, 2.7042752260291176, 2.7042752260291176, 1.05, 1.05, 1.05, 1.05, 1.05, 2.328035920343519, 2.328035920343519, 2.328035920343519, 2.328035920343519, 2.328035920343519, 4.182438015244563, 4.182438015244563, 4.182438015244563, 4.182438015244563, 4.182438015244563, 2.664811802010532, 2.664811802010532, 2.664811802010532, 2.664811802010532, 2.664811802010532, 1.05, 1.05, 1.05, 1.05, 1.05, 2.5471681356154776, 2.5471681356154776, 2.5471681356154776, 2.5471681356154776, 2.5471681356154776, 4.0208944315803175, 4.0208944315803175, 4.0208944315803175, 4.0208944315803175, 4.0208944315803175, 2.1122524273395937, 2.1122524273395937, 2.1122524273395937, 2.1122524273395937, 2.1122524273395937, 1.05, 1.05, 1.05, 1.05, 1.05, 1.980955414352894, 1.980955414352894, 1.980955414352894, 1.980955414352894], "O21": [4.553999999999999, 4.553999999999999, 4.553999999999999, 4.553999999999999, 4.553999999999999, 4.531000000000001, 4.531000000000001, 4.531000000000001, 4.531000000000001, 4.53, 4.408, 4.408, 4.408, 4.408, 4.415, 4.531000000000001, 4.531000000000001, 4.531000000000001, 4.531000000000001, 4.532, 4.553999999999999, 4.553999999999999, 4.553999999999999, 4.553999999999999, 4.553999999999999, 4.531000000000001, 4.531000000000001, 4.531000000000001, 4.531000000000001, 4.529, 4.408, 4.408, 4.408, 4.408, 4.419, 4.531000000000001, 4.531000000000001, 4.531000000000001, 4.531000000000001, 4.532, 4.553999999999999, 4.553999999999999, 4.553999999999999, 4.553999999999999, 4.553, 4.531000000000001, 4.531000000000001, 4.531000000000001, 4.531000000000001, 4.5280000000000005, 4.408, 4.408, 4.408, 4.408, 4.417, 4.531000000000001, 4.531000000000001, 4.531000000000001, 4.531000000000001, 4.531000000000001], "mode": "2"}