{"O23": 5.0, "O34": [2.210925348200806, 2.2087206275441855, 2.1958553523232456, 2.1958300115179235, 2.206230355457073, 2.2104888533974134, 2.204454472076039, 2.2047871128327747, 2.195397642374336, 2.177849840276159, 2.181406815049291, 2.178181936868214, 2.2312801518101324, 2.2405102124097964, 2.3265918155777006, 2.371956367475753, 2.472107663268976, 2.500951773680921, 2.57939264658167, 2.6151800964779204, 2.660184975747744, 2.6942736678047536, 2.7062375570495503, 2.710397779499968, 2.706881400223777, 2.7144850754743963, 2.68656401824149, 2.709661908691116, 2.7153621568977044, 2.7300331645725433, 2.7310632814626574, 2.7218632225175416, 2.721545351432607, 2.697676592769894, 2.689116156473684, 2.655111475158944, 2.6443859971513892, 2.5799324852695706, 2.552872895092086, 2.451536672246016, 3.4246418729901262, 3.434638069238341, 3.4714610287098586, 3.4872586067776, 3.508859868317565, 3.513472145371564, 3.537415995278016, 3.5442353264833413, 3.5488077495594417, 3.5463614665185057, 3.5437690975020923, 3.55649661599831, 3.5426970669112783, 3.5424570008263356, 3.5381477561944696, 3.5337710468677996, 3.5208305530029853, 3.524814609725411, 3.480722063468793, 3.4871641425732953, 3.471038079018331, 3.4773890362059166, 3.436421962238753, 3.417919017446015, 3.3614571222444116, 3.330937053666692, 3.233646083435414, 3.1785294914088373, 3.1135199320904343, 3.0868476738349884, 3.0336290117513562, 3.0258297699591643, 2.987201901109143, 2.99046261112962, 3.015211191429591, 3.0130387424585443, 3.0098341478886654, 2.9953809539044984, 3.054400574228171, 3.03022210435861, 4.4030272850996575, 4.412966889578542, 4.421566835846727, 4.429002444382116, 4.433178426815536, 4.436328266017063, 4.433069002261378, 4.422197536668538, 4.405560230297156, 4.399593374446929, 4.409733650223859, 4.429466096539342, 4.42489389716836, 4.425234955242049, 4.424838599080532, 4.425767309953324, 4.418755109322419, 4.405510982211123, 4.398735739757159, 4.386487453880982, 4.375482679090023, 4.365386057831817, 4.354838471197512, 4.3410306628991515, 4.33199376902606, 4.326170778335662, 4.332284992801153, 4.345547003080578, 4.367754498454261, 4.381366695038052, 4.389097714623377, 4.388874932831914, 4.385341915921523, 4.378104899643201, 4.370208468683161, 4.361655920680931, 4.364243458355337, 4.373424922541847, 4.380410313558751, 4.394412074736149, 4.843786008137705, 4.8643546678794225, 4.869647554011612, 4.854784822453225, 4.845708040818499, 4.8439260056236035, 4.83874157318982, 4.815852128273402, 4.795432954114263, 4.78329668009013, 4.774374000874752, 4.7705720460074765, 4.778305898116117, 4.807358446309086, 4.829662221325062, 4.84626204743175, 4.853003461848101, 4.865972189560665, 4.873504627715707, 4.88580519850668, 4.883561579227161, 4.8953190014645696, 4.896654215868252, 4.8935358043399715, 4.889262189518107, 4.880998598607599, 4.872658369788191, 4.890607647674731, 4.906635794540663, 4.911150678009738, 4.908734087817145, 4.907044537030126, 4.893595935050292, 4.852607674828038, 4.82471328808667, 4.8072078968017005, 4.790152949922298, 4.775752805101681, 4.768169588097751, 4.766457881435644, 4.779159253092683, 4.759557166084608, 4.76183475464953, 4.786206976552524, 4.80138277231978, 4.814126530874471, 4.826960892912258, 4.833436547634666, 4.832198970103788, 4.843693364627313, 4.854743385527433, 4.863152201771847, 4.873893872116139, 4.89066287347779, 4.892690286391586, 4.89332801374999, 4.894527809607936, 4.8988959711504485, 4.89369465142777, 4.879739291531563, 4.858568957364698, 4.844765027199636, 4.835286757935454, 4.8161222298058375, 4.796520908481608, 4.780412577233611, 4.7948085237343445, 4.776702242238274, 4.766866032870943, 4.7573668506243685, 4.7496608324343494, 4.7458364469079335, 4.726120973726687, 4.71959478894202, 4.700994557672411, 4.685495602622776, 4.67825875792149, 4.705404129515567, 4.726143520434587, 4.737085520809366, 4.751995925481063, 4.735821634236771, 4.722115785384278, 4.714313307850711, 4.714352312087639, 4.708003914688809, 4.69166051303396, 4.720664315859551, 4.745375300662379, 4.7600989091989465, 4.775980869705433, 4.780552292437376, 4.791915529440997, 4.80850815402727, 4.824909397703733, 4.841060725074738, 4.866766322649359, 4.848840494589156, 4.834076659106091, 4.830630036941505, 4.833168221756917, 4.854142078284595, 4.85992683727629, 4.880725632909502, 4.891758287008077, 4.901204178589911, 4.900788972890851, 4.898814551271662, 4.898437013810411, 4.90212291433323, 4.902080510331721, 4.904628629574439, 4.9117178254575675, 4.902845912960028, 4.903524871992738, 4.904513523819196, 4.897029131622517, 4.915732213420499, 4.924258624991698, 4.9306528393262745, 4.9208462188021755, 4.909975655012674, 4.902716284749766, 4.889198805759405, 4.879876193123961, 4.875248595777874, 4.863754039577676, 4.842936200885671, 4.823831096458488, 4.800007231886409, 4.778406059683209, 4.757675973153293, 4.731708131383846, 4.716000045750863, 4.6988497167200585, 4.674650858702337, 4.645508870497929, 4.591529214211747, 4.554759902227004, 4.522673002477176, 4.517665010802032, 4.518026588263282, 4.5200130633830895, 4.514231641653686, 4.513050806735506, 4.5113672182337075, 4.505930557074853, 4.496928920502393, 4.496204619676007, 4.500040755505664, 4.494700163074869, 4.49417421027665, 4.494939915766065, 4.497571535888626, 4.499292281745866, 4.505360904712794, 4.506105786573223, 4.508972391683956, 4.508903315340699, 4.507655147565014, 4.503864915088758, 4.50318112220999, 4.499751321414458, 4.504642492942304, 4.512807196406305, 4.5153148908363505, 4.519954013540365, 4.529913416861621, 4.530048623269863, 4.524944261311998, 4.531277123945638, 4.533768647694991, 4.539784445164357, 4.53837975295778, 4.541528936468834, 4.539505654698784, 4.5434893679191655, 4.546535329728352, 4.556824027541803], "O35": 4.001831953405158, "O46": 3.921322240691368,