{"O23": 4.594340904953616, "O34": [4.3148348070093965, 4.3148348070093965, 4.3148348070093965, 4.3148348070093965, 4.3148348070093965, 2.7658725678058262, 2.7658725678058262, 2.7658725678058262, 2.7658725678058262, 2.7660733593927, 5.0, 5.0, 5.0, 5.0, 5.0, 3.273175974366883, 3.273175974366883, 3.273175974366883, 3.273175974366883, 3.2733882966385925, 5.0, 5.0, 5.0, 5.0, 5.0, 3.30314048475951, 3.30314048475951, 3.30314048475951, 3.30314048475951, 3.303353488105545, 5.0, 4.9763640137034875, 4.944622901098099, 4.926333303948337, 4.938967317846803, 4.9411145027563075, 4.952285760905111, 4.9532593694567515, 4.956091408877008, 4.959922533089553, 4.949375910083668, 4.943417779888917, 4.943892970928924, 4.932723995495359, 4.929677627370272, 4.931272219330105, 4.941057528456542, 4.940255668398059, 4.937340729429421, 4.949768131716427, 4.965187174990503, 4.986147235177318, 5.0, 5.0, 5.0, 5.0, 5.0, 5.0, 5.0, 5.0], "O35": 4.215431403195224, "O46": 3.887841044733187, "O22": [3.3363058570549615, 3.3363058570549615, 3.3363058570549615, 3.3363058570549615, 3.3363058570549615, 1.9111713199742888, 1.9111713199742888, 1.9111713199742888, 1.9111713199742888, 1.9111713199742888, 4.074000351384675, 4.074000351384675, 4.074000351384675, 4.074000351384675, 4.074000351384675, 2.379560191900143, 2.379560191900143, 2.379560191900143, 2.379560191900143, 2.379560191900143, 4.063277587924635, 4.063277587924635, 4.063277587924635, 4.063277587924635, 4.063277587924635, 2.407226166618812, 2.407226166618812, 2.407226166618812, 2.407226166618812, 2.407226166618812, 3.9785950592159733, 3.946770947592938, 3.917479963938176, 3.9006021595011973, 3.9122609409432556, 3.9142423824531973, 3.9245513197581934, 3.9254497744698083, 3.9280632058702656, 3.931598601685911, 3.921866083298201, 3.916367867267873, 3.9168063778254196, 3.9064995470305384, 3.903688331177218, 3.9051598349525314, 3.9141898060579114, 3.913449842397581, 3.910759910549681, 3.9222280289419165, 3.9364568604932204, 3.9557989921937513, 3.9776506227731074, 3.9944687171331057, 3.9900091141479197, 3.9932234452186126, 3.9868014983319373, 3.990513597098207, 3.9920310955986453, 3.9916718943689453], "O21": [4.553999999999999, 4.553999999999999, 4.553999999999999, 4.553999999999999, 4.553999999999999, 4.531000000000001, 4.531000000000001, 4.531000000000001, 4.531000000000001, 4.532, 4.553999999999999, 4.553999999999999, 4.553999999999999, 4.553999999999999, 4.553999999999999, 4.531000000000001, 4.531000000000001, 4.531000000000001, 4.531000000000001, 4.532, 4.553999999999999, 4.553999999999999, 4.553999999999999, 4.553999999999999, 4.553, 4.531000000000001, 4.531000000000001, 4.531000000000001, 4.531000000000001, 4.532, 4.553999999999999, 4.553999999999999, 4.553999999999999, 4.553999999999999, 4.553999999999999, 4.553999999999999, 4.553999999999999, 4.553999999999999, 4.553999999999999, 4.553999999999999, 4.553999999999999, 4.553999999999999, 4.553999999999999, 4.553999999999999, 4.553999999999999, 4.553999999999999, 4.553999999999999, 4.553999999999999, 4.553999999999999, 4.553999999999999, 4.553999999999999, 4.553999999999999, 4.553999999999999, 4.553999999999999, 4.553999999999999, 4.553999999999999, 4.553999999999999, 4.553999999999999, 4.553999999999999, 4.553999999999999], "mode": "2"}