{"O23": 4.594340904953616, "O34": [5.0, 5.0, 5.0, 5.0, 5.0, 5.0, 5.0, 5.0, 5.0, 5.0, 5.0, 5.0, 5.0, 5.0, 5.0, 5.0, 5.0, 5.0, 5.0, 5.0, 5.0, 5.0, 5.0, 5.0, 5.0, 5.0, 5.0, 5.0, 5.0, 5.0, 2.263987707267115, 2.263987707267115, 2.263987707267115, 2.263987707267115, 2.2643664753914234, 5.0, 5.0, 5.0, 5.0, 5.0, 3.0971069637977138, 3.0971069637977138, 3.0971069637977138, 3.0971069637977138, 3.0973152841324287, 4.903783638628477, 4.903783638628477, 4.903783638628477, 4.903783638628477, 4.903534383982454, 2.3546006317567376, 2.3546006317567376, 2.3546006317567376, 2.3546006317567376, 2.354792075393223, 5.0, 5.0, 5.0, 5.0, 5.0], "O35": 3.49068528474466, "O46": 3.2361638820107075, "O22": [4.128471721055712, 4.136270109512308, 4.141988569552733, 4.14569363322078, 4.141812738423964, 4.133648859030395, 4.136157721879176, 4.139460949078561, 4.136002447110099, 4.136912923928379, 4.144397943866991, 4.144500449946081, 4.153609202471103, 4.159691633383706, 4.162008269191338, 4.163266735044993, 4.161350155042917, 4.154619162921362, 4.1362707147679805, 4.1267404846399955, 4.124264546618134, 4.11872374378855, 4.113100755549728, 4.107781428635677, 4.109316179954972, 4.116709371592965, 4.111967880535325, 4.104668208113703, 4.107737488673166, 4.10289715445185, 1.4477853449855738, 1.4477853449855738, 1.4477853449855738, 1.4477853449855738, 1.4477853449855738, 4.09673826015777, 4.09673826015777, 4.09673826015777, 4.09673826015777, 4.09673826015777, 2.2169971888234645, 2.2169971888234645, 2.2169971888234645, 2.2169971888234645, 2.2169971888234645, 3.8797931259138783, 3.8797931259138783, 3.8797931259138783, 3.8797931259138783, 3.8797931259138783, 1.5314474787987615, 1.5314474787987615, 1.5314474787987615, 1.5314474787987615, 1.5314474787987615, 3.9696811621472445, 3.9696811621472445, 3.9696811621472445, 3.9696811621472445, 3.9696811621472445], "O21": [4.553999999999999, 4.553999999999999, 4.553999999999999, 4.553999999999999, 4.553999999999999, 4.553999999999999, 4.553999999999999, 4.553999999999999, 4.553999999999999, 4.553999999999999, 4.553999999999999, 4.553999999999999, 4.553999999999999, 4.553999999999999, 4.553999999999999, 4.553999999999999, 4.553999999999999, 4.553999999999999, 4.553999999999999, 4.553999999999999, 4.553999999999999, 4.553999999999999, 4.553999999999999, 4.553999999999999, 4.553999999999999, 4.553999999999999, 4.553999999999999, 4.553999999999999, 4.553999999999999, 4.553, 4.531000000000001, 4.531000000000001, 4.531000000000001, 4.531000000000001, 4.533, 4.553999999999999, 4.553999999999999, 4.553999999999999, 4.553999999999999, 4.553999999999999, 4.531000000000001, 4.531000000000001, 4.531000000000001, 4.531000000000001, 4.532, 4.553999999999999, 4.553999999999999, 4.553999999999999, 4.553999999999999, 4.553, 4.531000000000001, 4.531000000000001, 4.531000000000001, 4.531000000000001, 4.532, 4.553999999999999, 4.553999999999999, 4.553999999999999, 4.553999999999999, 4.553999999999999], "mode": "2"}