{"O23": 3.9275251454188056, "O34": [4.5344250971160935, 4.570714730647385, 4.599931882469044, 4.591365792985801, 4.577774090090051, 4.583957709579632, 4.591061713341181, 4.566381393173745, 4.576160437863373, 4.583938750900301, 4.586144410713332, 4.584733899155749, 4.601727302580223, 4.626968186586556, 4.634941737997267, 4.62866102594284, 4.645486707433638, 4.640391642855798, 4.638609629823991, 4.6133737873106595, 4.576150872314806, 4.562910125770015, 4.528346344890506, 4.5227555357468585, 4.526719045747315, 4.538791763575206, 4.553423733795089, 4.5923430575158175, 4.5661520674518, 4.554312859782493, 4.550305212043917, 4.563372630926776, 4.576714411654766, 4.593201272390446, 4.591261718522178, 4.614432413045399, 4.598760361865847, 4.575846360570259, 4.555684456609836, 4.588585318691471, 4.60437450420523, 4.603035047062992, 4.613883007463158, 4.619175666425058, 4.596934752915183, 4.592662671280233, 4.5763650504615265, 4.543260417440201, 4.556213300632495, 4.555236553545013, 4.545634533340112, 4.535364528815894, 4.51877000603607, 4.495414166268078, 4.500812583431047, 4.488209159140337, 4.503951469892088, 4.521955737761938, 4.531789353559518, 4.482051214858724], "O35": 4.552054633233894, "O46": 3.6167650736675494, "O22": [3.538945748045043, 3.5724341476426646, 3.5993959976284042, 3.5914911333547956, 3.578948587908792, 3.5846548874846254, 3.591210525928992, 3.5684353049212723, 3.577459495148128, 3.5846373922451447, 3.5866727949209944, 3.585371162193382, 3.60105282742463, 3.624345341775111, 3.6317034065961247, 3.6259075091298447, 3.641434399055043, 3.6367326277238097, 3.6350881701007847, 3.6118003080853027, 3.5774506679740408, 3.5652319881992653, 3.533336220921825, 3.5281769720549256, 3.5318345346640934, 3.5429753470534266, 3.5564778605247027, 3.5923929618360773, 3.568223681086386, 3.5572983539676337, 3.5536000606575016, 3.5656587921098692, 3.5779707071358935, 3.593184930226648, 3.59139509250548, 3.612777217416688, 3.598314907898939, 3.577169661802546, 3.55856407583284, 3.588925286715447, 3.6034956888483274, 3.6022596257730557, 3.6122702210133375, 3.6171543342160026, 3.5966302195706286, 3.592687904287078, 3.577648313490528, 3.5470990609555066, 3.559052097844426, 3.558150746863761, 3.5492899164205736, 3.5398126640509715, 3.524499089459391, 3.502946110854243, 3.5079278186742537, 3.496297265596837, 3.5108244112785374, 3.52743891129459, 3.536513460229754, 3.490614659333407], "O21": [4.553999999999999, 4.553999999999999, 4.553999999999999, 4.553999999999999, 4.553999999999999, 4.553999999999999, 4.553999999999999, 4.553999999999999, 4.553999999999999, 4.553999999999999, 4.553999999999999, 4.553999999999999, 4.553999999999999, 4.553999999999999, 4.553999999999999, 4.553999999999999, 4.553999999999999, 4.553999999999999, 4.553999999999999, 4.553999999999999, 4.553999999999999, 4.553999999999999, 4.553999999999999, 4.553999999999999, 4.553999999999999, 4.553999999999999, 4.553999999999999, 4.553999999999999, 4.553999999999999, 4.553999999999999, 4.553999999999999, 4.553999999999999, 4.553999999999999, 4.553999999999999, 4.553999999999999, 4.553999999999999, 4.553999999999999, 4.553999999999999, 4.553999999999999, 4.553999999999999, 4.553999999999999, 4.553999999999999, 4.553999999999999, 4.553999999999999, 4.553999999999999, 4.553999999999999, 4.553999999999999, 4.553999999999999, 4.553999999999999, 4.553999999999999, 4.553999999999999, 4.553999999999999, 4.553999999999999, 4.553999999999999, 4.553999999999999, 4.553999999999999, 4.553999999999999, 4.553999999999999, 4.553999999999999, 4.553999999999999], "mode": "2"}