{"O23": 3.0762898993329473, "O34": [4.823078894875235, 4.874700356404386, 4.924071400131804, 4.933593138789244, 4.923319027236279, 4.924599715945213, 4.914913905699036, 4.922928929455852, 4.924381706115818, 4.917359988048261, 4.916696690145075, 4.925722884637056, 4.933477685266682, 4.935110420795, 4.936218620729201, 4.943623960548987, 4.94266671822728, 4.957572885568178, 4.984152596442763, 5.0, 5.0, 5.0, 5.0, 5.0, 5.0, 5.0, 5.0, 5.0, 5.0, 5.0, 5.0, 5.0, 5.0, 5.0, 5.0, 5.0, 5.0, 5.0, 5.0, 5.0, 5.0, 5.0, 5.0, 5.0, 5.0, 5.0, 5.0, 5.0, 5.0, 5.0, 5.0, 5.0, 5.0, 5.0, 5.0, 5.0, 5.0, 5.0, 5.0, 5.0], "O35": 4.980805252485879, "O46": 3.195874237952745, "O22": [3.8053180638854385, 3.8529548119945334, 3.898514854354008, 3.907301600264505, 3.8978205578919067, 3.899002388929356, 3.8900642362838895, 3.897460572158189, 3.8988012075016982, 3.892321503034431, 3.8917094057748938, 3.900038859080964, 3.907195058717449, 3.9087017617201782, 3.909724418567858, 3.9165581326318857, 3.915674780824174, 3.9294303258602126, 3.953958321663473, 3.9745363689032036, 3.994521892903037, 3.9922932499705466, 3.9847358208171575, 3.9889439705962695, 3.997493324301159, 4.0005002455690235, 4.006997517894926, 3.998634989419029, 3.996257790992037, 3.9998465216775743, 4.0025665271302975, 4.01091563613418, 4.012113359165536, 4.033827332493894, 4.051017809201537, 4.0617874088770405, 4.078506665908661, 4.0833277309402405, 4.076819657797112, 4.06957954679574, 4.062071923063029, 4.056589675939285, 4.050524832488122, 4.056960531169755, 4.06806962619234, 4.0738071232822515, 4.077502588161451, 4.0858131506786535, 4.091745571599543, 4.1014983221099985, 4.103289682543381, 4.104421724452165, 4.106784841719489, 4.0978799111092306, 4.0904162798123815, 4.082852938331845, 4.076575868506429, 4.070371329930339, 4.069267304207526, 4.071276128231149], "O21": [4.553999999999999, 4.553999999999999, 4.553999999999999, 4.553999999999999, 4.553999999999999, 4.553999999999999, 4.553999999999999, 4.553999999999999, 4.553999999999999, 4.553999999999999, 4.553999999999999, 4.553999999999999, 4.553999999999999, 4.553999999999999, 4.553999999999999, 4.553999999999999, 4.553999999999999, 4.553999999999999, 4.553999999999999, 4.553999999999999, 4.553999999999999, 4.553999999999999, 4.553999999999999, 4.553999999999999, 4.553999999999999, 4.553999999999999, 4.553999999999999, 4.553999999999999, 4.553999999999999, 4.553999999999999, 4.553999999999999, 4.553999999999999, 4.553999999999999, 4.553999999999999, 4.553999999999999, 4.553999999999999, 4.553999999999999, 4.553999999999999, 4.553999999999999, 4.553999999999999, 4.553999999999999, 4.553999999999999, 4.553999999999999, 4.553999999999999, 4.553999999999999, 4.553999999999999, 4.553999999999999, 4.553999999999999, 4.553999999999999, 4.553999999999999, 4.553999999999999, 4.553999999999999, 4.553999999999999, 4.553999999999999, 4.553999999999999, 4.553999999999999, 4.553999999999999, 4.553999999999999, 4.553999999999999, 4.553999999999999], "mode": "2"}