{"O23": 1.7688029718764249, "O34": [1.8110639355240001, 1.8110639355240001, 1.8110639355240001, 1.8110639355240001, 1.8110639355240001, 1.8110639355240001, 1.8110639355240001, 1.8110639355240001, 1.8110639355240001, 1.8110639355240001, 1.8110639355240001, 1.8110639355240001, 1.8110639355240001, 1.8110639355240001, 1.8110639355240001, 1.8110639355240001, 1.8110639355240001, 1.8110639355240001, 1.8110639355240001, 1.8110639355240001, 1.8110639355240001, 1.8110639355240001, 1.8110639355240001, 1.8110639355240001, 1.8110639355240001, 1.8110639355240001, 1.8110639355240001, 1.8110639355240001, 1.8110639355240001, 1.8110639355240001, 1.8110639355240001, 1.8110639355240001, 1.8110639355240001, 1.8110639355240001, 1.8110639355240001, 1.8110639355240001, 1.8110639355240001, 1.8110639355240001, 1.8110639355240001, 1.8119618929140002, 2.78087210227271, 2.786547041281378, 2.791588295815096, 2.79322966766926, 2.7919668444337873, 2.790660754640988, 2.7907557057686945, 2.7895383516771384, 2.7916286271498025, 2.7945552638825384, 2.803876326751877, 2.819304382017376, 2.82580555704855, 2.817273299099085, 2.8083999011007172, 2.807174366399817, 2.81006685161234, 2.811671299020487, 2.8093748067226114, 2.8090391251418008, 2.8077728488281, 2.8003202549243325, 2.7983827725921278, 2.796273968481749, 2.7967298779980014, 2.7979644561482946, 2.7986340767964073, 2.8000111493164246, 2.7988772005714866, 2.61839116370579, 2.6007192196090445, 2.596248763814871, 2.61151388866535, 2.6183431086006803, 2.6041082565342926, 4.445491843611947, 4.449666067532235, 4.452484161942642, 4.453880385210667, 4.454835846729295, 4.455300500651959, 4.456584362834088, 4.456423844149089, 4.454698219793879, 4.452835979744978, 4.451556424400678, 4.454091124157233, 4.455278181713838, 4.457018421231615, 4.458123917873292, 4.4636217607192705, 4.563245963968013, 4.565914996140086, 4.571533069449518, 4.571743791935786, 4.561942170964509, 4.552531602357303, 4.546549811420336, 4.547808598038392, 4.553661015348148, 4.556640950265902, 4.555761541237859, 4.546002102671531, 4.536183722262034, 4.533741146945194, 4.528258442734048, 4.522258774669191, 4.524954597641378, 4.54384833504011, 4.559351383494689, 2.800671544850923, 2.7955437658973636, 2.7891216488987918, 2.784096088773813, 2.7803695423032626, 2.778422706781322, 2.7754521848257676, 2.771027404784012, 2.766735820571259, 2.770996476996238, 2.7640743789549256, 2.760860034046827, 2.760106522473023, 2.760151475436302, 2.7652986913329336, 2.7666356911125907, 2.7580756368709767, 2.751948303028229, 2.7501617282728446, 2.7505534649162025, 2.7538780777399587, 2.761393600526055, 2.7700431691477143, 2.7792231283144053, 2.7819306912727346, 2.7848663174894233, 2.7897085027678226, 2.798243669859168, 2.809024717769935, 2.8141780419673412, 2.808898903599232, 2.789007587796159, 2.7667315477964407, 2.762937449471815, 2.758027009548084, 1.8110639355240001, 1.8110639355240001, 1.8110639355240001, 1.8110639355240001, 1.8110639355240001, 1.8110639355240001, 1.8110639355240001, 1.8110639355240001, 1.8110639355240001, 1.8110639355240001, 1.8110639355240001, 1.8110639355240001, 1.8110639355240001, 1.8110639355240001, 1.8110639355240001, 1.8110639355240001, 1.8110639355240001, 1.8110639355240001, 1.8110639355240001, 1.8110639355240001, 1.8110639355240001, 1.8110639355240001, 1.8110639355240001, 1.8110639355240001, 1.8110639355240001, 1.8110639355240001, 1.8110639355240001, 1.8110639355240001, 1.8110639355240001, 1.8110639355240001, 1.8110639355240001, 1.8110639355240001, 1.8110639355240001, 1.8110639355240001], "O35": 2.2470739436128344, "O46": 1.43073388562485, "O22": [1.05, 1.05, 1.05, 1.05, 1.05, 1.05, 1.05, 1.05, 1.05, 1.05, 1.05, 1.05, 1.05, 1.05, 1.05, 1.05, 1.05, 1.05, 1.05, 1.05, 1.05, 1.05, 1.05, 1.05, 1.05, 1.05, 1.05, 1.05, 1.05, 1.05, 1.05, 1.05, 1.05, 1.05, 1.05, 1.05, 1.05, 1.05, 1.05, 1.05, 1.9250202611355207, 1.9302598835116775, 1.9349144304624781, 1.936429894977874, 1.9352639411461925, 1.93405803967427, 1.9341457072338006, 1.933021734671614, 1.93495166803692, 1.9376538065600484, 1.946259863736197, 1.9605044544650534, 1.9665069334542762, 1.9586291730760812, 1.950436441024903, 1.9493049153764712, 1.9519755220947266, 1.9534568945867046, 1.9513365630003663, 1.9510266310840252, 1.9498574890549163, 1.942976573203847, 1.941187712430943, 1.9392406717338013, 1.9396616090688479, 1.9408014844563208, 1.9414197394412693, 1.9426911786547043, 1.9416442135316756, 1.7750030080665646, 1.7586866540796626, 1.7545591206956042, 1.7686532791736487, 1.774958639201342, 1.7618157227234017, 3.456877343350477, 3.4607293546564604, 3.463329917476643, 3.4646183648423854, 3.4655000733090295, 3.4659288601201, 3.4671136196671015, 3.466965491583596, 3.46537306993754, 3.4636545781029358, 3.4624737929445453, 3.464812836634097, 3.4659082640036423, 3.467514172652917, 3.468534334877988, 3.473607793610832, 3.5655419027032242, 3.568004909551728, 3.5731893180355656, 3.573383774637567, 3.5643387508153364, 3.5556545936251776, 3.5501345432495284, 3.551296162840899, 3.5566968260719607, 3.5594467367651785, 3.5586352102195753, 3.5496291126993067, 3.540568623117035, 3.53831459268746, 3.5332551040227407, 3.5277185564729896, 3.5302062861123433, 3.5476415965944863, 3.5619479488804795, 1.9433009161715993, 1.9385664819681616, 1.9326369965804566, 1.9279969401422565, 1.9245562518382835, 1.9227587553457437, 1.9200160979738472, 1.9159307366191358, 1.911968353827716, 1.9159021812586956, 1.9095110676745997, 1.9065432906677566, 1.9058475799126695, 1.905889084597021, 1.9106414647628185, 1.9118759051597474, 1.9039724807040885, 1.8983151660687052, 1.896665636963513, 1.8970273240369708, 1.9000969104619185, 1.907035928008786, 1.9150220003216214, 1.9234977776627584, 1.925997647254246, 1.9287080856905887, 1.9331788337101616, 1.9410592800740332, 1.9510133288815, 1.9557713487888644, 1.9508971657398262, 1.932531684945443, 1.911964408811476, 1.9084613504616534, 1.9041128122248405, 1.05, 1.05, 1.05, 1.05, 1.05, 1.05, 1.05, 1.05, 1.05, 1.05, 1.05, 1.05, 1.05, 1.05, 1.05, 1.05, 1.05, 1.05, 1.05, 1.05, 1.05, 1.05, 1.05, 1.05, 1.05, 1.05, 1.05, 1.05, 1.05, 1.05, 1.05, 1.05, 1.05, 1.05],