{"O23": 2.967987223532548, "O34": [5.0, 5.0, 5.0, 5.0, 5.0, 5.0, 5.0, 5.0, 5.0, 5.0, 5.0, 5.0, 5.0, 5.0, 5.0, 5.0, 5.0, 5.0, 5.0, 5.0, 5.0, 5.0, 5.0, 4.996689563145489, 4.988365769262068, 4.991259971244906, 4.993569069704634, 4.996911368028508, 4.988484813321227, 4.975302296916453, 4.966701846722074, 4.9757536297953555, 4.975039447666085, 4.960999783211711, 4.942602780192166, 4.934506556233359, 4.937142898720141, 4.948463321318495, 4.955542504648937, 4.95539461786863, 4.952047408881958, 4.944755699903313, 4.9446437572984365, 4.9525747875271176, 4.962535015140292, 4.962104655949565, 4.9663500878981734, 4.979894564004095, 4.99268704831014, 5.0, 5.0, 5.0, 4.997867320259807, 5.0, 5.0, 5.0, 5.0, 5.0, 5.0, 5.0], "O35": 4.984277610182875, "O46": 3.1211536251462553, "O22": [4.078865932019058, 4.069520896072758, 4.060395801697242, 4.061878584526652, 4.059310663322264, 4.0452504407985455, 4.034081385721488, 4.022956616891969, 4.021986020793934, 4.025945414307457, 3.9991444580124207, 3.9877148207683764, 3.989067310167313, 3.995164168640462, 4.001641598968592, 3.994050732747381, 3.9864949486547046, 3.9827155691281986, 3.976549538072073, 3.976255054907399, 3.9752571435684065, 3.9739968794761467, 3.9736783581988924, 3.965527547082102, 3.957846275363117, 3.9605170709343636, 3.962647927721962, 3.9657322306193126, 3.957956130289577, 3.9457911858107457, 3.9378546131644434, 3.9462076798430488, 3.9455486261628883, 3.932592697769199, 3.915615778231394, 3.9081445100817556, 3.910577350595216, 3.9210239381933167, 3.927556672121045, 3.927420200872586, 3.924331366371522, 3.917602511867772, 3.9174992102270756, 3.9248180361195955, 3.9340094235747936, 3.9336122842502217, 3.93753000696398, 3.950028971104371, 3.961833990461146, 3.9693196912887303, 3.9730616269762646, 3.9697981996525877, 3.966614391920015, 3.9720834805360936, 3.9808600999071637, 3.9893704830381784, 3.988970597585904, 3.9774861265685364, 3.9712938356987753, 3.975865335199919], "O21": [4.553999999999999, 4.553999999999999, 4.553999999999999, 4.553999999999999, 4.553999999999999, 4.553999999999999, 4.553999999999999, 4.553999999999999, 4.553999999999999, 4.553999999999999, 4.553999999999999, 4.553999999999999, 4.553999999999999, 4.553999999999999, 4.553999999999999, 4.553999999999999, 4.553999999999999, 4.553999999999999, 4.553999999999999, 4.553999999999999, 4.553999999999999, 4.553999999999999, 4.553999999999999, 4.553999999999999, 4.553999999999999, 4.553999999999999, 4.553999999999999, 4.553999999999999, 4.553999999999999, 4.553999999999999, 4.553999999999999, 4.553999999999999, 4.553999999999999, 4.553999999999999, 4.553999999999999, 4.553999999999999, 4.553999999999999, 4.553999999999999, 4.553999999999999, 4.553999999999999, 4.553999999999999, 4.553999999999999, 4.553999999999999, 4.553999999999999, 4.553999999999999, 4.553999999999999, 4.553999999999999, 4.553999999999999, 4.553999999999999, 4.553999999999999, 4.553999999999999, 4.553999999999999, 4.553999999999999, 4.553999999999999, 4.553999999999999, 4.553999999999999, 4.553999999999999, 4.553999999999999, 4.553999999999999, 4.553999999999999], "mode": "2"}