{"O23": 5.0, "O34": [5.0, 5.0, 5.0, 5.0, 5.0, 5.0, 5.0, 5.0, 5.0, 5.0, 5.0, 5.0, 5.0, 5.0, 5.0, 5.0, 5.0, 5.0, 5.0, 5.0, 5.0, 5.0, 5.0, 5.0, 5.0, 5.0, 5.0, 5.0, 5.0, 5.0, 5.0, 5.0, 5.0, 5.0, 5.0, 5.0, 5.0, 5.0, 5.0, 5.0, 5.0, 5.0, 5.0, 5.0, 5.0, 5.0, 5.0, 5.0, 5.0, 5.0, 5.0, 5.0, 5.0, 5.0, 5.0, 5.0, 5.0, 5.0, 5.0, 5.0, 5.0, 5.0, 5.0, 5.0, 5.0, 5.0, 5.0, 5.0, 5.0, 5.0, 5.0, 5.0, 5.0, 5.0, 5.0, 5.0, 5.0, 5.0, 5.0, 5.0, 5.0, 5.0, 5.0, 5.0, 5.0, 5.0, 5.0, 5.0, 5.0, 5.0, 5.0, 5.0, 5.0, 5.0, 5.0, 5.0, 5.0, 5.0, 5.0, 5.0, 5.0, 5.0, 5.0, 5.0, 5.0, 5.0, 5.0, 5.0, 5.0, 5.0, 5.0, 5.0, 5.0, 5.0, 5.0, 3.3598279345026043, 3.3598279345026043, 3.3598279345026043, 3.3598279345026043, 3.3598279345026043, 3.3598279345026043, 3.3598279345026043, 3.3598279345026043, 3.3598279345026043, 3.3603922802022392, 1.8110639355240001, 1.8110639355240001, 1.8110639355240001, 1.8110639355240001, 1.8110639355240001, 1.8110639355240001, 1.8110639355240001, 1.8110639355240001, 1.8110639355240001, 1.8142965821280002, 2.889444948586833, 2.889444948586833, 2.889444948586833, 2.889444948586833, 2.889444948586833, 2.889444948586833, 2.889444948586833, 2.889444948586833, 2.889444948586833, 2.908787343472491, 5.0, 5.0, 5.0, 5.0, 5.0, 5.0, 5.0, 5.0, 5.0, 5.0, 5.0, 5.0, 5.0, 5.0, 5.0, 5.0, 5.0, 5.0, 5.0, 5.0, 5.0, 5.0, 5.0, 5.0, 5.0, 5.0, 5.0, 5.0, 5.0, 5.0, 5.0, 5.0, 5.0, 5.0], "O35": 3.934735817430281, "O46": 3.866324169935211, "O22": [4.335201144620436, 4.341684605696093, 4.3404827615101915, 4.341056779185688, 4.342079140991065, 4.317121431738508, 4.315946614025861, 4.3181607775208, 4.319906778769294, 4.319578924937219, 4.31204901545345, 4.297986045160215, 4.29592899798572, 4.2896192565411315, 4.286942669957983, 4.283377516735074, 4.281451680234026, 4.280008599883182, 4.291898889916163, 4.293322733797468, 4.290474746906833, 4.288309255520155, 4.291139265575716, 4.292053779230316, 4.292025054684879, 4.314586589095039, 4.3164535781814815, 4.315752383150448, 4.314414197446443, 4.3149757954226144, 4.32029771541993, 4.333003975400237, 4.334852020865885, 4.339307921545247, 4.340252669874344, 4.341244237463073, 4.339964927764116, 4.338543393127722, 4.33897411622776, 4.341218905582641, 4.341751630016275, 4.339185637715265, 4.336677999065526, 4.334166811540034, 4.331584751986657, 4.329393300922244, 4.3291271786647005, 4.3274810890365005, 4.326294142493206, 4.324495667887017, 4.32202433327516, 4.319478234736102, 4.315787090344536, 4.314462427246386, 4.315317529633748, 4.315255404807356, 4.316381584510181, 4.317083013710285, 4.315165658370332, 4.311528564430834, 4.308260959195477, 4.307764591209878, 4.307477487728685, 4.308983115692674, 4.310254355474344, 4.309702086463963, 4.308420269831917, 4.307557795485235, 4.306612152964852, 4.3056548490759115, 4.305585311217237, 4.306190712440097, 4.30664383591259, 4.305180522901973, 4.30218374630156, 4.3028094341510545, 4.303443632471358, 4.304241344328581, 4.305258206930804, 4.307389471354714, 4.308710209802483, 4.308370053843511, 4.306801771241179, 4.304186890260197, 4.301919726292626, 4.300104848439292, 4.2989159337999645, 4.300129144965601, 4.3032150793705, 4.295576590787905, 4.299532840064977, 4.3025909317466, 4.3057243090886965, 4.309456086056921, 4.312196122565516, 4.312994050977214, 4.313253761156993, 4.305753082310292, 4.306684749540212, 4.3078421398286375, 4.309042688658885, 4.311867367249109, 4.315287125998214, 4.318193713541148, 4.3213198415865195, 4.323927891385244, 4.326262491408147, 4.326966500115421, 4.326107170729761, 4.338997219653462, 4.338136791747264, 4.337367139480661, 4.337203922352062, 4.335915333482099, 4.335813317132086, 2.4595652013939038, 2.4595652013939038, 2.4595652013939038, 2.4595652013939038, 2.4595652013939038, 2.4595652013939038, 2.4595652013939038, 2.4595652013939038, 2.4595652013939038, 2.460877791423434, 1.05, 1.05, 1.05, 1.05, 1.05, 1.05, 1.05, 1.05, 1.05, 1.05, 2.0252646362947297, 2.0252646362947297, 2.0252646362947297, 2.0252646362947297, 2.0252646362947297, 2.0252646362947297, 2.0252646362947297, 2.0252646362947297, 2.0252646362947297, 2.042558176672068, 4.337694332142561, 4.343175153246246, 4.346838141329774, 4.337831862635887, 4.341691459154875, 4.34490384296233, 4.3487554751794555, 4.351039199398143, 4.353180974188958, 4.355447740956842, 4.355321695348078, 4.355705873206958, 4.358258718296283, 4.358695636648566, 4.362040864226113, 4.365825158390596, 4.374140918946008, 4.37150967849584, 4.3675613253709695, 4.367956317667245, 4.367143765796265, 4.366080097207571, 4.364896570262076, 4.370909359670325, 4.377667818679514, 4.3770354359612895, 4.37543530165518, 4.37471212961784, 4.373772338648631, 4.3722698640627655, 4.3729561262711485, 4.373900878540071, 4.3711933155712215, 4.370343520960636, 4.368035330525579], "O21": [4.553999999999999, 4.553999999999999, 4.553999999999999, 4.553999999999999, 4.553999999999999, 4.553999999999999, 4.553999999999999, 4.553999999999999, 4.553999999999999, 4.553999999999999, 4.553999999999999, 4.553999999999999, 4.553999999999999, 4.553999999999999, 4.553999999999999, 4.553999999999999, 4.553999999999999, 4.553999999999999, 4.553999999999999, 4.553999999999999, 4.553999999999999, 4.553999999999999, 4.553999999999999, 4.553999999999999, 4.553999999999999, 4.553999999999999, 4.553999999999999, 4.553999999999999, 4.553999999999999, 4.553999999999999, 4.553999999999999, 4.553999999999999, 4.553999999999999, 4.553999999999999, 4.553999999999999, 4.553999999999999, 4.553999999999999, 4.553999999999999, 4.553999999999999, 4.553999999999999, 4.553999999999999, 4.553999999999999, 4.553999999999999, 4.553999999999999, 4.553999999999999, 4.553999999999999, 4.553999999999999, 4.553999999999999, 4.553999999999999, 4.553999999999999, 4.553999999999999, 4.553999999999999, 4.553999999999999, 4.553999999999999, 4.553999999999999, 4.553999999999999, 4.553999999999999, 4.553999999999999, 4.553999999999999, 4.553999999999999, 4.553999999999999, 4.553999999999999, 4.553999999999999, 4.553999999999999, 4.553999999999999, 4.553999999999999, 4.553999999999999, 4.553999999999999, 4.553999999999999, 4.553999999999999, 4.553999999999999, 4.553999999999999, 4.553999999999999, 4.553999999999999, 4.553999999999999, 4.553999999999999, 4.553999999999999, 4.553999999999999, 4.553999999999999, 4.553999999999999, 4.553999999999999, 4.553999999999999, 4.553999999999999, 4.553999999999999, 4.553999999999999, 4.553999999999999, 4.553999999999999, 4.553999999999999, 4.553999999999999, 4.553999999999999, 4.553999999999999, 4.553999999999999, 4.553999999999999, 4.553999999999999, 4.553999999999999, 4.553999999999999, 4.553999999999999, 4.553999999999999, 4.553999999999999, 4.553999999999999, 4.553999999999999, 4.553999999999999, 4.553999999999999, 4.553999999999999, 4.553999999999999, 4.553999999999999, 4.553999999999999, 4.553999999999999, 4.553999999999999, 4.553999999999999, 4.553999999999999, 4.553999999999999, 4.553999999999999, 4.553999999999999, 4.553, 4.531000000000001, 4.531000000000001, 4.531000000000001, 4.531000000000001, 4.531000000000001, 4.531000000000001, 4.531000000000001, 4.531000000000001, 4.531000000000001, 4.527, 4.408, 4.408, 4.408, 4.408, 4.408, 4.408, 4.408, 4.408, 4.408, 4.426, 4.531000000000001, 4.531000000000001, 4.531000000000001, 4.531000000000001, 4.531000000000001, 4.531000000000001, 4.531000000000001, 4.531000000000001, 4.531000000000001, 4.534, 4.553999999999999, 4.553999999999999, 4.553999999999999, 4.553999999999999, 4.553999999999999, 4.553999999999999, 4.553999999999999, 4.553999999999999, 4.553999999999999, 4.553999999999999, 4.553999999999999, 4.553999999999999, 4.553999999999999, 4.553999999999999, 4.553999999999999, 4.553999999999999, 4.553999999999999, 4.553999999999999, 4.553999999999999, 4.553999999999999, 4.553999999999999, 4.553999999999999, 4.553999999999999, 4.553999999999999, 4.553999999999999, 4.553999999999999, 4.553999999999999, 4.553999999999999, 4.553999999999999, 4.553999999999999, 4.553999999999999, 4.553999999999999, 4.553999999999999, 4.553999999999999], "mode": "2"}