{"O23": 3.0762898993329473, "O34": [5.0, 5.0, 5.0, 5.0, 5.0, 5.0, 5.0, 5.0, 5.0, 5.0, 5.0, 5.0, 5.0, 5.0, 5.0, 5.0, 5.0, 5.0, 5.0, 5.0, 5.0, 5.0, 5.0, 5.0, 5.0, 5.0, 5.0, 5.0, 5.0, 5.0, 5.0, 5.0, 5.0, 5.0, 5.0, 5.0, 5.0, 5.0, 5.0, 5.0, 5.0, 5.0, 5.0, 5.0, 5.0, 5.0, 5.0, 5.0, 5.0, 5.0, 5.0, 5.0, 5.0, 5.0, 5.0, 5.0, 5.0, 5.0, 5.0, 5.0], "O35": 5.0, "O46": 3.221388582549711, "O22": [4.30264411246169, 4.311066180800815, 4.3185760668804125, 4.325142362655538, 4.329991459556471, 4.325674955905415, 4.3104953323294755, 4.291180044260837, 4.297562542585855, 4.303132586666648, 4.321776615097771, 4.337763155204236, 4.344877484082006, 4.3431165885275975, 4.342284156724243, 4.340503189679958, 4.3375339445613115, 4.334520696212854, 4.33048307278723, 4.32566706685207, 4.321690070039124, 4.317414313811135, 4.312158271112673, 4.306266960154717, 4.30201114237627, 4.306583293225319, 4.32116046014654, 4.339101703035591, 4.335014807147563, 4.334783898161069, 4.334020265821709, 4.332915991846175, 4.331774360132656, 4.334885643780122, 4.337021028926847, 4.338168832929705, 4.338844758052815, 4.333670617214785, 4.330179641568143, 4.325558604436357, 4.320770235605436, 4.316776728800673, 4.3154066753756215, 4.316003470524069, 4.316243053104238, 4.313600818223767, 4.31095970670103, 4.308712893735587, 4.311177300226686, 4.307706748869934, 4.301098838063697, 4.296144357154377, 4.290463285167404, 4.284656821527561, 4.279252019828523, 4.275633273904597, 4.271502278995284, 4.278318537640994, 4.283953282385659, 4.292904361970417], "O21": [4.553999999999999, 4.553999999999999, 4.553999999999999, 4.553999999999999, 4.553999999999999, 4.553999999999999, 4.553999999999999, 4.553999999999999, 4.553999999999999, 4.553999999999999, 4.553999999999999, 4.553999999999999, 4.553999999999999, 4.553999999999999, 4.553999999999999, 4.553999999999999, 4.553999999999999, 4.553999999999999, 4.553999999999999, 4.553999999999999, 4.553999999999999, 4.553999999999999, 4.553999999999999, 4.553999999999999, 4.553999999999999, 4.553999999999999, 4.553999999999999, 4.553999999999999, 4.553999999999999, 4.553999999999999, 4.553999999999999, 4.553999999999999, 4.553999999999999, 4.553999999999999, 4.553999999999999, 4.553999999999999, 4.553999999999999, 4.553999999999999, 4.553999999999999, 4.553999999999999, 4.553999999999999, 4.553999999999999, 4.553999999999999, 4.553999999999999, 4.553999999999999, 4.553999999999999, 4.553999999999999, 4.553999999999999, 4.553999999999999, 4.553999999999999, 4.553999999999999, 4.553999999999999, 4.553999999999999, 4.553999999999999, 4.553999999999999, 4.553999999999999, 4.553999999999999, 4.553999999999999, 4.553999999999999, 4.553999999999999, 4.553999999999999], "mode": "2"}