{"O23": 5.0, "O34": [4.384581210773948, 4.384581210773948, 4.384581210773948, 4.384581210773948, 4.384581210773948, 3.6884304263181305, 3.683775672524434, 3.683775672524434, 3.683775672524434, 3.683775672524434, 4.655394424032476, 4.657831096248678, 4.657831096248678, 4.657831096248678, 4.657831096248678, 2.9152920028526212, 2.912230229796366, 2.912230229796366, 2.912230229796366, 2.912230229796366, 4.84997484632805, 4.850967065472269, 4.850967065472269, 4.850967065472269, 4.850967065472269, 3.5093966868746116, 3.5083083534664667, 3.5083083534664667, 3.5083083534664667, 5.0, 5.0, 5.0, 5.0, 5.0, 5.0, 3.745631165140664, 3.7409491215056905, 3.7409491215056905, 3.7409491215056905, 3.7409491215056905, 5.0, 5.0, 5.0, 5.0, 5.0, 3.8115052719988336, 3.8081380476912234, 3.8081380476912234, 3.8081380476912234, 3.8081380476912234, 5.0, 5.0, 5.0, 5.0, 5.0, 3.8581125586561336, 3.8569845992978338, 3.8569845992978338, 3.8569845992978338], "O35": 3.183039693265116, "O46": 3.420858761611337, "O22": [3.4006684645679424, 3.4006684645679424, 3.4006684645679424, 3.4006684645679424, 3.4006684645679424, 2.758663361612379, 2.758663361612379, 2.758663361612379, 2.758663361612379, 2.758663361612379, 3.6528259118701296, 3.6528259118701296, 3.6528259118701296, 3.6528259118701296, 3.6528259118701296, 2.046302090457699, 2.046302090457699, 2.046302090457699, 2.046302090457699, 2.046302090457699, 3.8310535180667227, 3.8310535180667227, 3.8310535180667227, 3.8310535180667227, 3.8310535180667227, 2.5966558951328023, 2.5966558951328023, 2.5966558951328023, 2.5966558951328023, 4.142636281090158, 4.142636281090158, 4.142636281090158, 4.142636281090158, 4.142636281090158, 4.142636281090158, 2.811451115303952, 2.811451115303952, 2.811451115303952, 2.811451115303952, 2.811451115303952, 4.2637661737077615, 4.2637661737077615, 4.2637661737077615, 4.2637661737077615, 4.2637661737077615, 2.8734860729544156, 2.8734860729544156, 2.8734860729544156, 2.8734860729544156, 2.8734860729544156, 4.279118731600466, 4.279118731600466, 4.279118731600466, 4.279118731600466, 4.279118731600466, 2.918585673920203, 2.918585673920203, 2.918585673920203, 2.918585673920203], "O21": [4.553999999999999, 4.553999999999999, 4.553999999999999, 4.553999999999999, 4.553999999999999, 4.552, 4.531000000000001, 4.531000000000001, 4.531000000000001, 4.531000000000001, 4.544, 4.553999999999999, 4.553999999999999, 4.553999999999999, 4.553999999999999, 4.546, 4.531000000000001, 4.531000000000001, 4.531000000000001, 4.531000000000001, 4.55, 4.553999999999999, 4.553999999999999, 4.553999999999999, 4.553999999999999, 4.5360000000000005, 4.531000000000001, 4.531000000000001, 4.531000000000001, 4.532, 4.553999999999999, 4.553999999999999, 4.553999999999999, 4.553999999999999, 4.553999999999999, 4.552, 4.531000000000001, 4.531000000000001, 4.531000000000001, 4.531000000000001, 4.544, 4.553999999999999, 4.553999999999999, 4.553999999999999, 4.553999999999999, 4.546, 4.531000000000001, 4.531000000000001, 4.531000000000001, 4.531000000000001, 4.55, 4.553999999999999, 4.553999999999999, 4.553999999999999, 4.553999999999999, 4.5360000000000005, 4.531000000000001, 4.531000000000001, 4.531000000000001], "mode": "2"}