{"O23": 3.585138116644481, "O34": [3.9643469212275835, 3.9864253013629893, 4.009318327363799, 4.051058984544265, 4.081944500779765, 4.079237566838296, 4.055926269934409, 4.011863254104477, 3.96224297192739, 3.9155168349830154, 3.892688837680544, 3.7689189616054533, 3.774381664733665, 3.7815899495937835, 3.7873005527092785, 3.796192741358066, 3.8043047848638145, 3.813640840922709, 3.8261589314690974, 3.836719400212938, 3.84793882056847, 3.8636022151096387, 3.8820017650026637, 3.8935267724017826, 3.9184963720743524, 3.9479809902903553, 3.9780937696538023, 4.024049207736596, 4.068961522509824, 4.111088610329508, 4.15422848413496, 4.058613485179324, 4.063887986202741, 4.069053206995063, 4.074429673137891, 4.085836915722419, 2.541025495564845, 2.532712250976607, 2.5236429637831077, 2.5079425322454734, 2.4999812882966075, 2.5157189725343274, 2.5284155453049397, 2.524265584622407, 2.5288445419808627, 2.537629161289945, 2.535279228494891, 2.513617772588936, 2.49713398220615, 2.477834110839722, 2.470082229577982, 2.473052595834968, 2.471314650595156, 2.4750368936165628, 2.477777152273201, 2.4795977647459746, 2.479954981318037, 2.4823189820114173, 2.4873908630760364], "O35": 2.871804344674925, "O46": 2.3181660217599798, "O22": [3.0128724896976835, 3.0332466170860224, 3.0543725069920975, 3.0928911601474542, 3.1213925917913263, 3.118894608849776, 3.09738273479949, 3.0567209882344066, 3.010930946396143, 2.967811647759601, 2.9467457669201207, 2.8325298141859365, 2.8375708456717734, 2.8442227156500413, 2.8494925114695615, 2.8576983029805523, 2.8651841695501217, 2.8737995658917925, 2.8853513722239006, 2.895096667582891, 2.905450049404611, 2.919904370498749, 2.936883640314265, 2.947519020603086, 2.97056119133503, 2.997769861710536, 3.0255582048319574, 3.0679662956404075, 3.109411782894589, 3.148287037712835, 3.188096900530608, 3.0998625211508437, 3.1047298780448713, 3.109496390160627, 3.114457841382195, 3.1249845472429283, 1.703391285662859, 1.6958964048740122, 1.6875228100138255, 1.6730267366156342, 1.6656761885528604, 1.6802066570486276, 1.6919292934836268, 1.6880976704795456, 1.6923253824246758, 1.7004361458756283, 1.698266473137891, 1.678266637211615, 1.6630472953294189, 1.6452278900963355, 1.6380706448018425, 1.64081315841859, 1.6392085285268598, 1.642645243493253, 1.645175300741771, 1.6468562565786682, 1.6471860715672089, 1.6493687330744722, 1.6540515572378323], "O21": [4.553999999999999, 4.553999999999999, 4.553999999999999, 4.553999999999999, 4.553999999999999, 4.553999999999999, 4.553999999999999, 4.553999999999999, 4.553999999999999, 4.553999999999999, 4.553999999999999, 4.553999999999999, 4.553999999999999, 4.553999999999999, 4.553999999999999, 4.553999999999999, 4.553999999999999, 4.553999999999999, 4.553999999999999, 4.553999999999999, 4.553999999999999, 4.553999999999999, 4.553999999999999, 4.553999999999999, 4.553999999999999, 4.553999999999999, 4.553999999999999, 4.553999999999999, 4.553999999999999, 4.553999999999999, 4.553999999999999, 4.553999999999999, 4.553999999999999, 4.553999999999999, 4.553999999999999, 4.553999999999999, 4.532, 4.531000000000001, 4.531000000000001, 4.531000000000001, 4.531000000000001, 4.531000000000001, 4.531000000000001, 4.531000000000001, 4.531000000000001, 4.531000000000001, 4.531000000000001, 4.531000000000001, 4.531000000000001, 4.531000000000001, 4.531000000000001, 4.531000000000001, 4.531000000000001, 4.531000000000001, 4.531000000000001, 4.531000000000001, 4.531000000000001, 4.531000000000001, 4.531000000000001], "mode": "2"}