{"O23": 3.9388799963136254, "O34": [5.0, 5.0, 5.0, 5.0, 5.0, 5.0, 5.0, 5.0, 5.0, 5.0, 3.25157449877268, 3.25157449877268, 3.25157449877268, 3.25157449877268, 3.25157449877268, 3.25157449877268, 3.25157449877268, 3.25157449877268, 3.25157449877268, 3.251786330056543, 5.0, 5.0, 5.0, 5.0, 5.0, 5.0, 5.0, 5.0, 5.0, 5.0, 3.6761356239774177, 3.6761356239774177, 3.6761356239774177, 3.6761356239774177, 3.6761356239774177, 3.6761356239774177, 3.6761356239774177, 3.6761356239774177, 3.6761356239774177, 3.617830370269107, 5.0, 5.0, 5.0, 5.0, 5.0, 5.0, 5.0, 5.0, 5.0, 5.0, 3.362852291401081, 3.362852291401081, 3.362852291401081, 3.362852291401081, 3.362852291401081, 3.362852291401081, 3.362852291401081, 3.362852291401081, 3.362852291401081, 3.362852291401081], "O35": 3.6957579242525127, "O46": 3.0762945013543095, "O22": [4.105708087694266, 4.105708087694266, 4.105708087694266, 4.105708087694266, 4.105708087694266, 4.105708087694266, 4.105708087694266, 4.105708087694266, 4.105708087694266, 4.105708087694266, 2.359615735279813, 2.359615735279813, 2.359615735279813, 2.359615735279813, 2.359615735279813, 2.359615735279813, 2.359615735279813, 2.359615735279813, 2.359615735279813, 2.359615735279813, 4.110192310642794, 4.110192310642794, 4.110192310642794, 4.110192310642794, 4.110192310642794, 4.110192310642794, 4.110192310642794, 4.110192310642794, 4.110192310642794, 4.110192310642794, 2.7516093705015088, 2.7516093705015088, 2.7516093705015088, 2.7516093705015088, 2.7516093705015088, 2.7516093705015088, 2.7516093705015088, 2.7516093705015088, 2.7516093705015088, 2.69757336767502, 3.9861527121382867, 3.9861527121382867, 3.9861527121382867, 3.9861527121382867, 3.9861527121382867, 3.9861527121382867, 3.9861527121382867, 3.9861527121382867, 3.9861527121382867, 3.9861527121382867, 2.462357564105563, 2.462357564105563, 2.462357564105563, 2.462357564105563, 2.462357564105563, 2.462357564105563, 2.462357564105563, 2.462357564105563, 2.462357564105563, 2.462357564105563], "O21": [4.553999999999999, 4.553999999999999, 4.553999999999999, 4.553999999999999, 4.553999999999999, 4.553999999999999, 4.553999999999999, 4.553999999999999, 4.553999999999999, 4.553999999999999, 4.531000000000001, 4.531000000000001, 4.531000000000001, 4.531000000000001, 4.531000000000001, 4.531000000000001, 4.531000000000001, 4.531000000000001, 4.531000000000001, 4.532, 4.553999999999999, 4.553999999999999, 4.553999999999999, 4.553999999999999, 4.553999999999999, 4.553999999999999, 4.553999999999999, 4.553999999999999, 4.553999999999999, 4.553, 4.531000000000001, 4.531000000000001, 4.531000000000001, 4.531000000000001, 4.531000000000001, 4.531000000000001, 4.531000000000001, 4.531000000000001, 4.531000000000001, 4.532, 4.553999999999999, 4.553999999999999, 4.553999999999999, 4.553999999999999, 4.553999999999999, 4.553999999999999, 4.553999999999999, 4.553999999999999, 4.553999999999999, 4.553, 4.531000000000001, 4.531000000000001, 4.531000000000001, 4.531000000000001, 4.531000000000001, 4.531000000000001, 4.531000000000001, 4.531000000000001, 4.531000000000001, 4.531000000000001], "mode": "2"}