{"O23": 5.0, "O34": [3.6090820652176228, 3.6090820652176228, 3.6090820652176228, 3.6090820652176228, 3.6090820652176228, 3.6090820652176228, 3.6090820652176228, 3.6090820652176228, 3.6090820652176228, 3.598758480022053, 1.8451194630427712, 1.8451194630427712, 1.8451194630427712, 1.8451194630427712, 1.8451194630427712, 1.8451194630427712, 1.8451194630427712, 1.8451194630427712, 1.8451194630427712, 1.8462046399075713, 3.4479572798177345, 3.4479572798177345, 3.4479572798177345, 3.4479572798177345, 3.4479572798177345, 3.4479572798177345, 3.4479572798177345, 3.4479572798177345, 3.4479572798177345, 3.4894998924480074, 1.898492916152658, 1.898492916152658, 1.898492916152658, 1.898492916152658, 1.898492916152658, 1.898492916152658, 1.898492916152658, 1.898492916152658, 1.898492916152658, 1.8986572725854463, 3.2533800002574687, 3.2533800002574687, 3.2533800002574687, 3.2533800002574687, 3.2533800002574687, 3.2533800002574687, 3.2533800002574687, 3.2533800002574687, 3.2533800002574687, 3.2527443832921663, 1.8892844963794626, 1.8908371437438174, 1.8908371437438174, 1.8908371437438174, 1.8908371437438174, 1.8908371437438174, 1.8908371437438174, 1.8908371437438174, 1.8908371437438174, 1.8908371437438174, 1.8906120558585342], "O35": 2.2507839405891024, "O46": 2.255447816704327, "O22": [2.6896993964309237, 2.6896993964309237, 2.6896993964309237, 2.6896993964309237, 2.6896993964309237, 2.6896993964309237, 2.6896993964309237, 2.6896993964309237, 2.6896993964309237, 2.680370591570693, 1.0815313281574555, 1.0815313281574555, 1.0815313281574555, 1.0815313281574555, 1.0815313281574555, 1.0815313281574555, 1.0815313281574555, 1.0815313281574555, 1.0815313281574555, 1.081033184272115, 2.54093426791672, 2.54093426791672, 2.54093426791672, 2.54093426791672, 2.54093426791672, 2.54093426791672, 2.54093426791672, 2.54093426791672, 2.54093426791672, 2.579691373211649, 1.1309487351841645, 1.1309487351841645, 1.1309487351841645, 1.1309487351841645, 1.1309487351841645, 1.1309487351841645, 1.1309487351841645, 1.1309487351841645, 1.1309487351841645, 1.1299241964968374, 2.3612827392714744, 2.3612827392714744, 2.3612827392714744, 2.3612827392714744, 2.3612827392714744, 2.3612827392714744, 2.3612827392714744, 2.3612827392714744, 2.3612827392714744, 2.3612827392714744, 1.1224228444746405, 1.1238604094494098, 1.1238604094494098, 1.1238604094494098, 1.1238604094494098, 1.1238604094494098, 1.1238604094494098, 1.1238604094494098, 1.1238604094494098, 1.1238604094494098, 1.123652005102385], "O21": [4.531000000000001, 4.531000000000001, 4.531000000000001, 4.531000000000001, 4.531000000000001, 4.531000000000001, 4.531000000000001, 4.531000000000001, 4.531000000000001, 4.53, 4.408, 4.408, 4.408, 4.408, 4.408, 4.408, 4.408, 4.408, 4.408, 4.417, 4.531000000000001, 4.531000000000001, 4.531000000000001, 4.531000000000001, 4.531000000000001, 4.531000000000001, 4.531000000000001, 4.531000000000001, 4.531000000000001, 4.529, 4.408, 4.408, 4.408, 4.408, 4.408, 4.408, 4.408, 4.408, 4.408, 4.415, 4.531000000000001, 4.531000000000001, 4.531000000000001, 4.531000000000001, 4.531000000000001, 4.531000000000001, 4.531000000000001, 4.531000000000001, 4.531000000000001, 4.5280000000000005, 4.408, 4.408, 4.408, 4.408, 4.408, 4.408, 4.408, 4.408, 4.408, 4.408, 4.408], "mode": "2"}