{"O23": 5.0, "O34": [2.578071656426321, 2.6003695102478743, 2.6003695102478743, 2.6003695102478743, 2.6003695102478743, 2.6003695102478743, 2.6003695102478743, 2.6003695102478743, 2.6003695102478743, 2.448625675381596, 2.448743094503837, 2.45339338111261, 4.359876122391089, 4.342256098713809, 4.337304793359832, 4.319628503765282, 4.306283205962217, 4.300400598026128, 4.324009403882322, 4.33508153486782, 4.345636018189074, 4.331189148735232, 4.295803887612657, 4.211937434600425, 4.132616763794683, 4.123407194235339, 4.12597851588574, 4.106577909160094, 4.091890432763514, 4.115364975921952, 4.099390934118463, 4.095053798777183, 4.124594288840249, 4.144492512379044, 4.138514017633103, 4.141788429544439, 4.143187355756368, 4.138820660641388, 4.095101337334691, 4.06021300051723, 4.016747675795342, 4.019821067933107, 4.046369386371419, 4.092142326976639, 2.4361112882407188, 2.4606980105520018, 2.491878648533108, 2.502018416402937, 2.51219305877642, 2.526706901264536, 2.526706901264536, 2.526706901264536, 2.526706901264536, 2.526706901264536, 2.5499262550450545, 2.54780099773694, 2.536495847480512, 2.564755979202425, 2.6002177975835035], "O35": 2.9254662691797986, "O46": 2.932204577547349, "O22": [1.737776353786324, 1.758363770434369, 1.758363770434369, 1.758363770434369, 1.758363770434369, 1.758363770434369, 1.758363770434369, 1.758363770434369, 1.758363770434369, 1.6182599928616375, 1.6183684049272729, 1.6224831471097358, 3.3778703872286826, 3.3616104712029244, 3.35704136217401, 3.3407295234546917, 3.3284143628402165, 3.322985839428151, 3.3447722574103875, 3.3549897192792115, 3.3647294912365067, 3.351397790413798, 3.3187439537935624, 3.2413512380780087, 3.168153410990456, 3.1596547375260498, 3.1620275762280006, 3.1441245221807734, 3.1305707871113584, 3.152233306270818, 3.1374923170943063, 3.133489969666562, 3.160750199084104, 3.17911245839365, 3.17359544977267, 3.176617106479109, 3.177908048145749, 3.173878422693474, 3.1335338386741878, 3.1013385682636407, 3.0612283764185815, 3.0640645302733978, 3.0885635568546532, 3.1308032373525037, 1.6067055668515817, 1.6294062760894765, 1.6581950909505907, 1.6675570514119535, 1.6769512112025822, 1.6903517171372884, 1.6903517171372884, 1.6903517171372884, 1.6903517171372884, 1.6903517171372884, 1.7117899467715605, 1.7098277149784638, 1.6993897669830897, 1.7254821035345687, 1.758223695436247], "O21": [4.531000000000001, 4.531000000000001, 4.531000000000001, 4.531000000000001, 4.531000000000001, 4.531000000000001, 4.531000000000001, 4.531000000000001, 4.531000000000001, 4.531000000000001, 4.531000000000001, 4.532, 4.553999999999999, 4.553999999999999, 4.553999999999999, 4.553999999999999, 4.553999999999999, 4.553999999999999, 4.553999999999999, 4.553999999999999, 4.553999999999999, 4.553999999999999, 4.553999999999999, 4.553999999999999, 4.553999999999999, 4.553999999999999, 4.553999999999999, 4.553999999999999, 4.553999999999999, 4.553999999999999, 4.553999999999999, 4.553999999999999, 4.553999999999999, 4.553999999999999, 4.553999999999999, 4.553999999999999, 4.553999999999999, 4.553999999999999, 4.553999999999999, 4.553999999999999, 4.553999999999999, 4.553999999999999, 4.553999999999999, 4.553999999999999, 4.531000000000001, 4.531000000000001, 4.531000000000001, 4.531000000000001, 4.531000000000001, 4.531000000000001, 4.531000000000001, 4.531000000000001, 4.531000000000001, 4.531000000000001, 4.531000000000001, 4.531000000000001, 4.531000000000001, 4.531000000000001, 4.531000000000001], "mode": "2"}