{"O23": 3.312455478980073, "O34": [4.058514665377012, 4.030666440441836, 4.0134256238966355, 3.993245058036573, 3.968913030817813, 3.9459202320433313, 3.9196460684652705, 3.905195106646529, 3.8965470089740837, 3.8894299432288024, 3.8827690057384894, 3.84885080724756, 3.8269586547209107, 3.7896062587881767, 3.7877180368522247, 3.780712156914952, 3.7778314264475457, 3.7672160667082175, 3.76479716667308, 3.758374389530059, 3.7579131613958383, 3.7554677625248263, 3.7559004604467, 3.72734457464011, 3.726410644782892, 3.697907288789029, 3.6947921154665666, 3.6897119451202682, 3.689374894592657, 3.6836657065140903, 3.6823258231522624, 3.680220488913283, 3.677409359002824, 3.6758571155508335, 3.6740357255866547, 3.675716594578795, 3.6780969806635717, 3.8098757402347214, 3.789618749421911, 3.770759983278072, 3.7471594950460863, 3.731504376524627, 3.7301839540720665, 3.7211974392645413, 3.715445705068647, 3.7104894090109295, 3.707719498060145, 3.7244784461162257, 5.0, 5.0, 5.0, 5.0, 5.0, 5.0, 5.0, 5.0, 5.0, 5.0, 5.0], "O35": 4.001240050893423, "O46": 2.845398201491799, "O22": [3.099771329350157, 3.074072737384231, 3.0581627571041285, 3.0395399497659072, 3.0170861366178783, 2.9958681755005907, 2.9716221414854855, 2.9582866641917094, 2.9503061220249114, 2.9437384298646965, 2.9375916569528666, 2.9062916388990523, 2.886089364019854, 2.851620237737677, 2.8498777695844613, 2.8434126806860007, 2.8407543167501297, 2.830958367487743, 2.828726184820659, 2.8227991884152948, 2.822373562952554, 2.8201169269218425, 2.8205162244485114, 2.7941645966777164, 2.7933027578215124, 2.7669996050334658, 2.7641248951263373, 2.7594368683256767, 2.759125835073068, 2.753857345062328, 2.752620888667793, 2.7506780673323084, 2.7480839314151986, 2.7466515072230884, 2.74497071221338, 2.746521833208623, 2.7487184748565716, 2.870325097177307, 2.851631764206617, 2.834228725512428, 2.8124499831084786, 2.7980032991996233, 2.796784801506862, 2.7884919649698148, 2.783184213020065, 2.7786104985249365, 2.77605439983384, 2.7915197075464104, 4.3034596324648104, 4.303328789571387, 4.303328789571387, 4.303328789571387, 4.303328789571387, 4.303328789571387, 4.303328789571387, 4.303328789571387, 4.303328789571387, 4.303328789571387, 4.305459680279634], "O21": [4.553999999999999, 4.553999999999999, 4.553999999999999, 4.553999999999999, 4.553999999999999, 4.553999999999999, 4.553999999999999, 4.553999999999999, 4.553999999999999, 4.553999999999999, 4.553999999999999, 4.553999999999999, 4.553999999999999, 4.553999999999999, 4.553999999999999, 4.553999999999999, 4.553999999999999, 4.553999999999999, 4.553999999999999, 4.553999999999999, 4.553999999999999, 4.553999999999999, 4.553999999999999, 4.553999999999999, 4.553999999999999, 4.553999999999999, 4.553999999999999, 4.553999999999999, 4.553999999999999, 4.553999999999999, 4.553999999999999, 4.553999999999999, 4.553999999999999, 4.553999999999999, 4.553999999999999, 4.553999999999999, 4.553999999999999, 4.553999999999999, 4.553999999999999, 4.553999999999999, 4.553999999999999, 4.553999999999999, 4.553999999999999, 4.553999999999999, 4.553999999999999, 4.553999999999999, 4.553999999999999, 4.553999999999999, 4.559, 4.559, 4.559, 4.559, 4.559, 4.559, 4.559, 4.559, 4.559, 4.559, 4.559, 4.559], "mode": "2"}