{"O23": 2.0447026773277854, "O34": [2.9731279230464036, 2.9489294370108357, 2.9606692363516256, 2.9640380922774936, 2.9689076409342277, 2.9608908534820157, 2.971997589852861, 2.9780783396342505, 2.988218708258257, 2.9082121784544026, 2.930910400184268, 2.943081768946744, 2.949362995373771, 2.953656171769589, 2.9384369046969256, 2.9895129760378407, 2.9837175246205176, 2.968303428369779, 2.972359136040781, 3.0473981800252345, 3.054941234162891, 3.099233413382029, 3.0921061215294445, 3.100857498641413, 3.117116111937255, 3.1311073767982123, 3.1184012356815516, 3.11755347015682, 3.1024478222330893, 3.119551839859277, 2.521753807892403, 2.5145415078214173, 2.523605871243241, 2.523561877078292, 2.5377716852307444, 2.5377716852307444, 2.5377716852307444, 2.5377716852307444, 2.5377716852307444, 2.5535469005378952, 2.5314964482690847, 2.5474319104472345, 2.5572778472587405, 2.560328701296606, 2.553986256064773, 3.465646339288786, 3.468459560740305, 3.4677954641159006, 3.4659564908957745, 3.4632580000647426, 3.4372859993576124, 3.426057391896956, 3.416517258596537, 3.410214181219798, 3.4129654463778585, 3.133146126580148, 3.1418124878176292, 3.136973570859659, 3.1203111506948296, 3.1082935887476557, 3.009934904579555, 2.970968082055882, 2.919191654289926, 2.879225155791888, 2.8760831300209935, 2.8705146122944423, 2.873186269814797, 2.875489092642005, 2.8731748266408568, 2.865794402700132, 2.862479126255074, 2.868770139166384, 2.871517822965673, 2.8709328785480714, 2.8605887839823163, 2.8828864622282406, 2.875579321218787, 2.8696547852623535, 2.8715131977903496, 2.865403929306983, 2.5014105134715754, 2.508894702278058, 2.5258789293968955, 2.5361184523610953, 2.5402489902120267, 2.540696278959735, 2.540696278959735, 2.540696278959735, 2.540696278959735, 2.540696278959735, 2.5361308492510855, 2.543235641696101, 2.542961881973851, 2.5463217042583075, 2.5445773947820998, 2.9545558157969287, 2.9504570954150178, 2.967114342730384, 2.9743471907564896, 2.9870830208293344, 3.0579871339695472, 3.067216547904499, 3.0799742460972452, 3.100858302150403, 3.1116386207164837, 3.196356560833027, 3.222281021705439, 3.2797654663854043, 3.3269910748384377, 3.366218682138983, 3.2151653098941955, 3.210680058350742, 3.155789420201172, 3.1645891174856633, 3.162697243576635, 3.419241087196268, 3.427761170955742, 3.4147316022558316, 3.4093697813568316, 3.4130217514903167, 3.4086565229639643, 3.4085300103907366, 3.4045431904417645, 3.3887500735054434, 3.382956809782797, 3.496427559459385, 3.498212007350436, 3.4901673007498237, 3.486769058416324, 3.469796340183365, 2.733798407498244, 2.6885873042767257, 2.637600965855185, 2.6081421641098275, 2.5918323479958474, 2.5913245163089234, 2.5913245163089234, 2.5913245163089234, 2.5913245163089234, 2.5913245163089234, 2.6225321789267015, 2.6046890021896107, 2.583101274892516, 2.56215076530277, 2.5424754807840837, 3.0479612271901444, 3.0434233496893714, 3.036919825831953, 3.047775153123997, 3.060965539343581, 3.0187704089152305, 3.023533115466919, 3.0267769526183836, 3.0238607681503256, 3.021605124487467, 2.9674080485849217, 2.9679594690018556, 2.978653003556913, 2.982745850869928, 2.9773999053372178, 2.953549963727537, 2.9572884844408134, 2.9708667076860023, 2.9814531912802393, 2.996432678961383, 2.9182483596052013, 2.92727242295265, 2.939993023189575, 2.9366380257806526, 2.9331110628764816, 2.920043961170255, 2.921682173217447, 2.9252719037648127, 2.938474493286391, 2.953954957856142, 2.407898309938956, 2.402370247707478, 2.403888716146794, 2.3948579653287583, 2.376909549553126, 2.375040228516247, 2.375040228516247, 2.375040228516247, 2.375040228516247, 2.375040228516247, 2.382801247327397, 2.3829200631130405, 2.378288781118952, 2.3792347892067616, 2.3806997057954176, 2.9059242890462125, 2.9090597341622773, 2.9154301361466146, 2.9180224425630206, 2.921094932612965, 2.9395803442664667, 2.955239457400965, 2.9412394506344444, 2.930347442247388, 2.919904222774422, 2.958983034864775, 2.9494609715277007, 2.9552740655821284, 2.9568394562592233, 2.9624329865863084, 3.0078849604180005, 3.001567299848036, 3.000665160625422, 2.9968089216177036, 2.9890867454099754, 3.043491669173358, 3.0389850088761516, 3.0300116811635576, 3.024154622876984, 3.0166301806612745, 3.052783884313105, 3.0244689123254767, 3.036774219508995, 3.05166970094542, 3.075001207869182, 4.666369590345995, 4.66025984339863, 4.645146623749185, 4.636607228323803, 4.633630331711333, 4.636984862323762, 4.643569063191121, 4.649882273396953, 4.6529797154046335, 4.645202292355371, 4.621018219870017, 4.607128646776437, 4.607378704309274, 4.613050192172984, 4.608819606973044, 4.5838610868836405, 4.57300378878462, 4.565668591108431, 4.582676266409667], "O35": 3.035199410011217, "O46": 1.8076582290627463,