{"O23": 3.0341454072286864, "O34": [4.6271864168759675, 4.6271864168759675, 4.6271864168759675, 4.6271864168759675, 4.6271864168759675, 4.6271864168759675, 4.6271864168759675, 4.6271864168759675, 4.6271864168759675, 4.6271864168759675, 2.7841651426810827, 2.7841651426810827, 2.7841651426810827, 2.7841651426810827, 2.7841651426810827, 2.7841651426810827, 2.7841651426810827, 2.7841651426810827, 2.7841651426810827, 2.7824355853923115, 4.991858657236928, 4.991858657236928, 4.991858657236928, 4.991858657236928, 4.991858657236928, 4.991858657236928, 4.991858657236928, 4.991858657236928, 4.991858657236928, 4.991858657236928, 2.771467579311154, 2.771467579311154, 2.771467579311154, 2.771467579311154, 2.771467579311154, 2.771467579311154, 2.771467579311154, 2.771467579311154, 2.771467579311154, 2.771467579311154, 4.980224824200707, 4.980224824200707, 4.980224824200707, 4.980224824200707, 4.980224824200707, 4.980224824200707, 4.980224824200707, 4.980224824200707, 4.980224824200707, 4.980224824200707, 2.827217565444654, 2.8270153841203247, 2.8270153841203247, 2.8270153841203247, 2.8270153841203247, 2.8270153841203247, 2.8270153841203247, 2.8270153841203247, 2.8270153841203247], "O35": 3.145064861551466, "O46": 2.2982225536748535, "O22": [3.624546726645251, 3.624546726645251, 3.624546726645251, 3.624546726645251, 3.624546726645251, 3.624546726645251, 3.624546726645251, 3.624546726645251, 3.624546726645251, 3.624546726645251, 1.9280606970209013, 1.9280606970209013, 1.9280606970209013, 1.9280606970209013, 1.9280606970209013, 1.9280606970209013, 1.9280606970209013, 1.9280606970209013, 1.9280606970209013, 1.9264638116522215, 3.961069543742253, 3.961069543742253, 3.961069543742253, 3.961069543742253, 3.961069543742253, 3.961069543742253, 3.961069543742253, 3.961069543742253, 3.961069543742253, 3.961069543742253, 1.916337145974074, 1.916337145974074, 1.916337145974074, 1.916337145974074, 1.916337145974074, 1.916337145974074, 1.916337145974074, 1.916337145974074, 1.916337145974074, 1.916337145974074, 3.950333738178577, 3.950333738178577, 3.950333738178577, 3.950333738178577, 3.950333738178577, 3.950333738178577, 3.950333738178577, 3.950333738178577, 3.950333738178577, 3.950333738178577, 1.9676239563838396, 1.9676239563838396, 1.9676239563838396, 1.9676239563838396, 1.9676239563838396, 1.9676239563838396, 1.9676239563838396, 1.9676239563838396, 1.9676239563838396], "O21": [4.553999999999999, 4.553999999999999, 4.553999999999999, 4.553999999999999, 4.553999999999999, 4.553999999999999, 4.553999999999999, 4.553999999999999, 4.553999999999999, 4.553999999999999, 4.531000000000001, 4.531000000000001, 4.531000000000001, 4.531000000000001, 4.531000000000001, 4.531000000000001, 4.531000000000001, 4.531000000000001, 4.531000000000001, 4.531000000000001, 4.553999999999999, 4.553999999999999, 4.553999999999999, 4.553999999999999, 4.553999999999999, 4.553999999999999, 4.553999999999999, 4.553999999999999, 4.553999999999999, 4.553999999999999, 4.531000000000001, 4.531000000000001, 4.531000000000001, 4.531000000000001, 4.531000000000001, 4.531000000000001, 4.531000000000001, 4.531000000000001, 4.531000000000001, 4.531000000000001, 4.553999999999999, 4.553999999999999, 4.553999999999999, 4.553999999999999, 4.553999999999999, 4.553999999999999, 4.553999999999999, 4.553999999999999, 4.553999999999999, 4.553999999999999, 4.532, 4.531000000000001, 4.531000000000001, 4.531000000000001, 4.531000000000001, 4.531000000000001, 4.531000000000001, 4.531000000000001, 4.531000000000001], "mode": "2"}