{"O23": 3.7537707950058, "O34": [4.9656867425573665, 4.9496971111671595, 4.9322753930234216, 4.931848483153421, 4.928239384763894, 4.9208416991457415, 4.910580747955024, 4.902926458095043, 4.899228924224827, 4.897464708704203, 4.881121027980241, 4.876051190457208, 4.872017841762186, 4.868009364369583, 4.856952334747028, 4.849009039226751, 4.848915612850857, 4.844589540864791, 4.838132809650115, 4.834936934981754, 4.836578690307627, 4.844366170979102, 4.8533293682099465, 4.8492971644252245, 4.847746569379332, 4.847134108756585, 4.852443828569411, 4.856245258594368, 4.854742395288707, 4.85187864486877, 4.84810498489481, 4.8469393264435485, 4.847620606426116, 4.852223572533542, 4.857476357211815, 4.8623401490709135, 4.858842906141923, 4.855729069663108, 4.850593370579611, 4.8448949536125205, 3.255080791415058, 3.30060706429937, 3.360451471371012, 3.4045271599721585, 3.4399815744602886, 3.458837301688757, 3.4440199613044586, 3.4114066457603904, 3.4107932417442974, 3.434227095850741, 3.443756580955594, 3.4204404660243433, 3.4434268467390052, 3.428367330553134, 3.353314390870249, 3.265430703985379, 3.2011934518351466, 3.210735258986036, 3.2021059676240773, 3.2280788998178593, 3.2903472601664827, 3.294951090878375, 3.2904693977994186, 3.2850292899647924, 3.241511319968327, 3.2155352751391586, 3.2201095758136535, 3.246660118967336, 3.240063083862941, 3.2113594104300613, 3.212168788873565, 3.238296262009224, 3.239467948136772, 3.2224404677405274, 3.3021857487104986, 1.859726249834857, 1.8537883229051604, 1.8450708056030358, 1.834812707795753, 1.827256315101733, 1.8326031987976692, 1.838969782482783, 1.8436125181262581, 1.8370093613457263, 1.826712811065992, 1.8223479394710536, 1.8287435207879588, 1.837869229557698, 1.840768945278723, 1.8438941464293612, 1.842381555441828, 1.8371065134778488, 1.8225557396934982, 1.8165978563081264, 1.8113296848798262, 1.81185396502798, 1.8163607761482914, 1.815762201270363, 1.8146280984335639, 1.8187907337494125, 1.8149490507324786, 1.8111446989240874, 1.8110639355240001, 1.8110639355240001, 1.8123169233507885, 1.8165647326295495, 1.81486753949311, 1.8110639355240001, 1.8110639355240001, 1.811243527002, 2.7718891547854545, 2.7990329539556638, 2.823180652698611, 2.849456330554871, 2.874571965154301, 2.9117461052952986, 2.9549713787466354, 2.99846582985315, 3.0173802820392797, 3.0591708755598446, 3.1131712091999604, 3.165311864375936, 3.2353491860007404, 3.3089028340168225, 3.367339528931011, 3.441354360854488, 3.5256710906188093, 3.5710929584085624, 3.5966582463053998, 3.6254631865682247, 3.6501594012745526, 3.65380924606729, 3.6573848898572425, 3.6446469194182787, 3.6400127687310304, 3.638773903121256, 3.63301639962449, 3.6265649542837237, 3.6341439013985823, 3.6421636996003786, 3.638768618635721, 3.634797722659818, 3.629310494976699, 3.625922362265591, 3.6295210308204156, 4.7505220900448375, 4.75266669760781, 4.752287230009352, 4.753059030365671, 4.761338169781285, 4.761436761114281, 4.763382756617451, 4.763961838826857, 4.765403631637131, 4.764216647850422, 4.759314707160557, 4.764471951890008, 4.767405242934656, 4.768162973155201, 4.767521488901457, 4.76694076927531, 4.76461851972012, 4.765069427948079, 4.7747421529399485, 4.780678325557343, 4.785727309457428, 4.790390034881881, 4.798537989655177, 4.804710823053078, 4.801130260961387, 4.803207997285669, 4.803744257590361, 4.805584694237763, 4.806550216160578, 4.811042392676374, 4.818222010966228, 4.81280881758737, 4.820497481933643], "O35": 3.26695843734386, "O46": 2.6487812088217826, "O22": [3.9369178659285797, 3.922162490541495, 3.906085572642294, 3.9056916163818536, 3.9023611079888334, 3.8955344572907857, 3.886065559418611, 3.879002112022647, 3.8755899945741548, 3.873961960654219, 3.8588798653636154, 3.8542013737850227, 3.850479363401562, 3.846780304479246, 3.8365767782837117, 3.8292466338700004, 3.829160419171629, 3.825168281107393, 3.819209951579896, 3.816260769746311, 3.8177757962991956, 3.824962153371669, 3.8332334722396326, 3.829512518389674, 3.8280816153615085, 3.8275164312007295, 3.832416288309786, 3.8359242820625576, 3.83453742631277, 3.831894731717135, 3.828412364416717, 3.827336684333684, 3.827965375617501, 3.8322130340626295, 3.837060350918409, 3.8415487017086343, 3.838321414538732, 3.8354479382829227, 3.830708669065089, 3.8254501187327117, 2.362853065118653, 2.4048870812980914, 2.4601409076214202, 2.5008356118087884, 2.533570367759788, 2.5509796985304085, 2.5372989755985635, 2.507187381866126, 2.5066210312139985, 2.5282573071542647, 2.5370557987878093, 2.515528230415316, 2.5367513580217, 2.522847036255234, 2.453551302581593, 2.372409050374511, 2.3130993479732855, 2.3219092164459534, 2.313941865952594, 2.3379224508521115, 2.3954142923874873, 2.399664969685908, 2.3955270610134627, 2.390504256240499, 2.3503244888438566, 2.326341030074858, 2.3305644425437397, 2.3550783306744623, 2.3489873449041334, 2.322485490105852, 2.3232327822612184, 2.3473560534831543, 2.3484378612069654, 2.3327165350116585, 2.4065413156276203, 1.0950554583420014, 1.089557651194775, 1.081486277212385, 1.0719885107175209, 1.064992198662439, 1.0699427707639397, 1.0758374625817828, 1.0801360781601799, 1.0740223480701874, 1.0644889792042642, 1.0604476323612504, 1.0663691725032984, 1.0748184827578355, 1.077503271237843, 1.0803968321431765, 1.0789963545622718, 1.0741122992758314, 1.0606400304088648, 1.055123745980604, 1.0502460519849992, 1.0507314724322014, 1.0549042382277067, 1.0543500297840884, 1.053299986771491, 1.0571540871101655, 1.0535971500515013, 1.0500747772081893, 1.05, 1.05, 1.0511601162343467, 1.0550930774326446, 1.0535216804339589, 1.05, 1.05, 1.05, 1.9167263829834955, 1.9417880192916404, 1.9640833818449632, 1.9883434892107108, 2.01153253861504, 2.045855102469852, 2.085764625663881, 2.1259226782717198, 2.143386229290651, 2.1819711248443796, 2.231829168433664, 2.279970186892232, 2.3446350435525276, 2.4125464941257215, 2.4665005919219043, 2.534837849630121, 2.612686761007448, 2.6546243808610748, 2.678228591287401, 2.704823944878768, 2.727625747503256, 2.730995617807821, 2.7342969789647227, 2.722536120418599, 2.718257448947716, 2.7171136149857804, 2.7117977615279054, 2.7058411975341072, 2.7128387742182034, 2.720243384919079, 2.717108735865738, 2.71344244176514, 2.7083761316413444, 2.705247897850744, 2.7083670086772393, 3.7383619930396996, 3.7403410561511254, 3.7399908800447563, 3.740703104342081, 3.748343168517308, 3.7484341494844586, 3.750229931604142, 3.750764313865448, 3.752094813213859, 3.7509994539198357, 3.7464758990461138, 3.75123505077945, 3.7539419180878397, 3.754641158337564, 3.7540491909095532, 3.753513297625378, 3.751370304888828, 3.751786407049428, 3.760712484504752, 3.766190437885581, 3.7708496855537126, 3.7751524904330567, 3.7826714962426977, 3.7883678423163007, 3.7850636674750957, 3.7869810212071484, 3.7874758870303697, 3.7891742584903394, 3.79006525078828, 3.794210671603685, 3.8008360878135714, 3.79584074436889, 3.802935912849387],