{"O23": 3.9873683289397492, "O34": [3.7168076455071035, 3.7180245020615654, 3.722406644761641, 3.7392921744954695, 3.739748634682265, 3.7068005480076947, 3.6932439951636913, 3.682003302737928, 3.657504055627475, 3.632938996958289, 3.6154443090873523, 3.630352218090753, 3.6582858699067815, 3.6766147273070584, 3.6803252492402114, 3.687606268381748, 3.7138676866699147, 3.714735329259118, 3.645135145011752, 3.5603405169654705, 2.426745939066782, 2.4333437032322855, 2.4296676213713675, 2.4055772037466423, 2.4879538627094724, 2.495820210037919, 2.5267224593598616, 2.5258427989660395, 2.5369466368380937, 2.4973037118121786, 2.548720093277835, 2.560838798682124, 2.6356705688313986, 2.666138450549057, 2.731731238830889, 2.7557012950779014, 2.788975690019022, 2.8330287743353173, 2.849401288497146, 2.8714344971104335, 2.8641873707754284, 2.876583228445729, 2.8755471151702707, 2.877777909331562, 2.8575196803881666, 2.853154705285659, 2.8605706067096337, 2.8595394842027373, 2.8729184024368446, 2.881063321152722, 2.884739020927487, 2.8871921678512833, 2.8795872537811236, 2.8818488359356174, 2.8658486010581563, 2.8679187593464612, 2.845305369861745, 2.8409732051184413, 2.7952190645959027], "O35": 2.908851765592517, "O46": 2.4328695944572143, "O22": [2.784441023882921, 2.785563950035197, 2.789607830657673, 2.805189949078803, 2.8056111746368573, 2.775206384475951, 2.7626962758132443, 2.7523232639341533, 2.729715138768924, 2.7070462821065004, 2.6909020270879855, 2.704659179345817, 2.7304366040042773, 2.747350638152874, 2.75077474110244, 2.757493730928542, 2.7817280034757172, 2.782528671845931, 2.718300997016034, 2.640051753046758, 1.5980586205113072, 1.6041502794174871, 1.6007561846535379, 1.5785137092639905, 1.6545713699569842, 1.6618343007863376, 1.6903660817928863, 1.6895538989172902, 1.6998059769196743, 1.663204005214809, 1.7106763079861682, 1.7218654044521182, 1.7909569341976708, 1.8190876673312095, 1.8796489245836803, 1.901780271348422, 1.9325022340021676, 1.9731760678477532, 1.988292669352234, 2.008635741355719, 2.0019445319436477, 2.013389520713, 2.012432886237452, 2.014492559299356, 1.9957883107583585, 1.9917581667896689, 1.9986052047897394, 1.997653178247878, 2.0100058183804212, 2.017525951775777, 2.0209196937628673, 2.0231846632179207, 2.016163111467338, 2.0182512108185566, 2.003478331575333, 2.005389690917349, 1.98451094290545, 1.9805110924592086, 1.9382666880493014], "O21": [4.553999999999999, 4.553999999999999, 4.553999999999999, 4.553999999999999, 4.553999999999999, 4.553999999999999, 4.553999999999999, 4.553999999999999, 4.553999999999999, 4.553999999999999, 4.553999999999999, 4.553999999999999, 4.553999999999999, 4.553999999999999, 4.553999999999999, 4.553999999999999, 4.553999999999999, 4.553999999999999, 4.553999999999999, 4.553999999999999, 4.531000000000001, 4.531000000000001, 4.531000000000001, 4.531000000000001, 4.531000000000001, 4.531000000000001, 4.531000000000001, 4.531000000000001, 4.531000000000001, 4.531000000000001, 4.531000000000001, 4.531000000000001, 4.531000000000001, 4.531000000000001, 4.531000000000001, 4.531000000000001, 4.531000000000001, 4.531000000000001, 4.531000000000001, 4.531000000000001, 4.531000000000001, 4.531000000000001, 4.531000000000001, 4.531000000000001, 4.531000000000001, 4.531000000000001, 4.531000000000001, 4.531000000000001, 4.531000000000001, 4.531000000000001, 4.531000000000001, 4.531000000000001, 4.531000000000001, 4.531000000000001, 4.531000000000001, 4.531000000000001, 4.531000000000001, 4.531000000000001, 4.531000000000001], "mode": "2"}