{"O23": 5.0, "O34": [4.585679888425369, 4.570194888005759, 4.561721624634285, 4.561770170148193, 4.550028453054777, 4.538630506342262, 4.517288317367652, 4.504154599783497, 4.498507331196172, 4.495597009464872, 4.526530342555061, 4.560839886450337, 4.59442696830871, 4.627766993507154, 4.654273337804539, 4.6575736558902, 4.660378066439459, 4.662996231329044, 4.663394373475225, 4.665821841997823, 4.690324790211209, 4.712418924094637, 4.729150789470898, 4.740244855426735, 4.759534580280665, 4.762543297308073, 4.76612134028745, 4.7676248254455995, 4.761218445460918, 4.753174948589809, 4.749784431750307, 4.748556164379989, 4.7494677166627985, 4.750221436399031, 4.751358453575111, 4.750572312347184, 4.7504227321174906, 4.750740895702398, 4.751524745044954, 4.7508755155875475, 4.740970807641538, 4.722202993861936, 4.701913581990399, 4.677623042199588, 4.656260697800405, 4.6544649631201125, 4.648970898650114, 4.640443927294025, 4.637817594535221, 4.635955230288577, 4.623355849282722, 4.607050753790242, 4.584685149919531, 4.558166974105185, 4.527260080753843, 4.495903285714449, 4.457877501514708, 4.409844440133575, 4.351181377207, 4.27976760852513, 3.7799182175220576, 3.7799182175220576, 3.7799182175220576, 3.7799182175220576, 3.7799182175220576, 3.7799182175220576, 3.7799182175220576, 3.7799182175220576, 3.7799182175220576, 3.7799182175220576, 4.757144554455144, 4.757390483416139, 4.757390483416139, 4.757390483416139, 4.757390483416139, 4.757390483416139, 4.757390483416139, 4.757390483416139, 4.757390483416139, 4.757390483416139, 3.8319664739840587, 3.831516447990607, 3.831516447990607, 3.831516447990607, 3.831516447990607, 3.831516447990607, 3.831516447990607, 3.831516447990607, 3.831516447990607, 3.831516447990607, 4.840701499624498, 4.840949326832677, 4.840949326832677, 4.840949326832677, 4.840949326832677, 4.840949326832677, 4.840949326832677, 4.840949326832677, 4.840949326832677, 4.840949326832677, 3.355918970670788, 3.355490584209569, 3.355490584209569, 3.355490584209569, 3.355490584209569, 3.355490584209569, 3.355490584209569, 3.355490584209569, 3.355490584209569, 3.355490584209569, 4.441203758226852, 4.441442509642935, 4.441442509642935, 4.441442509642935, 4.441442509642935, 4.441442509642935, 4.441442509642935, 4.441442509642935, 4.441442509642935, 4.441442509642935, 3.425949297956956, 3.4255177281505578, 3.4255177281505578, 3.4255177281505578, 3.4255177281505578, 3.4255177281505578, 3.4255177281505578, 3.4255177281505578, 3.4255177281505578, 3.4255177281505578, 4.829582037178847, 4.829829611775011, 4.829829611775011, 4.829829611775011, 4.829829611775011, 4.829829611775011, 4.829829611775011, 4.829829611775011, 4.829829611775011, 4.829829611775011, 3.492682315055422, 3.4918131480311567, 3.4918131480311567, 3.4918131480311567, 3.4918131480311567, 3.4918131480311567, 3.4918131480311567, 3.4918131480311567, 3.4918131480311567, 3.4918131480311567, 4.898861804525481, 4.899110953019816, 4.899110953019816, 4.899110953019816, 4.899110953019816, 4.899110953019816, 4.899110953019816, 4.899110953019816, 4.899110953019816, 4.899110953019816, 3.6075679722800142, 3.606688361092669, 3.606688361092669, 3.606688361092669, 3.606688361092669, 3.606688361092669, 3.606688361092669, 3.606688361092669, 3.606688361092669, 3.606688361092669, 4.678747110666464, 4.678991258593859, 4.678991258593859, 4.678991258593859, 4.678991258593859, 4.678991258593859, 4.678991258593859, 4.678991258593859, 4.678991258593859, 4.678991258593859, 5.0, 5.0, 5.0, 5.0, 5.0, 5.0, 5.0, 5.0, 5.0, 5.0, 5.0, 5.0, 5.0, 5.0, 5.0, 5.0, 5.0, 5.0, 5.0, 5.0, 5.0, 5.0, 5.0, 5.0, 5.0, 5.0, 5.0, 5.0, 5.0, 5.0, 5.0, 5.0, 5.0, 5.0, 5.0, 5.0, 5.0, 5.0, 5.0, 5.0, 5.0, 5.0, 5.0, 5.0, 5.0, 5.0, 5.0, 5.0, 5.0, 5.0, 5.0, 5.0, 5.0, 5.0, 5.0, 5.0, 5.0, 5.0, 5.0, 5.0], "O35": 4.377982550625523, "O46": 4.370978794731642, "O22": [3.586244129583608, 3.5719544321863026, 3.564135228681943, 3.5641800269179744, 3.5533446649778355, 3.542826537431246, 3.5231317738549364, 3.5110118613658434, 3.5058005112174775, 3.503114840197642, 3.5316603976642775, 3.5633215527703617, 3.594316013423192, 3.6250824879723926, 3.649542780439595, 3.6525883435962623, 3.655176278826537, 3.6575923448901215, 3.6579597540367725, 3.660199843781004, 3.682811384357246, 3.703200049445682, 3.7186403650181923, 3.7288780686745566, 3.7466787999351676, 3.7494552710175544, 3.7527571211993016, 3.7541445508001487, 3.748232685839698, 3.740810074719923, 3.737681275343489, 3.7365478191879054, 3.7373890078175607, 3.738084547156358, 3.739133796813539, 3.738408338631155, 3.7382703046523997, 3.7385639088647324, 3.739287252074721, 3.7386881373032423, 3.729547983895308, 3.7122288768593243, 3.6935056254445944, 3.6710900972675122, 3.65137673408447, 3.649719614001042, 3.6446496419874705, 3.6367808762727676, 3.634357272826144, 3.6326386663807475, 3.621011844482892, 3.6059653559902825, 3.585326175960574, 3.5608549652633066, 3.5323338066250325, 3.503397474670219, 3.468306939650188, 3.423981599411039, 3.3698467983193816, 3.3039455314926314, 2.847430946479952, 2.847430946479952, 2.847430946479952, 2.847430946479952, 2.847430946479952, 2.847430946479952, 2.847430946479952, 2.847430946479952, 2.847430946479952, 2.847430946479952, 3.7447002081008542, 3.7447002081008542, 3.7447002081008542, 3.7447002081008542, 3.7447002081008542, 3.7447002081008542, 3.7447002081008542, 3.7447002081008542, 3.7447002081008542, 3.7447002081008542, 2.895071148871586, 2.895071148871586, 2.895071148871586, 2.895071148871586, 2.895071148871586, 2.895071148871586, 2.895071148871586, 2.895071148871586, 2.895071148871586, 2.895071148871586, 3.8218090589200644, 3.8218090589200644, 3.8218090589200644, 3.8218090589200644, 3.8218090589200644, 3.8218090589200644, 3.8218090589200644, 3.8218090589200644, 3.8218090589200644, 3.8218090589200644, 2.4555605631741964, 2.4555605631741964, 2.4555605631741964, 2.4555605631741964, 2.4555605631741964, 2.4555605631741964, 2.4555605631741964, 2.4555605631741964, 2.4555605631741964, 2.4555605631741964, 3.453140581612678, 3.453140581612678, 3.453140581612678, 3.453140581612678, 3.453140581612678, 3.453140581612678, 3.453140581612678, 3.453140581612678, 3.453140581612678, 3.453140581612678, 2.520216022866564, 2.520216022866564, 2.520216022866564, 2.520216022866564, 2.520216022866564, 2.520216022866564, 2.520216022866564, 2.520216022866564, 2.520216022866564, 2.520216022866564, 3.811547686042278, 3.811547686042278, 3.811547686042278, 3.811547686042278, 3.811547686042278, 3.811547686042278, 3.811547686042278, 3.811547686042278, 3.811547686042278, 3.811547686042278, 2.581426013830793, 2.581426013830793, 2.581426013830793, 2.581426013830793, 2.581426013830793, 2.581426013830793, 2.581426013830793, 2.581426013830793, 2.581426013830793, 2.581426013830793, 3.875481129687133, 3.875481129687133, 3.875481129687133, 3.875481129687133, 3.875481129687133, 3.875481129687133, 3.875481129687133, 3.875481129687133, 3.875481129687133, 3.875481129687133, 2.6874893100007706, 2.6874893100007706, 2.6874893100007706, 2.6874893100007706, 2.6874893100007706, 2.6874893100007706, 2.6874893100007706, 2.6874893100007706, 2.6874893100007706, 2.6874893100007706, 3.6723526996387346, 3.6723526996387346, 3.6723526996387346, 3.6723526996387346, 3.6723526996387346, 3.6723526996387346, 3.6723526996387346, 3.6723526996387346, 3.6723526996387346, 3.6723526996387346, 4.070023371451728, 4.086314778734627, 4.098028033717253, 4.113590961972835, 4.123496932527429, 4.126452245756611, 4.129944498835268, 4.136048637695529, 4.141425024540676, 4.144459078811124, 4.1609820776268025, 4.164290764809701, 4.153973987241197, 4.141331729598575, 4.1261559119916305, 4.130026726070009, 4.130739928326396, 4.125499144457185, 4.131812466565669, 4.143023865459893, 4.146853462253518, 4.1504363912504445, 4.157528942334726, 4.160316023119035, 4.163208552168853, 4.165157195917363, 4.165580514516116, 4.16665117090613, 4.172278197815317, 4.179799310712009, 4.183585592437616, 4.196875989718935, 4.220192910669497, 4.245202377055292, 4.266924405168247, 