{"O23": 3.036488196844599, "O34": [4.4550390063487875, 4.5008605224624105, 4.512183590263927, 4.51257138100594, 4.506738379294673, 4.485780870347774, 4.476690449348782, 4.460968757126926, 4.461567685382754, 4.464488083593279, 4.467311342824905, 4.477889636383438, 4.498080442559934, 4.525183093818391, 4.5342272885385135, 4.541394538948967, 4.540930839259034, 4.569180897454935, 4.5695013127963, 4.568097800962547, 4.525446830797538, 4.490157314151588, 4.463685789531294, 4.446725472308089, 4.42305562151351, 4.421788538081625, 4.434441094438163, 4.465060196216769, 4.497469548346235, 4.5340702777256014, 4.5420702755903735, 4.54374768764647, 4.532087319769314, 4.523105217956109, 4.52572574843573, 4.525797954294994, 4.512356361241167, 4.468979954053766, 4.4808378233999395, 4.516388180630424, 4.549075905232753, 4.5549273698973085, 4.5738748467099315, 4.595165309073847, 4.616540314494564, 4.648811585739828, 4.672057951867855, 4.684115565559903, 4.650409105417184, 4.613175018548364, 4.610311537466198, 4.61718573023216, 4.627339746399206, 4.631999299794501, 4.6357677418291345, 4.646464691904915, 4.681485203386098, 4.713735453500807, 4.709589366369558, 4.662076631723966], "O35": 4.566788512109902, "O46": 2.974158594266136, "O22": [3.465687550829677, 3.5079720572427493, 3.5184210858580744, 3.518778942636033, 3.5133961962935527, 3.4940564189001186, 3.4856676967968103, 3.4711595780795914, 3.4717122744506956, 3.4744072441360174, 3.4770125730995862, 3.4867743173575887, 3.505406574551744, 3.5304171444357184, 3.5387632085139082, 3.5453772115336557, 3.5449493052971164, 3.571018712603329, 3.5713143947567336, 3.5700192214371085, 3.530660523287664, 3.4980950405299636, 3.4736668799733597, 3.458015746985661, 3.4361729961862766, 3.435003720220624, 3.446679612809448, 3.4749351948008753, 3.5048428358872963, 3.5386183175262538, 3.546000787372487, 3.547548718276116, 3.5367884261230196, 3.5284996619367472, 3.5309179109880526, 3.53098454320318, 3.5185805204668514, 3.478552382520836, 3.4894949308025276, 3.5223011195932226, 3.5524656452965737, 3.557865429418093, 3.575350331113798, 3.594997360909405, 3.614722407796778, 3.644502626603694, 3.6659545819511283, 3.677081456108314, 3.6459768321030204, 3.611616882487093, 3.6089744364387717, 3.6153180032333805, 3.624688220505747, 3.628988098208109, 3.632465650347275, 3.6423368919045824, 3.674654134281354, 3.7044149546002867, 3.700588908175813, 3.656743730119237], "O21": [4.553999999999999, 4.553999999999999, 4.553999999999999, 4.553999999999999, 4.553999999999999, 4.553999999999999, 4.553999999999999, 4.553999999999999, 4.553999999999999, 4.553999999999999, 4.553999999999999, 4.553999999999999, 4.553999999999999, 4.553999999999999, 4.553999999999999, 4.553999999999999, 4.553999999999999, 4.553999999999999, 4.553999999999999, 4.553999999999999, 4.553999999999999, 4.553999999999999, 4.553999999999999, 4.553999999999999, 4.553999999999999, 4.553999999999999, 4.553999999999999, 4.553999999999999, 4.553999999999999, 4.553999999999999, 4.553999999999999, 4.553999999999999, 4.553999999999999, 4.553999999999999, 4.553999999999999, 4.553999999999999, 4.553999999999999, 4.553999999999999, 4.553999999999999, 4.553999999999999, 4.553999999999999, 4.553999999999999, 4.553999999999999, 4.553999999999999, 4.553999999999999, 4.553999999999999, 4.553999999999999, 4.553999999999999, 4.553999999999999, 4.553999999999999, 4.553999999999999, 4.553999999999999, 4.553999999999999, 4.553999999999999, 4.553999999999999, 4.553999999999999, 4.553999999999999, 4.553999999999999, 4.553999999999999, 4.553999999999999], "mode": "2"}