{"O23": 2.9375671327363313, "O34": [4.390649967180029, 4.398835137831412, 4.408871731514659, 4.420581567306413, 4.434363656727861, 4.445356989409577, 4.450632448540389, 4.557158961465636, 4.710069468772951, 4.932727732544045, 5.0, 5.0, 5.0, 5.0, 5.0, 5.0, 5.0, 5.0, 5.0, 4.974337240501684, 4.942080922219129, 4.925271454949461, 4.9196490622803415, 4.909095137607389, 4.897572492628997, 4.878322858089492, 4.860119998535112, 4.841317589645165, 4.824544658861008, 4.80613492805832, 4.780664283765761, 4.738551660536323, 4.673050303533031, 4.667843571255396, 4.676163178112741, 4.703779628319181, 4.746378817256547, 4.734814946362398, 4.7250646177028175, 4.7359428610784775, 4.7485002445414155, 4.744501194469659, 4.713043328070933, 4.6908935110170225, 4.667914683505341, 4.655572819076443, 4.637947569495927, 4.6115032966567, 4.576407960185632, 4.551847558773, 4.535275583713198, 4.533195030162554, 4.549106211058049, 4.5530530520225785, 4.558268921704552, 4.539269399979739, 4.504608532474801, 4.493053579361817, 4.4797076483905, 4.480738515347636, 4.463925720088463, 4.440176975640471, 4.418900508551406, 4.399291426069849, 4.367590933308922, 4.330179695278647, 4.311870323536461, 4.291716501632077, 4.280181370808188, 4.255921072463269, 4.222864821150228, 4.181199983693252, 4.142321516602486, 4.119450478044768, 4.083582527548025, 4.057591256121, 4.024284091677566, 3.990488600116873, 3.9550087737860755, 3.9153576697217387, 3.8963938055595166, 3.8831959199926374, 3.8810519899129106, 3.860146362512108, 3.853731353971089, 3.8504901382701737, 3.852811836811881, 3.865937416532747, 3.8828741377527285, 3.879541757524762, 3.87972646138723, 3.883787062973708, 3.889299863527589, 3.8924683857721782, 3.89208372103008, 3.891232130789774, 3.89413987212776, 3.9002515836482017, 3.905160200423813, 3.913468311631188, 3.335988131395176, 3.2749607839116934, 3.213648377677858, 3.1561287386126886, 3.1151293920405134, 3.0814690198054513, 3.058049107022244, 3.036153261444663, 3.0181539917498776, 3.00134431926932, 2.9244025894931367, 2.856137717930993, 2.8393008983134105, 2.831136163063153, 2.860511613537073, 2.8700969079153595, 2.9243108425274147, 2.9971671423608344, 3.0599831487516855, 3.0953685492525365, 3.114673457310915, 3.1316183591258016, 3.104040728975372, 3.109038296487334, 3.125809654778827, 3.1187775441554737, 3.1132725788924147, 3.1312862866883466, 3.1420239713270517, 3.1479332594681058, 3.169845775858734, 3.1830687894397345, 3.126692866958383, 3.072354197678535, 3.0375479621160126, 3.014003830867737, 2.9677729640401416, 2.9280608922764437, 2.899975399264266, 2.8807434706573374, 2.686201253442369, 2.671332682075891, 2.712444427952325, 2.754234603752168, 2.773841622174354, 2.78542521826986, 2.79577715666429, 2.816487617953829, 2.8172786385156923, 2.817627247285275, 2.841475537596406, 2.8698080290674928, 2.883300725841304, 2.8747758310349507, 2.8587610680938225, 2.8494836553023104, 2.839872820040837, 2.848373528819025, 2.8854464423434303, 2.931694555427565, 2.975533310667072, 2.9897943840673413, 2.9975705259813896, 3.005507624374907, 3.0134512306600625, 3.0221163975207355, 3.031899823990193, 3.0393830751477546, 3.056123728940718, 3.064423353448158, 3.019696557570087, 2.968272455667027, 2.9271835295504802, 3.654365805868235, 3.6505610326032327, 3.6547721066680903, 3.6500615983261278, 3.649023266998393, 3.650353707593604, 3.651281070250533, 3.6560546266034017, 3.6562629719053996, 3.656742758273314, 3.6572297257049557, 3.6575779885415343, 3.6509903050210966, 3.6607388169133785, 3.6671886720545017, 3.6728603334667094, 3.675450186468302, 3.6760784025734257, 3.6724261286086577, 3.6675156431274853, 3.664412437405514, 3.6669314987761705, 3.6620818316826758, 3.6653113251762264, 3.6632372111949176, 3.665075224687134, 3.6666134593419075, 1.816272088386, 1.8110639355240001, 1.8110639355240001, 1.8110639355240001, 1.8110639355240001, 1.8110639355240001, 1.8110639355240001, 1.8110639355240001, 1.8110639355240001, 1.8110639355240001, 1.8110639355240001, 1.8110639355240001, 1.8110639355240001, 1.8110639355240001, 1.8110639355240001, 1.8110639355240001, 1.8110639355240001, 1.8110639355240001, 1.8110639355240001, 1.8110639355240001, 1.8110639355240001, 1.8110639355240001, 1.8110639355240001, 1.8110639355240001, 1.8110639355240001, 1.8110639355240001, 1.8110639355240001, 1.8110639355240001, 1.8110639355240001, 1.8110639355240001, 1.8110639355240001, 1.8110639355240001, 1.8110639355240001, 1.8110639355240001, 1.8110639355240001, 1.8110639355240001, 1.8110639355240001, 1.8110639355240001, 1.8110639355240001, 1.8110639355240001, 1.8110639355240001, 1.8110639355240001, 1.8110639355240001, 1.8110639355240001, 1.8110639355240001, 1.8110639355240001, 1.8182287965088064, 1.8201356959812907, 1.8214186466488878, 1.824590146356578, 1.8308824425864074, 1.840973148150945, 1.8453167547399787, 1.8488308213626188, 1.8514253918315569, 1.8559947713567488, 1.8514338242312134, 1.855302495489044, 1.8607399138854908, 1.8624155895141739, 1.861057956658879, 1.850492194482991, 1.8690679631758425, 1.8864019744540483, 1.8876035833197837, 1.8785227947444612, 1.862988798314208, 1.8660298603170071, 1.8766697702850772, 1.8884486089389005, 1.895534722105377, 1.8991607967013198, 1.900382893796902, 1.899774225491538, 1.8985957490585326, 1.89805000607512, 1.90046295039492, 1.9008433404263676, 1.9012452413765313, 1.901174924677738, 1.9002920908896692, 1.8973387385826266, 1.8958469410575232, 1.895447241393106, 1.8969393873002296, 1.8983612018652196, 1.8999003085282145, 1.9012865198223332, 1.8980655305598237, 1.8962465711085326, 1.8941730164021706, 1.8888691890333742, 1.8827289781469962, 1.8855899902143078, 1.889001863642296, 1.896219392973674, 1.8908206945629968, 1.8837855443746603, 1.8850162107210702], "O35": 2.378477819545256, "O46": 1.7559579465044246,