{"O23": 5.0, "O34": [4.933802747111859, 4.940126956292618, 4.940126956292618, 4.940126956292618, 4.940126956292618, 4.940126956292618, 4.940126956292618, 4.940126956292618, 4.940126956292618, 4.940126956292618, 4.9222538467762424, 4.919054668911042, 4.287679595779164, 4.277999511773892, 3.9316208682112435, 3.939361510116218, 3.942718610781337, 3.9482823432065906, 3.9027139243216133, 3.8986968946127902, 3.89639213380814, 3.8571944191925738, 3.8772889085364515, 3.873513673781083, 3.8693538147214026, 3.8687213676116685, 3.9138374933548294, 3.9206406701036944, 3.921657886676734, 3.9216675450381775, 3.937621217565102, 3.934266160986149, 3.9325840062198387, 3.9332545625863236, 4.239847814170555, 4.243044898670523, 4.246706579832924, 4.246757554902782, 4.234817411495527, 4.222936348257223, 4.216486344159386, 4.213598486372313, 4.2096388629162735, 4.208275119071151, 2.2478926356819473, 2.246185781107619, 2.243798455414364, 2.2469635673746478, 2.2498414109760305, 2.2547440658229796, 2.2547440658229796, 2.2547440658229796, 2.2547440658229796, 2.2547440658229796, 2.225506047489529, 2.228034605386658, 2.228867068486211, 2.2338245622889135, 2.2308023005847257], "O35": 2.8507307781080566, "O46": 2.8905056588310423, "O22": [3.9074950287062844, 3.9133310657112212, 3.9133310657112212, 3.9133310657112212, 3.9133310657112212, 3.9133310657112212, 3.9133310657112212, 3.9133310657112212, 3.9133310657112212, 3.9133310657112212, 3.8968375998011737, 3.893885369747891, 3.311246784357196, 3.3023139159382424, 2.982672594189806, 2.9898157280280784, 2.992913690658812, 2.9980479528869073, 2.955997006868505, 2.9522900557920053, 2.950163201831452, 2.913991198903184, 2.932534574059554, 2.9290507535367154, 2.925211998253055, 2.9246283703826634, 2.9662619362295266, 2.9725399688060414, 2.9734786653912773, 2.973487578213921, 2.988209770439163, 2.985113694109494, 2.9835613865903046, 2.984180182024935, 3.2671071868990382, 3.2700574851760926, 3.273436517423961, 3.273483557676033, 3.262465086152195, 3.251501134338631, 3.2455490126549438, 3.242884071564502, 3.239230095493412, 3.2379716204306948, 1.4329249038258214, 1.4313489796781196, 1.4291447823990917, 1.4320671030486734, 1.4347241912932966, 1.4392507703454083, 1.4392507703454083, 1.4392507703454083, 1.4392507703454083, 1.4392507703454083, 1.412255559496368, 1.4145901552544842, 1.4153587612742284, 1.4199359726625138, 1.4171455444257206], "O21": [4.553999999999999, 4.553999999999999, 4.553999999999999, 4.553999999999999, 4.553999999999999, 4.553999999999999, 4.553999999999999, 4.553999999999999, 4.553999999999999, 4.553999999999999, 4.553999999999999, 4.553999999999999, 4.553999999999999, 4.553999999999999, 4.553999999999999, 4.553999999999999, 4.553999999999999, 4.553999999999999, 4.553999999999999, 4.553999999999999, 4.553999999999999, 4.553999999999999, 4.553999999999999, 4.553999999999999, 4.553999999999999, 4.553999999999999, 4.553999999999999, 4.553999999999999, 4.553999999999999, 4.553999999999999, 4.553999999999999, 4.553999999999999, 4.553999999999999, 4.553999999999999, 4.553999999999999, 4.553999999999999, 4.553999999999999, 4.553999999999999, 4.553999999999999, 4.553999999999999, 4.553999999999999, 4.553999999999999, 4.553999999999999, 4.553999999999999, 4.531000000000001, 4.531000000000001, 4.531000000000001, 4.531000000000001, 4.531000000000001, 4.531000000000001, 4.531000000000001, 4.531000000000001, 4.531000000000001, 4.531000000000001, 4.531000000000001, 4.531000000000001, 4.531000000000001, 4.531000000000001, 4.531000000000001], "mode": "2"}