{"O23": 5.0, "O34": [2.777641603593419, 2.777641603593419, 2.777641603593419, 2.777641603593419, 2.777641603593419, 2.777641603593419, 2.777641603593419, 2.777641603593419, 1.882847289277567, 1.882484850515026, 1.882484850515026, 1.882484850515026, 1.882484850515026, 1.882484850515026, 1.882484850515026, 1.882847289277567, 2.399109665674376, 2.399109665674376, 2.399109665674376, 2.399109665674376, 2.399109665674376, 2.399109665674376, 2.399109665674376, 2.399109665674376, 1.820799170022497, 1.820799170022497, 1.820799170022497, 1.820799170022497, 1.820799170022497, 1.820799170022497, 1.820799170022497, 1.820799170022497, 2.347757460597614, 2.3479487530411136, 2.3479487530411136, 2.3479487530411136, 1.8177061941438941, 1.816627884358409, 1.816627884358409, 1.816627884358409, 1.816627884358409, 1.816627884358409, 1.816627884358409, 1.816627884358409, 2.7927209017533, 2.7929223081636243, 2.7929223081636243, 2.7929223081636243, 2.7929223081636243, 2.7929223081636243, 2.7929223081636243, 2.7929223081636243, 1.8807197400730493, 1.8799950895453401, 1.8799950895453401, 1.8799950895453401, 1.8799950895453401, 1.8799950895453401, 1.8799950895453401], "O35": 2.107347967336317, "O46": 2.0457150851772377, "O22": [1.9220375694906755, 1.9220375694906755, 1.9220375694906755, 1.9220375694906755, 1.9220375694906755, 1.9220375694906755, 1.9220375694906755, 1.9220375694906755, 1.1161271890927686, 1.1161271890927686, 1.1161271890927686, 1.1161271890927686, 1.1161271890927686, 1.1161271890927686, 1.1161271890927686, 1.1161271890927686, 1.572542286989613, 1.572542286989613, 1.572542286989613, 1.572542286989613, 1.572542286989613, 1.572542286989613, 1.572542286989613, 1.572542286989613, 1.0590136578707434, 1.0590136578707434, 1.0590136578707434, 1.0590136578707434, 1.0590136578707434, 1.0590136578707434, 1.0590136578707434, 1.0590136578707434, 1.5253058563938986, 1.5253058563938986, 1.5253058563938986, 1.5253058563938986, 1.055151548348571, 1.055151548348571, 1.055151548348571, 1.055151548348571, 1.055151548348571, 1.055151548348571, 1.055151548348571, 1.055151548348571, 1.936146112589941, 1.936146112589941, 1.936146112589941, 1.936146112589941, 1.936146112589941, 1.936146112589941, 1.936146112589941, 1.936146112589941, 1.1138219694738534, 1.1138219694738534, 1.1138219694738534, 1.1138219694738534, 1.1138219694738534, 1.1138219694738534, 1.1138219694738534], "O21": [4.531000000000001, 4.531000000000001, 4.531000000000001, 4.531000000000001, 4.531000000000001, 4.531000000000001, 4.531000000000001, 4.531000000000001, 4.41, 4.408, 4.408, 4.408, 4.408, 4.408, 4.408, 4.41, 4.531000000000001, 4.531000000000001, 4.531000000000001, 4.531000000000001, 4.531000000000001, 4.531000000000001, 4.531000000000001, 4.531000000000001, 4.408, 4.408, 4.408, 4.408, 4.408, 4.408, 4.408, 4.408, 4.53, 4.531000000000001, 4.531000000000001, 4.531000000000001, 4.414, 4.408, 4.408, 4.408, 4.408, 4.408, 4.408, 4.408, 4.53, 4.531000000000001, 4.531000000000001, 4.531000000000001, 4.531000000000001, 4.531000000000001, 4.531000000000001, 4.531000000000001, 4.412, 4.408, 4.408, 4.408, 4.408, 4.408, 4.408], "mode": "2"}