{"O23": 5.0, "O34": [4.891256744947848, 4.9187555215460375, 4.9187555215460375, 4.9187555215460375, 4.9187555215460375, 4.9187555215460375, 4.9187555215460375, 4.9187555215460375, 4.9187555215460375, 4.9187555215460375, 4.93479938611177, 4.969654005755968, 4.356018447989946, 4.369769049035184, 4.385848354163579, 4.391579326498071, 4.355735408935982, 4.338561464697505, 4.341929141284638, 4.3433052126245135, 4.353617050001337, 4.325734164071948, 4.263947014633263, 4.229301570234986, 4.201313407497378, 4.185518651054298, 4.179753097828036, 4.168037432426579, 4.147608794798605, 4.134729861046508, 4.132675009801861, 4.165429382430938, 4.152613128164662, 4.1171278804810125, 4.087136299379314, 4.065167859457666, 4.084697924453289, 4.084691425486275, 4.061066500886013, 4.034809052302414, 3.986586056884804, 4.0151666032398055, 4.081723118616514, 4.099225954906507, 2.198315399685384, 2.1985835420889663, 2.20734526650771, 2.2067124110604506, 2.206361781975008, 2.2055753164047442, 2.2055753164047442, 2.2055753164047442, 2.2055753164047442, 2.2055753164047442, 2.2101200704158344, 2.2095883486984236, 2.209212984201792, 2.209166876967865, 2.2141884099681945], "O35": 2.8365594929235334, "O46": 2.87987719494265, "O22": [3.8682331959704666, 3.893609313873996, 3.893609313873996, 3.893609313873996, 3.893609313873996, 3.893609313873996, 3.893609313873996, 3.893609313873996, 3.893609313873996, 3.893609313873996, 3.9084147361223107, 3.9405788920226885, 3.374310490660656, 3.3869996687454478, 3.4018377958631407, 3.4071263885808087, 3.374049299680794, 3.358201029765654, 3.3613087519521625, 3.3625786029377025, 3.372094459039225, 3.346363881596685, 3.289346145426478, 3.2573750183208188, 3.2315472904945755, 3.216971747458107, 3.21165124318308, 3.2008399219781487, 3.1819881917855377, 3.1701033961038836, 3.168207160928759, 3.198433190029497, 3.186606235540036, 3.1538601304236553, 3.1261836301461825, 3.1059109565740397, 3.1239334758749595, 3.123927478569857, 3.1021261860658944, 3.077895576797731, 3.0333949637246684, 3.059769348470917, 3.121188298343713, 3.13755322539395, 1.387150668247458, 1.387398241822374, 1.3954878666179973, 1.3949035566267767, 1.3945798238079732, 1.3938536869113933, 1.3938536869113933, 1.3938536869113933, 1.3938536869113933, 1.3938536869113933, 1.3980498192000868, 1.397558885111777, 1.3972123143005735, 1.3971697438880604, 1.4018060821167089], "O21": [4.553999999999999, 4.553999999999999, 4.553999999999999, 4.553999999999999, 4.553999999999999, 4.553999999999999, 4.553999999999999, 4.553999999999999, 4.553999999999999, 4.553999999999999, 4.553999999999999, 4.553999999999999, 4.553999999999999, 4.553999999999999, 4.553999999999999, 4.553999999999999, 4.553999999999999, 4.553999999999999, 4.553999999999999, 4.553999999999999, 4.553999999999999, 4.553999999999999, 4.553999999999999, 4.553999999999999, 4.553999999999999, 4.553999999999999, 4.553999999999999, 4.553999999999999, 4.553999999999999, 4.553999999999999, 4.553999999999999, 4.553999999999999, 4.553999999999999, 4.553999999999999, 4.553999999999999, 4.553999999999999, 4.553999999999999, 4.553999999999999, 4.553999999999999, 4.553999999999999, 4.553999999999999, 4.553999999999999, 4.553999999999999, 4.553, 4.531000000000001, 4.531000000000001, 4.531000000000001, 4.531000000000001, 4.531000000000001, 4.531000000000001, 4.531000000000001, 4.531000000000001, 4.531000000000001, 4.531000000000001, 4.531000000000001, 4.531000000000001, 4.531000000000001, 4.531000000000001, 4.531000000000001], "mode": "2"}