{"O23": 5.0, "O34": [2.8647312251847543, 2.8647312251847543, 2.8647312251847543, 2.8647312251847543, 2.8647312251847543, 2.8647312251847543, 2.8647312251847543, 2.8647312251847543, 2.8647312251847543, 2.8645281866032675, 1.8253193896698812, 1.8253193896698812, 1.8253193896698812, 1.8253193896698812, 1.8253193896698812, 1.8253193896698812, 1.8253193896698812, 1.8253193896698812, 1.8253193896698812, 1.8242659015621945, 2.831910462869758, 2.831910462869758, 2.831910462869758, 2.831910462869758, 2.831910462869758, 2.831910462869758, 2.831910462869758, 2.831910462869758, 2.831910462869758, 2.831708170283392, 1.8110639355240001, 1.8110639355240001, 1.8110639355240001, 1.8110639355240001, 1.8110639355240001, 1.8110639355240001, 1.8110639355240001, 1.8110639355240001, 1.8110639355240001, 1.8114231184799998, 3.069774635535493, 3.069774635535493, 3.069774635535493, 3.069774635535493, 3.069774635535493, 3.069774635535493, 3.069774635535493, 3.069774635535493, 3.069774635535493, 3.0695669364472726, 1.8110639355240001, 1.8110639355240001, 1.8110639355240001, 1.8110639355240001, 1.8110639355240001, 1.8110639355240001, 1.8110639355240001, 1.8110639355240001, 1.8110639355240001], "O35": 2.1435594347054283, "O46": 2.0753867050915713, "O22": [2.0024466680420483, 2.0024466680420483, 2.0024466680420483, 2.0024466680420483, 2.0024466680420483, 2.0024466680420483, 2.0024466680420483, 2.0024466680420483, 2.0024466680420483, 2.0024466680420483, 1.063198838351853, 1.063198838351853, 1.063198838351853, 1.063198838351853, 1.063198838351853, 1.063198838351853, 1.063198838351853, 1.063198838351853, 1.063198838351853, 1.0615572606399333, 1.972143540490277, 1.972143540490277, 1.972143540490277, 1.972143540490277, 1.972143540490277, 1.972143540490277, 1.972143540490277, 1.972143540490277, 1.972143540490277, 1.972143540490277, 1.05, 1.05, 1.05, 1.05, 1.05, 1.05, 1.05, 1.05, 1.05, 1.05, 2.191761485226217, 2.191761485226217, 2.191761485226217, 2.191761485226217, 2.191761485226217, 2.191761485226217, 2.191761485226217, 2.191761485226217, 2.191761485226217, 2.191761485226217, 1.05, 1.05, 1.05, 1.05, 1.05, 1.05, 1.05, 1.05, 1.05], "O21": [4.531000000000001, 4.531000000000001, 4.531000000000001, 4.531000000000001, 4.531000000000001, 4.531000000000001, 4.531000000000001, 4.531000000000001, 4.531000000000001, 4.53, 4.408, 4.408, 4.408, 4.408, 4.408, 4.408, 4.408, 4.408, 4.408, 4.412, 4.531000000000001, 4.531000000000001, 4.531000000000001, 4.531000000000001, 4.531000000000001, 4.531000000000001, 4.531000000000001, 4.531000000000001, 4.531000000000001, 4.53, 4.408, 4.408, 4.408, 4.408, 4.408, 4.408, 4.408, 4.408, 4.408, 4.41, 4.531000000000001, 4.531000000000001, 4.531000000000001, 4.531000000000001, 4.531000000000001, 4.531000000000001, 4.531000000000001, 4.531000000000001, 4.531000000000001, 4.53, 4.408, 4.408, 4.408, 4.408, 4.408, 4.408, 4.408, 4.408, 4.408], "mode": "2"}