{"O23": 2.967987223532548, "O34": [4.430969724247891, 4.463927843448245, 4.466839387411921, 4.470405333537073, 4.471411413955708, 4.475934177241059, 4.493596149980703, 4.516018619613522, 4.509364985588258, 4.51175112075212, 4.5251095746788765, 4.530958333301667, 4.532914808541448, 4.55322560869505, 4.555603898061082, 4.58180319340734, 4.622067474980578, 4.643359037605341, 4.663577645714321, 4.677044476168395, 4.673780164532356, 4.665532631502134, 4.668102707522679, 4.673616240373493, 4.663701696938261, 4.652315086465274, 4.6229504130835615, 4.599362308468017, 4.599188172024128, 4.578720542822997, 4.568091053526118, 4.575198890468331, 4.578128556549548, 4.563170477680489, 4.56614776539283, 4.541062987539446, 4.516731632363557, 4.467938555901322, 4.419446167491055, 4.367867037286436, 4.333768577351648, 4.296950941218622, 4.276103016483116, 4.257708846772143, 4.260709906222819, 4.269152032759601, 4.306282849367854, 4.341719151911135, 4.364332781456098, 4.395134752955251, 4.405777848025412, 4.410223094021626, 4.410738044493015, 4.414917460124442, 4.401138170798243, 4.382870684950404, 4.35041040077141, 4.368255442547651, 4.402641175624735, 4.445558080775632], "O35": 4.436071652127038, "O46": 2.882085809961572, "O22": [3.4434762012350975, 3.473890249500859, 3.476577048407704, 3.4798677355037775, 3.4807961555457574, 3.484969802106688, 3.501268429103775, 3.521960085369247, 3.515820052160527, 3.5180219991102657, 3.5303493003137874, 3.5357465872756735, 3.537552040190378, 3.556295028903802, 3.5584897356808702, 3.5826666806195693, 3.6198229211110338, 3.6394709662372287, 3.658128879304259, 3.6705561913400944, 3.66754385525837, 3.659932957739317, 3.6623046469628546, 3.667392584573011, 3.6582433548873294, 3.6477356885243415, 3.6206377043186726, 3.5988703896271446, 3.598709694953487, 3.5798219829871365, 3.5700129948421995, 3.5765721705800955, 3.5792756927396905, 3.5654722432794506, 3.5682197111077483, 3.5450712529165855, 3.5226180599357515, 3.477591370957046, 3.4328421596119965, 3.3852444752291917, 3.3537781102967643, 3.319802465158339, 3.300563813058924, 3.2835895081237036, 3.286358912725538, 3.294149382879327, 3.3284140337717365, 3.361114971873203, 3.381983032221658, 3.4104073680328413, 3.4202289117075035, 3.4243310246181387, 3.424806225535888, 3.428663027799518, 3.415947375911517, 3.3990899759824487, 3.3691353343435018, 3.385602899090986, 3.417334362257999, 3.456938467599741], "O21": [4.553999999999999, 4.553999999999999, 4.553999999999999, 4.553999999999999, 4.553999999999999, 4.553999999999999, 4.553999999999999, 4.553999999999999, 4.553999999999999, 4.553999999999999, 4.553999999999999, 4.553999999999999, 4.553999999999999, 4.553999999999999, 4.553999999999999, 4.553999999999999, 4.553999999999999, 4.553999999999999, 4.553999999999999, 4.553999999999999, 4.553999999999999, 4.553999999999999, 4.553999999999999, 4.553999999999999, 4.553999999999999, 4.553999999999999, 4.553999999999999, 4.553999999999999, 4.553999999999999, 4.553999999999999, 4.553999999999999, 4.553999999999999, 4.553999999999999, 4.553999999999999, 4.553999999999999, 4.553999999999999, 4.553999999999999, 4.553999999999999, 4.553999999999999, 4.553999999999999, 4.553999999999999, 4.553999999999999, 4.553999999999999, 4.553999999999999, 4.553999999999999, 4.553999999999999, 4.553999999999999, 4.553999999999999, 4.553999999999999, 4.553999999999999, 4.553999999999999, 4.553999999999999, 4.553999999999999, 4.553999999999999, 4.553999999999999, 4.553999999999999, 4.553999999999999, 4.553999999999999, 4.553999999999999, 4.553999999999999], "mode": "2"}