{"O23": 5.0, "O34": [5.0, 5.0, 5.0, 5.0, 5.0, 5.0, 5.0, 5.0, 5.0, 5.0, 5.0, 5.0, 5.0, 5.0, 5.0, 5.0, 5.0, 5.0, 5.0, 5.0, 2.430756830479035, 2.443090242908835, 2.416408437568188, 2.4276558569650573, 2.4373729695539113, 2.4473668026323496, 2.4002501137397068, 2.404925157517229, 2.4074003627320013, 2.3265033511592046, 2.3262554672226776, 2.327574972850396, 2.328537582546625, 2.278663915756535, 2.2763458416904254, 2.289545487736334, 2.3054922276677488, 2.3344866753545146, 2.338187089016835, 2.342293751870663, 5.0, 5.0, 5.0, 5.0, 5.0, 5.0, 5.0, 5.0, 5.0, 5.0, 5.0, 5.0, 5.0, 5.0, 5.0, 5.0, 5.0, 5.0, 5.0, 5.0, 5.0, 5.0, 5.0, 5.0, 5.0, 5.0], "O35": 3.598361438213816, "O46": 3.598487116660362, "O22": [3.98017137850134, 4.014414331937619, 4.023401147034923, 4.0393378324909275, 4.045573200668788, 4.055247389442351, 4.071079973634127, 4.081527114132419, 4.08060509167462, 4.082034395223816, 4.092476009194107, 4.078374989571233, 4.077131222540706, 4.063203209455598, 4.07736793582743, 4.095322119783042, 4.115660775575903, 4.1375501239791825, 4.159943272487301, 4.189079193513109, 1.6017618420542836, 1.6131491756701783, 1.5885140942912264, 1.5988987398805172, 1.6078704663562435, 1.6170976864799107, 1.5735952528792598, 1.5779116805886688, 1.580197016274055, 1.5055055012897287, 1.5052766321832003, 1.5064949203801126, 1.507383689633168, 1.461335762052763, 1.459195504205441, 1.4713826238685521, 1.4861061116882055, 1.5128764358541305, 1.5162929959610347, 1.519908146471042, 4.3473129752499595, 4.330420682020713, 4.335485046340223, 4.340595757486315, 4.344184101022896, 4.347855594416932, 4.347652339550869, 4.347279422648695, 4.347575491919264, 4.348809461985283, 4.3464061877616595, 4.342558102106187, 4.341210672315269, 4.340784829228744, 4.341880689160103, 4.343800363066676, 4.341094041945041, 4.337865691447954, 4.341038012573963, 4.351442464740281, 4.362238915281266, 4.376391815843436, 4.3751790616859685, 4.373037327458042, 4.371433498482826, 4.3686571070966105], "O21": [4.553999999999999, 4.553999999999999, 4.553999999999999, 4.553999999999999, 4.553999999999999, 4.553999999999999, 4.553999999999999, 4.553999999999999, 4.553999999999999, 4.553999999999999, 4.553999999999999, 4.553999999999999, 4.553999999999999, 4.553999999999999, 4.553999999999999, 4.553999999999999, 4.553999999999999, 4.553999999999999, 4.553999999999999, 4.553999999999999, 4.531000000000001, 4.531000000000001, 4.531000000000001, 4.531000000000001, 4.531000000000001, 4.531000000000001, 4.531000000000001, 4.531000000000001, 4.531000000000001, 4.531000000000001, 4.531000000000001, 4.531000000000001, 4.531000000000001, 4.531000000000001, 4.531000000000001, 4.531000000000001, 4.531000000000001, 4.531000000000001, 4.531000000000001, 4.532, 4.553999999999999, 4.553999999999999, 4.553999999999999, 4.553999999999999, 4.553999999999999, 4.553999999999999, 4.553999999999999, 4.553999999999999, 4.553999999999999, 4.553999999999999, 4.553999999999999, 4.553999999999999, 4.553999999999999, 4.553999999999999, 4.553999999999999, 4.553999999999999, 4.553999999999999, 4.553999999999999, 4.553999999999999, 4.553999999999999, 4.553999999999999, 4.553999999999999, 4.553999999999999, 4.553999999999999, 4.553999999999999, 4.553999999999999], "mode": "2"}