{"O23": 5.0, "O34": [4.549670794644047, 4.539701202718475, 4.556815798196575, 4.570398058920308, 4.58153141288085, 4.591599414443354, 4.595344052891907, 4.593252635583497, 4.599847689776127, 4.605481446406522, 4.600265355289466, 4.598922752244532, 4.60273436980464, 4.61601814336174, 4.62288365082844, 4.629374804570993, 4.64470031141595, 4.652122867724874, 4.655836527045105, 4.662699622045066, 4.668313508543242, 4.673025276630475, 4.672804850247568, 4.673561163172194, 4.674821483784946, 4.675490399666991, 4.679901244248853, 4.688331124051094, 4.690231397736704, 4.692165095928881, 4.695740839169929, 4.698706059396975, 4.700573204301324, 4.702540681798282, 4.705610634116853, 4.709640389269412, 4.710819423810745, 4.711799824589439, 4.716679242212348, 4.723395944727876, 4.735002583185731, 4.745688852312779, 4.746350654582595, 4.7472068702081485, 4.747335554989241, 4.7482265224752265, 4.749088610743732, 4.750545050640133, 1.8500349792995419, 1.84809645790707, 1.842404784707023, 1.842404784707023, 1.842404784707023, 1.842404784707023, 1.842404784707023, 1.842404784707023, 1.842404784707023, 1.842404784707023, 1.850568032942364, 1.8497887410908904, 1.842930270242083], "O35": 2.639747854431099, "O46": 2.7038947298733245, "O22": [3.5530146145856865, 3.5438145856589425, 3.559608088005228, 3.57214192013013, 3.5824158791099294, 3.5917067213330642, 3.5951623073093084, 3.5932323286422863, 3.5993183038555756, 3.604517185048788, 3.5997037293407006, 3.5984647631981814, 3.601982158099845, 3.6142405435878358, 3.6205760955103163, 3.6265661904555526, 3.640708705750381, 3.647558307345137, 3.6509853055036645, 3.657318631180182, 3.662499176037007, 3.6668472379258255, 3.6666438264808927, 3.6673417588372206, 3.6685047940126667, 3.6691220755935294, 3.6731924425701767, 3.6809716113273905, 3.682725200943381, 3.6845096349940856, 3.6878093629566577, 3.690545694801196, 3.6922687128804377, 3.694084318776834, 3.696917298335619, 3.7006359925658354, 3.7017240162248637, 3.702628738864579, 3.707131509249923, 3.713329742627629, 3.724040452790261, 3.7339018378721938, 3.7345125549478317, 3.7353026784134093, 3.735421429884615, 3.7362436226789693, 3.737039165472181, 3.7383831812831576, 1.0860825058207617, 1.084287667842328, 1.0790178620718331, 1.0790178620718331, 1.0790178620718331, 1.0790178620718331, 1.0790178620718331, 1.0790178620718331, 1.0790178620718331, 1.0790178620718331, 1.0865760494702643, 1.085854518814611, 1.0795043985625346], "O21": [4.553999999999999, 4.553999999999999, 4.553999999999999, 4.553999999999999, 4.553999999999999, 4.553999999999999, 4.553999999999999, 4.553999999999999, 4.553999999999999, 4.553999999999999, 4.553999999999999, 4.553999999999999, 4.553999999999999, 4.553999999999999, 4.553999999999999, 4.553999999999999, 4.553999999999999, 4.553999999999999, 4.553999999999999, 4.553999999999999, 4.553999999999999, 4.553999999999999, 4.553999999999999, 4.553999999999999, 4.553999999999999, 4.553999999999999, 4.553999999999999, 4.553999999999999, 4.553999999999999, 4.553999999999999, 4.553999999999999, 4.553999999999999, 4.553999999999999, 4.553999999999999, 4.553999999999999, 4.553999999999999, 4.553999999999999, 4.553999999999999, 4.553999999999999, 4.553999999999999, 4.553999999999999, 4.553999999999999, 4.553999999999999, 4.553999999999999, 4.553999999999999, 4.553999999999999, 4.553999999999999, 4.553999999999999, 4.408, 4.408, 4.408, 4.408, 4.408, 4.408, 4.408, 4.408, 4.408, 4.408, 4.408, 4.408, 4.408], "mode": "2"}