{"O23": 4.26235074726335, "O34": [4.398389580784809, 4.402762086992255, 4.377894612952804, 4.363676133372068, 4.355248160787344, 4.350730439572638, 4.378327303761294, 4.418341601160058, 4.456680573747556, 4.488867499300049, 4.524295349995076, 4.559714346270856, 4.575095687864183, 4.595432280551781, 4.614217701581704, 4.63335209790989, 4.642175424661053, 4.64432264667677, 4.649494220016433, 4.650195612323513, 4.649090645379571, 4.648211557374504, 4.659291518529542, 4.663689531353581, 4.67013763223298, 4.676595685384442, 4.659321577191205, 4.621361966636982, 4.579400995803604, 4.544838367966755, 4.5131746113894184, 4.4795119571198505, 4.461055025237669, 4.453374840731726, 4.447725967491281, 4.430086522141667, 4.425647737399467, 4.431668441449387, 4.43506290766961, 4.44145797977302, 4.446459846789719, 4.451797859662253, 4.463404543204375, 4.466058334075662, 4.466072425698878, 4.46774313829611, 4.4739054930729685, 4.4852940360480025, 4.502997776644374, 4.513101163391314, 4.514339293191876, 4.522974518038302, 4.524947364193593, 4.511541961118952, 4.496833442789697, 4.494890561523931, 4.49338913338832, 4.494295514083848, 4.4927851057127315, 4.486183815479099, 3.0784698465688303, 3.1126752313976076, 3.11628085027494, 3.1212487685290324, 3.117873048597543, 3.0885591378443364, 3.0697679146883314, 3.022976403976574, 2.997545324062747, 3.0127953238117775, 3.000702586383165, 3.0245948451305433, 3.0234952119659635, 3.012117249732698, 2.9944643779101274, 2.974291219281097, 2.9678387827191446, 2.9676068867371055, 2.939282256648513, 2.9372446758217547, 2.9399631169838574, 2.943289674538796, 2.9617201317034336, 2.9810264681109166, 3.0048105364939532, 3.0412157995002405, 3.063455199359518, 3.087950501957754, 3.1078146377428895, 3.104330231808688, 3.1315509857458226, 3.1368864465915625, 3.1503733453494296, 3.1887989480800667, 2.598797551593851, 2.6121620753607546, 2.6203122705464166, 2.586130305218074, 3.2616092263084653, 3.2739774127566736, 3.2926507422208338, 3.312540557030733, 3.318294887215844, 3.325084920538664, 3.3358510904262406, 3.334546653962018, 3.351365331164856, 3.396357577401153, 3.4274657778068787, 3.4601053082981523, 3.4946373510577753, 3.5208618001195364, 3.548775566401739, 3.5444421202059906, 3.533482855184629, 3.527597752353514, 3.541379528938377, 3.5306886153246446, 3.494738346398881, 3.4376944541815537, 3.3791399902672827, 3.3196129730868105, 3.268961461176206, 3.2224791758693665, 3.1813035765262647, 3.1266825488620897, 3.078385186035413, 3.0446056931623637, 3.025681384256657, 3.0029614325962117, 2.9756780870899484, 2.9520280043892906, 2.2438791297544616, 2.2121957383533477, 2.1932275611802075, 2.1895650186838655, 2.197662883196294, 2.2078658584807296, 2.2134436620306976, 2.213039315798608, 3.104026264034487, 3.145784940681462, 3.1913091488206016, 3.241224706156397, 3.2750565985768256, 3.3133727718451884, 3.3578402029386227, 3.383008695111686, 3.374490715700961, 3.374628019023031, 3.3928000536071194, 3.396806941183975, 3.3879732807726763, 3.36323022250248, 3.360483139251499, 3.360435775208144, 3.3596478028006747, 3.3754033608776433, 3.373654980318248, 3.339853034804821, 3.277914394516352, 3.239610787298776, 3.192616610229158, 2.309002948667693, 2.3122398896216687, 2.311137598331039, 2.2986238702129893, 2.298455105648978, 2.305168213916148, 2.3376376258625746, 2.327853030898875, 3.174245324608126, 3.2125727181859594, 3.2483534595458257, 3.25005857282318, 3.255642206440307, 3.259706276777316, 3.2419028682504285, 3.2273101537641278, 3.2284124634998435, 3.2571350142431448, 3.2499863925247845, 3.2454629416593357, 3.2287634036898485, 3.2216414157150393, 3.225255486140944, 3.2154841562361227, 3.20624945430112, 3.2134405581283616, 3.2180076024337927, 3.2188666567309863, 3.2004445821320915, 3.1969363995652826, 3.227311878639413, 3.2585558581833367, 3.2591593247387847, 3.2396312912202783, 3.2138930508257286, 3.1682529376052924, 3.151098449610636, 3.151751875468797, 3.150725628902183, 3.170744700168245, 3.1880655985697253, 3.192833903526156, 3.195740284677524, 3.220540008260582, 3.235130997865191, 3.216509052090507, 3.1619147821937066, 2.060512137759631, 2.0624659063100887, 2.06060987194948, 2.0639391160062237, 2.0687657068598173, 2.0694550973153483, 2.0599453517500956, 2.0774902198974385, 2.0818855049433, 2.0778040285325106, 2.091488545933563, 2.091392606132338, 2.0885997112368715, 2.1062382886882296, 2.1032603650363058, 2.1026921915052843, 2.1066352268834976, 2.10522373053732, 2.107108914478766, 2.0959466613222717, 2.105031754852905, 2.123145019187028, 2.14746809475076, 2.1478925341386748, 2.1525005703219384, 2.160552193054884, 2.1775642382334244, 2.162847365355127, 2.1725647500435437, 3.025937680177739, 3.019245869582941, 3.0099402050524597, 3.0078445869648314, 3.004055258375718, 2.987064381665601, 2.957927816437166, 2.929815790824565, 2.909539612473056, 2.8901823340674935, 2.874310773275794, 2.8530070356286115, 2.837604395356175, 2.824512686095244, 2.8167551227320256, 2.8131076400333055, 2.8462301006288158, 2.8801359105912456, 2.9471005438049196, 3.036452787484056, 3.1435695516993016, 3.216936289166682, 3.2872351205179076, 3.3512589686033385, 3.4103495276443, 3.4703402373615937, 3.533844257033972, 3.5780221963601013, 3.6002587104905324, 3.6148139082494253, 3.621545484427241, 3.6260474741880158, 3.6254598488294176, 3.622085220576292, 3.6206272297229987, 2.242592912463756, 2.2457090951724266, 2.2482737258473793, 2.246893143329421, 2.2489135998192427, 2.2456970375334833, 2.2466420935474574, 2.244079773516198, 2.24722381762808, 2.2483437043990446, 2.248005887750553, 2.241848950634591, 2.2448551320601218, 2.2475519202080565, 2.2513941882445225, 2.241896663575317, 2.241483076719431, 2.2428028758520653, 2.242202468317491, 2.2429114187441304, 2.242757232889612, 2.24143457318249, 2.2400923584487415, 2.2398017592716313, 2.2395420458076987], "O35": 2.7998835803433, "O46": 2.4848150253725,