{"O23": 2.0447026773277854, "O34": [3.5218560438199193, 3.512634038691955, 3.5040072108807507, 3.4970977733296356, 3.4939121838466454, 3.4878967533227696, 3.478574565304374, 3.4664497743941696, 3.448980657121507, 3.2635674005007536, 3.2252054423651417, 3.1918590144939416, 3.160805906816388, 3.1346300597298473, 2.995166614508209, 2.9863934207558764, 2.978050909738053, 2.97077716296644, 2.961022881967605, 2.980607098833456, 2.980737247150822, 2.9764638714800733, 2.9720222889488146, 2.9670584565296045, 1.843437282478552, 1.8447514831186338, 1.8484305186598502, 1.8541345739179187, 1.8541162534915698, 1.8514860024862225, 2.426645587465924, 2.436730940865977, 2.438452320285462, 2.440312536269213, 2.440071314726269, 2.440071314726269, 2.440071314726269, 2.440071314726269, 2.440071314726269, 2.495544601066566, 2.5151955179675594, 2.5380552527239133, 2.5613399765636666, 2.578928151815259, 2.4617505151227483, 3.1143166056876237, 3.107137939873156, 3.1023970067260858, 3.098255406757383, 3.0950783809709206, 3.0950783809709206, 3.0950783809709206, 3.0950783809709206, 3.0950783809709206, 3.102789232471366, 3.1061870614458846, 3.1060302840147096, 3.1006381275852464, 3.095935100035298, 3.1506776919628456, 3.6144737588044773, 3.594240194631219, 3.5782055370330537, 3.5698587842066045, 3.5693594386161047, 3.5481217680602204, 3.5479230032476794, 3.555521636914772, 3.5565229932178304, 3.5531670628364633, 3.544479383443292, 3.5144895194652563, 3.4751711803093506, 3.4618580107407624, 3.4658276647063886, 3.4617667726834633, 3.453502030556189, 3.453332196495685, 3.4546517465410087, 3.4659024088106123, 2.186252121260296, 2.1860343356941647, 2.1859211637557423, 2.1855098980646166, 2.1855685612109816, 2.1855685612109816, 2.1855685612109816, 2.1855685612109816, 2.1855685612109816, 2.1855685612109816, 2.188067269685348, 2.1886664857843527, 2.189075849466795, 2.1900140983415466, 2.190873222339686, 2.9064083224559933, 2.903660442874863, 2.9032969904880632, 2.902759862391706, 2.9031875863953824, 2.9031875863953824, 2.9031875863953824, 2.9031875863953824, 2.9031875863953824, 2.9031875863953824, 2.880498537777605, 2.8815989879747415, 2.880489132006342, 2.877451017488305, 1.8343043839442639, 3.5009453726439417, 3.5073248838773767, 3.497538639635366, 3.479394838118751, 3.472971681101785, 3.4815580040007146, 3.531070906575705, 3.573877478144426, 3.575649039054447, 3.569968468050323, 3.582189328336855, 3.5868525782606677, 3.5970216881348804, 3.607044418109631, 3.619834596351176, 3.617958131431437, 3.616019112830828, 3.6050808264922316, 3.615548819796589, 3.6245943285912374, 2.251651951539888, 2.2497538200946767, 2.249284593733887, 2.250176454195255, 2.2481489001491743, 2.2481489001491743, 2.2481489001491743, 2.2481489001491743, 2.2481489001491743, 2.2481489001491743, 2.229372957424197, 2.229869811072564, 2.229881871406352, 2.229245666571664, 2.229114676005924, 2.9752553247373994, 2.9752553247373994, 2.9752553247373994, 2.9752553247373994, 2.9752553247373994, 2.9752553247373994, 2.9752553247373994, 2.9752553247373994, 2.9752553247373994, 2.9760775276342186, 3.587735472877947, 3.5529899888425596, 3.536084995736457, 3.524718918086701, 3.513245503264107, 3.4994452773341234, 3.5053268972229823, 3.4898951632176676, 3.471647063473934, 3.4598189677663567, 3.464210385609559, 3.4344480786283023, 3.4166693168465923, 3.4059577748447287, 3.3798841821670447, 3.322088127176926, 3.3213407074475017, 3.3306517553620574, 3.3165486263388364, 3.28112641691672, 2.496775986074665, 2.4971621005876665, 2.510836387313139, 2.52315875945113, 2.5288708237425546, 2.5288708237425546, 2.5288708237425546, 2.5288708237425546, 2.5288708237425546, 2.5566501939899298, 2.5648262719906314, 2.572851983287131, 2.577438253188366, 2.586995055406261, 2.6022322708613346, 3.4621557727489076, 3.4621557727489076, 3.4621557727489076, 3.4621557727489076, 3.4621557727489076, 3.4621557727489076, 3.4621557727489076, 3.4621557727489076, 3.4621557727489076, 3.4760774895579454, 3.3254535899064224, 3.3143829853805964, 3.2973485401123055, 3.2899958112534478, 3.287946694718985, 3.2850068085713477, 3.284807351589909, 3.3039953567017433, 3.321539368893743, 3.337024099267992, 3.326391894067021, 3.325863884074327, 3.339662734419434, 3.337612525561913, 3.348694198596992, 3.341404358325568, 3.3481807780883353, 3.345105987193053, 3.352282551901686, 3.376764295244812, 3.384493525636469, 3.391301469821991, 3.4042249425825934, 3.40990340983327, 3.410975066347198, 3.4101331613552337, 3.402490920748367, 3.3832520896589307, 3.3810110839716274, 3.3752789601252133, 3.355142361751538, 3.3603243508924483, 3.349480429205566, 3.3559191345895867, 3.3587452811188294, 3.367979990137801, 3.3661392622634536, 3.364324100442195, 3.378147604744065], "O35": 3.002651767426623, "O46": 1.7588929105098405,