{"O23": 3.908622596706451, "O34": [5.0, 5.0, 5.0, 5.0, 5.0, 5.0, 5.0, 5.0, 5.0, 5.0, 3.269548658565913, 3.26615405587865, 3.26615405587865, 3.26615405587865, 3.26615405587865, 3.26615405587865, 3.26615405587865, 3.26615405587865, 3.26615405587865, 3.26615405587865, 5.0, 5.0, 5.0, 5.0, 5.0, 5.0, 5.0, 5.0, 5.0, 5.0, 3.0553665412501347, 3.051428181636013, 3.051428181636013, 3.051428181636013, 3.051428181636013, 3.051428181636013, 3.051428181636013, 3.051428181636013, 3.051428181636013, 3.051428181636013, 4.676055186205602, 4.676787479794818, 4.676787479794818, 4.676787479794818, 4.676787479794818, 4.676787479794818, 4.676787479794818, 4.676787479794818, 4.676787479794818, 4.676787479794818, 2.795405061431673, 2.7913776354138276, 2.7913776354138276, 2.7913776354138276, 2.7913776354138276, 2.7913776354138276, 2.7913776354138276, 2.7913776354138276, 2.7913776354138276], "O35": 3.2461816858665453, "O46": 2.71136974741618, "O22": [4.010464960583724, 4.010464960583724, 4.010464960583724, 4.010464960583724, 4.010464960583724, 4.010464960583724, 4.010464960583724, 4.010464960583724, 4.010464960583724, 4.010464960583724, 2.373076914955968, 2.373076914955968, 2.373076914955968, 2.373076914955968, 2.373076914955968, 2.373076914955968, 2.373076914955968, 2.373076914955968, 2.373076914955968, 2.373076914955968, 4.0365868431989655, 4.0365868431989655, 4.0365868431989655, 4.0365868431989655, 4.0365868431989655, 4.0365868431989655, 4.0365868431989655, 4.0365868431989655, 4.0365868431989655, 4.0365868431989655, 2.1748223621399565, 2.1748223621399565, 2.1748223621399565, 2.1748223621399565, 2.1748223621399565, 2.1748223621399565, 2.1748223621399565, 2.1748223621399565, 2.1748223621399565, 2.1748223621399565, 3.6703190327794806, 3.6703190327794806, 3.6703190327794806, 3.6703190327794806, 3.6703190327794806, 3.6703190327794806, 3.6703190327794806, 3.6703190327794806, 3.6703190327794806, 3.6703190327794806, 1.9347199295258917, 1.9347199295258917, 1.9347199295258917, 1.9347199295258917, 1.9347199295258917, 1.9347199295258917, 1.9347199295258917, 1.9347199295258917, 1.9347199295258917], "O21": [4.553999999999999, 4.553999999999999, 4.553999999999999, 4.553999999999999, 4.553999999999999, 4.553999999999999, 4.553999999999999, 4.553999999999999, 4.553999999999999, 4.553999999999999, 4.547, 4.531000000000001, 4.531000000000001, 4.531000000000001, 4.531000000000001, 4.531000000000001, 4.531000000000001, 4.531000000000001, 4.531000000000001, 4.531000000000001, 4.553, 4.553999999999999, 4.553999999999999, 4.553999999999999, 4.553999999999999, 4.553999999999999, 4.553999999999999, 4.553999999999999, 4.553999999999999, 4.553999999999999, 4.55, 4.531000000000001, 4.531000000000001, 4.531000000000001, 4.531000000000001, 4.531000000000001, 4.531000000000001, 4.531000000000001, 4.531000000000001, 4.531000000000001, 4.551, 4.553999999999999, 4.553999999999999, 4.553999999999999, 4.553999999999999, 4.553999999999999, 4.553999999999999, 4.553999999999999, 4.553999999999999, 4.553999999999999, 4.551, 4.531000000000001, 4.531000000000001, 4.531000000000001, 4.531000000000001, 4.531000000000001, 4.531000000000001, 4.531000000000001, 4.531000000000001, 4.531000000000001], "mode": "2"}