{"O23": 5.0, "O34": [4.252310564650573, 4.252310564650573, 4.252310564650573, 4.252310564650573, 4.252310564650573, 4.252310564650573, 4.252310564650573, 4.252310564650573, 3.0248328863772556, 3.0248328863772556, 3.0248328863772556, 3.0248328863772556, 3.0248328863772556, 3.0248328863772556, 3.0248328863772556, 3.0248328863772556, 4.215818141333502, 4.215818141333502, 4.215818141333502, 4.215818141333502, 4.215818141333502, 4.215818141333502, 4.215818141333502, 4.215818141333502, 3.674254271792777, 3.674254271792777, 3.674254271792777, 3.674254271792777, 3.674254271792777, 3.674254271792777, 3.674254271792777, 3.674254271792777, 3.92840696486562, 3.92840696486562, 3.92840696486562, 3.92840696486562, 3.695720165310277, 3.695498243921104, 3.695498243921104, 3.695498243921104, 3.695498243921104, 3.695498243921104, 3.695498243921104, 3.695498243921104, 3.7751010725176664, 3.7751010725176664, 3.7751010725176664, 3.7751010725176664, 3.7751010725176664, 3.7751010725176664, 3.7751010725176664, 3.7751010725176664, 3.5054296798651547, 3.5054296798651547, 3.5054296798651547, 3.5054296798651547, 3.5054296798651547, 3.5054296798651547, 3.5054296798651547], "O35": 3.6373181101745313, "O46": 3.6034059152808986, "O22": [3.2786079249211078, 3.2786079249211078, 3.2786079249211078, 3.2786079249211078, 3.2786079249211078, 3.2786079249211078, 3.2786079249211078, 3.2786079249211078, 2.150267154775534, 2.150267154775534, 2.150267154775534, 2.150267154775534, 2.150267154775534, 2.150267154775534, 2.150267154775534, 2.150267154775534, 3.244932389088708, 3.244932389088708, 3.244932389088708, 3.244932389088708, 3.244932389088708, 3.244932389088708, 3.244932389088708, 3.244932389088708, 2.7498723342110716, 2.7498723342110716, 2.7498723342110716, 2.7498723342110716, 2.7498723342110716, 2.7498723342110716, 2.7498723342110716, 2.7498723342110716, 2.9797067753309965, 2.9797067753309965, 2.9797067753309965, 2.9797067753309965, 2.76948671095627, 2.76948671095627, 2.76948671095627, 2.76948671095627, 2.76948671095627, 2.76948671095627, 2.76948671095627, 2.76948671095627, 2.8382347216330315, 2.8382347216330315, 2.8382347216330315, 2.8382347216330315, 2.8382347216330315, 2.8382347216330315, 2.8382347216330315, 2.8382347216330315, 2.593998040556383, 2.593998040556383, 2.593998040556383, 2.593998040556383, 2.593998040556383, 2.593998040556383, 2.593998040556383], "O21": [4.553999999999999, 4.553999999999999, 4.553999999999999, 4.553999999999999, 4.553999999999999, 4.553999999999999, 4.553999999999999, 4.553999999999999, 4.531000000000001, 4.531000000000001, 4.531000000000001, 4.531000000000001, 4.531000000000001, 4.531000000000001, 4.531000000000001, 4.531000000000001, 4.553999999999999, 4.553999999999999, 4.553999999999999, 4.553999999999999, 4.553999999999999, 4.553999999999999, 4.553999999999999, 4.553999999999999, 4.531000000000001, 4.531000000000001, 4.531000000000001, 4.531000000000001, 4.531000000000001, 4.531000000000001, 4.531000000000001, 4.531000000000001, 4.553999999999999, 4.553999999999999, 4.553999999999999, 4.553999999999999, 4.532, 4.531000000000001, 4.531000000000001, 4.531000000000001, 4.531000000000001, 4.531000000000001, 4.531000000000001, 4.531000000000001, 4.553999999999999, 4.553999999999999, 4.553999999999999, 4.553999999999999, 4.553999999999999, 4.553999999999999, 4.553999999999999, 4.553999999999999, 4.531000000000001, 4.531000000000001, 4.531000000000001, 4.531000000000001, 4.531000000000001, 4.531000000000001, 4.531000000000001], "mode": "2"}