{"O23": 4.594340904953616, "O34": [5.0, 5.0, 5.0, 5.0, 5.0, 4.995401159959521, 4.995401159959521, 4.995401159959521, 4.995401159959521, 4.995401159959521, 4.986592029284638, 4.986604624997797, 4.988830464558005, 4.980786735611406, 4.968181893588166, 2.8127332553699294, 2.810513386681663, 2.810513386681663, 2.810513386681663, 2.810513386681663, 4.737923080941082, 4.738168573228525, 4.738168573228525, 4.738168573228525, 2.9725307280925857, 2.9680122340389983, 2.9680122340389983, 2.9680122340389983, 2.9680122340389983, 2.9680122340389983, 4.73730621767557, 4.74000709226937, 4.74000709226937, 4.74000709226937, 4.74000709226937, 2.762130757409873, 2.7593217597336435, 2.7593217597336435, 2.7593217597336435, 2.7593217597336435, 4.658277083425082, 4.659500091396784, 4.659552097002202, 4.658259512448101, 4.683334999947238, 4.704465327579172, 4.718926507520983, 4.743107402906802, 4.757332691108049, 4.767700066668489, 4.7697525901691264, 4.787868978168486, 4.799178772043514, 4.806919246309711, 4.807484963188293, 4.799520795043288, 4.792148396331122, 4.820562472572186, 4.832726842159532], "O35": 3.9597967366342064, "O46": 3.6722080821311036, "O22": [3.990673729377028, 3.977894357575155, 3.979048130535077, 3.9782229680236685, 3.9694562561368314, 3.964338597055993, 3.964338597055993, 3.964338597055993, 3.964338597055993, 3.964338597055993, 3.9562094521889386, 3.9562210756261145, 3.958275100353814, 3.950852275072694, 3.939220413698972, 1.9523878040835536, 1.9523878040835536, 1.9523878040835536, 1.9523878040835536, 1.9523878040835536, 3.7269620568230972, 3.7269620568230972, 3.7269620568230972, 3.7269620568230972, 2.0978051351900135, 2.0978051351900135, 2.0978051351900135, 2.0978051351900135, 2.0978051351900135, 2.0978051351900135, 3.728658658698521, 3.728658658698521, 3.728658658698521, 3.728658658698521, 3.728658658698521, 1.9051230152251992, 1.9051230152251992, 1.9051230152251992, 1.9051230152251992, 1.9051230152251992, 3.6539121217666577, 3.6543660755755045, 3.654414066815043, 3.6532212581848835, 3.676361143153747, 3.695860399181138, 3.7092053058506123, 3.7315196531864805, 3.7446468768401426, 3.754213984076078, 3.7561080711881334, 3.7728260366662085, 3.7832628159830097, 3.7904057951227137, 3.7909278437367546, 3.783578437877569, 3.776775122163368, 3.80299588679406, 3.814221276249784], "O21": [4.553999999999999, 4.553999999999999, 4.553999999999999, 4.553999999999999, 4.553999999999999, 4.553999999999999, 4.553999999999999, 4.553999999999999, 4.553999999999999, 4.553999999999999, 4.553999999999999, 4.553999999999999, 4.553999999999999, 4.553999999999999, 4.553999999999999, 4.542, 4.531000000000001, 4.531000000000001, 4.531000000000001, 4.531000000000001, 4.553, 4.553999999999999, 4.553999999999999, 4.553999999999999, 4.553, 4.531000000000001, 4.531000000000001, 4.531000000000001, 4.531000000000001, 4.531000000000001, 4.543, 4.553999999999999, 4.553999999999999, 4.553999999999999, 4.553999999999999, 4.545, 4.531000000000001, 4.531000000000001, 4.531000000000001, 4.531000000000001, 4.551, 4.553999999999999, 4.553999999999999, 4.553999999999999, 4.553999999999999, 4.553999999999999, 4.553999999999999, 4.553999999999999, 4.553999999999999, 4.553999999999999, 4.553999999999999, 4.553999999999999, 4.553999999999999, 4.553999999999999, 4.553999999999999, 4.553999999999999, 4.553999999999999, 4.553999999999999, 4.553999999999999, 4.553999999999999], "mode": "2"}