{"O23": 4.220382272589658, "O34": [3.886095225111669, 3.885672247366424, 3.885672247366424, 3.885672247366424, 3.885672247366424, 3.885672247366424, 3.885672247366424, 3.885672247366424, 3.885672247366424, 3.885672247366424, 3.8730094373223434, 3.8765693983799863, 4.802800316916622, 4.797613663540527, 4.816386585256348, 4.816032233186053, 4.806950590740097, 4.7898776820953035, 4.779539000882375, 4.773116072018527, 4.779223089658883, 4.772994492809855, 4.7705765415442665, 4.774194242135367, 4.778814865459127, 4.775649261606619, 4.767850487969977, 4.75926029486839, 4.748003263883472, 4.720084062986706, 4.683574946044896, 4.659154553541956, 4.62927710075366, 4.609785836283596, 4.57587374369186, 4.562864458013187, 4.582499807349934, 4.610317041963467, 4.6364806613845575, 4.654915573888433, 4.65274593656449, 4.665500989522852, 4.672068941734935, 4.683803711095364, 4.687336509355822, 4.6916090798442305, 4.709038695370254, 4.733727327277127, 4.750941448378901, 4.763135743177997, 4.780520511406276, 4.795742699393629, 4.815127604344617, 4.839543102231949, 4.861854477510363, 4.879168621206381, 4.871204582884406, 4.862030370278809, 4.845389775813323], "O35": 4.54716232533858, "O46": 3.760517667597176, "O22": [2.940661122050174, 2.9402707943897566, 2.9402707943897566, 2.9402707943897566, 2.9402707943897566, 2.9402707943897566, 2.9402707943897566, 2.9402707943897566, 2.9402707943897566, 2.9402707943897566, 2.9285854396060196, 2.931870603628068, 3.7866048101028125, 3.781818519806348, 3.79914234049173, 3.798815341220214, 3.7904347200444564, 3.7746796866821715, 3.765139058847712, 3.7592119224330065, 3.764847533134713, 3.7590997280478176, 3.75686842091379, 3.760206867495646, 3.764470820178517, 3.7615495725255435, 3.7543527942034336, 3.746425686894439, 3.7360375976462876, 3.7102735084258494, 3.67658256756668, 3.654047210141148, 3.626476028495822, 3.608489314668205, 3.5771949311929796, 3.5651898455833, 3.5833095222193543, 3.6089795160382656, 3.6331235389129546, 3.650135441663217, 3.648133280863674, 3.6599037582367826, 3.665964723499126, 3.676793674008895, 3.680053771957858, 3.683996538359769, 3.700080744034238, 3.7228636351897264, 3.7387489806749876, 3.750001985384753, 3.766044805570266, 3.780091977295797, 3.7979805416044132, 3.8205113822347223, 3.8411005196326453, 3.857078166865786, 3.849728880808457, 3.8412628350583717, 3.825906745101671], "O21": [4.553999999999999, 4.553999999999999, 4.553999999999999, 4.553999999999999, 4.553999999999999, 4.553999999999999, 4.553999999999999, 4.553999999999999, 4.553999999999999, 4.553999999999999, 4.553999999999999, 4.553999999999999, 4.553999999999999, 4.553999999999999, 4.553999999999999, 4.553999999999999, 4.553999999999999, 4.553999999999999, 4.553999999999999, 4.553999999999999, 4.553999999999999, 4.553999999999999, 4.553999999999999, 4.553999999999999, 4.553999999999999, 4.553999999999999, 4.553999999999999, 4.553999999999999, 4.553999999999999, 4.553999999999999, 4.553999999999999, 4.553999999999999, 4.553999999999999, 4.553999999999999, 4.553999999999999, 4.553999999999999, 4.553999999999999, 4.553999999999999, 4.553999999999999, 4.553999999999999, 4.553999999999999, 4.553999999999999, 4.553999999999999, 4.553999999999999, 4.553999999999999, 4.553999999999999, 4.553999999999999, 4.553999999999999, 4.553999999999999, 4.553999999999999, 4.553999999999999, 4.553999999999999, 4.553999999999999, 4.553999999999999, 4.553999999999999, 4.553999999999999, 4.553999999999999, 4.553999999999999, 4.553999999999999, 4.553999999999999], "mode": "2"}