{"O23": 5.0, "O34": [5.0, 5.0, 5.0, 5.0, 5.0, 5.0, 5.0, 5.0, 5.0, 5.0, 5.0, 5.0, 5.0, 5.0, 5.0, 5.0, 5.0, 5.0, 5.0, 5.0, 5.0, 5.0, 5.0, 5.0, 5.0, 5.0, 5.0, 5.0, 5.0, 5.0, 5.0, 5.0, 5.0, 5.0, 5.0, 5.0, 5.0, 5.0, 5.0, 5.0, 5.0, 5.0, 5.0, 5.0, 5.0, 5.0, 5.0, 5.0, 5.0, 5.0, 5.0, 5.0, 5.0, 5.0, 5.0, 5.0, 5.0, 5.0, 5.0, 5.0, 5.0, 5.0, 5.0, 5.0, 5.0, 5.0, 5.0, 5.0, 5.0, 5.0, 5.0, 5.0, 5.0, 5.0, 5.0, 5.0, 5.0, 5.0, 5.0, 5.0, 5.0, 5.0, 5.0, 5.0, 5.0, 5.0, 5.0, 5.0, 5.0, 5.0, 5.0, 5.0, 5.0, 5.0, 5.0, 5.0, 5.0, 5.0, 5.0, 5.0, 5.0, 5.0, 5.0, 5.0, 5.0, 5.0, 5.0, 5.0, 5.0, 5.0, 5.0, 5.0, 5.0, 5.0, 5.0, 5.0, 5.0, 5.0, 5.0, 5.0, 5.0, 5.0, 5.0, 5.0, 5.0, 5.0, 5.0, 5.0, 5.0, 5.0, 5.0, 5.0, 5.0, 5.0, 5.0, 5.0, 5.0, 5.0, 5.0, 5.0, 5.0, 5.0, 5.0, 5.0, 5.0, 5.0, 5.0, 5.0, 5.0, 5.0, 5.0, 5.0, 5.0, 5.0, 5.0, 5.0, 5.0, 5.0, 5.0, 5.0, 5.0, 5.0, 5.0, 5.0, 5.0, 5.0, 5.0, 5.0, 5.0, 5.0, 5.0, 5.0, 5.0, 5.0, 5.0, 5.0, 5.0, 5.0, 5.0, 5.0, 5.0, 5.0, 5.0, 5.0, 5.0, 5.0, 5.0, 5.0, 5.0, 5.0, 5.0, 5.0, 5.0, 5.0, 5.0, 5.0, 5.0, 5.0, 5.0, 5.0, 5.0, 5.0, 5.0, 5.0, 5.0, 5.0, 5.0, 5.0, 5.0, 5.0, 5.0, 5.0, 5.0, 5.0, 5.0, 5.0, 5.0, 5.0, 5.0, 5.0, 5.0, 5.0, 5.0, 5.0, 5.0, 5.0, 5.0, 5.0, 5.0, 5.0, 5.0, 5.0, 5.0, 5.0, 5.0, 5.0, 5.0, 5.0, 5.0, 5.0, 5.0, 5.0, 5.0, 5.0, 5.0, 5.0, 5.0, 5.0, 5.0, 5.0, 5.0, 5.0, 5.0, 5.0, 5.0, 5.0, 5.0, 5.0, 5.0, 5.0, 5.0, 5.0, 5.0, 5.0, 5.0, 5.0, 5.0, 5.0, 5.0, 5.0, 5.0, 5.0, 5.0, 5.0, 5.0, 5.0, 5.0, 5.0, 5.0, 5.0, 5.0, 5.0, 5.0, 5.0, 5.0, 5.0, 5.0, 5.0, 5.0, 5.0, 5.0, 5.0, 5.0, 5.0, 5.0, 5.0, 5.0, 5.0, 5.0, 5.0], "O35": 4.9999999999999964, "O46": 4.975040535024997, "O22": [4.478702884369368, 4.474119577609661, 4.465132478818331, 4.456780505411267, 4.449145827272277, 4.444101099826987, 4.444989501316783, 4.445746892858596, 4.446532750950255, 4.447416017171458, 4.444287788390936, 4.4407651891405555, 4.438387335945411, 4.429396305260134, 4.420574282271896, 4.412452481276207, 4.40418937743526, 4.395950835713378, 4.388191510893445, 4.3821633414907035, 4.376312526756133, 4.371379318926237, 4.371231070130192, 4.371199871877567, 4.371428299313675, 4.369538308715248, 4.360670229662074, 4.3510709309369755, 4.340873820148788, 4.3302661465341785, 4.320692994795919, 4.311527602208177, 4.301916929528571, 4.302622740853632, 4.303322728578645, 4.303252451702671, 4.302678352072128, 4.302490521518205, 4.302779504211891, 4.302850203398219, 4.304138039538504, 4.30637601296549, 4.309261644529028, 4.3123801682619005, 4.314573953760309, 4.31676062587975, 4.327238749203588, 4.33797141342932, 4.348587560634192, 4.358710554366208, 4.366708966555404, 4.371970357770098, 4.3767085166087725, 4.381327786837941, 4.38866706218223, 4.393378997692079, 4.397993995981238, 4.403386663199368, 4.407436678743901, 4.413434018423477, 4.4201070558578675, 4.422813085939023, 4.423491461533426, 4.424783872307516, 4.4272068606598065, 4.4288568836839355, 4.423671796405873, 4.418349430008334, 4.4130775465816425, 4.408263466661688, 4.410549193900498, 4.414257010247422, 4.418040507287841, 4.421587384438179, 4.42257097937013, 4.425926224629163, 4.429709673907663, 4.432566892067763, 4.43583738341839, 4.436311271326509, 4.433287244452907, 4.434621343169849, 4.439123137544719, 4.442883583226415, 4.446014677630543, 4.449953768775181, 4.455371785401202, 4.460446384371124, 4.465216888426665, 4.468702476647279, 4.465505304326729, 4.462012492489213, 4.45853545500395, 4.454863575540494, 4.455130113373849, 4.455476245630145, 4.455563478755727, 4.455707731221237, 4.456092648353369, 4.457407793527859, 4.460708108588249, 4.462393400037746, 4.462202217675743, 4.461057228008704, 4.46102104945814, 4.460939971920649, 4.460820502006629, 4.460367550652498, 4.459862925663771, 4.4600805656848515, 4.462107057370314, 4.462787935730126, 4.463419657330709, 4.464502982038553, 4.461480524427951, 4.458873722919545, 4.455958657259157, 4.452530606507803, 4.4489549444085466, 4.445061088595901, 4.4412523943626345, 4.43774013154385, 4.434688349651797, 4.43134542795171, 4.42759448592649, 4.424364815156845, 4.4209778775761155, 4.417776166061366, 4.415181783942821, 4.412265904667946, 4.409054590206479, 4.408332496777141, 4.408331057970429, 4.407749199625407, 4.408644574238066, 4.407584792877232, 4.405998261006473, 4.404843661110451, 4.4031719605349044, 4.405479871969907, 4.407898669267104, 4.409304506882071, 4.409971945930739, 4.41303078081691, 4.415388966394538, 4.416526419496007, 4.41850643530786, 4.420460797912365, 4.422411067164055, 4.425281997785202, 4.428459310528966, 4.430314288789047, 4.433297492734091, 4.435580600583965, 4.436185629954434, 4.4381958472433505, 4.442555230325943, 4.447625373210256, 4.45074391659203, 4.451468322953198, 4.453379504648476, 4.456039354291779, 4.459200664906911, 4.461236049162923, 4.462951246342563, 4.465180966187039, 4.46445960892459, 4.464556249796413, 4.466211558361785, 4.467231264456066, 4.467707751573832, 4.468099038084875, 4.4665875281531715, 4.46601958884027, 4.465999242961701, 4.465603872020991, 4.466037477707653, 4.46553950443387, 4.467229595304204, 4.46819839891216, 4.467566222379568, 4.466885056082181, 4.466333474340745, 4.466070156915681, 4.465819485973515, 4.464791240270982, 4.463859621459048, 4.46551333219997, 4.465333185689784, 4.465520449025343, 4.465483546175227, 4.466322162850149, 4.467157171279258, 4.467961866113874, 4.469409848753886, 4.471241733151528, 4.471165817396419, 4.471034754481658, 4.470914911880623, 4.471276127873515, 4.471614278253663, 4.471875976785431, 4.4706022451566225, 4.467162481447988, 4.467261673453841, 4.4681310140523225, 4.47103886403519, 4.470982821612486, 4.470669926371473, 4.47030824030256, 4.470625299175177, 4.471251407406574, 4.472234759373527, 4.4725948428417315, 4.470342047484412, 4.469374035360209, 4.466700829812357, 4.463427375707078, 4.4602316959948896, 4.456854345132872, 4.4568383263034965, 4.457082637664435, 4.457703545921263, 4.459450431176147, 4.45782685168318, 4.455847828226385, 4.453677935009197, 4.4512656422829675, 4.449224528082581, 4.446637956922629, 4.444166756216009, 4.442062110919206, 4.437647261172071, 4.432343706304919, 4.429567527982013, 4.425238795716232, 4.422814437210103, 4.4215442860904375, 4.420366358565775, 4.4186789097981505, 4.414283964650793, 4.411262027052952, 4.409099731688523, 4.407884076568552, 4.405469841382452, 4.40467964319928, 4.404816182525578, 4.401867154372217, 4.398730276179053, 4.396342416710205, 4.392840359810811, 4.392569907082795, 4.3953207450249225, 4.3969769630104505, 4.399999042831926, 4.40380826619082, 4.408015112807989, 4.411063237358935, 4.413816257017292, 4.416576842677181, 4.416992805579568, 4.415105929524528, 4.413679572162713, 4.412957904154703, 4.4129958168533046, 4.411354152273761, 4.412419002173372, 4.416087927420278, 4.4178385798664745, 4.418350685860103, 4.420077047890891, 4.419071189739984, 4.419122825045964, 4.421550137459148, 4.423245190796168, 4.426120092444395, 4.428353692423036, 4.431567363015853, 4.434608072169631, 4.437516988589363, 4.441586424230311, 4.446090941748094, 4.4482355652644054, 4.449149207994184, 4.450214348627579, 4.450654220839563, 4.446951383240797, 4.445698370602346, 4.446877621450548, 4.410938850506401, 4.41506670737623, 4.416926899901628, 4.421006110220084, 4.4215820990984, 4.420126025749276, 4.419094409851436, 4.416838172099379, 4.411489120588693, 4.398731709448645, 4.365730522690334],