{"O23": 3.0184760822182333, "O34": [5.0, 5.0, 5.0, 5.0, 5.0, 5.0, 5.0, 5.0, 5.0, 5.0, 5.0, 5.0, 5.0, 5.0, 5.0, 5.0, 5.0, 5.0, 5.0, 5.0, 5.0, 5.0, 5.0, 4.990944537901636, 4.98631422146183, 4.972408397909161, 4.9466062062516905, 4.919408957025757, 4.921953478289592, 4.9329850323323985, 4.919777859010143, 4.892662673546871, 4.87808103258856, 4.875946024872417, 4.888261896742614, 4.889657663581593, 4.8818732784899845, 4.884303224058266, 4.896936893087802, 4.857209742026202, 4.822479972304342, 4.829959785739908, 4.837488924509165, 4.836898643769007, 4.799453267278967, 4.789031452042702, 4.802717298613957, 4.814003044360231, 4.794147704629574, 4.772559725392928, 4.761839799391025, 4.769923262270847, 4.777367230526967, 4.766246043132212, 4.747313660151215, 4.747551689852185, 4.766872198712068, 4.773291127380663, 4.745177805397431], "O35": 4.845990836024037, "O46": 3.1069347528771925, "O22": [4.131088925543741, 4.109941337942243, 4.103742604864664, 4.1195251968250455, 4.130023153072051, 4.126120295957299, 4.124267891629303, 4.124372174734046, 4.12331134186923, 4.120507574521066, 4.118676065860786, 4.110150801429298, 4.0936117188905765, 4.0924279245524335, 4.0739618076743, 4.058904655984033, 4.0385403857548505, 4.01490635803817, 3.9911672057318994, 4.007812783340832, 4.024241350326049, 4.013390431310877, 3.993314602272909, 3.960225986213523, 3.955953088636149, 3.943120669828054, 3.9193101757381985, 3.8942123100006234, 3.896560417065262, 3.906740434167107, 3.8945527360634773, 3.8695305995027782, 3.8560745303258903, 3.854104326039298, 3.8654695231616847, 3.8667575493306043, 3.85957404888702, 3.8618164244712463, 3.873474887665161, 3.8368143160317, 3.8047653727604427, 3.8116678117456675, 3.818615768591619, 3.8180710522256036, 3.783516122650451, 3.7738987779929563, 3.786528200067851, 3.796942787555556, 3.77862010180913, 3.7586985207725356, 3.7488060768243447, 3.756265568935738, 3.7631349296675856, 3.752872198103915, 3.735401225131532, 3.7356208810763993, 3.7534500200940557, 3.7593734650926707, 3.733430239191003], "O21": [4.553999999999999, 4.553999999999999, 4.553999999999999, 4.553999999999999, 4.553999999999999, 4.553999999999999, 4.553999999999999, 4.553999999999999, 4.553999999999999, 4.553999999999999, 4.553999999999999, 4.553999999999999, 4.553999999999999, 4.553999999999999, 4.553999999999999, 4.553999999999999, 4.553999999999999, 4.553999999999999, 4.553999999999999, 4.553999999999999, 4.553999999999999, 4.553999999999999, 4.553999999999999, 4.553999999999999, 4.553999999999999, 4.553999999999999, 4.553999999999999, 4.553999999999999, 4.553999999999999, 4.553999999999999, 4.553999999999999, 4.553999999999999, 4.553999999999999, 4.553999999999999, 4.553999999999999, 4.553999999999999, 4.553999999999999, 4.553999999999999, 4.553999999999999, 4.553999999999999, 4.553999999999999, 4.553999999999999, 4.553999999999999, 4.553999999999999, 4.553999999999999, 4.553999999999999, 4.553999999999999, 4.553999999999999, 4.553999999999999, 4.553999999999999, 4.553999999999999, 4.553999999999999, 4.553999999999999, 4.553999999999999, 4.553999999999999, 4.553999999999999, 4.553999999999999, 4.553999999999999, 4.553999999999999], "mode": "2"}