{"O23": 3.5348821489551403, "O34": [3.760719596188569, 3.753592648644134, 3.764371438744567, 3.7633444864070635, 3.789081713255931, 3.808718900690941, 3.8173551576396183, 3.8231190251921507, 3.8349448200262506, 3.842480814615005, 3.864604859121583, 3.907661497468913, 3.9666109791401034, 4.005582399037737, 4.073284080445944, 4.127430222769655, 4.158511537313957, 4.187285802645036, 4.2108107645640525, 4.250253808028777, 4.255648896248427, 4.018967087353827, 4.007639381283511, 4.0225324743014506, 4.011939158517539, 4.0316188951275835, 4.018481648152269, 3.996962280718059, 3.9980408231753657, 4.011538820792994, 4.02159560961811, 4.03016942661539, 4.066592754450573, 4.094114252546437, 4.132938139762971, 4.157761463559652, 2.5383110349783573, 2.4865654124790186, 2.446402174834195, 2.417134125628238, 2.4306792490779685, 2.4383581435148174, 2.4842197340614693, 2.5299697386884246, 2.549380579248983, 2.5863209251806443, 2.5607745568264995, 2.543858958126642, 2.533192274353488, 2.5308667977311625, 2.516346637013539, 2.499928374899023, 2.4863758295775367, 2.5086605919969096, 2.5391288350528645, 2.5741162146547545], "O35": 2.9271233146300757, "O46": 2.32150144407957, "O22": [2.8249633661728755, 2.8183865549996923, 2.8283333192664335, 2.8273856384303517, 2.8511361824116337, 2.869257555261265, 2.877227170701875, 2.8825461194220523, 2.893459069056067, 2.9004133525137963, 2.9208296193937864, 2.9605626717835927, 3.0149617826639856, 3.0509249587950795, 3.1134006781619896, 3.1633672243725655, 3.1920493404534973, 3.218602490809902, 3.2403115368542372, 3.276709931446845, 3.2816885672880773, 3.0632764693285868, 3.052823160477174, 3.0665666404106178, 3.05679103350818, 3.0749516711185008, 3.0628285016755625, 3.0429702362261883, 3.0439655248879527, 3.0564215982621064, 3.065702093270522, 3.073614088563454, 3.1072258624648916, 3.1326229479704475, 3.1684499796190098, 3.1913571656595527, 1.7010657139872962, 1.653289425801364, 1.6162070539307054, 1.5891841158353768, 1.601690211813962, 1.6087800690007985, 1.6511236810937846, 1.6933642668668722, 1.7112861290024433, 1.7453928326746553, 1.7218060904993682, 1.7061880637120344, 1.6963396063291718, 1.6941925137653653, 1.6807861742636976, 1.6656273340679826, 1.653114385539041, 1.673689715008053, 1.7018207817621334, 1.734124328419667], "O21": [4.553999999999999, 4.553999999999999, 4.553999999999999, 4.553999999999999, 4.553999999999999, 4.553999999999999, 4.553999999999999, 4.553999999999999, 4.553999999999999, 4.553999999999999, 4.553999999999999, 4.553999999999999, 4.553999999999999, 4.553999999999999, 4.553999999999999, 4.553999999999999, 4.553999999999999, 4.553999999999999, 4.553999999999999, 4.553999999999999, 4.553999999999999, 4.553999999999999, 4.553999999999999, 4.553999999999999, 4.553999999999999, 4.553999999999999, 4.553999999999999, 4.553999999999999, 4.553999999999999, 4.553999999999999, 4.553999999999999, 4.553999999999999, 4.553999999999999, 4.553999999999999, 4.553999999999999, 4.553999999999999, 4.531000000000001, 4.531000000000001, 4.531000000000001, 4.531000000000001, 4.531000000000001, 4.531000000000001, 4.531000000000001, 4.531000000000001, 4.531000000000001, 4.531000000000001, 4.531000000000001, 4.531000000000001, 4.531000000000001, 4.531000000000001, 4.531000000000001, 4.531000000000001, 4.531000000000001, 4.531000000000001, 4.531000000000001, 4.531000000000001, 4.531000000000001], "mode": "2"}