{"O23": 4.594340904953616, "O34": [5.0, 5.0, 5.0, 5.0, 5.0, 3.144318333314894, 3.144318333314894, 3.144318333314894, 3.144318333314894, 3.1445277267341094, 4.941920898044151, 4.941920898044151, 4.941920898044151, 4.941920898044151, 4.941920898044151, 3.6615588102481653, 3.6615588102481653, 3.6615588102481653, 3.6615588102481653, 3.6615588102481653, 4.888171135190064, 4.888171135190064, 4.888171135190064, 4.888171135190064, 4.888171135190064, 3.6149960911618875, 3.6149960911618875, 3.6149960911618875, 3.6149960911618875, 3.6149960911618875, 4.915454886527888, 4.9152133782867145, 4.916791446321134, 4.930055432533801, 4.943855421513146, 4.949252342728151, 4.970872252888993, 4.99108035605183, 5.0, 5.0, 5.0, 5.0, 5.0, 5.0, 5.0, 5.0, 5.0, 5.0, 5.0, 5.0, 5.0, 5.0, 5.0, 5.0, 5.0, 5.0, 5.0, 5.0, 5.0], "O35": 4.416849587736487, "O46": 4.068727785839092, "O22": [4.1622902569834155, 4.1622902569834155, 4.1622902569834155, 4.1622902569834155, 4.1622902569834155, 2.2605870402303965, 2.2605870402303965, 2.2605870402303965, 2.2605870402303965, 2.2605870402303965, 3.9149865312638945, 3.9149865312638945, 3.9149865312638945, 3.9149865312638945, 3.9149865312638945, 2.738150723761481, 2.738150723761481, 2.738150723761481, 2.738150723761481, 2.738150723761481, 3.8653857675862175, 3.8653857675862175, 3.8653857675862175, 3.8653857675862175, 3.8653857675862175, 2.695159765718314, 2.695159765718314, 2.695159765718314, 2.695159765718314, 2.695159765718314, 3.8905634582491824, 3.8903405922761882, 3.8917968476247933, 3.9040369731737092, 3.916771726887456, 3.9217520542332562, 3.9417031014133457, 3.960351320421773, 3.9755927837604714, 3.99016301231531, 4.005612864270898, 4.022460830323485, 4.04604401395896, 4.065681340586129, 4.068867666852409, 4.072494148324695, 4.076625374383001, 4.085717030393231, 4.082443951578442, 4.073501981236195, 4.073996691565271, 4.0829276028603045, 4.0918149667866786, 4.0945398774946415, 4.095878627613827, 4.102634110882839, 4.094634017289719, 4.083470691558192, 4.071521086488327], "O21": [4.553999999999999, 4.553999999999999, 4.553999999999999, 4.553999999999999, 4.553999999999999, 4.531000000000001, 4.531000000000001, 4.531000000000001, 4.531000000000001, 4.532, 4.553999999999999, 4.553999999999999, 4.553999999999999, 4.553999999999999, 4.553999999999999, 4.531000000000001, 4.531000000000001, 4.531000000000001, 4.531000000000001, 4.531000000000001, 4.553999999999999, 4.553999999999999, 4.553999999999999, 4.553999999999999, 4.553999999999999, 4.531000000000001, 4.531000000000001, 4.531000000000001, 4.531000000000001, 4.531000000000001, 4.553999999999999, 4.553999999999999, 4.553999999999999, 4.553999999999999, 4.553999999999999, 4.553999999999999, 4.553999999999999, 4.553999999999999, 4.553999999999999, 4.553999999999999, 4.553999999999999, 4.553999999999999, 4.553999999999999, 4.553999999999999, 4.553999999999999, 4.553999999999999, 4.553999999999999, 4.553999999999999, 4.553999999999999, 4.553999999999999, 4.553999999999999, 4.553999999999999, 4.553999999999999, 4.553999999999999, 4.553999999999999, 4.553999999999999, 4.553999999999999, 4.553999999999999, 4.553999999999999], "mode": "2"}