{"O23": 4.220382272589658, "O34": [3.771855372037922, 3.7998160989975025, 3.7998160989975025, 3.7998160989975025, 3.7998160989975025, 3.7998160989975025, 3.7998160989975025, 3.7998160989975025, 3.7998160989975025, 3.7998160989975025, 3.7636727432214014, 3.725475194037387, 4.345923026662034, 4.37555676708266, 4.395858582459186, 4.466597690202079, 4.4934765004993675, 4.515507222808219, 4.53145890855389, 4.5370867251387175, 4.5392031395223, 4.545997413678743, 4.540243301035834, 4.532792711805807, 4.520900608673932, 4.512726155979255, 4.515062923496442, 4.58125344374456, 4.659574082016801, 4.711593828348355, 4.740696869559252, 4.709939864523992, 4.667378229931662, 4.625340262976286, 4.584308862088796, 4.511245589961995, 4.475315498171281, 4.430312861327217, 4.381163121336229, 4.345082579278711, 4.311438618275731, 4.259765079140638, 4.221522118960309, 4.186617987319031, 4.15042694926499, 4.100882395306142, 4.013708451947722, 3.8840596389307507, 3.7496833289368787, 3.6225631077676472, 3.5742054452875593, 3.575058236604584, 3.583451572317168, 3.593088251323549, 3.603391975503045, 3.6037018528017084, 3.5599586174633813, 3.5330227726641663, 3.5174605905695264], "O35": 3.8872955474714583, "O46": 3.3273387432757757, "O22": [2.8352395600934104, 2.8610419699373963, 2.8610419699373963, 2.8610419699373963, 2.8610419699373963, 2.8610419699373963, 2.8610419699373963, 2.8610419699373963, 2.8610419699373963, 2.8610419699373963, 2.827688556765411, 2.792439515475944, 3.3649943452318527, 3.3923406269164675, 3.4110753243969483, 3.4763540080527258, 3.5011580154882966, 3.521488163806464, 3.5362085226121285, 3.541401922277968, 3.5433549684703594, 3.5496247856546677, 3.5443148388526615, 3.5374393682266567, 3.526465228700199, 3.5189217703708358, 3.5210781604130448, 3.5821593666956084, 3.6544343547838753, 3.702438643684063, 3.7292951913738106, 3.700912351019175, 3.661636092538171, 3.6228430792535535, 3.5849789341724057, 3.517555490758949, 3.4843988795071663, 3.4428700422351883, 3.3975142209503524, 3.3642187728417583, 3.333171823603676, 3.285487017812313, 3.25019607084779, 3.217986224832033, 3.1845888100259168, 3.138868650867263, 3.058423753368642, 2.9387826648488025, 2.814778999679561, 2.697471318416188, 2.6528464333689534, 2.65363339685188, 2.6613788423950995, 2.6702716562914266, 2.6797800254616226, 2.680065983014623, 2.6396993327578877, 2.614842693371936, 2.6004817720320474], "O21": [4.553999999999999, 4.553999999999999, 4.553999999999999, 4.553999999999999, 4.553999999999999, 4.553999999999999, 4.553999999999999, 4.553999999999999, 4.553999999999999, 4.553999999999999, 4.553999999999999, 4.553999999999999, 4.553999999999999, 4.553999999999999, 4.553999999999999, 4.553999999999999, 4.553999999999999, 4.553999999999999, 4.553999999999999, 4.553999999999999, 4.553999999999999, 4.553999999999999, 4.553999999999999, 4.553999999999999, 4.553999999999999, 4.553999999999999, 4.553999999999999, 4.553999999999999, 4.553999999999999, 4.553999999999999, 4.553999999999999, 4.553999999999999, 4.553999999999999, 4.553999999999999, 4.553999999999999, 4.553999999999999, 4.553999999999999, 4.553999999999999, 4.553999999999999, 4.553999999999999, 4.553999999999999, 4.553999999999999, 4.553999999999999, 4.553999999999999, 4.553999999999999, 4.553999999999999, 4.553999999999999, 4.553999999999999, 4.553999999999999, 4.553999999999999, 4.553999999999999, 4.553999999999999, 4.553999999999999, 4.553999999999999, 4.553999999999999, 4.553999999999999, 4.553999999999999, 4.553999999999999, 4.553999999999999], "mode": "2"}