{"O23": 3.009214889839177, "O34": [4.935100114351868, 4.935100114351868, 4.935100114351868, 4.935100114351868, 4.935100114351868, 4.935100114351868, 4.935100114351868, 4.935100114351868, 4.935100114351868, 4.935100114351868, 3.6983493796656397, 3.6983493796656397, 3.6983493796656397, 3.6983493796656397, 3.6983493796656397, 3.6983493796656397, 3.6983493796656397, 3.6983493796656397, 3.6983493796656397, 3.6831917607205926, 5.0, 5.0, 5.0, 5.0, 5.0, 5.0, 5.0, 5.0, 5.0, 5.0, 3.7164847134045664, 3.7164847134045664, 3.7164847134045664, 3.7164847134045664, 3.7164847134045664, 3.7164847134045664, 3.7164847134045664, 3.7164847134045664, 3.7164847134045664, 3.7114190385577333, 5.0, 5.0, 5.0, 5.0, 5.0, 5.0, 5.0, 5.0, 5.0, 5.0, 3.641365498464248, 3.641365498464248, 3.641365498464248, 3.641365498464248, 3.641365498464248, 3.641365498464248, 3.641365498464248, 3.641365498464248, 3.641365498464248], "O35": 3.923402717056584, "O46": 2.6687699193949492, "O22": [3.9086922508419346, 3.9086922508419346, 3.9086922508419346, 3.9086922508419346, 3.9086922508419346, 3.9086922508419346, 3.9086922508419346, 3.9086922508419346, 3.9086922508419346, 3.9086922508419346, 2.7721191400663825, 2.7721191400663825, 2.7721191400663825, 2.7721191400663825, 2.7721191400663825, 2.7721191400663825, 2.7721191400663825, 2.7721191400663825, 2.7721191400663825, 2.758124240866158, 4.225626104185969, 4.225626104185969, 4.225626104185969, 4.225626104185969, 4.225626104185969, 4.225626104185969, 4.225626104185969, 4.225626104185969, 4.225626104185969, 4.225626104185969, 2.7888633377242638, 2.7888633377242638, 2.7888633377242638, 2.7888633377242638, 2.7888633377242638, 2.7888633377242638, 2.7888633377242638, 2.7888633377242638, 2.7888633377242638, 2.783981016152174, 4.2533755091597225, 4.2533755091597225, 4.2533755091597225, 4.2533755091597225, 4.2533755091597225, 4.2533755091597225, 4.2533755091597225, 4.2533755091597225, 4.2533755091597225, 4.2533755091597225, 2.719506412675473, 2.719506412675473, 2.719506412675473, 2.719506412675473, 2.719506412675473, 2.719506412675473, 2.719506412675473, 2.719506412675473, 2.719506412675473], "O21": [4.553999999999999, 4.553999999999999, 4.553999999999999, 4.553999999999999, 4.553999999999999, 4.553999999999999, 4.553999999999999, 4.553999999999999, 4.553999999999999, 4.553999999999999, 4.531000000000001, 4.531000000000001, 4.531000000000001, 4.531000000000001, 4.531000000000001, 4.531000000000001, 4.531000000000001, 4.531000000000001, 4.531000000000001, 4.531000000000001, 4.553999999999999, 4.553999999999999, 4.553999999999999, 4.553999999999999, 4.553999999999999, 4.553999999999999, 4.553999999999999, 4.553999999999999, 4.553999999999999, 4.553999999999999, 4.531000000000001, 4.531000000000001, 4.531000000000001, 4.531000000000001, 4.531000000000001, 4.531000000000001, 4.531000000000001, 4.531000000000001, 4.531000000000001, 4.532, 4.553999999999999, 4.553999999999999, 4.553999999999999, 4.553999999999999, 4.553999999999999, 4.553999999999999, 4.553999999999999, 4.553999999999999, 4.553999999999999, 4.553999999999999, 4.531000000000001, 4.531000000000001, 4.531000000000001, 4.531000000000001, 4.531000000000001, 4.531000000000001, 4.531000000000001, 4.531000000000001, 4.531000000000001], "mode": "2"}