{"O23": 5.0, "O34": [2.8325795250031405, 2.8105117395152637, 2.8105117395152637, 2.8105117395152637, 2.8105117395152637, 2.8105117395152637, 2.8105117395152637, 2.8105117395152637, 2.8105117395152637, 2.705927613805872, 2.6856841792850297, 2.674867136130454, 4.916882980921915, 4.917077153820934, 4.923365246700419, 4.901753064144343, 4.878071190833967, 4.871331206119619, 4.866699851302199, 4.8540410802668985, 4.840785729375011, 4.82656718686969, 4.816314577714641, 4.817134446868331, 4.794192051746218, 4.774789519436725, 4.771225363431952, 4.746124909826627, 4.757688633618853, 4.789416180899007, 4.815773698374733, 4.818762542845139, 4.797573853010977, 4.774205726782408, 4.759969310648762, 4.7696110376442435, 4.787519760911334, 4.787848338824237, 4.789315883710626, 4.797648176241635, 4.8171066803736595, 4.837242616559613, 4.812963218159248, 4.757921505740441, 3.0872770293690968, 3.086569419473542, 2.6545534312118413, 2.6458310941932965, 2.640763429043237, 2.649387451732787, 2.649387451732787, 2.649387451732787, 2.649387451732787, 2.649387451732787, 2.5846720173623465, 2.5953371766654714, 2.6086047270488595, 2.6155730477593977, 2.477134968909405, 2.4809116230913877], "O35": 3.0271705322402696, "O46": 3.0287357062177023, "O22": [1.9727612798033793, 1.9523862832689842, 1.9523862832689842, 1.9523862832689842, 1.9523862832689842, 1.9523862832689842, 1.9523862832689842, 1.9523862832689842, 1.9523862832689842, 1.8558246595368597, 1.837134070558958, 1.8271467876524803, 3.8918813165761073, 3.892060501070428, 3.89786320962833, 3.8779192935512903, 3.856065448266401, 3.849845729866618, 3.845571874065061, 3.8338902465148834, 3.821658089717504, 3.808537091052599, 3.799075891285826, 3.799832473900882, 3.778661025726477, 3.7607561947331907, 3.7574671595762723, 3.734304235660497, 3.744975343784438, 3.7742538092352955, 3.7985767629754417, 3.8013348954838286, 3.781781782292298, 3.7602174656310337, 3.7470799730214566, 3.755977445247443, 3.7725037758463573, 3.772806990494055, 3.774161254089482, 3.781850368436755, 3.7998068507303366, 3.8183884734046463, 3.7959832266026856, 3.7451902402687502, 2.207921294913474, 2.20726796478311, 1.8083913186207174, 1.800338059872924, 1.7956591282272156, 1.8036216142006563, 1.8036216142006563, 1.8036216142006563, 1.8036216142006563, 1.8036216142006563, 1.743870410268392, 1.7537174601211885, 1.7659672752750446, 1.7724010658520724, 1.6445823783654427, 1.6480693306884011], "O21": [4.531000000000001, 4.531000000000001, 4.531000000000001, 4.531000000000001, 4.531000000000001, 4.531000000000001, 4.531000000000001, 4.531000000000001, 4.531000000000001, 4.531000000000001, 4.531000000000001, 4.531000000000001, 4.553999999999999, 4.553999999999999, 4.553999999999999, 4.553999999999999, 4.553999999999999, 4.553999999999999, 4.553999999999999, 4.553999999999999, 4.553999999999999, 4.553999999999999, 4.553999999999999, 4.553999999999999, 4.553999999999999, 4.553999999999999, 4.553999999999999, 4.553999999999999, 4.553999999999999, 4.553999999999999, 4.553999999999999, 4.553999999999999, 4.553999999999999, 4.553999999999999, 4.553999999999999, 4.553999999999999, 4.553999999999999, 4.553999999999999, 4.553999999999999, 4.553999999999999, 4.553999999999999, 4.553999999999999, 4.553999999999999, 4.553999999999999, 4.531000000000001, 4.531000000000001, 4.531000000000001, 4.531000000000001, 4.531000000000001, 4.531000000000001, 4.531000000000001, 4.531000000000001, 4.531000000000001, 4.531000000000001, 4.531000000000001, 4.531000000000001, 4.531000000000001, 4.531000000000001, 4.531000000000001, 4.531000000000001], "mode": "2"}