{"O21": [4.553999999999999, 4.553999999999999, 4.553999999999999, 4.553999999999999, 4.553999999999999, 4.553999999999999, 4.553999999999999, 4.553999999999999, 4.553999999999999, 4.553999999999999, 4.553999999999999, 4.553999999999999, 4.553999999999999, 4.553999999999999, 4.553999999999999, 4.553999999999999, 4.553999999999999, 4.553999999999999, 4.553999999999999, 4.553999999999999, 4.553999999999999, 4.553999999999999, 4.553999999999999, 4.553999999999999, 4.553999999999999, 4.553999999999999, 4.553999999999999, 4.553999999999999, 4.553999999999999, 4.553999999999999, 4.531000000000001, 4.531000000000001, 4.531000000000001, 4.531000000000001, 4.531000000000001, 4.531000000000001, 4.531000000000001, 4.531000000000001, 4.531000000000001, 4.531000000000001, 4.531000000000001, 4.531000000000001, 4.531000000000001, 4.531000000000001, 4.531000000000001, 4.531000000000001, 4.531000000000001, 4.531000000000001, 4.531000000000001, 4.531000000000001, 4.531000000000001, 4.531000000000001, 4.531000000000001, 4.531000000000001, 4.529, 4.408, 4.408, 4.408, 4.408, 4.408, 4.408, 4.408, 4.408, 4.408, 4.408, 4.408, 4.408, 4.408, 4.408, 4.408, 4.408, 4.408, 4.408, 4.408, 4.408, 4.408, 4.408, 4.408, 4.408, 4.408, 4.408, 4.408, 4.408, 4.408, 4.408, 4.408, 4.408, 4.408, 4.408, 4.408, 4.408, 4.408, 4.408, 4.408, 4.408, 4.408, 4.408, 4.408, 4.408, 4.408, 4.408, 4.408, 4.408, 4.408, 4.408, 4.408, 4.408, 4.408, 4.408, 4.408, 4.408, 4.408, 4.408, 4.408, 4.408, 4.408, 4.408, 4.408, 4.408, 4.408, 4.408, 4.408, 4.408, 4.408, 4.408, 4.408, 4.408, 4.408, 4.408, 4.408, 4.408, 4.408, 4.408, 4.408, 4.408, 4.408, 4.408, 4.408, 4.408, 4.408, 4.408, 4.408, 4.408, 4.408, 4.408, 4.408, 4.408, 4.408, 4.408, 4.408, 4.408, 4.408, 4.408, 4.408, 4.408, 4.408, 4.408, 4.408, 4.408, 4.408, 4.408, 4.408, 4.408, 4.408, 4.408, 4.408, 4.408, 4.408, 4.408, 4.408, 4.408, 4.408, 4.408, 4.408, 4.408, 4.408, 4.408, 4.408, 4.408, 4.408, 4.408, 4.408, 4.408, 4.408, 4.408, 4.408, 4.408, 4.408, 4.408, 4.408, 4.408, 4.408, 4.408, 4.408, 4.408, 4.408, 4.408, 4.408, 4.408, 4.408, 4.408, 4.408, 4.408, 4.408, 4.408, 4.408, 4.408, 4.408, 4.408, 4.408, 4.408, 4.408, 4.408, 4.408, 4.408, 4.408, 4.408, 4.408, 4.408, 4.408, 4.408, 4.408, 4.408, 4.408, 4.408, 4.408, 4.408, 4.408, 4.408, 4.408, 4.408, 4.408, 4.408, 4.408, 4.408, 4.408, 4.408, 4.408, 4.408, 4.408], "O22": [4.361834423641844, 4.362537332474922, 4.360484181486127, 4.34154173682188, 4.329079547200459, 4.310832971005841, 4.296866808878846, 4.297816744445463, 4.302326497038484, 4.294744159376348, 4.284674506438276, 4.278192434086718, 4.281803880429895, 4.277030030765141, 4.260250790730121, 4.249403983630277, 4.24570358380582, 4.243634148219409, 4.235954298728947, 4.231352747472555, 4.222518076071531, 4.212393252576272, 4.203911634345859, 4.216227297393513, 4.223389931943178, 4.241153494357233, 4.256487846734951, 4.251326424874266, 4.2377609536071885, 4.24834525052289, 2.919234462445345, 2.903637009180203, 2.9029989325172423, 2.906866421949175, 2.910198897468687, 2.912982996565736, 2.9151639990199762, 2.9171800385786906, 2.911322178007926, 2.912568583694288, 2.9183453347043344, 2.9161187631010854, 2.9143959581079795, 2.9133445422209623, 2.9199131205447473, 2.919377248650937, 2.9197013822928275, 2.9215590274030987, 2.923198121384356, 2.9184033374237712, 2.9135732303816897, 2.92733385652926, 2.929933900652841, 2.9275892755189865, 2.9247606558643766, 1.0746973275158251, 1.074744706718276, 1.0745489765104603, 1.0744533127393243, 1.0748499423359743, 1.0767093499927198, 1.0790741428665709, 1.081096310342498, 1.0829409444414178, 1.0816242264327607, 1.0851488052423002, 1.0870331137807092, 1.086819770836753, 1.0900498747782015, 1.0938445310874727, 1.095254234408031, 1.0959934926962174, 1.096547852856327, 1.0984350190261933, 1.0913169537408507, 1.0759579812815463, 1.0607831101583722, 1.0514694452678128, 1.05, 1.05, 1.05, 1.05, 1.05, 1.05, 1.05, 1.05, 1.05, 1.05, 1.05, 1.05, 1.05, 1.05, 1.05, 1.05, 1.05, 1.05, 1.05, 1.0524756854623787, 1.0571606294873037, 1.0628790625310012, 1.0720607460073603, 1.078588749339129, 1.094525686367203, 1.106447530738154, 1.1122790531532525, 1.1123409216115154, 1.10992754792789, 1.1069355590199497, 1.1057488155981052, 1.1050244963054814, 1.1032401573787822, 1.098258539225066, 1.0934626308166333, 1.085760126775488, 1.0738029142346242, 1.0634097600197991, 1.0575904202917772, 1.0536808241584792, 1.0507605792921983, 1.05, 1.05, 1.05, 1.05, 1.05, 1.05, 1.05, 1.05, 1.05, 1.05, 1.05, 1.05, 1.05, 1.05, 1.05, 1.05, 1.05, 1.05, 1.05, 1.05, 1.05, 1.05, 1.05, 1.05, 1.05, 1.05, 1.05, 1.05, 1.05, 1.05, 1.05, 1.05, 1.05, 1.05, 1.05, 1.05, 1.05, 1.05, 1.05, 1.05, 1.05, 1.05, 1.05, 1.05, 1.05, 1.05, 1.05, 1.05, 1.05, 1.05, 1.05, 1.05, 1.05, 1.05, 1.05, 1.05, 1.05, 1.05, 1.05, 1.05, 1.05, 1.0525981854598834, 1.055898730542941, 1.0567884928775633, 1.0568268624589379, 1.0566684841933398, 1.0505811936475489, 1.05, 1.05, 1.05, 1.05, 1.05, 1.05, 1.05, 1.05, 1.05, 1.05, 1.05, 1.05, 1.05, 1.05, 1.05, 1.05, 1.05, 1.05, 1.05, 1.05, 1.05, 1.05, 1.05, 1.05, 1.05, 1.05, 1.05, 1.05, 1.05, 1.05, 1.05, 1.05, 1.05, 1.05, 1.05, 1.05, 1.05, 1.05, 1.05, 1.05, 1.05, 1.05, 1.05, 1.05, 1.05, 1.05, 1.05, 1.05, 1.05, 1.05, 1.05, 1.05, 1.05, 1.05], "I23": [[50, 12], [60, 12]], "IGen": {"displaySize": "1920x1080", "device": ""}}