{"O21": [4.408, 4.408, 4.408, 4.408, 4.408, 4.408, 4.408, 4.408, 4.408, 4.408, 4.408, 4.408, 4.408, 4.408, 4.415, 4.531000000000001, 4.531000000000001, 4.531000000000001, 4.531000000000001, 4.531000000000001, 4.531000000000001, 4.531000000000001, 4.531000000000001, 4.531000000000001, 4.532, 4.553999999999999, 4.553999999999999, 4.553999999999999, 4.553999999999999, 4.553999999999999, 4.553999999999999, 4.553999999999999, 4.553999999999999, 4.553999999999999, 4.553, 4.531000000000001, 4.531000000000001, 4.531000000000001, 4.531000000000001, 4.531000000000001, 4.531000000000001, 4.531000000000001, 4.531000000000001, 4.531000000000001, 4.529, 4.408, 4.408, 4.408, 4.408, 4.408, 4.408, 4.408, 4.408, 4.408, 4.408, 4.408, 4.408, 4.408, 4.408, 4.408, 4.408, 4.408, 4.408, 4.408, 4.421, 4.531000000000001, 4.531000000000001, 4.531000000000001, 4.531000000000001, 4.531000000000001, 4.531000000000001, 4.531000000000001, 4.531000000000001, 4.531000000000001, 4.533, 4.553999999999999, 4.553999999999999, 4.553999999999999, 4.553999999999999, 4.553999999999999, 4.553999999999999, 4.553999999999999, 4.553999999999999, 4.553999999999999, 4.553, 4.531000000000001, 4.531000000000001, 4.531000000000001, 4.531000000000001, 4.531000000000001, 4.531000000000001, 4.531000000000001, 4.531000000000001, 4.531000000000001, 4.527, 4.408, 4.408, 4.408, 4.408, 4.408, 4.408, 4.408, 4.408, 4.408, 4.408, 4.408, 4.408, 4.408, 4.408, 4.408, 4.408, 4.408, 4.408, 4.408, 4.422, 4.531000000000001, 4.531000000000001, 4.531000000000001, 4.531000000000001, 4.531000000000001, 4.531000000000001, 4.531000000000001, 4.531000000000001, 4.531000000000001, 4.534, 4.553999999999999, 4.553999999999999, 4.553999999999999, 4.553999999999999, 4.553999999999999, 4.553999999999999, 4.553999999999999, 4.553999999999999, 4.553999999999999, 4.553, 4.531000000000001, 4.531000000000001, 4.531000000000001, 4.531000000000001, 4.531000000000001, 4.531000000000001, 4.531000000000001, 4.531000000000001, 4.531000000000001, 4.527, 4.408, 4.408, 4.408, 4.408, 4.408, 4.408, 4.408, 4.408, 4.408, 4.408, 4.408, 4.408, 4.408, 4.408, 4.408, 4.408, 4.408, 4.408, 4.408, 4.408, 4.408, 4.408, 4.408, 4.408, 4.408, 4.408, 4.408, 4.408, 4.408, 4.408, 4.408, 4.408, 4.408, 4.408], "O22": [1.05, 1.05, 1.05, 1.05, 1.05, 1.05, 1.05, 1.05, 1.05, 1.05, 1.05, 1.05, 1.05, 1.05, 1.05, 2.3235754548903675, 2.3235754548903675, 2.3235754548903675, 2.3235754548903675, 2.3235754548903675, 2.3235754548903675, 2.3235754548903675, 2.3235754548903675, 2.3235754548903675, 2.3042115916677726, 3.75814943778559, 3.75814943778559, 3.75814943778559, 3.75814943778559, 3.75814943778559, 3.75814943778559, 3.75814943778559, 3.75814943778559, 3.75814943778559, 3.75814943778559, 2.44927812325049, 2.44927812325049, 2.44927812325049, 2.44927812325049, 2.44927812325049, 2.44927812325049, 2.44927812325049, 2.44927812325049, 2.44927812325049, 2.463132218985121, 1.05, 1.05, 1.05, 1.05, 1.0510439708482775, 1.0538671223381446, 1.0594353464158688, 1.0555924211787435, 1.0574894632199756, 1.062471496771043, 1.063722936438602, 1.0651129439183988, 1.0666817183585824, 1.0698643473306508, 1.0746461988921319, 1.0812686568213072, 1.0857207506913131, 1.0977396196006453, 1.1074369620398432, 1.117735010382241, 2.4100651797135217, 2.4100651797135217, 2.4100651797135217, 2.4100651797135217, 2.4100651797135217, 2.4100651797135217, 2.4100651797135217, 2.4100651797135217, 2.4100651797135217, 2.452934434947801, 3.7223491974368166, 3.7223491974368166, 3.7223491974368166, 3.7223491974368166, 3.7223491974368166, 3.7223491974368166, 3.7223491974368166, 3.7223491974368166, 3.7223491974368166, 3.7223491974368166, 2.0819700664318592, 2.0819700664318592, 2.0819700664318592, 2.0819700664318592, 2.0819700664318592, 2.0819700664318592, 2.0819700664318592, 2.0819700664318592, 2.0819700664318592, 2.0819700664318592, 1.1101702404109965, 1.110047847603186, 1.1078505573568322, 1.1012034208848593, 1.0956679649573022, 1.0874214920468035, 1.077233366210101, 1.0786223481670099, 1.0798609493880755, 1.0791269858010046, 1.076679937306037, 1.071593766198375, 1.0650311878073806, 1.0625584022769774, 1.0631319520405342, 1.0605582234026996, 1.0535052533477567, 1.051670370173217, 1.05, 1.05, 1.6348012693955833, 1.6348012693955833, 1.6348012693955833, 1.6348012693955833, 1.6348012693955833, 1.6348012693955833, 1.6348012693955833, 1.6348012693955833, 1.6348012693955833, 1.6348012693955833, 3.7800705672879475, 3.7800705672879475, 3.7800705672879475, 3.7800705672879475, 3.7800705672879475, 3.7800705672879475, 3.7800705672879475, 3.7800705672879475, 3.7800705672879475, 3.7800705672879475, 1.8266442525926607, 1.8266442525926607, 1.8266442525926607, 1.8266442525926607, 1.8266442525926607, 1.8266442525926607, 1.8266442525926607, 1.8266442525926607, 1.8266442525926607, 1.8266442525926607, 1.05, 1.05, 1.05, 1.05, 1.05, 1.05, 1.05, 1.05, 1.05, 1.05, 1.05, 1.05, 1.05, 1.05, 1.05, 1.05, 1.05, 1.05, 1.05, 1.05, 1.05, 1.05, 1.05, 1.05, 1.05, 1.05, 1.05, 1.05, 1.05, 1.05, 1.05, 1.05, 1.05, 1.05, 1.0510846221084387], "I23": [], "IGen": {"displaySize": "1920x1080", "device": ""}}