{"O21": [4.531000000000001, 4.531000000000001, 4.531000000000001, 4.531000000000001, 4.531000000000001, 4.531000000000001, 4.531000000000001, 4.531000000000001, 4.531000000000001, 4.531000000000001, 4.531000000000001, 4.531000000000001, 4.531000000000001, 4.531000000000001, 4.531000000000001, 4.531000000000001, 4.531000000000001, 4.531000000000001, 4.531000000000001, 4.531000000000001, 4.531000000000001, 4.531000000000001, 4.531000000000001, 4.531000000000001, 4.531000000000001, 4.531000000000001, 4.531000000000001, 4.531000000000001, 4.531000000000001, 4.531000000000001, 4.531000000000001, 4.531000000000001, 4.531000000000001, 4.531000000000001, 4.531000000000001, 4.531000000000001, 4.531000000000001, 4.531000000000001, 4.531000000000001, 4.531000000000001, 4.531000000000001, 4.531000000000001, 4.531000000000001, 4.531000000000001, 4.531000000000001, 4.531000000000001, 4.531000000000001, 4.531000000000001, 4.531000000000001, 4.531000000000001, 4.531000000000001, 4.531000000000001, 4.531000000000001, 4.531000000000001, 4.531000000000001, 4.531000000000001, 4.531000000000001, 4.531000000000001, 4.531000000000001, 4.531000000000001, 4.531000000000001, 4.531000000000001, 4.531000000000001, 4.531000000000001], "O22": [2.875136127322529, 2.871071943663119, 2.833952823764895, 2.806479067109607, 2.798210287180602, 2.8014679069852804, 2.781787575727524, 2.7758539062535923, 2.7847059427081433, 2.0093524242943688, 1.9950843976140595, 1.981333606358196, 1.9767944750974087, 1.9749246825526852, 1.9768902881186154, 1.9851961830978573, 1.9971142659270364, 2.0097533312383127, 2.0228605578817094, 2.0185265947181548, 2.028717361879917, 2.049588786789222, 2.0840730999332573, 2.1285678463373254, 2.1477752091589273, 2.1708531246602503, 2.213658142631128, 2.20849831354185, 2.1963629753993703, 2.156122242703169, 2.080111826839077, 2.021895814555986, 1.99550070921587, 2.0004394625058564, 2.0018869729210502, 1.9892471197598103, 1.980071313615112, 1.9732748449625532, 1.9622426683416982, 1.9606851352710803, 1.958467097833125, 1.9635026159348565, 1.969566484959909, 1.9861248904179076, 1.9898211768532421, 1.9921203231762552, 1.9975352346359032, 2.0025277100442165, 2.0024674819465718, 2.0035039484768853, 2.0108876551805728, 2.019903787564026, 2.025634107562616, 2.018536030056404, 2.0185857460529304, 2.0177390201121446, 2.0235790060811225, 2.026216549137611, 2.0325475634222543, 2.0524765211427027, 2.0837793350805076, 2.120717230747056, 2.1039870635044133, 2.072116320561085], "I23": [], "IGen": {"displaySize": "1920x1080", "device": ""}}