{"O21": [4.559, 4.559, 4.559, 4.559, 4.559, 4.559, 4.559, 4.559, 4.559, 4.559, 4.559, 4.559, 4.559, 4.559, 4.559, 4.559, 4.559, 4.559, 4.559, 4.559, 4.559, 4.559, 4.559, 4.559, 4.559, 4.559, 4.559, 4.559, 4.559, 4.559, 4.559, 4.559, 4.559, 4.559, 4.559, 4.559, 4.559, 4.559, 4.559, 4.559, 4.559, 4.559, 4.559, 4.559, 4.559, 4.559, 4.559, 4.559, 4.559, 4.559, 4.559, 4.559, 4.559, 4.559, 4.559, 4.559, 4.559, 4.559, 4.559, 4.559, 4.559, 4.559, 4.559, 4.559, 4.559, 4.559, 4.559, 4.559, 4.559, 4.559, 4.559, 4.559, 4.559, 4.559, 4.559, 4.559, 4.559, 4.559, 4.559, 4.559, 4.559, 4.559, 4.559, 4.559, 4.559, 4.559, 4.559, 4.559, 4.559, 4.559, 4.559, 4.559, 4.559, 4.559, 4.559, 4.559, 4.559, 4.559, 4.559, 4.559, 4.559, 4.559, 4.559, 4.559, 4.559, 4.559, 4.559, 4.559, 4.559, 4.559, 4.559, 4.559, 4.559, 4.559, 4.559, 4.559, 4.559, 4.559, 4.559, 4.559, 4.559, 4.559, 4.559, 4.559, 4.559, 4.559, 4.559, 4.559, 4.559, 4.559, 4.559, 4.559, 4.559, 4.559, 4.559, 4.559, 4.559, 4.559, 4.559, 4.559, 4.559, 4.559, 4.559, 4.559, 4.559, 4.559, 4.559, 4.559, 4.559, 4.559, 4.559, 4.559, 4.559, 4.559, 4.559, 4.559, 4.559, 4.559, 4.559, 4.559, 4.559, 4.559, 4.559, 4.559, 4.559, 4.559, 4.559, 4.559, 4.559, 4.559, 4.559, 4.559, 4.559, 4.559, 4.559, 4.559, 4.559, 4.559, 4.559], "O22": [4.432620896903586, 4.43282953002732, 4.430717673896662, 4.429757137211654, 4.429987567501796, 4.430143552096089, 4.430039559285722, 4.430189958861325, 4.430153928213722, 4.429274139563281, 4.429035656663829, 4.428909224383236, 4.427935074206064, 4.428064466284202, 4.426450428554571, 4.424764424761177, 4.42354638283633, 4.42199512537283, 4.423289436561157, 4.425183679098143, 4.4259946582480545, 4.425914322487991, 4.42848280914355, 4.430597152089812, 4.43122357139095, 4.433344893687, 4.434905998177798, 4.437176044096033, 4.439664849720823, 4.442317515856293, 4.443729378173277, 4.44637715790685, 4.448398223805212, 4.449328684005896, 4.451502386624612, 4.455537125384759, 4.460132419560962, 4.463060733663295, 4.463875460444104, 4.465731859047912, 4.4679432199791345, 4.471061660378226, 4.472879495791997, 4.474527410158625, 4.476748732626462, 4.475582666299803, 4.47573635609414, 4.476846503529526, 4.477858073689905, 4.478283102113546, 4.478641998352484, 4.477335430262735, 4.476869906260248, 4.4767439408658385, 4.476255243692306, 4.476650329555504, 4.476278065797327, 4.477732739854355, 4.478454492075724, 4.477824921664769, 4.477264723093622, 4.476632197652925, 4.4763586648205695, 4.476026618357167, 4.475006077604406, 4.474651801819793, 4.476180643061412, 4.4758797827588905, 4.4759816317180965, 4.475892226321423, 4.476656711743771, 4.477398331651424, 4.477804592098944, 4.479202012295997, 4.480968092183367, 4.4805994044524455, 4.480258785019577, 4.480014558795126, 4.480111332785712, 4.480268341279671, 4.480307490955003, 4.479088038372255, 4.475733258205922, 4.47571843860526, 4.47659548290711, 4.478897593618038, 4.478698830029588, 4.478423632516925, 4.4778491876179825, 4.478236555380805, 4.478693784038589, 4.4794981972963, 4.480007193416634, 4.477804466015893, 4.476441957159307, 4.473885549436011, 4.4707983776088795, 4.467860766141044, 4.464833308534388, 4.464872623669112, 4.465184683803943, 4.465662317457125, 4.46725242784082, 4.465246688230003, 4.462940816876991, 4.460773709112821, 4.458141563389775, 4.455794990664758, 4.453218445907799, 4.450642028859948, 4.44838624382873, 4.443619263084534, 4.438440980838837, 4.4355174515703055, 4.431629119908577, 4.429075197478634, 4.427527046975702, 4.426156692914167, 4.424323245966417, 4.419439815385986, 4.416411717795161, 4.414209662008044, 4.412770115228149, 4.410863569710085, 4.410061179108663, 4.410072292760563, 4.407171926545594, 4.404395264243425, 4.401955899649481, 4.398877698061382, 4.3986513451382825, 4.401595028583354, 4.402944572547372, 4.405680870986584, 4.409337228205996, 4.4134418479686905, 4.416541159207263, 4.418904349082358, 4.421332120966816, 4.421864048685342, 4.419705086973071, 4.418174246782013, 4.417466880607807, 4.417350094567508, 4.415574515148459, 4.416392784817875, 4.4197289964008935, 4.421351054219859, 4.421506041971335, 4.422877977594682, 4.421530645972023, 4.421344000862945, 4.4238085397964175, 4.425438221346356, 4.428333709647074, 4.4305616480750185, 4.433490738426945, 4.436472112402567, 4.4393387731826754, 4.443364985167293, 4.447761194436301, 4.449929506096494, 4.450442895846968, 4.451141253066707, 4.451251797513694, 4.447159763668691, 4.445570749234821, 4.445629865626619, 4.412022396363674, 4.4160568207383575, 4.417610639153401, 4.420708697193585, 4.420618201548671, 4.418239837398014, 4.417303191197264, 4.415526865796904, 4.411570518985134, 4.402206833327194, 4.377188085801679], "I23": [], "IGen": {"displaySize": "1920x1080", "device": ""}}