{"O23": 3.1439610811745657, "O34": [4.762056381271737, 4.76159205084128, 4.76159205084128, 4.76159205084128, 4.76159205084128, 4.76159205084128, 4.76159205084128, 4.76159205084128, 4.76159205084128, 4.738051507551755, 4.739855564188352, 4.743919794816328, 2.8951230283409544, 2.895644293139063, 2.889185095553907, 2.8806936414317996, 2.8739315432223793, 2.8776661867026245, 2.8693498416068137, 2.864121263521313, 2.8576066151744253, 2.846052719144349, 2.835145681475299, 2.821333488468608, 2.8050807310176493, 2.8157738671698724, 2.817610384727574, 2.8270112833455108, 2.833620098674055, 2.845273857878951, 2.853141486911146, 2.8604475907321634, 2.8722448937468092, 2.8808808160559067, 2.887208968300334, 2.893725573989145, 2.90113532656941, 2.906838924193855, 2.913321659727226, 2.9215164628901005, 2.9286097373940168, 2.943146169100798, 2.9521081397116022, 2.9590787771187164, 2.964633887230922, 2.9645565448516513, 2.9638052611560783, 2.9644727804212865, 2.964081803592758, 2.960690795566852, 2.9590790725201326, 2.960490226885334, 2.960894797662533, 2.963388609235271, 2.961406262460163, 2.9641888436799935, 2.96619571660179, 2.9696511556172527, 2.9686323109969663, 2.969117935305028], "O35": 3.0203030702391516, "O46": 2.2066713687569175, "O22": [3.7490059405281393, 3.7485774522385813, 3.7485774522385813, 3.7485774522385813, 3.7485774522385813, 3.7485774522385813, 3.7485774522385813, 3.7485774522385813, 3.7485774522385813, 3.726854027565665, 3.728518827225078, 3.732269335733499, 2.03050715849415, 2.0309884377988094, 2.025024716224443, 2.0171846296690905, 2.0109412425536104, 2.014389406756992, 2.006710996859494, 2.001883495684516, 1.995868576898779, 1.9852009640700752, 1.9751305900024325, 1.9623779109989896, 1.9473718798356194, 1.957244760472558, 1.9589404013375677, 1.9676201701737244, 1.9737220325236882, 1.984481848162773, 1.9917459623781728, 1.9984916251958098, 2.0093839735998063, 2.017357446389626, 2.0232001749280277, 2.029216900910727, 2.036058261736287, 2.041324344365896, 2.047309798325397, 2.054875989601606, 2.061425148941323, 2.074846511307332, 2.0831210216897533, 2.0895569512528036, 2.0946859366395136, 2.09461452708596, 2.093920873311681, 2.094537188107868, 2.094176202564906, 2.091045314020884, 2.0895572239943903, 2.0908601306823438, 2.09123366740119, 2.0935361821768517, 2.0917058984496975, 2.094275031756792, 2.0961279602642326, 2.0993183373867375, 2.0983776469119806, 2.098826019658725], "O21": [4.553999999999999, 4.553999999999999, 4.553999999999999, 4.553999999999999, 4.553999999999999, 4.553999999999999, 4.553999999999999, 4.553999999999999, 4.553999999999999, 4.553999999999999, 4.553999999999999, 4.553999999999999, 4.531000000000001, 4.531000000000001, 4.531000000000001, 4.531000000000001, 4.531000000000001, 4.531000000000001, 4.531000000000001, 4.531000000000001, 4.531000000000001, 4.531000000000001, 4.531000000000001, 4.531000000000001, 4.531000000000001, 4.531000000000001, 4.531000000000001, 4.531000000000001, 4.531000000000001, 4.531000000000001, 4.531000000000001, 4.531000000000001, 4.531000000000001, 4.531000000000001, 4.531000000000001, 4.531000000000001, 4.531000000000001, 4.531000000000001, 4.531000000000001, 4.531000000000001, 4.531000000000001, 4.531000000000001, 4.531000000000001, 4.531000000000001, 4.531000000000001, 4.531000000000001, 4.531000000000001, 4.531000000000001, 4.531000000000001, 4.531000000000001, 4.531000000000001, 4.531000000000001, 4.531000000000001, 4.531000000000001, 4.531000000000001, 4.531000000000001, 4.531000000000001, 4.531000000000001, 4.531000000000001, 4.531000000000001, 4.531000000000001], "mode": "1"}