{"O23": 5.0, "O34": [4.7147768973005935, 4.699602768977922, 4.6877376905163315, 4.65676974421459, 4.651019284231321, 4.6522323752574, 4.653753494618923, 4.658782887104988, 4.65980850706864, 4.626057183567128, 4.603512065452658, 4.541514024420053, 4.531122323590497, 4.36682748974855, 4.350390615017653, 4.4202252245125875, 4.434333876354772, 4.485094472019079, 4.495776951132913, 4.449326804337529, 4.471905846349605, 4.472141477200418, 4.4890412873773275, 4.550446298808262, 4.559117979120339, 4.568561269324552, 4.559606734853046, 4.499619595032482, 4.470042235655996, 4.381144102969831, 4.389426132090615, 4.395228812330833, 4.40643943703193, 4.413767919907903, 4.430618965301442, 4.367204660711574, 4.374889097956349, 4.29919253379616, 4.2772819917361895, 4.291824390879663, 4.287740090454906, 4.312005739161813, 4.318631966859398, 4.209577904430938, 4.205003264903318, 4.064488243576218, 4.073495889474159, 4.0764529073531754, 1.8110639355240001, 1.8110639355240001, 1.8110639355240001, 1.8110639355240001, 1.8110639355240001, 1.8110639355240001, 1.8110639355240001, 1.8110639355240001, 1.8110639355240001], "O35": 2.7928545723691847, "O46": 2.7620394906518886, "O22": [3.7053760082878533, 3.6913731864523265, 3.6804239855342114, 3.6518464866852307, 3.64653991059033, 3.6476593618792106, 3.6490630644812345, 3.653704233016635, 3.6546506843261657, 3.6235046600106355, 3.6026998226252713, 3.545487473799004, 3.5358979189863593, 3.384285171429129, 3.3691170758723166, 3.433561080425125, 3.4465806709995905, 3.493423004360545, 3.5032808919842617, 3.4604162795347935, 3.481252422197406, 3.4814698644618134, 3.4970651610040138, 3.553730256790186, 3.5617325612285393, 3.5704469142021598, 3.5621835894062803, 3.506826918270506, 3.4795326655195615, 3.3974966706311105, 3.405139401452209, 3.4104941668690074, 3.420839431981856, 3.4276022217681814, 3.4431525177305233, 3.384633228179702, 3.3917244958529884, 3.321871026911847, 3.3016517820062155, 3.315071638484094, 3.3113026093870372, 3.333695167848442, 3.33980991025195, 3.239173842455915, 3.2349523240329225, 3.105283800937674, 3.113596137434653, 3.1165375752534437, 1.05, 1.05, 1.05, 1.05, 1.05, 1.05, 1.05, 1.05, 1.05], "O21": [4.553999999999999, 4.553999999999999, 4.553999999999999, 4.553999999999999, 4.553999999999999, 4.553999999999999, 4.553999999999999, 4.553999999999999, 4.553999999999999, 4.553999999999999, 4.553999999999999, 4.553999999999999, 4.553999999999999, 4.553999999999999, 4.553999999999999, 4.553999999999999, 4.553999999999999, 4.553999999999999, 4.553999999999999, 4.553999999999999, 4.553999999999999, 4.553999999999999, 4.553999999999999, 4.553999999999999, 4.553999999999999, 4.553999999999999, 4.553999999999999, 4.553999999999999, 4.553999999999999, 4.553999999999999, 4.553999999999999, 4.553999999999999, 4.553999999999999, 4.553999999999999, 4.553999999999999, 4.553999999999999, 4.553999999999999, 4.553999999999999, 4.553999999999999, 4.553999999999999, 4.553999999999999, 4.553999999999999, 4.553999999999999, 4.553999999999999, 4.553999999999999, 4.553999999999999, 4.553999999999999, 4.553, 4.408, 4.408, 4.408, 4.408, 4.408, 4.408, 4.408, 4.408, 4.408, 4.408], "mode": "1"}