{"O23": 2.30735595546549, "O34": [4.464524117286535, 4.457847627856002, 4.418808293622392, 4.383366385340346, 4.34417484852046, 4.3120950287857305, 4.293308916408242, 4.278107018863932, 4.287390484525305, 4.281768774905836, 4.259307791463413, 4.233647489296766, 4.212312735047457, 4.188630738098737, 4.161645379390964, 4.127362350442492, 4.090396766460369, 4.05621455594082, 4.055534350354213, 4.022586669052718, 4.02071058084749, 3.982239175294752, 3.9838304474081077, 3.9670687658943025, 3.9769754723982773, 3.9664557281197017, 3.9704612187582744, 3.9490522472544414, 3.9339957920239943, 3.9274444214835644, 3.9153489551366376, 3.9291124799862374, 3.9190605849643227, 3.9159961367421308, 3.918100850556449, 3.9212149710377835, 3.9292624242338645, 3.91564519034741, 3.9170733346819513, 3.9021195963638418, 3.8991490111119145, 3.884732835357674, 3.8853866958454875, 3.8596847229700315, 3.8557219155317193, 3.8524683347147417, 3.8493472946396765, 3.8461036777362416, 3.845793955723547, 3.838864244009215, 3.837951154883009, 3.8145616229222212, 3.8161958618169476, 3.8161070693827637, 3.808289195096549, 3.8068106144556277, 3.7975450236589836, 3.797223460194885, 3.7950790388889084, 3.795504399881498, 3.7943186007173577, 3.79417146089207], "O35": 3.909628359900499, "O46": 2.242423642632601, "O22": [3.4744404963516313, 3.4682793719697553, 3.432253523879749, 3.399547412752229, 3.363381110749273, 3.333777565114954, 3.3164415719685723, 3.3024131244460304, 3.3109799898967602, 3.3057922257933767, 3.285065028638662, 3.261385471444693, 3.241697568699633, 3.2198436093201703, 3.1949412780549107, 3.1633045911797644, 3.1291924184380537, 3.0976487677141726, 3.0970210678925914, 3.066616651813598, 3.06488538077602, 3.029383622371064, 3.030852062562246, 3.0153842323903493, 3.024526230085515, 3.0148185156286584, 3.0185148183475436, 2.9987584272537546, 2.9848641952040933, 2.9788185316572067, 2.9676567267302927, 2.980357831017768, 2.971081852054879, 2.968253951725643, 2.9701962005276803, 2.9730699388635644, 2.9804962009155402, 2.967930095242121, 2.9692479996546015, 2.955448555693743, 2.9527072729560833, 2.9394038965549063, 2.9400072848828183, 2.9162892735846784, 2.912632359306164, 2.9096299257206013, 2.906749801921505, 2.9037565631248063, 2.9034707488710922, 2.8970759486925295, 2.8962333418499924, 2.874649271786876, 2.876157362109623, 2.876075423654261, 2.8688610190812587, 2.8674965715924796, 2.858946201227386, 2.858649459576015, 2.8566705683442177, 2.8570630952866787, 2.8559688291729963, 2.855833047221335], "O21": [4.553999999999999, 4.553999999999999, 4.553999999999999, 4.553999999999999, 4.553999999999999, 4.553999999999999, 4.553999999999999, 4.553999999999999, 4.553999999999999, 4.553999999999999, 4.553999999999999, 4.553999999999999, 4.553999999999999, 4.553999999999999, 4.553999999999999, 4.553999999999999, 4.553999999999999, 4.553999999999999, 4.553999999999999, 4.553999999999999, 4.553999999999999, 4.553999999999999, 4.553999999999999, 4.553999999999999, 4.553999999999999, 4.553999999999999, 4.553999999999999, 4.553999999999999, 4.553999999999999, 4.553999999999999, 4.553999999999999, 4.553999999999999, 4.553999999999999, 4.553999999999999, 4.553999999999999, 4.553999999999999, 4.553999999999999, 4.553999999999999, 4.553999999999999, 4.553999999999999, 4.553999999999999, 4.553999999999999, 4.553999999999999, 4.553999999999999, 4.553999999999999, 4.553999999999999, 4.553999999999999, 4.553999999999999, 4.553999999999999, 4.553999999999999, 4.553999999999999, 4.553999999999999, 4.553999999999999, 4.553999999999999, 4.553999999999999, 4.553999999999999, 4.553999999999999, 4.553999999999999, 4.553999999999999, 4.553999999999999, 4.553999999999999, 4.553999999999999], "mode": "1"}