{"O23": 5.0, "O34": [2.815740453448692, 2.815740453448692, 2.815740453448692, 2.815740453448692, 2.815740453448692, 2.815740453448692, 2.815740453448692, 2.815740453448692, 2.815740453448692, 2.825826136462747, 1.8253193896698812, 1.8253193896698812, 1.8253193896698812, 1.8253193896698812, 1.8253193896698812, 1.8253193896698812, 1.8253193896698812, 1.8253193896698812, 1.8253193896698812, 1.8242659015621945, 2.8733690616826983, 2.8733690616826983, 2.8733690616826983, 2.8733690616826983, 2.8733690616826983, 2.8733690616826983, 2.8733690616826983, 2.8733690616826983, 2.8733690616826983, 2.848746697229363, 1.8110639355240001, 1.8110639355240001, 1.8110639355240001, 1.8110639355240001, 1.8110639355240001, 1.8110639355240001, 1.8110639355240001, 1.8110639355240001, 1.8110639355240001, 1.8114231184799998, 2.7857404024722268, 2.7857404024722268, 2.7857404024722268, 2.7857404024722268, 2.7857404024722268, 2.7857404024722268, 2.7857404024722268, 2.7857404024722268, 2.7857404024722268, 2.7855391593020657, 1.8110639355240001, 1.8110639355240001, 1.8110639355240001, 1.8110639355240001, 1.8110639355240001, 1.8110639355240001, 1.8110639355240001, 1.8110639355240001, 1.8110639355240001], "O35": 2.116065831260763, "O46": 2.0443129759955725, "O22": [1.9572139098711852, 1.9572139098711852, 1.9572139098711852, 1.9572139098711852, 1.9572139098711852, 1.9572139098711852, 1.9572139098711852, 1.9572139098711852, 1.9572139098711852, 1.9667125858133017, 1.063198838351853, 1.063198838351853, 1.063198838351853, 1.063198838351853, 1.063198838351853, 1.063198838351853, 1.063198838351853, 1.063198838351853, 1.063198838351853, 1.0615572606399333, 2.0104219081859664, 2.0104219081859664, 2.0104219081859664, 2.0104219081859664, 2.0104219081859664, 2.0104219081859664, 2.0104219081859664, 2.0104219081859664, 2.0104219081859664, 1.98787542344566, 1.05, 1.05, 1.05, 1.05, 1.05, 1.05, 1.05, 1.05, 1.05, 1.05, 1.929515120837145, 1.929515120837145, 1.929515120837145, 1.929515120837145, 1.929515120837145, 1.929515120837145, 1.929515120837145, 1.929515120837145, 1.929515120837145, 1.929515120837145, 1.05, 1.05, 1.05, 1.05, 1.05, 1.05, 1.05, 1.05, 1.05], "O21": [4.531000000000001, 4.531000000000001, 4.531000000000001, 4.531000000000001, 4.531000000000001, 4.531000000000001, 4.531000000000001, 4.531000000000001, 4.531000000000001, 4.53, 4.408, 4.408, 4.408, 4.408, 4.408, 4.408, 4.408, 4.408, 4.408, 4.412, 4.531000000000001, 4.531000000000001, 4.531000000000001, 4.531000000000001, 4.531000000000001, 4.531000000000001, 4.531000000000001, 4.531000000000001, 4.531000000000001, 4.53, 4.408, 4.408, 4.408, 4.408, 4.408, 4.408, 4.408, 4.408, 4.408, 4.41, 4.531000000000001, 4.531000000000001, 4.531000000000001, 4.531000000000001, 4.531000000000001, 4.531000000000001, 4.531000000000001, 4.531000000000001, 4.531000000000001, 4.53, 4.408, 4.408, 4.408, 4.408, 4.408, 4.408, 4.408, 4.408, 4.408], "mode": "1"}