{"O23": 5.0, "O34": [4.713120400610212, 4.718006464968878, 4.723273782678628, 4.730057360204425, 4.736314936931659, 4.740140141946305, 4.745237910362336, 4.750094763019711, 4.749147121650952, 4.746067941083584, 4.736831558892978, 4.7331164969702275, 4.741188538477273, 4.740602801154268, 4.74379443104339, 4.744145020363638, 4.753597610452241, 4.75896310736664, 4.7651507410236595, 4.770654698118104, 4.774976337847013, 4.775297890293092, 4.777292168742288, 4.774938324530325, 4.774982293852196, 4.779495333029825, 4.783811375711263, 4.79196152244588, 4.807208153708013, 4.811573016665712, 4.818739469788022, 4.820945847290208, 4.820036478232987, 4.822416726239709, 4.806875107303464, 4.804965133767119, 4.803836921926672, 4.789142725046544, 4.791936584996048, 4.787403443874205, 4.796341288626907, 4.809337399159687, 4.794078761700369, 4.78127574071193, 4.765270303981108, 4.741935169313844, 4.721742248542667, 4.706406987463832, 4.700066300741323, 4.695179449498366, 4.691218341630119, 4.689901046796813, 4.685990078149744, 4.681822240472648, 4.687320802205122, 4.689983985754073, 4.690182107520766, 4.697035713052207, 4.685941977930739, 4.677951907813003], "O35": 4.729489128201814, "O46": 4.664921176401361, "O22": [3.7027174197246744, 3.7072258116806984, 3.7120859876933907, 3.7183452229603433, 3.724119115097321, 3.727648647713399, 3.732352379885848, 3.7368338180832934, 3.73595942544118, 3.7331182526931292, 3.7245958043350673, 3.721167901209119, 3.7286160075637786, 3.72807554529363, 3.731020475499717, 3.7313439657272807, 3.7400659100142937, 3.7450166763884702, 3.750726031762935, 3.755804555922546, 3.759792150919343, 3.7600888487020416, 3.7619289777421927, 3.7597570758735395, 3.7597976465501586, 3.763961846616324, 3.7679442771940828, 3.7754644515678795, 3.789532581803771, 3.7935600590539904, 3.800172575230234, 3.8022084089509187, 3.801369330330238, 3.8035655950904044, 3.7892252784976677, 3.7874629379521116, 3.78642193218289, 3.7728635354546296, 3.775441441678943, 3.7712586934650383, 3.7795056800844025, 3.791497245459849, 3.777418037055755, 3.765604636207952, 3.7508363530022866, 3.729304926949734, 3.710672834760459, 3.696522925423156, 3.690672347347015, 3.6861632293295754, 3.682508298583836, 3.681292825148729, 3.6776841580714232, 3.673838476869107, 3.67891202270573, 3.681369353270403, 3.681552161050592, 3.6878760114503337, 3.677639775798795, 3.6702673047868295], "O21": [4.559, 4.559, 4.559, 4.559, 4.559, 4.559, 4.559, 4.559, 4.559, 4.559, 4.559, 4.559, 4.559, 4.559, 4.559, 4.559, 4.559, 4.559, 4.559, 4.559, 4.559, 4.559, 4.559, 4.559, 4.559, 4.559, 4.559, 4.559, 4.559, 4.559, 4.559, 4.559, 4.559, 4.559, 4.559, 4.559, 4.559, 4.559, 4.559, 4.559, 4.559, 4.559, 4.559, 4.559, 4.559, 4.559, 4.559, 4.559, 4.559, 4.559, 4.559, 4.559, 4.559, 4.559, 4.559, 4.559, 4.559, 4.559, 4.559, 4.559], "mode": "1"}