{"O23": 5.0, "O34": [4.8706746890463375, 4.835314563400113, 4.866023410460656, 4.7772205979835585, 4.767797216114483, 4.767797216114483, 4.767797216114483, 4.767797216114483, 4.767797216114483, 4.7256706874874315, 4.693162291850042, 4.667742957320902, 4.657768328640598, 4.656711481471555, 4.673168545794321, 2.9990000121229605, 2.9990000121229605, 2.9990000121229605, 2.9990000121229605, 2.9990000121229605, 2.9990000121229605, 2.9990000121229605, 2.9990000121229605, 2.9990000121229605, 2.869532344999687, 1.8110639355240001, 1.8110639355240001, 1.8110639355240001, 1.8110639355240001, 1.8110639355240001, 1.8110639355240001, 1.8110639355240001, 1.8110639355240001, 1.8110639355240001, 1.813039441782, 2.8720771924698925, 2.8720771924698925, 2.8720771924698925, 2.8720771924698925, 2.8720771924698925, 2.8720771924698925, 2.8720771924698925, 2.8720771924698925, 2.8720771924698925, 2.8444990467136435, 4.846020475136117, 4.84529213355526, 4.849885217641376, 4.878535295960147, 4.745755057069854, 4.708649651828433, 4.670617507260305, 4.634993627350605, 4.62789674966423, 4.636877761573596, 4.6403759050492805, 4.644587108426754, 4.639588428859534, 4.63474755399051, 4.629083014795743, 4.624459493961326, 4.6154583160084695, 4.606733550451631, 4.579514479239485, 4.559081748713998, 3.137200227358268, 3.137200227358268, 3.137200227358268, 3.137200227358268, 3.137200227358268, 3.137200227358268, 3.137200227358268, 3.137200227358268, 3.137200227358268, 3.0818238664035813, 1.8110639355240001, 1.8110639355240001, 1.8110639355240001, 1.8110639355240001, 1.8110639355240001, 1.8110639355240001, 1.8110639355240001, 1.8110639355240001, 1.8110639355240001, 1.8132190332600002, 3.012584407081338, 3.012584407081338, 3.012584407081338, 3.012584407081338, 3.012584407081338, 3.012584407081338, 3.012584407081338, 3.012584407081338, 3.012584407081338, 3.0223410463785934, 4.5751343802904305, 4.571864292338897, 4.565876659099794, 4.561216201082066, 4.562712042487978, 4.563386209946329, 4.56607363864673, 4.565958278098991, 4.563033049550672, 4.544505444113328, 4.53185520746271, 4.524988439830551, 4.521000149500032, 4.51840991917224, 4.519008410019686, 4.519326159682629, 4.52156421049182, 4.528683907655018, 4.535882484245934, 4.53323301937483, 2.8515325473733326, 2.8515325473733326, 2.8515325473733326, 2.8515325473733326, 2.8515325473733326, 2.8515325473733326, 2.8515325473733326, 2.8515325473733326, 2.8515325473733326, 2.836826370047978, 1.8110639355240001, 1.8110639355240001, 1.8110639355240001, 1.8110639355240001, 1.8110639355240001, 1.8110639355240001, 1.8110639355240001, 1.8110639355240001, 1.8110639355240001, 1.8142965821280002, 2.922149817760332, 2.922149817760332, 2.922149817760332, 2.922149817760332, 2.922149817760332, 2.922149817760332, 2.922149817760332, 2.922149817760332, 2.922149817760332, 2.955939950866379, 4.588397143428673, 4.5963136986053, 4.601283109424844, 4.586336645695125, 4.581356581630676, 4.582821182542883, 4.584373939485069, 4.592067219086736, 4.597970709135074, 4.6147949842157825, 4.627126469294015, 4.652220893567289, 4.654713930245404, 4.6820918646684, 4.711476680686539, 4.688782358301187, 4.684715363382345, 4.713143917731399, 4.70408426610467, 4.724936746281943, 4.723646021065363, 4.702392963195283, 4.702554142746688, 4.733029824871048, 4.758116771479567, 4.768293405383403, 4.780016358857998, 4.7693906466226705, 4.7646863948114175, 4.762909493170898, 4.759993683261285, 4.736858422159621, 4.798462935443048], "O35": 3.216253792934681, "O46": 3.133821103663511, "O22": [3.849239890017788, 3.8166092486407717, 3.844947648384021, 3.7629996158401955, 3.7543036344569582, 3.7543036344569582, 3.7543036344569582, 3.7543036344569582, 3.7543036344569582, 3.7154288956666943, 3.6854298563420405, 3.6619726662471477, 3.6527679893579226, 3.6517927213029284, 3.6669794479963613, 2.1264158841668963, 2.1264158841668963, 2.1264158841668963, 2.1264158841668963, 2.1264158841668963, 2.1264158841668963, 2.1264158841668963, 2.1264158841668963, 2.1264158841668963, 2.007254646788903, 1.05, 1.05, 1.05, 1.05, 1.05, 1.05, 1.05, 1.05, 1.05, 1.05, 2.0092291364532398, 2.0092291364532398, 2.0092291364532398, 2.0092291364532398, 2.0092291364532398, 2.0092291364532398, 2.0092291364532398, 2.0092291364532398, 2.0092291364532398, 1.983579436742319, 3.826488760098585, 3.8258166399493883, 3.830055179176539, 3.8564937286431493, 3.7339629322163472, 3.6997217311613713, 3.664625326736294, 3.6317512905572005, 3.625202228118974, 3.6334899865322003, 3.6367181047346757, 3.6406042410157182, 3.635991414637541, 3.631524211851484, 3.626296924231531, 3.6220302976998138, 3.6137239298806225, 3.6056726379018533, 3.5805546346395034, 3.561921920673352, 2.2540149542239694, 2.2540149542239694, 2.2540149542239694, 2.2540149542239694, 2.2540149542239694, 2.2540149542239694, 2.2540149542239694, 2.2540149542239694, 2.2540149542239694, 2.2034625346679158, 1.05, 1.05, 1.05, 1.05, 1.05, 1.05, 1.05, 1.05, 1.05, 1.05, 2.1389582391916377, 2.1389582391916377, 2.1389582391916377, 2.1389582391916377, 2.1389582391916377, 2.1389582391916377, 2.1389582391916377, 2.1389582391916377, 2.1389582391916377, 2.147394185313904, 3.576512640008816, 3.573494973491299, 3.567969531786791, 3.563668819290728, 3.5650491951683914, 3.565671322951013, 3.5681513062810066, 3.5680448505319506, 3.5653454233675523, 3.548247982746173, 3.5365742308027945, 3.5302375159883153, 3.5265570858681103, 3.524166798068919, 3.5247190907956427, 3.5250123130370716, 3.5270776064149536, 3.5336477268712443, 3.5402906379715406, 3.5380679392904724, 1.9902604423415107, 1.9902604423415107, 1.9902604423415107, 1.9902604423415107, 1.9902604423415107, 1.9902604423415107, 1.9902604423415107, 1.9902604423415107, 1.9902604423415107, 1.9774299359517717, 1.05, 1.05, 1.05, 1.05, 1.05, 1.05, 1.05, 1.05, 1.05, 1.05, 2.055460760705761, 2.055460760705761, 2.055460760705761, 2.055460760705761, 2.055460760705761, 2.055460760705761, 2.055460760705761, 2.055460760705761, 2.055460760705761, 2.0860908051088383, 3.588751636893673, 3.5960571050782146, 3.600642921993289, 3.586850191087902, 3.5822545432627937, 3.5836060901324185, 3.585038988177891, 3.5921384156574976, 3.5975862092702067, 3.6131118013475487, 3.6244914064784703, 3.6476487664725052, 3.64994936309926, 3.675213966758709, 3.702330538770095, 3.6813880143441424, 3.677634954923296, 3.703869080082012, 3.6955087522316483, 3.714751608133621, 3.713560515316818, 3.6939480027239044, 3.6940967406608634, 3.722219973707862, 3.745370433245731, 3.75476152236865, 3.7655795690728984, 3.755774066434268, 3.751432940632398, 3.7497931998471383, 3.747102464287088, 3.725753037655381, 3.7826022355419773],