{"O23": 5.0, "O34": [4.859645586970381, 4.883760190842301, 4.831009754051729, 4.8276966262445455, 4.908252970539273, 4.9323179228993705, 4.9115206304475745, 4.916384549494891, 4.9425191100047465, 4.93252900645748, 4.988168737663154, 5.0, 5.0, 5.0, 5.0, 5.0, 5.0, 5.0, 5.0, 5.0, 5.0, 5.0, 5.0, 5.0, 5.0, 5.0, 5.0, 5.0, 5.0, 5.0, 5.0, 5.0, 5.0, 5.0, 5.0, 5.0, 5.0, 5.0, 5.0, 5.0, 5.0, 5.0, 5.0, 5.0, 5.0, 5.0, 5.0, 5.0, 5.0, 5.0, 5.0, 5.0, 5.0, 5.0, 5.0, 5.0, 5.0, 5.0, 5.0, 5.0], "O35": 4.984474372390606, "O46": 4.875806778517955, "O22": [3.837916820111092, 3.860167465648751, 3.8114944176808994, 3.8084373808392344, 3.882767055596977, 3.904971887477657, 3.8857821390187652, 3.890270097403674, 3.9143845653532976, 3.9051666551568296, 3.9565056671283134, 3.9986518344223287, 4.034513468563613, 4.049410532385364, 4.099723281161951, 4.121644606950596, 4.1021502478588765, 4.132116046378112, 4.158015402247339, 4.14445087435285, 4.090594281350534, 4.111644119462211, 4.160862767293144, 4.120964267432003, 4.201592427723605, 4.248065165985875, 4.202962488384253, 4.2060254826089105, 4.231792649586617, 4.211099198181773, 4.215854584887234, 4.2514096175709755, 4.190036895542686, 4.199303708591496, 4.140905356606964, 4.1843179040629055, 4.262298456427458, 4.293180362821252, 4.336366408205144, 4.362119841649075, 4.399413484114484, 4.405131935539778, 4.413233825343888, 4.405949329670107, 4.393866855392075, 4.4031827225430185, 4.400691256309905, 4.3971487810102055, 4.388530324647865, 4.39542344700055, 4.400183149724851, 4.403604282271712, 4.4100344568420144, 4.410856860132518, 4.407375806209063, 4.409840178203307, 4.40526106706494, 4.407642038970884, 4.394002658395175, 4.393404262339409], "O21": [4.559, 4.559, 4.559, 4.559, 4.559, 4.559, 4.559, 4.559, 4.559, 4.559, 4.559, 4.559, 4.559, 4.559, 4.559, 4.559, 4.559, 4.559, 4.559, 4.559, 4.559, 4.559, 4.559, 4.559, 4.559, 4.559, 4.559, 4.559, 4.559, 4.559, 4.559, 4.559, 4.559, 4.559, 4.559, 4.559, 4.559, 4.559, 4.559, 4.559, 4.559, 4.559, 4.559, 4.559, 4.559, 4.559, 4.559, 4.559, 4.559, 4.559, 4.559, 4.559, 4.559, 4.559, 4.559, 4.559, 4.559, 4.559, 4.559, 4.559], "mode": "1"}