{"O23": 5.0, "O34": [4.7349505438138175, 4.778038807345878, 4.770210758472571, 4.712477756527567, 4.71914700106401, 4.7497267140848685, 4.761271528415087, 4.757297003905227, 4.761817921681195, 4.72606206650939, 4.707578014750466, 4.7534709952325125, 4.772468483807613, 4.893225749477538, 4.947336808332355, 5.0, 5.0, 5.0, 5.0, 5.0, 5.0, 5.0, 5.0, 5.0, 5.0, 5.0, 5.0, 5.0, 5.0, 5.0, 5.0, 5.0, 5.0, 5.0, 5.0, 5.0, 5.0, 5.0, 5.0, 5.0, 5.0, 5.0, 5.0, 5.0, 5.0, 5.0, 5.0, 5.0, 1.9111720903765559, 1.9111720903765559, 1.9111720903765559, 1.9111720903765559, 1.9111720903765559, 1.9111720903765559, 1.9111720903765559, 1.9111720903765559, 1.9111720903765559], "O35": 2.823306321834584, "O46": 2.910561795625938, "O22": [3.723992430390697, 3.763754666784875, 3.756530873011565, 3.7032543405429337, 3.709408779271506, 3.737628012963687, 3.7482816712663345, 3.744613944369011, 3.748785887877316, 3.715790063741599, 3.69873281484565, 3.7410832692194442, 3.7586143222185235, 3.8700502110263755, 3.919984381896909, 4.024892434517637, 4.030124163913326, 4.106837657646573, 4.104608141304943, 4.231615208324814, 4.236296499899662, 4.259744616304281, 4.260139904429741, 4.273137580660991, 4.273418454426411, 4.272194174247107, 4.271863344763093, 4.278571831405461, 4.278774827061788, 4.280224485951364, 4.280014359578239, 4.276709444679537, 4.277091820299052, 4.268636648203216, 4.264516395799763, 4.274571726953655, 4.274345490246129, 4.2710004065036715, 4.274769666940359, 4.238923628306582, 4.237724735238343, 4.186686133302023, 4.188874470785092, 4.142355103794765, 4.149743003736891, 4.193657789205198, 4.203479144003675, 4.17511130662538, 1.1426881276513319, 1.1426881276513319, 1.1426881276513319, 1.1426881276513319, 1.1426881276513319, 1.1426881276513319, 1.1426881276513319, 1.1426881276513319, 1.1426881276513319], "O21": [4.553999999999999, 4.553999999999999, 4.553999999999999, 4.553999999999999, 4.553999999999999, 4.553999999999999, 4.553999999999999, 4.553999999999999, 4.553999999999999, 4.553999999999999, 4.553999999999999, 4.553999999999999, 4.553999999999999, 4.553999999999999, 4.553999999999999, 4.553999999999999, 4.553999999999999, 4.553999999999999, 4.553999999999999, 4.553999999999999, 4.553999999999999, 4.553999999999999, 4.553999999999999, 4.553999999999999, 4.553999999999999, 4.553999999999999, 4.553999999999999, 4.553999999999999, 4.553999999999999, 4.553999999999999, 4.553999999999999, 4.553999999999999, 4.553999999999999, 4.553999999999999, 4.553999999999999, 4.553999999999999, 4.553999999999999, 4.553999999999999, 4.553999999999999, 4.553999999999999, 4.553999999999999, 4.553999999999999, 4.553999999999999, 4.553999999999999, 4.553999999999999, 4.553999999999999, 4.553999999999999, 4.553, 4.408, 4.408, 4.408, 4.408, 4.408, 4.408, 4.408, 4.408, 4.408], "mode": "1"}