{"O23": 3.7619431328086477, "O34": [3.4840512038651243, 3.421492191907145, 3.371304061142082, 3.3572592151270495, 3.324810145996013, 3.2897820455352966, 3.2151205641710154, 3.1834564723779972, 3.1533230297567547, 3.002803224551199, 2.8802657176623065, 2.8878468449221346, 2.9552150285930487, 3.0200095812848806, 3.0705409855775896, 3.13658087366848, 3.187838803494956, 3.2045778768525506, 3.207260474947528, 3.2284363540875796, 3.2601548524950177, 3.253623374358947, 3.2460026876699395, 3.2337338310189137, 3.2117715433812513, 3.1847501182476137, 3.193596367363132, 3.1280635445236564, 3.1932959083496506, 3.257696418355602, 3.279257960363006, 3.235378825417082, 3.2091401592794933, 3.1764209779191606, 3.1391583817309368, 3.0830165250095836, 3.068036035249298, 2.997849035984003, 2.9412972073123953, 2.915745128889878, 2.9090084389756945, 2.8998495518044014, 2.882044969249939, 2.868662018164984, 2.8678479993242902, 2.8697381392404546, 2.86357456275172, 2.8669167096569423, 2.8381332810180724, 2.8138103000576993, 2.792359192619962, 2.790066512044391, 2.781909281088855, 2.7749077145497436, 2.7689498759194677, 2.7657268005146727, 2.763576071442589, 2.762325573436378, 2.760828338611514, 2.7657690551802703, 2.766783248914171, 2.7696127668960546, 2.783136753659158, 2.802221015969255, 2.8173572966070184, 2.8243054573365116, 2.834494393567504, 2.837353050985014, 2.8336783052591032, 2.8287647790714754, 2.8258598655044156, 2.819322222132248, 2.819088088349036, 2.814229999027048, 2.813156668606184, 2.816225405354647, 2.8206734275752847, 2.819147384012172, 2.8111467340600473, 2.7931622751579326, 2.7882657104837425, 2.791170116819678, 2.7697166970791125, 2.754751177659045, 2.7452773103653914, 2.748825368213885, 2.751129289073946, 2.752053115162536, 2.752820297394345, 2.7658277039058508, 2.777232429936225, 2.7744002332200948, 2.775977481091308, 2.785102112789583, 2.781589412794294, 2.7926012125021145, 2.802799117115919, 2.8029216842384943, 2.8017100011766543, 2.8178721462174185, 2.832940784082107, 2.8462777516412716, 2.8550203707014754, 2.856876585699706, 2.8819419757696068, 2.8864893318113056, 2.8704105304414362, 2.8747690342070014, 2.888711532010559, 2.8687635436892074, 2.8528783166753438, 2.8619891018594656, 2.8736209315741714, 2.8753583955666544, 2.894864038427763, 2.8814170199297338, 2.8739958564846786, 2.901178417903599, 2.942736704665085, 2.922039209991451, 3.920257624563122, 3.9387390754396723, 3.9450249616404856, 3.944165725391908, 3.926126261067399, 3.9208535249647287, 3.9084029988238593, 3.887986909875824, 3.8970213591775056, 3.876398591626696, 3.85969626324276, 3.8577523342897977, 3.8407917050016636, 3.8325053236812603, 3.8245957056299096, 3.807909233349806, 3.799676160839132, 3.7954760075352465, 3.791819802629576, 3.7862997923634554, 3.7808113047881187, 3.766958789673634, 3.7581219331298925, 3.752818689104757, 3.7499721558117622, 3.7436267774646024, 3.7388311072411295, 3.7401656162304757, 3.7361732031556314, 3.736510758826612, 3.740895755744469, 3.742088103874642, 3.7446996280704314, 3.7504488996550913, 3.750916125998773, 3.7554730985420837, 3.755354328784988, 3.753593046165579, 3.7531263505270007, 3.7571166786792203, 3.754254026410821, 3.7558365403839007, 3.756391724493866, 3.755977177888709, 3.76218394505948, 3.7685657791824436, 3.7920080315024935, 3.7965642316822956, 3.7912388483150616, 3.7976383187631106, 3.802976980474437, 3.8016534418508128, 3.8058775940804, 3.7986163553415917, 3.800478731389865, 3.791391603980493, 3.788239883088055, 3.7813510937225265, 3.77604383549884, 3.764786472673661, 3.7594770490220504, 3.754845612218146, 3.754518449903645, 3.7549634423222926, 3.747434826530828, 3.7404602035965553, 3.725121206395724, 3.7206382923112127, 3.719908609954578, 3.7189512717503943, 3.714420490607897, 3.7102570095785135, 3.7061073657737507, 3.706197261454394, 3.7104645073616047, 3.7154645248960247, 3.713956126949147, 3.7175777497247795, 3.721431338707535, 3.725820751443535, 3.7259625365695053, 3.728050612182524, 3.7266939697140975, 3.7277229416786968, 3.7326814484352786, 3.734086182736337, 3.733635498489482, 3.7461302013180524, 3.7624822620049625, 3.7625614595726526, 3.7804699756918, 3.782054025879204, 3.7805441832054365, 3.7795963263999077, 3.772480176249097, 3.7641971188726036, 3.763042647739066, 3.7633987200373644, 3.774396341711225, 3.772366782007291, 3.7719161098264284, 3.770340135867589, 3.7707357834457382, 3.773149764125433, 3.7705697343535967, 3.770137095352266, 3.771309166286566, 3.757953893965017, 3.745875578854601, 3.7435530286104295, 3.733883653639296, 3.7339803176967723, 3.7343949624991377, 3.7365617238700377, 3.7375110116629333, 3.738830412575228, 3.7410395081133956, 3.7401924880404183, 3.7225889835510646, 3.712994878643154], "O35": 3.3969470035825617, "O46": 2.7346621278595853,