{"O23": 5.0, "O34": [4.618613757760987, 4.618613757760987, 4.618613757760987, 4.618613757760987, 4.618613757760987, 2.798985216250364, 2.798985216250364, 2.798985216250364, 2.798985216250364, 2.7991867604667457, 4.4282001915248115, 4.4282001915248115, 4.4282001915248115, 4.4282001915248115, 4.4282001915248115, 3.31255316259086, 3.31255316259086, 3.31255316259086, 3.31255316259086, 3.3127663798810953, 4.456202469555725, 4.456202469555725, 4.456202469555725, 4.456202469555725, 4.456202469555725, 2.8526382415882394, 2.8526382415882394, 2.8526382415882394, 2.8526382415882394, 2.852841005303875, 4.574845837200525, 4.574845837200525, 4.574845837200525, 4.574845837200525, 4.574604055195691, 2.9400325608856557, 2.9400325608856557, 2.9400325608856557, 2.9400325608856557, 2.940237311018767, 4.584410961464332, 4.584410961464332, 4.584410961464332, 4.584410961464332, 4.584168962163885, 2.837909072274105, 2.837909072274105, 2.837909072274105, 2.837909072274105, 2.838313930136014, 4.574569856685693, 4.574569856685693, 4.574569856685693, 4.574569856685693, 4.574328080950444, 2.93024798412637, 2.93024798412637, 2.93024798412637, 2.93024798412637], "O35": 2.637849087426077, "O46": 2.772891785457058, "O22": [3.6166357998564997, 3.6166357998564997, 3.6166357998564997, 3.6166357998564997, 3.6166357998564997, 1.9417439434789325, 1.9417439434789325, 1.9417439434789325, 1.9417439434789325, 1.9417439434789325, 3.4409204515759226, 3.4409204515759226, 3.4409204515759226, 3.4409204515759226, 3.4409204515759226, 2.4159168111013996, 2.4159168111013996, 2.4159168111013996, 2.4159168111013996, 2.4159168111013996, 3.4667612051215424, 3.4667612051215424, 3.4667612051215424, 3.4667612051215424, 3.4667612051215424, 1.9912813202999813, 1.9912813202999813, 1.9912813202999813, 1.9912813202999813, 1.9912813202999813, 3.5762463698551765, 3.5762463698551765, 3.5762463698551765, 3.5762463698551765, 3.5762463698551765, 2.0719717436226524, 2.0719717436226524, 2.0719717436226524, 2.0719717436226524, 2.0719717436226524, 3.5850731523927046, 3.5850731523927046, 3.5850731523927046, 3.5850731523927046, 3.5850731523927046, 1.9776820049588533, 1.9776820049588533, 1.9776820049588533, 1.9776820049588533, 1.9776820049588533, 3.575991692558591, 3.575991692558591, 3.575991692558591, 3.575991692558591, 3.575991692558591, 2.062937728058631, 2.062937728058631, 2.062937728058631, 2.062937728058631], "O21": [4.553999999999999, 4.553999999999999, 4.553999999999999, 4.553999999999999, 4.553999999999999, 4.531000000000001, 4.531000000000001, 4.531000000000001, 4.531000000000001, 4.532, 4.553999999999999, 4.553999999999999, 4.553999999999999, 4.553999999999999, 4.553999999999999, 4.531000000000001, 4.531000000000001, 4.531000000000001, 4.531000000000001, 4.532, 4.553999999999999, 4.553999999999999, 4.553999999999999, 4.553999999999999, 4.553999999999999, 4.531000000000001, 4.531000000000001, 4.531000000000001, 4.531000000000001, 4.532, 4.553999999999999, 4.553999999999999, 4.553999999999999, 4.553999999999999, 4.553, 4.531000000000001, 4.531000000000001, 4.531000000000001, 4.531000000000001, 4.532, 4.553999999999999, 4.553999999999999, 4.553999999999999, 4.553999999999999, 4.553, 4.531000000000001, 4.531000000000001, 4.531000000000001, 4.531000000000001, 4.533, 4.553999999999999, 4.553999999999999, 4.553999999999999, 4.553999999999999, 4.553, 4.531000000000001, 4.531000000000001, 4.531000000000001, 4.531000000000001, 4.531000000000001], "mode": "1"}