{"O23": 5.0, "O34": [5.0, 5.0, 5.0, 5.0, 5.0, 5.0, 5.0, 5.0, 5.0, 5.0, 3.6613842705685364, 3.6613842705685364, 3.6613842705685364, 3.6613842705685364, 3.6613842705685364, 3.6613842705685364, 3.6613842705685364, 3.6613842705685364, 3.6613842705685364, 3.6522617906514454, 5.0, 5.0, 5.0, 5.0, 5.0, 5.0, 5.0, 5.0, 5.0, 5.0, 3.718723175087665, 3.718723175087665, 3.718723175087665, 3.718723175087665, 3.718723175087665, 3.718723175087665, 3.718723175087665, 3.718723175087665, 3.718723175087665, 3.702418979895527, 5.0, 5.0, 5.0, 5.0, 5.0, 5.0, 5.0, 5.0, 5.0, 5.0, 3.730614073124889, 3.730614073124889, 3.730614073124889, 3.730614073124889, 3.730614073124889, 3.730614073124889, 3.730614073124889, 3.730614073124889, 3.730614073124889, 3.730614073124889], "O35": 3.979490756459791, "O46": 4.063082031457343, "O22": [4.298342017971803, 4.298342017971803, 4.298342017971803, 4.298342017971803, 4.298342017971803, 4.298342017971803, 4.298342017971803, 4.298342017971803, 4.298342017971803, 4.298862294408215, 2.737989572776508, 2.737989572776508, 2.737989572776508, 2.737989572776508, 2.737989572776508, 2.737989572776508, 2.737989572776508, 2.737989572776508, 2.737989572776508, 2.7293628794115365, 4.2663440151490155, 4.2663440151490155, 4.2663440151490155, 4.2663440151490155, 4.2663440151490155, 4.2663440151490155, 4.2663440151490155, 4.2663440151490155, 4.2663440151490155, 4.2976519261675445, 2.7909300901431036, 2.7909300901431036, 2.7909300901431036, 2.7909300901431036, 2.7909300901431036, 2.7909300901431036, 2.7909300901431036, 2.7909300901431036, 2.7909300901431036, 2.775671528268883, 4.287043715532683, 4.287043715532683, 4.287043715532683, 4.287043715532683, 4.287043715532683, 4.287043715532683, 4.287043715532683, 4.287043715532683, 4.287043715532683, 4.2797027676732435, 2.801908854026429, 2.801908854026429, 2.801908854026429, 2.801908854026429, 2.801908854026429, 2.801908854026429, 2.801908854026429, 2.801908854026429, 2.801908854026429, 2.801908854026429], "O21": [4.553999999999999, 4.553999999999999, 4.553999999999999, 4.553999999999999, 4.553999999999999, 4.553999999999999, 4.553999999999999, 4.553999999999999, 4.553999999999999, 4.553999999999999, 4.531000000000001, 4.531000000000001, 4.531000000000001, 4.531000000000001, 4.531000000000001, 4.531000000000001, 4.531000000000001, 4.531000000000001, 4.531000000000001, 4.532, 4.553999999999999, 4.553999999999999, 4.553999999999999, 4.553999999999999, 4.553999999999999, 4.553999999999999, 4.553999999999999, 4.553999999999999, 4.553999999999999, 4.553, 4.531000000000001, 4.531000000000001, 4.531000000000001, 4.531000000000001, 4.531000000000001, 4.531000000000001, 4.531000000000001, 4.531000000000001, 4.531000000000001, 4.532, 4.553999999999999, 4.553999999999999, 4.553999999999999, 4.553999999999999, 4.553999999999999, 4.553999999999999, 4.553999999999999, 4.553999999999999, 4.553999999999999, 4.553, 4.531000000000001, 4.531000000000001, 4.531000000000001, 4.531000000000001, 4.531000000000001, 4.531000000000001, 4.531000000000001, 4.531000000000001, 4.531000000000001, 4.531000000000001], "mode": "1"}