{"O23": 2.967987223532548, "O34": [5.0, 5.0, 5.0, 5.0, 5.0, 5.0, 5.0, 5.0, 5.0, 5.0, 5.0, 5.0, 5.0, 5.0, 5.0, 5.0, 5.0, 5.0, 4.933741591962469, 4.836011485008129, 4.834359971965213, 4.830002196465279, 4.80638208904446, 4.799040894022153, 4.784893984105194, 4.771630852248297, 4.757828126224407, 4.769740083357849, 4.784662232356429, 4.788416859286531, 4.79918222067995, 4.809383543929925, 4.813909450393361, 4.764960277930864, 4.762827253713196, 4.7778623696972335, 4.761529522112239, 4.7579299674331805, 4.7821072758034, 4.815345006277226, 4.868881523662401, 4.918729234097712, 4.93478186692843, 4.935129259647733, 4.96905277682126, 5.0, 5.0, 5.0, 5.0, 5.0, 5.0, 5.0, 5.0, 5.0, 5.0, 5.0, 5.0, 5.0, 5.0, 5.0], "O35": 4.921854254206621, "O46": 3.0948444291816375, "O22": [4.263282024561769, 4.254671152793103, 4.249725144296353, 4.243597427245565, 4.238662644410793, 4.233446871824862, 4.224673654930084, 4.202025722207234, 4.175780376237474, 4.193157969245507, 4.187515886405953, 4.1844039454379285, 4.1656059423669705, 4.15867441672469, 4.122018980729228, 4.068937012399342, 4.029032068643575, 3.992438601589997, 3.9074385941854324, 3.81725237415697, 3.815728343095203, 3.8117069487437645, 3.7899101015762366, 3.7831355809071563, 3.7700806854378426, 3.7578413482961017, 3.7451040688130783, 3.7560965297904123, 3.769866822843628, 3.7733316262803123, 3.783265998415672, 3.792679871088844, 3.7968564182027276, 3.751685682433694, 3.7497173085373006, 3.7635918485388102, 3.748519750166097, 3.745198048794772, 3.7675090860004437, 3.7981811620594583, 3.847585140904102, 3.893585055580696, 3.908398569262653, 3.9087191463825985, 3.94002407256446, 3.983519110194322, 3.9841179350064255, 3.98679426184522, 3.999861414267223, 4.001560203375499, 4.003401517485504, 4.004872360963336, 4.030710176060603, 4.13729210749197, 4.193291974010067, 4.19935407227403, 4.203264967750474, 4.215015992029851, 4.231524385950683, 4.219268916092325], "O21": [4.553999999999999, 4.553999999999999, 4.553999999999999, 4.553999999999999, 4.553999999999999, 4.553999999999999, 4.553999999999999, 4.553999999999999, 4.553999999999999, 4.553999999999999, 4.553999999999999, 4.553999999999999, 4.553999999999999, 4.553999999999999, 4.553999999999999, 4.553999999999999, 4.553999999999999, 4.553999999999999, 4.553999999999999, 4.553999999999999, 4.553999999999999, 4.553999999999999, 4.553999999999999, 4.553999999999999, 4.553999999999999, 4.553999999999999, 4.553999999999999, 4.553999999999999, 4.553999999999999, 4.553999999999999, 4.553999999999999, 4.553999999999999, 4.553999999999999, 4.553999999999999, 4.553999999999999, 4.553999999999999, 4.553999999999999, 4.553999999999999, 4.553999999999999, 4.553999999999999, 4.553999999999999, 4.553999999999999, 4.553999999999999, 4.553999999999999, 4.553999999999999, 4.553999999999999, 4.553999999999999, 4.553999999999999, 4.553999999999999, 4.553999999999999, 4.553999999999999, 4.553999999999999, 4.553999999999999, 4.553999999999999, 4.553999999999999, 4.553999999999999, 4.553999999999999, 4.553999999999999, 4.553999999999999, 4.553999999999999], "mode": "1"}