{"O23": 3.0184760822182333, "O34": [5.0, 5.0, 5.0, 5.0, 5.0, 5.0, 5.0, 5.0, 5.0, 5.0, 5.0, 5.0, 5.0, 5.0, 5.0, 5.0, 5.0, 5.0, 5.0, 5.0, 5.0, 5.0, 5.0, 5.0, 5.0, 5.0, 5.0, 5.0, 5.0, 5.0, 4.974895844717427, 4.94289827238865, 4.900687660203783, 4.886823866467447, 4.896032634785909, 4.938865285382356, 4.883525377737035, 4.75832804111989, 4.7517525948124035, 4.773537073843152, 4.758306492076695, 4.857394971817504, 4.921759939052951, 5.0, 5.0, 5.0, 5.0, 5.0, 5.0, 5.0, 5.0, 5.0, 5.0, 5.0, 5.0, 5.0, 5.0, 5.0, 5.0], "O35": 4.965157446358253, "O46": 3.1467589801569362, "O22": [4.2459645378596935, 4.262378155051835, 4.255640200810014, 4.249183410190861, 4.251452938554863, 4.2512660250424075, 4.255379826965767, 4.259764822452636, 4.260072802855695, 4.256166843312517, 4.257748466384118, 4.261429914584816, 4.265599944740739, 4.267926544748392, 4.273002910743489, 4.272553662993191, 4.282882248218906, 4.296201884870323, 4.29721373706762, 4.279691150553605, 4.269049109991472, 4.209266054659495, 4.2185906653858405, 4.218841192392045, 4.199358136883401, 4.173601864165464, 4.132148079469855, 4.064670312844504, 4.01383906222292, 4.003343973279126, 3.9454161080727306, 3.915888461082966, 3.876936129230724, 3.8641424959144466, 3.872640429986575, 3.912166784469111, 3.861098620903226, 3.7455653947664063, 3.739497513885549, 3.759600426696138, 3.7455455091158987, 3.8369852477459356, 3.8963818173202713, 3.9874508890870777, 4.0720892481975834, 4.13695722529698, 4.175517398336773, 4.213512368310186, 4.252629854144928, 4.259464007192911, 4.278943555211336, 4.284883888559412, 4.288413773927818, 4.2916983940856275, 4.294536750265575, 4.30053939297044, 4.301917279320401, 4.293167861872671, 4.289209574152213], "O21": [4.553999999999999, 4.553999999999999, 4.553999999999999, 4.553999999999999, 4.553999999999999, 4.553999999999999, 4.553999999999999, 4.553999999999999, 4.553999999999999, 4.553999999999999, 4.553999999999999, 4.553999999999999, 4.553999999999999, 4.553999999999999, 4.553999999999999, 4.553999999999999, 4.553999999999999, 4.553999999999999, 4.553999999999999, 4.553999999999999, 4.553999999999999, 4.553999999999999, 4.553999999999999, 4.553999999999999, 4.553999999999999, 4.553999999999999, 4.553999999999999, 4.553999999999999, 4.553999999999999, 4.553999999999999, 4.553999999999999, 4.553999999999999, 4.553999999999999, 4.553999999999999, 4.553999999999999, 4.553999999999999, 4.553999999999999, 4.553999999999999, 4.553999999999999, 4.553999999999999, 4.553999999999999, 4.553999999999999, 4.553999999999999, 4.553999999999999, 4.553999999999999, 4.553999999999999, 4.553999999999999, 4.553999999999999, 4.553999999999999, 4.553999999999999, 4.553999999999999, 4.553999999999999, 4.553999999999999, 4.553999999999999, 4.553999999999999, 4.553999999999999, 4.553999999999999, 4.553999999999999, 4.553999999999999], "mode": "1"}