{"O23": 5.0, "O34": [5.0, 5.0, 5.0, 5.0, 5.0, 3.6884304263181305, 3.683775672524434, 3.683775672524434, 3.683775672524434, 3.683775672524434, 5.0, 5.0, 5.0, 5.0, 5.0, 3.6524326075713685, 3.6491195990917076, 3.6491195990917076, 3.6491195990917076, 3.6491195990917076, 5.0, 5.0, 5.0, 5.0, 5.0, 3.656835728870102, 3.655730641386213, 3.655730641386213, 3.655730641386213, 5.0, 5.0, 5.0, 5.0, 5.0, 5.0, 3.658974843424389, 3.654334142564247, 3.654334142564247, 3.654334142564247, 3.654334142564247, 5.0, 5.0, 5.0, 5.0, 5.0, 3.629143509509518, 3.625838438520174, 3.625838438520174, 3.625838438520174, 3.625838438520174, 5.0, 5.0, 5.0, 5.0, 5.0, 3.6118481272866823, 3.610748151920142, 3.610748151920142, 3.610748151920142], "O35": 3.2840212926031187, "O46": 3.5426347850523396, "O22": [4.019229954917594, 4.019229954917594, 4.019229954917594, 4.019229954917594, 4.019229954917594, 2.758663361612379, 2.758663361612379, 2.758663361612379, 2.758663361612379, 2.758663361612379, 4.304395815587371, 4.304395815587371, 4.304395815587371, 4.304395815587371, 4.304395815587371, 2.726665707091246, 2.726665707091246, 2.726665707091246, 2.726665707091246, 2.726665707091246, 4.28864449698063, 4.28864449698063, 4.28864449698063, 4.28864449698063, 4.28864449698063, 2.7327696255797274, 2.7327696255797274, 2.7327696255797274, 2.7327696255797274, 4.2855625028945346, 4.2855625028945346, 4.2855625028945346, 4.2855625028945346, 4.2855625028945346, 4.2855625028945346, 2.73148025022879, 2.73148025022879, 2.73148025022879, 2.73148025022879, 2.73148025022879, 4.2770863339940615, 4.2770863339940615, 4.2770863339940615, 4.2770863339940615, 4.2770863339940615, 2.7051704117784343, 2.7051704117784343, 2.7051704117784343, 2.7051704117784343, 2.7051704117784343, 4.2718004022879885, 4.2718004022879885, 4.2718004022879885, 4.2718004022879885, 4.2718004022879885, 2.691237679953232, 2.691237679953232, 2.691237679953232, 2.691237679953232], "O21": [4.553999999999999, 4.553999999999999, 4.553999999999999, 4.553999999999999, 4.553999999999999, 4.552, 4.531000000000001, 4.531000000000001, 4.531000000000001, 4.531000000000001, 4.544, 4.553999999999999, 4.553999999999999, 4.553999999999999, 4.553999999999999, 4.546, 4.531000000000001, 4.531000000000001, 4.531000000000001, 4.531000000000001, 4.55, 4.553999999999999, 4.553999999999999, 4.553999999999999, 4.553999999999999, 4.5360000000000005, 4.531000000000001, 4.531000000000001, 4.531000000000001, 4.532, 4.553999999999999, 4.553999999999999, 4.553999999999999, 4.553999999999999, 4.553999999999999, 4.552, 4.531000000000001, 4.531000000000001, 4.531000000000001, 4.531000000000001, 4.544, 4.553999999999999, 4.553999999999999, 4.553999999999999, 4.553999999999999, 4.546, 4.531000000000001, 4.531000000000001, 4.531000000000001, 4.531000000000001, 4.55, 4.553999999999999, 4.553999999999999, 4.553999999999999, 4.553999999999999, 4.5360000000000005, 4.531000000000001, 4.531000000000001, 4.531000000000001], "mode": "1"}