{"O23": 5.0, "O34": [2.335804285099764, 2.3320263676669772, 2.304078039215508, 2.3049326535976067, 2.2703725896879274, 2.272604945634445, 2.258370101908918, 2.254849690830962, 2.2455602767799263, 2.2599591972855104, 2.2622794805587945, 2.2728928242575335, 2.2663410214987687, 2.266269407938122, 2.2611449619909374, 2.25966738372359, 2.256932640664152, 2.26759515837274, 2.2758811600893734, 2.2112819187732313, 2.211089174733476, 2.211348347008079, 2.21208450592681, 2.2191309963307164, 4.4375361558767565, 4.438652874336101, 4.450871570776519, 4.452078041541464, 4.454984801025855, 4.4521088635848765, 4.4521088635848765, 4.4521088635848765, 4.4521088635848765, 4.450381805831413, 4.451094695083166, 4.459719277211768, 4.464176553665343, 4.461777503716779, 4.4658683670030195, 4.477767205381623, 2.264522416960011, 2.255138511055076, 2.256393816344182, 2.258998258180859, 2.255405838604809, 2.2541477799165826, 2.2577100035471496, 2.2592707846122537, 2.2668359878791517, 2.2733947074568635, 2.2715496905006622, 2.271136744165725, 2.2768707487736264, 2.273300664088651, 2.283593236730365, 2.2805456019951915, 2.2715796684901757, 2.2675758182426278, 2.268953823514568], "O35": 2.4583248527868777, "O46": 2.4976419889401584, "O22": [1.514092973599066, 1.510604854927505, 1.484800403653785, 1.4855894617621788, 1.4536804520078916, 1.4557415670526619, 1.442598658275766, 1.4393482930067905, 1.430771456912367, 1.4440658563690538, 1.446208153958359, 1.4560073629092956, 1.4499581397746402, 1.449892019590048, 1.4451606627227296, 1.4437964274172412, 1.4412714626721783, 1.4511160735634587, 1.4587664676799483, 1.3991225437953325, 1.3989445848812314, 1.3991838764132138, 1.3998635656111242, 1.4061956182261384, 3.4495357632895964, 3.450566281108751, 3.461841803872186, 3.4629551459246612, 3.46563752967107, 3.4629835887830147, 3.4629835887830147, 3.4629835887830147, 3.4629835887830147, 3.4613898443841826, 3.4620477049853635, 3.4700065467972028, 3.474119761521889, 3.471905896692891, 3.475680982057441, 3.4866613369300414, 1.4482790378459498, 1.4396149582355524, 1.4407739708120155, 1.4431786295588336, 1.4398617794629172, 1.4387002246967289, 1.4419891951358972, 1.443430250868921, 1.4504151379764074, 1.4564707473505045, 1.454767259063963, 1.4543859892646958, 1.4596801464005977, 1.4563839179175075, 1.465886961710467, 1.4630731067723999, 1.454794937483838, 1.4510982169876725, 1.4523705174029353], "O21": [4.531000000000001, 4.531000000000001, 4.531000000000001, 4.531000000000001, 4.531000000000001, 4.531000000000001, 4.531000000000001, 4.531000000000001, 4.531000000000001, 4.531000000000001, 4.531000000000001, 4.531000000000001, 4.531000000000001, 4.531000000000001, 4.531000000000001, 4.531000000000001, 4.531000000000001, 4.531000000000001, 4.531000000000001, 4.531000000000001, 4.531000000000001, 4.531000000000001, 4.531000000000001, 4.532, 4.553999999999999, 4.553999999999999, 4.553999999999999, 4.553999999999999, 4.553999999999999, 4.553999999999999, 4.553999999999999, 4.553999999999999, 4.553999999999999, 4.553999999999999, 4.553999999999999, 4.553999999999999, 4.553999999999999, 4.553999999999999, 4.553999999999999, 4.553999999999999, 4.531000000000001, 4.531000000000001, 4.531000000000001, 4.531000000000001, 4.531000000000001, 4.531000000000001, 4.531000000000001, 4.531000000000001, 4.531000000000001, 4.531000000000001, 4.531000000000001, 4.531000000000001, 4.531000000000001, 4.531000000000001, 4.531000000000001, 4.531000000000001, 4.531000000000001, 4.531000000000001, 4.531000000000001], "mode": "1"}