{"O23": 3.9873683289397492, "O34": [4.265053097416514, 4.27321164161849, 4.304611138094273, 4.316921559242755, 4.346926693858744, 4.368432112632835, 4.382684968606575, 4.383090839418015, 4.365997350385499, 4.364520659794333, 4.367713217925362, 4.385812983564377, 4.396236440347016, 4.397554094789435, 4.421793483422863, 4.445543091975849, 4.445603905952731, 4.415829089467149, 4.427091780554733, 4.45783287837541, 2.5069878643639676, 2.499043169638453, 2.528982559920167, 2.516796307460246, 2.5074095003598984, 2.494705150294445, 2.4893066493831397, 2.473495788309333, 2.4542022873704807, 2.4431505479254625, 2.4033595326035844, 2.397854008865948, 2.3928822391458042, 2.390888017524148, 2.383893350691098, 2.377208370903012, 2.3890797147218605, 2.4020725850446096, 2.435764463662671, 2.4491340749254875, 2.471498092266618, 2.493557929126506, 2.481827607090292, 2.5086466176060656, 2.5852316641524475, 2.617539288213105, 2.6996276648070037, 2.7387094129651754, 2.810788980797825, 2.828699684425804, 2.852915016963941, 2.8566942234850794, 2.85815095326847, 2.860839940587798, 2.8593771568183124, 2.8574457195103804, 2.855420781667547, 2.8566171813191965, 2.842627262028273], "O35": 2.8375888447901048, "O46": 2.3611097313385514, "O22": [3.290366848548255, 3.297895626377743, 3.3268713636013905, 3.3382315307488466, 3.3659205383309767, 3.3857659318315756, 3.398918595273172, 3.3992931365015044, 3.3835191113726784, 3.38215640803878, 3.3851025293419443, 3.4018051555566733, 3.4114240150478983, 3.4126399583960527, 3.4350082838259124, 3.4569246358007466, 3.456980755484544, 3.4295042875407376, 3.439897599982439, 3.4682657610166583, 1.6721452999718045, 1.66481003166461, 1.6924528132009335, 1.6812013511194954, 1.672534592860327, 1.6608047757158944, 1.655820386257369, 1.6412223542182423, 1.623408830746146, 1.6132048547733424, 1.5764661525719492, 1.5713829498583836, 1.5667925576383124, 1.5649513099674761, 1.5584931942421383, 1.5523210099017761, 1.563281719543463, 1.5752779249598738, 1.606385346701733, 1.6187293937877327, 1.639377898644326, 1.6597455562788657, 1.6489150508361468, 1.6736768125731813, 1.7443871273361313, 1.7742164787512091, 1.8500079708125052, 1.8860918127421047, 1.9526422577606009, 1.9691790563691034, 1.9915368646238019, 1.9950261734995505, 1.996371159579121, 1.9988538784428882, 1.9975033027700282, 1.9957200233160417, 1.993850415622385, 1.994955041130436, 1.9820382689773979], "O21": [4.553999999999999, 4.553999999999999, 4.553999999999999, 4.553999999999999, 4.553999999999999, 4.553999999999999, 4.553999999999999, 4.553999999999999, 4.553999999999999, 4.553999999999999, 4.553999999999999, 4.553999999999999, 4.553999999999999, 4.553999999999999, 4.553999999999999, 4.553999999999999, 4.553999999999999, 4.553999999999999, 4.553999999999999, 4.553999999999999, 4.531000000000001, 4.531000000000001, 4.531000000000001, 4.531000000000001, 4.531000000000001, 4.531000000000001, 4.531000000000001, 4.531000000000001, 4.531000000000001, 4.531000000000001, 4.531000000000001, 4.531000000000001, 4.531000000000001, 4.531000000000001, 4.531000000000001, 4.531000000000001, 4.531000000000001, 4.531000000000001, 4.531000000000001, 4.531000000000001, 4.531000000000001, 4.531000000000001, 4.531000000000001, 4.531000000000001, 4.531000000000001, 4.531000000000001, 4.531000000000001, 4.531000000000001, 4.531000000000001, 4.531000000000001, 4.531000000000001, 4.531000000000001, 4.531000000000001, 4.531000000000001, 4.531000000000001, 4.531000000000001, 4.531000000000001, 4.531000000000001, 4.531000000000001], "mode": "1"}