{"O23": 5.0, "O34": [1.8439002652383387, 1.8318332917674476, 1.8239113657192045, 1.8212799076342616, 1.8202674302079227, 1.8185060564521132, 1.8157041421339097, 1.8110639355240001, 1.8110639355240001, 1.8110639355240001, 1.8110639355240001, 1.8110639355240001, 1.8110639355240001, 1.8110639355240001, 1.8110639355240001, 1.8110639355240001, 1.8110639355240001, 1.8110639355240001, 1.8110639355240001, 1.811782301436, 2.9144736817658954, 2.9150129088709833, 2.9255359039258324, 2.9162260210885833, 2.8980128168554016, 2.8872322666823282, 2.874761562166309, 2.873019205178988, 2.866782749358923, 2.861057408923779, 2.8605396098899765, 2.858725088290589, 2.8570239876189745, 2.852180790447656, 2.849019879754912, 2.845815113578037, 2.84035946616819, 2.835406664517364, 2.8263715041133874, 2.8225091159038844, 4.491387294609604, 4.492304370819638, 4.4951435732913305, 4.497317173821672, 4.498002432934895, 4.498084491099476, 4.496226616164126, 4.497144926327439, 4.495750985795281, 4.49652630871122, 4.497690618401282, 4.497776834187016, 4.497698439182129, 4.489110779126664, 4.482485316993156, 4.4911620399183665, 4.494344839288892, 4.499555851806771, 4.503815352904423, 4.500403853406443, 4.497418736793278, 4.493787098375203, 4.488115631752546, 4.479704437606995, 4.478973295044366, 4.478546031187847, 4.478426374355811, 4.473117964922872, 4.47169788230962, 4.466319899213375, 4.4726264807568965, 4.472791094125461, 4.47888284605819, 4.484466127186072, 4.490402955507714, 4.478779703537823, 4.474839423503459, 4.473057195792897, 4.450758487007471, 4.447604998305411, 4.443369990058702, 4.43435710532983, 4.435935785559252, 4.441452044886099, 4.443886182067454, 4.444616999641699, 4.443509459040376, 4.440935362992135, 4.440618419796583, 4.438968031555916, 4.438008801205518, 4.437149531051059, 4.434431070557889, 4.4340264196717225, 4.4328294811947915, 4.430742527527909, 4.429336794931129, 4.4288840040301904, 4.427159363461212, 4.4240862572259, 4.423475589455853, 4.429100792772217, 4.427087029082004, 4.422603362302685, 4.4179187013115655, 4.418643479538244, 4.421455632030928, 4.423677554387668, 4.423906626960881, 4.426411900842969, 4.4280920200252725, 4.432941853080288, 4.434613837281993, 4.435998134516737, 4.435962684194721, 4.4378538936092315, 4.438650091919048, 4.4393700988820735, 4.441323306707818, 4.446583024698556, 4.450684312964442, 4.448241409961662, 4.447972613990259, 4.45169409643137, 4.461636327901733, 4.458539129723331, 4.454961246692534, 4.456907145067378, 4.459189619956566, 4.462405155094146, 4.464464264126862, 4.464597848435262, 4.4695517666473075, 4.472188252489346, 4.470555660656562, 4.466039327081806, 4.457502114615609, 4.4495997358925266, 4.445292350597958, 4.437231632982214, 4.431132932957629, 4.432069741522789, 4.436571341316026, 4.441317629803059, 4.437114288029144, 4.437919829321481, 4.4416930269009764, 4.441733911519805, 4.437325731292483, 4.432900091767861, 4.427994431560912, 4.436845819863862, 4.445144528077151, 4.451143550158573, 4.454844804994205, 4.45943786261887, 4.466230183781255, 4.469544126615414, 4.472025952524202, 4.4741215222295505, 4.4784778906051885, 4.480885461307896, 4.480507029660799, 4.474072987972506, 4.4768988897313235, 4.488950620784979, 4.493236062422836, 4.483845684318209, 4.477655614136437, 4.48117531415223, 4.496033338253985, 4.4897668192312405, 4.474480231802395, 4.460658566115262, 4.4517935234573045, 4.44427979840777, 4.436395092014452, 4.436413829539058, 4.436520813258247, 4.436056199700928, 4.435037906928973, 4.437492821574218, 4.44037405052359, 4.443246300141183, 4.445592200488384, 4.449470965899927, 4.447513837169297, 4.447452441993386, 4.446951413366397, 4.447039595809456, 4.445882113937635, 4.44464726668064, 4.448294798251712, 4.45074884318998, 4.4548914604561825, 4.457032730135039, 4.45865371311049, 4.4570748265286495, 4.451933958247625, 4.449492476307584, 4.44975800870502, 4.447669503024702, 4.445314518662287, 4.446127129690548, 4.446133659308193, 4.441541638554557, 4.444461780604979, 4.450463959000809, 4.456096645155815, 4.456877093642842, 4.457570318219002, 4.456871137284802, 4.457179220312015, 4.457992744146794, 4.454680528487913, 4.4564946749560175, 4.458986873121079, 4.461481471954302, 4.4682904517029955, 4.47331853052668, 4.476163295456622, 4.479589035966268, 4.481475076755911, 4.47675749123346, 4.473575319625027, 4.471649665723171, 4.468749250063365, 4.463297516438654, 4.459413902593581, 4.454322554729975, 4.450592362956765, 4.448808414899422, 4.447237926565107, 4.446664161833494, 4.448045250381596, 4.447258821519741, 4.447963700376743, 4.446245121318037, 4.44412991935239, 4.443742746964431, 4.443967534921621, 4.443759176834304, 4.4430363035021205, 4.4428684974602195, 4.443657577923813, 4.443271864546879, 4.446856712491073, 4.4507726064978055, 4.460036765120085, 4.471945298355858, 4.471575947060981, 4.468735048613123, 4.465358196559673, 4.459869034928838, 4.4565465589092135, 4.45008429913127, 4.444385408910967, 4.447634634992837, 4.453362777129234, 4.457899517435689, 2.8776837993282225, 2.883984817527414, 2.8887827879794963, 2.8951919566195965, 2.9005507553534104, 2.8953019113112055, 2.9112516313928896, 2.9230799088190027, 2.92823123196959, 2.927069661827752, 2.935775608112652, 2.9266889956590547, 2.911948408353073, 2.918283310904582, 2.920966016363871, 2.915614075426219, 2.9129981423672455, 2.9305489876961497, 2.953231933986717, 2.9955587762879836, 1.8194268961144475, 1.814755330091042, 1.814755330091042, 1.814755330091042, 1.814755330091042, 1.814755330091042, 1.814755330091042, 1.814755330091042, 1.814755330091042], "O35": 3.3299147779944396, "O46": 3.2364904924208298,