{"O23": 5.0, "O34": [4.439120922477307, 4.439120922477307, 4.439120922477307, 4.439120922477307, 4.439120922477307, 4.439120922477307, 4.439120922477307, 4.439120922477307, 4.439120922477307, 4.437083632836854, 3.117112437412129, 3.117112437412129, 3.117112437412129, 3.117112437412129, 3.117112437412129, 3.117112437412129, 3.117112437412129, 3.117112437412129, 3.117112437412129, 3.1143716827956585, 4.470458564699306, 4.470458564699306, 4.470458564699306, 4.470458564699306, 4.470458564699306, 4.470458564699306, 4.470458564699306, 4.470458564699306, 4.470458564699306, 4.46682285139607, 3.1386417789575356, 3.1386417789575356, 3.1386417789575356, 3.1386417789575356, 3.1386417789575356, 3.1386417789575356, 3.1386417789575356, 3.1386417789575356, 3.1386417789575356, 3.144757193748556, 4.498442230773865, 4.498442230773865, 4.498442230773865, 4.498442230773865, 4.498442230773865, 4.498442230773865, 4.498442230773865, 4.498442230773865, 4.498442230773865, 4.48219114420264, 3.6237031663829113, 3.6237031663829113, 3.6237031663829113, 3.6237031663829113, 3.6237031663829113, 3.6237031663829113, 3.6237031663829113, 3.6237031663829113, 3.6237031663829113, 3.6237031663829113], "O35": 3.680998444263287, "O46": 3.695093762847465, "O22": [3.450998200135162, 3.450998200135162, 3.450998200135162, 3.450998200135162, 3.450998200135162, 3.450998200135162, 3.450998200135162, 3.450998200135162, 3.450998200135162, 3.4493384065402184, 2.2354680705431806, 2.2354680705431806, 2.2354680705431806, 2.2354680705431806, 2.2354680705431806, 2.2354680705431806, 2.2354680705431806, 2.2354680705431806, 2.2354680705431806, 2.232744857071434, 3.479916857698146, 3.479916857698146, 3.479916857698146, 3.479916857698146, 3.479916857698146, 3.479916857698146, 3.479916857698146, 3.479916857698146, 3.479916857698146, 3.4765617888238305, 2.255345926416687, 2.255345926416687, 2.255345926416687, 2.255345926416687, 2.255345926416687, 2.255345926416687, 2.255345926416687, 2.255345926416687, 2.255345926416687, 2.260798900335727, 3.505740435963361, 3.505740435963361, 3.505740435963361, 3.505740435963361, 3.505740435963361, 3.505740435963361, 3.505740435963361, 3.505740435963361, 3.505740435963361, 3.4909649686133126, 2.703198933379724, 2.703198933379724, 2.703198933379724, 2.703198933379724, 2.703198933379724, 2.703198933379724, 2.703198933379724, 2.703198933379724, 2.703198933379724, 2.703198933379724], "O21": [4.553999999999999, 4.553999999999999, 4.553999999999999, 4.553999999999999, 4.553999999999999, 4.553999999999999, 4.553999999999999, 4.553999999999999, 4.553999999999999, 4.553, 4.531000000000001, 4.531000000000001, 4.531000000000001, 4.531000000000001, 4.531000000000001, 4.531000000000001, 4.531000000000001, 4.531000000000001, 4.531000000000001, 4.532, 4.553999999999999, 4.553999999999999, 4.553999999999999, 4.553999999999999, 4.553999999999999, 4.553999999999999, 4.553999999999999, 4.553999999999999, 4.553999999999999, 4.553999999999999, 4.531000000000001, 4.531000000000001, 4.531000000000001, 4.531000000000001, 4.531000000000001, 4.531000000000001, 4.531000000000001, 4.531000000000001, 4.531000000000001, 4.532, 4.553999999999999, 4.553999999999999, 4.553999999999999, 4.553999999999999, 4.553999999999999, 4.553999999999999, 4.553999999999999, 4.553999999999999, 4.553999999999999, 4.553, 4.531000000000001, 4.531000000000001, 4.531000000000001, 4.531000000000001, 4.531000000000001, 4.531000000000001, 4.531000000000001, 4.531000000000001, 4.531000000000001, 4.531000000000001], "mode": "1"}