{"O23": 5.0, "O34": [4.697753901189812, 4.693739533224156, 4.671202614327762, 4.659426287014993, 4.6347092978330755, 4.623039613611426, 4.6101889785302, 4.596278338949794, 4.536143103031632, 4.5375829966564805, 4.446167400449807, 4.394065131103828, 4.35468029773797, 4.311688393320409, 4.282308841399576, 4.199661455916161, 4.182405424908169, 4.082066310801027, 4.164401402732651, 4.1075605235277335, 4.155781388655965, 4.211514573655315, 4.193218143947562, 4.2131566140605825, 4.199358065493551, 4.193210491766594, 4.149674492585307, 4.222345331853683, 4.24071200127753, 4.343703648762548, 4.3527732640166015, 4.3986133816272615, 4.417759444578263, 4.437211867267101, 4.472548332854454, 4.482365449426131, 4.495698003742142, 4.3982647676169915, 4.401366069495801, 4.274242374124336, 4.281732354883104, 4.285244875342704, 4.312150242789504, 4.3297747789669305, 4.354246611527551, 4.375267994027265, 4.463169024495527, 4.492192199703761, 1.8500349792995419, 1.84809645790707, 1.842404784707023, 1.842404784707023, 1.842404784707023, 1.842404784707023, 1.842404784707023, 1.842404784707023, 1.842404784707023, 1.842404784707023, 1.850568032942364, 1.8497887410908904, 1.842930270242083], "O35": 2.652311437924431, "O46": 2.7094546495183236, "O22": [3.6896670346600255, 3.685962539864015, 3.6651652687906964, 3.6542979682294394, 3.631488908725975, 3.620720019366547, 3.608861337952411, 3.5960244748706875, 3.5405311393265784, 3.541859886089629, 3.457500753264981, 3.4094203113862673, 3.3730756335954504, 3.333402318257156, 3.306290604002021, 3.2300228547457266, 3.2140988344227797, 3.121504999172445, 3.1974845611356617, 3.1450312875402395, 3.1895299347631396, 3.240961018201805, 3.224076908618976, 3.2424763078285146, 3.229742883340182, 3.2240698471176845, 3.183894436247041, 3.250955739095843, 3.267904666519232, 3.362946283382674, 3.371315805757777, 3.413617477799301, 3.4312856365662263, 3.4492365068494424, 3.481845314511733, 3.490904637813118, 3.503208038623341, 3.413295773661088, 3.416157682875488, 3.2988467955871066, 3.305758617069455, 3.3090000024817505, 3.3338285170932966, 3.350092597294698, 3.3726754240672396, 3.3920741445486104, 3.4731900045593136, 3.4999728511848396, 1.0860825058207617, 1.084287667842328, 1.0790178620718331, 1.0790178620718331, 1.0790178620718331, 1.0790178620718331, 1.0790178620718331, 1.0790178620718331, 1.0790178620718331, 1.0790178620718331, 1.0865760494702643, 1.085854518814611, 1.0795043985625346], "O21": [4.553999999999999, 4.553999999999999, 4.553999999999999, 4.553999999999999, 4.553999999999999, 4.553999999999999, 4.553999999999999, 4.553999999999999, 4.553999999999999, 4.553999999999999, 4.553999999999999, 4.553999999999999, 4.553999999999999, 4.553999999999999, 4.553999999999999, 4.553999999999999, 4.553999999999999, 4.553999999999999, 4.553999999999999, 4.553999999999999, 4.553999999999999, 4.553999999999999, 4.553999999999999, 4.553999999999999, 4.553999999999999, 4.553999999999999, 4.553999999999999, 4.553999999999999, 4.553999999999999, 4.553999999999999, 4.553999999999999, 4.553999999999999, 4.553999999999999, 4.553999999999999, 4.553999999999999, 4.553999999999999, 4.553999999999999, 4.553999999999999, 4.553999999999999, 4.553999999999999, 4.553999999999999, 4.553999999999999, 4.553999999999999, 4.553999999999999, 4.553999999999999, 4.553999999999999, 4.553999999999999, 4.553999999999999, 4.408, 4.408, 4.408, 4.408, 4.408, 4.408, 4.408, 4.408, 4.408, 4.408, 4.408, 4.408, 4.408], "mode": "1"}