{"O23": 5.0, "O34": [4.733529041994766, 4.842497011612774, 4.80740398277358, 4.953437893254615, 4.966599091270292, 4.90461330541721, 4.889907795112591, 4.8281753915277745, 4.815794556424447, 4.904019587204956, 4.875818223929059, 4.975058361220107, 4.981087733994937, 5.0, 5.0, 4.876648254457172, 4.841221392896423, 4.894332346318498, 4.916448209901812, 4.92773957280511, 4.956204421431116, 4.841580314510174, 4.887521034650312, 4.75738145177455, 4.778346741688822, 4.77899352088951, 4.809633916570091, 4.943150685177524, 4.892434068677321, 5.0, 5.0, 5.0, 5.0, 4.9674563384572945, 4.950721240247624, 4.993763456713091, 4.979332169586055, 5.0, 5.0, 5.0, 5.0, 5.0, 5.0, 5.0, 5.0, 5.0, 5.0, 5.0, 5.0, 5.0, 5.0, 5.0, 5.0, 5.0, 5.0, 5.0, 5.0, 5.0, 5.0, 5.0, 4.040137614526176, 4.043546870949095, 3.95855223544565, 3.916107901096816, 4.038019676958882, 3.962611628957222, 3.980568428607006, 3.9319268693502307, 3.979663666275847, 3.930434359457081, 3.952159742934275, 3.920552160915846, 3.984603152360621, 3.9549954599749824, 4.017661178889495, 4.0007836956257945, 4.044179417698742, 4.019220784445486, 4.044070899345956, 4.028310791499658, 4.08674965738786, 4.068906695557312, 4.167721799138182, 4.163750004205412, 4.181588851104899, 4.187954991896506, 4.193873741482756, 4.2152108797592724, 4.228091911236844, 4.27126825511757, 4.2826099700245095, 4.3030216274671655, 4.348897465528597, 4.387016656066711, 4.339872313681097, 4.353297646465072, 4.310059956369433, 4.323378918032138, 4.338376223107112, 4.347894590601041, 4.220504408370115, 4.211344593928525, 4.1456362003461615, 4.159813927819477, 4.15407388999441, 4.171354753688797, 4.232219990988, 4.2300040041522955, 4.262265789730986, 4.271364052971662, 4.241786331732432, 4.252485103096432, 4.164540754368023, 4.1634927770506955, 4.209846887786825, 4.208240200228103, 4.270552306019751, 4.307151343813262, 4.307513849949821, 4.317842500682103, 5.0, 5.0, 5.0, 5.0, 5.0, 5.0, 5.0, 5.0, 5.0, 5.0, 5.0, 5.0, 5.0, 5.0, 5.0, 5.0, 5.0, 5.0, 5.0, 5.0, 5.0, 5.0, 4.926777865380932, 4.906880431302603, 4.868022588428384, 4.86891780048791, 4.8724915725313, 4.91532592168151, 4.737928965425181, 4.738071622360551, 4.671305856129256, 4.656859835013462, 4.604153835381365, 4.615152145016266, 4.712367053008005, 4.740368381368135, 4.725283794579218, 4.7526569611872596, 4.721799136112808, 4.73913643079291, 4.646284209445021, 4.674674968839953, 4.670571703497141, 4.662772660504738, 4.621120114431307, 4.596688555537596, 4.581476600533616, 4.576005701042184, 4.570034264774288, 4.578981170419037, 4.583514911803966, 4.615888317993155, 4.624830438214603, 4.5702037611375, 4.571046993503685, 4.536916250778457, 4.5349165373843086, 4.533941437660882, 4.540136146763832, 4.560512623715738, 4.553775059787914, 4.615498772713128, 4.603592012490122, 4.690851166600329, 4.729043599462571, 4.840283774556467, 4.839880683445075, 5.0, 5.0, 4.991942710684203, 5.0, 4.954673956472393, 4.945145555764075, 5.0, 5.0, 5.0, 5.0, 5.0, 5.0, 5.0, 5.0, 5.0, 5.0, 4.9578316045940864, 4.961261397305829, 4.9364706480412135, 4.951515677231262, 4.833414227707327, 4.815208690277995, 4.80627723537251, 4.794312942647512, 4.818810988844996, 4.819655315214478, 4.708371164066176, 4.729309766308271, 4.614905751345095, 4.604107180146544, 4.59273902057393, 4.609682720755745, 4.544511019563311, 4.540790149778652, 4.543530382653037, 4.539320991504666, 4.629408434643343, 4.630213740580337, 4.605795327872486, 4.599133700222372, 4.592748498936292, 4.588041938910954, 4.584805577245434, 4.577654786640418, 4.5616857469289585, 4.55549950135707, 4.532713740271882, 4.530191506419803, 4.522727706875214, 4.527555181957081, 4.543414479121323, 4.549152298404738, 4.563009291951893, 4.569982682941316, 4.576752997869084, 4.589585263640019, 4.523002723924127, 4.525914075988158, 4.559377038158917, 4.5618100593756274, 4.59189816230258, 4.588322356571106, 4.584738110005357, 4.568291728782992, 4.573079324694305, 4.57819330754438, 4.578800406458786, 4.582407004916355, 4.602691582173267, 4.602022270858475, 4.612772854089833, 4.617379015615272, 4.664814206576651, 4.65835672202202, 4.682896924408379, 4.676559500034196, 4.6846695760391786, 4.682084118485989, 4.632211677956225, 4.642169009489656, 4.597605068288909, 4.618592378808977, 4.619040835112057, 4.647444028049726, 4.687521934717752, 4.696674834829579, 4.698930066874278, 4.710051940757382, 4.701851238724158, 4.667298638978746, 4.593478194931561, 4.583464668192801, 4.571085238296006, 4.542934166880279, 4.547157261708992, 4.534733109429946, 4.54379897890024, 4.503120821973981, 4.502482240247967, 4.5535097556044475, 4.546965158493842, 4.602259316716791, 4.649126261377744, 4.668200767447434, 4.684622602299747, 4.688979544559609, 4.706522587195993, 4.7544568395724465, 4.821987399087954, 4.899610310268794, 4.922021586088027, 5.0], "O35": 4.592482055318934, "O46": 4.5311281191392005,