{"O23": 5.0, "O34": [4.941350512793171, 4.933005977640511, 4.920331690402154, 4.929377831021359, 4.899855958778306, 4.882544083070107, 4.869791278106647, 4.85772205048254, 4.853437282849102, 4.842403588698938, 4.8298143261680515, 4.813280707882742, 4.817033110575278, 4.829138722061681, 4.838714436740563, 4.847657777927184, 4.860021259797293, 4.87121694778836, 4.87414639481047, 4.873990701564519, 4.874179811906205, 4.872158394260922, 4.859631842730722, 4.85460485905148, 4.85351026440864, 4.860565874698323, 4.87432946949388, 4.885968821024496, 4.90276303665548, 4.926913556287845, 4.947922532752056, 4.928712897516994, 4.92386815765958, 4.90746944069579, 4.881720984188332, 4.854785535638981, 4.834654817397107, 4.835837538185024, 4.8432181892296144, 4.84552949843128, 4.851468939601131, 4.8614711014212135, 4.844325971959698, 4.877747725793286, 4.903676603037578, 4.924791064421103, 4.9453535741088785, 4.965767970177613, 4.9915689745302565, 4.994326520733195, 5.0, 5.0, 4.982334934290044, 4.987782660323648, 4.998128771868228, 4.999341531135055, 5.0, 5.0, 4.9901789863837624, 4.976447469853875, 4.958847209056518, 4.962830830539543, 4.942552377113728, 4.905395066238045, 4.867538566260527, 4.8275393859639, 4.786159849858886, 4.755860258972732, 4.733915623289743, 4.7015141064732315, 4.687748348404511, 4.711801189505647, 4.715337691465063, 4.706995180404288, 4.690534181519986, 4.66564318212575, 4.65949259162256, 4.653642586485396, 4.6505300690959945, 4.654479713392164, 4.655877877820569, 4.659003962972419, 4.662184434064577, 4.6739380701217055, 4.673479978783775, 4.678216933323165, 4.684308539849362, 4.6934248194702315, 4.7028891226800935, 4.7120916405432896, 4.706411356476856, 4.705129388225843, 4.708886696645929, 4.7152670222744915, 4.729366877529232, 4.747983924706295, 4.7670028738302905, 4.792692974869573, 4.81253172712763, 4.8236005700787885, 4.832180403101689, 4.836526068655379, 4.826428583838518, 4.823668241579584, 4.837921895162362, 4.847978744957162, 4.852528100170304, 4.861117386297458, 4.866134234270127, 4.876096998717853, 4.891652634196774, 4.895232156618432, 4.892098573735403, 4.889270295749745, 4.893749364756081, 4.896552228471733, 4.9132085247464214, 4.911547315239343, 4.8993364333821114, 4.879272193450284, 4.8605673475231015, 4.852931159771391, 4.847592521390427, 4.841321945003877, 4.834562035732539, 4.826159737587941, 4.817692709220095, 4.8096822214025465, 4.800388376740339, 4.788718908933348, 4.777835774665723, 4.772239141975586, 4.765422348374562, 4.758481193559211, 4.750451798889676, 4.74018393251416, 4.748047934694339, 4.754364257351122, 4.761176243422213, 4.772030873880527, 4.781891114441018, 4.787411217179322, 4.79323078449866, 4.791275116297154, 4.790037028273256, 4.794972769683203, 4.795574186300182, 4.800361549541087, 4.824026655449639, 4.8265435016363085, 4.834666926397477, 4.840615892763405, 4.840344854013398, 4.841151593049268, 4.822390704393552, 4.81992351860039, 4.8084708947138735, 4.792431183451042, 4.7969123411719226, 4.792313973681449, 4.805769396031561, 4.823354139701844, 4.806458871553192, 4.794304035333577, 4.778200950701823, 4.7564368550821845, 4.740725826835854, 4.713516221850927, 4.708587811728193, 4.708672654259595, 4.706260417403209, 4.7061286518070125, 4.70282857996864, 4.698257623458934, 4.706076095449936, 4.707244886626557, 4.711991096234457, 4.720240708775479, 4.70583333826238, 4.697444953460119], "O35": 4.7911018388234, "O46": 4.71818050538005, "O22": [3.91330629583375, 3.9056067584561283, 3.893912140776277, 3.902259052443201, 3.8750190978340715, 3.8590453579368265, 3.847278291624646, 3.8361419649736392, 3.8321883920130704, 3.822007556416093, 3.8103913913883334, 3.7951357528601073, 3.7985981104700275, 3.809768008662476, 3.818603560522304, 3.8268556187241627, 3.8382634549948387, 3.848593762984245, 3.851296775965778, 3.8511531171585807, 3.851327610059344, 3.849462439569807, 3.8379041382438515, 3.833265719443174, 3.83225573240235, 3.8387659734347723, 3.851465699739483, 3.862205377926671, 3.8777014707123043, 3.8999852558718753, 3.9193703260516313, 3.9016455155263046, 3.897175253859887, 3.882044089343493, 3.8582858811667298, 3.8334324304837857, 3.814857732827649, 3.815949034229976, 3.8227591917221972, 3.8248918463595016, 3.830372193491225, 3.8396012299062963, 3.823781347466109, 3.8546197390792516, 3.878544422222151, 3.8980268237767732, 3.9169999372003845, 3.9358363855701506, 3.9596430798627633, 3.9621874792417127, 3.9710440157685225, 3.970051117276501, 3.951122792432096, 3.9561494319574155, 3.9656958322173663, 3.966814850249428, 3.973895072593431, 3.969980068719945, 3.9583605320044843, 3.945690404449256, 3.9294505704278326, 3.9331262745797977, 3.9144152610534606, 3.8801300553822964, 3.845199705011624, 3.808292294576675, 3.770111224081979, 3.7421536652381886, 3.721905258396067, 3.6920082437324258, 3.6793065213665463, 3.701500178138086, 3.704763323241365, 3.6970656535017663, 3.681877021197634, 3.6589099922743786, 3.6532348167724025, 3.6478369926409395, 3.644965059868202, 3.648609413128187, 3.649899505275877, 3.652783957079597, 3.6557185910172, 3.666563720013506, 3.6661410372260015, 3.6705118449300707, 3.676132595670543, 3.684544224886744, 3.693276976919581, 3.7017681785215437, 3.69652695672969, 3.695344079279357, 3.6988109634245423, 3.7046981164845727, 3.717708111716999, 3.7348861387704337, 3.75243500242602, 3.7761393657689877, 3.794444665194514, 3.80465793273672, 3.8125745804402786, 3.816584344165777, 3.807267352824132, 3.8047203735126587, 3.817872279103622, 3.827151776340984, 3.831349485364535, 3.8392748554868037, 3.843903922028766, 3.853096606324097, 3.8674498560392028, 3.8707526963023664, 3.8678613263108264, 3.8652516624210485, 3.8693845180685233, 3.871970732105403, 3.887339566125931, 3.8858067611873914, 3.8745397295848583, 3.85602637174258, 3.8387673324163365, 3.8317213901390024, 3.826795406245612, 3.8210095192687823, 3.814772122798902, 3.807019287267779, 3.7992067248897747, 3.7918154143810607, 3.7832399451608656, 3.7724724785598975, 3.7624305651942933, 3.7572665288761296, 3.7509766449980706, 3.744572012509033, 3.737163256569159, 3.7276890534529428, 3.7349452010532906, 3.7407732983043998, 3.7470587462545453, 3.7570743590364524, 3.766172444113562, 3.7712658659260803, 3.7766356049561254, 3.7748311017525022, 3.7736887127706846, 3.7782429419490526, 3.7787978715691253, 3.783215191592261, 3.8050510834849534, 3.807373387955299, 3.8148689058527787, 3.820358041922638, 3.8201079533379194, 3.8208523348099885, 3.803541584624458, 3.801265102006259, 3.7906977181948354, 3.7758978097355778, 3.780032592648673, 3.7757896597924727, 3.788205034096857, 3.8044305504004305, 3.7888412160354115, 3.7776258979763875, 3.7627675146453914, 3.7426856928724788, 3.728189061602981, 3.7030826456338457, 3.698535181064756, 3.6986134656222296, 3.696387684617101, 3.6962661039520985, 3.693221113907292, 3.689003473277336, 3.6962176099822917, 3.6972960584741963, 3.701675405868569, 3.7092873577566534, 3.695993616913166, 3.688253619281028],