{"O23": 5.0, "O34": [2.338786242543246, 2.3407114922930017, 2.329013409207561, 2.309680986269604, 2.2954143858555165, 2.2744413421278304, 2.287808885137958, 2.3036773680996068, 2.318181916797681, 2.3423595715634806, 2.3606607438591696, 2.389727189558473, 2.403245127469443, 2.376045411098359, 2.378879785786046, 2.3749438143114214, 2.3762196976397214, 2.3821245774168314, 2.3722253477065345, 2.362568162462106, 2.350672315219323, 2.36082824035892, 2.3954776632271018, 2.454496084602159, 3.844389184786614, 3.8456641196366825, 3.8456641196366825, 3.8456641196366825, 3.8456641196366825, 3.8456641196366825, 3.8456641196366825, 3.8456641196366825, 3.8456641196366825, 3.8435963982933714, 3.8427594194146515, 3.839246156759803, 4.465372329860126, 4.464896144710259, 4.467634629229473, 4.47078534256937, 4.474006722442664, 4.4779101877237135, 4.477975074964741, 4.480088684705867, 4.4765749460314215, 4.4708262631597755, 4.471352652126607, 4.470406903186398, 4.487789553232927, 4.497406603367784, 4.498326511150396, 4.499518604109576, 4.499935817452609, 4.498771847050106, 4.49911794699435, 4.494737239705464, 4.491723544562042, 4.493873341146681, 4.4938386517567315, 4.492863617476297], "O35": 3.3950996943290783, "O46": 3.404462340984309, "O22": [1.516846189258609, 1.5186237557933508, 1.507823016296592, 1.4899735564774934, 1.4768013270231917, 1.4574370961400303, 1.469779233626112, 1.484430467458674, 1.4978223925169711, 1.5201454132085392, 1.5370427281794903, 1.563879527491131, 1.5763605232956033, 1.551247259116838, 1.5538642128873252, 1.55023016427837, 1.5514081763814276, 1.5568601010913503, 1.5477202274437984, 1.5388038313697407, 1.5278204979274912, 1.5371973762570608, 1.569188890369151, 1.6236800912031841, 2.902174413639749, 2.903350934964585, 2.903350934964585, 2.903350934964585, 2.903350934964585, 2.903350934964585, 2.903350934964585, 2.903350934964585, 2.903350934964585, 2.901442823146877, 2.9006704515239683, 2.897428381207234, 3.4752232345290133, 3.474783806597964, 3.47731090469589, 3.480218411250153, 3.4831911295158138, 3.486793282318886, 3.4868531608474047, 3.4888036188905605, 3.4855611092986676, 3.4802561731383266, 3.4807419296023547, 3.4798691839902656, 3.495910049498644, 3.504784749696119, 3.5056336488559996, 3.5067337229402447, 3.507118731158553, 3.5060446088220676, 3.5063639929575827, 3.5023214369454387, 3.499540372012907, 3.5015242236001076, 3.5014922119196523, 3.5005924415327065], "O21": [4.531000000000001, 4.531000000000001, 4.531000000000001, 4.531000000000001, 4.531000000000001, 4.531000000000001, 4.531000000000001, 4.531000000000001, 4.531000000000001, 4.531000000000001, 4.531000000000001, 4.531000000000001, 4.531000000000001, 4.531000000000001, 4.531000000000001, 4.531000000000001, 4.531000000000001, 4.531000000000001, 4.531000000000001, 4.531000000000001, 4.531000000000001, 4.531000000000001, 4.531000000000001, 4.531000000000001, 4.553999999999999, 4.553999999999999, 4.553999999999999, 4.553999999999999, 4.553999999999999, 4.553999999999999, 4.553999999999999, 4.553999999999999, 4.553999999999999, 4.553999999999999, 4.553999999999999, 4.553999999999999, 4.553999999999999, 4.553999999999999, 4.553999999999999, 4.553999999999999, 4.553999999999999, 4.553999999999999, 4.553999999999999, 4.553999999999999, 4.553999999999999, 4.553999999999999, 4.553999999999999, 4.553999999999999, 4.553999999999999, 4.553999999999999, 4.553999999999999, 4.553999999999999, 4.553999999999999, 4.553999999999999, 4.553999999999999, 4.553999999999999, 4.553999999999999, 4.553999999999999, 4.553999999999999, 4.553999999999999], "mode": "1"}