{"O23": 5.0, "O34": [2.2579938613786092, 2.255775766596238, 2.256678656371068, 2.2540193765119168, 2.265967814071587, 2.2635569970028575, 2.2764693005107004, 2.2786336969509335, 2.2962104903924487, 2.328812823345918, 2.3360026887079575, 2.346957993382291, 2.3571605258517603, 2.353667797740188, 2.351188350333014, 2.3591823582548757, 2.3616107523144225, 2.3782341126017976, 2.3840438637783383, 2.393342663763225, 2.3961529906683543, 2.4268473533945087, 2.439503038577156, 2.46196901489896, 4.529807922516062, 4.5343778996446815, 4.552165435864293, 4.551985899535308, 4.560537979283978, 4.558867669294355, 4.558867669294355, 4.558867669294355, 4.558867669294355, 4.574425085274653, 4.577954865938777, 4.590411914384358, 4.595358950068556, 4.638636129362766, 4.6420095480386525, 4.665948125232637, 2.376882914703067, 2.3702156558948024, 2.3596822980811663, 2.363387126392014, 2.3570993918329823, 2.354984822095422, 2.344272678892803, 2.3463837647816757, 2.3586684724947213, 2.358827818559476, 2.371125704904257, 2.3731254261832198, 2.3589212228269405, 2.361849916750329, 2.368229909920072, 2.3734268356736434, 2.384079541085011, 2.386360694654279, 2.3771464853606514, 2.383810843757532], "O35": 2.5367218800867333, "O46": 2.56953014469005, "O22": [1.4422512786302033, 1.440203330795628, 1.4410369611589104, 1.4385816709376076, 1.449613560567106, 1.4473876739031541, 1.4593094926723225, 1.4613078612894652, 1.477536363494791, 1.5076378170957898, 1.5142761579440276, 1.5243910965225005, 1.533811006998868, 1.5305862011746516, 1.5282969487095082, 1.5356777474667431, 1.5379198628151365, 1.553268068389789, 1.5586321616810137, 1.567217663727433, 1.5698124143871213, 1.5981522554878256, 1.609837140764533, 1.630579783471026, 3.534684977875387, 3.5389021937947276, 3.5553166918983217, 3.555151014162223, 3.5630429501270005, 3.5615015730740702, 3.5615015730740702, 3.5615015730740702, 3.5615015730740702, 3.575858096200858, 3.579115409484836, 3.59061088561834, 3.595176054557653, 3.635112624113054, 3.638225645150612, 3.6603163790837456, 1.552020518991638, 1.5458646962795255, 1.5361393376083399, 1.5395599737222594, 1.5337545624851483, 1.5318021984340209, 1.5219117687509334, 1.5238609161945327, 1.5352032811643601, 1.5353504040154013, 1.5467049367025598, 1.5485512621596844, 1.5354366433721751, 1.5381406812817386, 1.5440312741005966, 1.5488295509497478, 1.5586651022314018, 1.560771271701546, 1.552263871512796, 1.5584170163000248], "O21": [4.531000000000001, 4.531000000000001, 4.531000000000001, 4.531000000000001, 4.531000000000001, 4.531000000000001, 4.531000000000001, 4.531000000000001, 4.531000000000001, 4.531000000000001, 4.531000000000001, 4.531000000000001, 4.531000000000001, 4.531000000000001, 4.531000000000001, 4.531000000000001, 4.531000000000001, 4.531000000000001, 4.531000000000001, 4.531000000000001, 4.531000000000001, 4.531000000000001, 4.531000000000001, 4.531000000000001, 4.553999999999999, 4.553999999999999, 4.553999999999999, 4.553999999999999, 4.553999999999999, 4.553999999999999, 4.553999999999999, 4.553999999999999, 4.553999999999999, 4.553999999999999, 4.553999999999999, 4.553999999999999, 4.553999999999999, 4.553999999999999, 4.553999999999999, 4.553999999999999, 4.531000000000001, 4.531000000000001, 4.531000000000001, 4.531000000000001, 4.531000000000001, 4.531000000000001, 4.531000000000001, 4.531000000000001, 4.531000000000001, 4.531000000000001, 4.531000000000001, 4.531000000000001, 4.531000000000001, 4.531000000000001, 4.531000000000001, 4.531000000000001, 4.531000000000001, 4.531000000000001, 4.531000000000001, 4.531000000000001, 4.531000000000001], "mode": "1"}