{"O23": 3.914316407468664, "O34": [4.853913243129846, 4.853913243129846, 4.853913243129846, 4.853913243129846, 4.853913243129846, 4.853913243129846, 4.853913243129846, 4.853913243129846, 4.853913243129846, 4.71918163087161, 3.39985819539881, 3.39985819539881, 3.39985819539881, 3.39985819539881, 3.39985819539881, 3.39985819539881, 3.39985819539881, 3.39985819539881, 3.39985819539881, 3.4155806964157573, 5.0, 5.0, 5.0, 5.0, 5.0, 5.0, 5.0, 5.0, 5.0, 5.0, 3.6051795860399727, 3.6051795860399727, 3.6051795860399727, 3.6051795860399727, 3.6051795860399727, 3.6051795860399727, 3.6051795860399727, 3.6051795860399727, 3.6051795860399727, 3.579517108028628, 4.976898934734211, 4.976898934734211, 4.976898934734211, 4.976898934734211, 4.976898934734211, 4.976898934734211, 4.976898934734211, 4.976898934734211, 4.976898934734211, 4.950011817554036, 3.426283987931273, 3.426283987931273, 3.426283987931273, 3.426283987931273, 3.426283987931273, 3.426283987931273, 3.426283987931273, 3.426283987931273, 3.426283987931273, 3.426283987931273], "O35": 3.7471361475667826, "O46": 3.0720297823882743, "O22": [3.8337722772572076, 3.8337722772572076, 3.8337722772572076, 3.8337722772572076, 3.8337722772572076, 3.8337722772572076, 3.8337722772572076, 3.8337722772572076, 3.8337722772572076, 3.7094407359688333, 2.496524796976306, 2.496524796976306, 2.496524796976306, 2.496524796976306, 2.496524796976306, 2.496524796976306, 2.496524796976306, 2.496524796976306, 2.496524796976306, 2.511041246934926, 4.130849006872431, 4.130849006872431, 4.130849006872431, 4.130849006872431, 4.130849006872431, 4.130849006872431, 4.130849006872431, 4.130849006872431, 4.130849006872431, 4.1136836098972385, 2.686096270971695, 2.686096270971695, 2.686096270971695, 2.686096270971695, 2.686096270971695, 2.686096270971695, 2.686096270971695, 2.686096270971695, 2.686096270971695, 2.6621998662006896, 3.947264577522119, 3.947264577522119, 3.947264577522119, 3.947264577522119, 3.947264577522119, 3.947264577522119, 3.947264577522119, 3.947264577522119, 3.947264577522119, 3.922452904420449, 2.520923503931445, 2.520923503931445, 2.520923503931445, 2.520923503931445, 2.520923503931445, 2.520923503931445, 2.520923503931445, 2.520923503931445, 2.520923503931445, 2.520923503931445], "O21": [4.553999999999999, 4.553999999999999, 4.553999999999999, 4.553999999999999, 4.553999999999999, 4.553999999999999, 4.553999999999999, 4.553999999999999, 4.553999999999999, 4.553999999999999, 4.531000000000001, 4.531000000000001, 4.531000000000001, 4.531000000000001, 4.531000000000001, 4.531000000000001, 4.531000000000001, 4.531000000000001, 4.531000000000001, 4.531000000000001, 4.553999999999999, 4.553999999999999, 4.553999999999999, 4.553999999999999, 4.553999999999999, 4.553999999999999, 4.553999999999999, 4.553999999999999, 4.553999999999999, 4.553999999999999, 4.531000000000001, 4.531000000000001, 4.531000000000001, 4.531000000000001, 4.531000000000001, 4.531000000000001, 4.531000000000001, 4.531000000000001, 4.531000000000001, 4.532, 4.553999999999999, 4.553999999999999, 4.553999999999999, 4.553999999999999, 4.553999999999999, 4.553999999999999, 4.553999999999999, 4.553999999999999, 4.553999999999999, 4.553999999999999, 4.531000000000001, 4.531000000000001, 4.531000000000001, 4.531000000000001, 4.531000000000001, 4.531000000000001, 4.531000000000001, 4.531000000000001, 4.531000000000001, 4.531000000000001], "mode": "1"}