{"O23": 5.0, "O34": [1.8261871715366957, 1.8325769254385507, 1.8323797135628797, 1.8279848391940532, 1.8412551414504676, 1.8412551414504676, 1.8412551414504676, 1.8412551414504676, 1.8412551414504676, 1.8301244948064352, 1.8219813933955948, 1.8281046792389122, 1.8361797734066727, 1.8337187555371073, 1.8318159510249887, 3.0142512367818775, 2.997619691352833, 3.003015742718712, 3.0008829143032782, 2.9739996723680835, 2.9739996723680835, 2.9739996723680835, 2.9739996723680835, 2.9739996723680835, 2.974597084099382, 2.9858959343584734, 3.007103126339467, 3.036876877836869, 3.057863869817967, 3.097914474923554, 4.536160884415227, 4.53237640602861, 4.490561924301097, 4.413287233645344, 4.40313198090899, 4.360875661687506, 4.379267675650285, 4.399798869978594, 4.3633258882099115, 4.362225956247438, 4.359115331752679, 4.360090458425213, 4.308389751240432, 4.275014295205225, 4.217569837865498, 4.203858695454012, 4.19095262892138, 4.137815384814894, 4.097308094264513, 4.093364053547206, 4.10815166434179, 4.078132556854603, 4.074454284353807, 4.098173480773958, 4.072350311570116, 4.065194374230608, 4.005642664283167, 4.010410742424594, 4.005291285127648, 3.9681968575033784, 3.9326502886538726, 3.9367105215649056, 3.9327874793194018, 3.9334765389922253, 3.9176109503941223, 3.8982296986437217, 3.8847552652181765, 3.8882094767441577, 3.895702956192509, 3.8818299828413325, 3.860051990728923, 3.8652568965831, 3.8724424518034994, 3.8609101506426278, 3.8511169904925953, 3.8655664855012426, 3.8826435823279515, 3.8580957454710294, 3.8631475250482454, 3.8608697875403593, 3.86508624479418, 3.856211119589114, 3.8604031655572797, 3.8645389891127664, 3.8667527101132166, 3.8710354030266427, 3.876466302701593, 3.8853505302392457, 3.888324288626413, 3.8838252173439978, 3.2948401095597917, 3.2270373727312607, 3.2172940882560144, 3.166769263415611, 3.151182477472636, 3.1405616151741937, 3.115278675305625, 3.166775237236104, 3.162961550495723, 3.0921167613467593, 3.054145058655445, 2.9935434446689757, 2.966423850506, 2.9981901652740195, 2.985922829486961, 2.949924415771767, 2.9411483306562185, 2.941116150918611, 2.943533413358907, 2.9500265766524136, 2.9598442152524784, 2.9678922560026657, 2.9576695610437547, 2.9686770522995105, 2.9695089548557707, 2.9706072788402613, 2.9818747394927083, 2.9379710323680275, 2.921775562591, 2.9645271550556904, 1.813757807694, 1.8110639355240001, 1.8110639355240001, 1.8110639355240001, 1.8110639355240001, 1.8110639355240001, 1.8110639355240001, 1.8110639355240001, 1.8110639355240001, 1.8110639355240001, 1.8110639355240001, 1.8110639355240001, 1.8110639355240001, 1.8118541049318173, 1.816939560091417, 1.814132686437758, 1.8142591312433933, 1.8110639355240001, 1.8110639355240001, 1.8110639355240001, 1.8110639355240001, 1.8110639355240001, 1.8110639355240001, 1.8110639355240001, 1.8110639355240001, 1.8110639355240001, 1.8110639355240001, 1.8110639355240001, 1.8110639355240001, 1.8110639355240001, 2.9572742362791993, 2.97761957128811, 3.0036115480223224, 2.990394246969502, 2.995833384242141, 2.9778320089576336, 2.943108040770699, 2.9201359772659123, 2.8835932328362435, 2.8816041181150926, 2.9171736818620255, 2.903153493043679, 2.861287102720409, 2.8315067647512007, 2.824142125951006, 2.8110878720492734, 2.8141409621696707, 2.7897157300496764, 2.8036371475869415, 2.8039622355197946, 2.7951262055671364, 2.787116610205434, 2.781253276710793, 2.7823600913934015, 2.7783686001030046, 2.778474453622391, 2.7829027636158625, 2.7892243852748817, 2.8012856055740616, 2.8021733690809714, 3.900669480456327, 3.897473178752512, 3.891277013393339, 3.8827631667936973, 3.8766742458551757, 3.8686555146244466, 3.865320434509832, 3.8723583871685108, 3.877483196240414, 3.8789006556442187, 3.8918022252353723, 3.891183078572245, 3.888997367239484, 3.8848881162607527, 3.89195191224177, 3.9120094145560276, 3.9130299579835253, 3.942046007561834, 3.945123795759505, 3.9375499358670685, 4.047341423183878, 4.078224517117473, 4.083490383138641, 4.211817639178675, 4.281192434838541, 4.314386808125055, 4.291263699928754, 4.208147011744028, 4.1330001361118915, 4.113094631725407, 4.088032219011467, 4.054049844629512, 4.019163528737562, 3.9861412786409187, 4.0150851114651065, 4.020051977552397, 4.047899273158341, 4.051696434516124, 4.062875879280963, 4.093038097746253, 4.0178403885189695, 4.012136842549661, 4.031098637114773, 3.959281576954132, 3.928891948785828, 3.924985504856079, 3.9322399441411426, 3.9621215217895074, 4.007848368277742, 4.042366995873812, 4.0751932749032935, 4.122811120111212, 4.184554171959585, 4.26059405202733, 4.170911072425611, 4.146899776601432, 4.123458716391696, 4.094816712987551, 4.067202858454761], "O35": 3.1450978722444836, "O46": 3.036545009783363,