{"O23": 5.0, "O34": [4.602327959941493, 4.602327959941493, 4.602327959941493, 4.602327959941493, 4.602327959941493, 4.602327959941493, 4.602327959941493, 4.602327959941493, 4.602327959941493, 4.649071437051345, 3.475875461004588, 3.475875461004588, 3.475875461004588, 3.475875461004588, 3.475875461004588, 3.475875461004588, 3.475875461004588, 3.475875461004588, 3.475875461004588, 3.4952067061724623, 4.7506008130313395, 4.7506008130313395, 4.7506008130313395, 4.7506008130313395, 4.7506008130313395, 4.7506008130313395, 4.7506008130313395, 4.7506008130313395, 4.7506008130313395, 4.787574584176171, 3.062729847032238, 3.062729847032238, 3.062729847032238, 3.062729847032238, 3.062729847032238, 3.062729847032238, 3.062729847032238, 3.062729847032238, 3.062729847032238, 3.0952559727787987, 4.720592581283647, 4.720592581283647, 4.720592581283647, 4.720592581283647, 4.720592581283647, 4.720592581283647, 4.720592581283647, 4.720592581283647, 4.720592581283647, 4.728463764718245, 3.5746465836608876, 3.5746465836608876, 3.5746465836608876, 3.5746465836608876, 3.5746465836608876, 3.5746465836608876, 3.5746465836608876, 3.5746465836608876, 3.5746465836608876, 3.5746465836608876], "O35": 3.721986668673208, "O46": 3.7606394682549062, "O22": [3.601607119429759, 3.601607119429759, 3.601607119429759, 3.601607119429759, 3.601607119429759, 3.601607119429759, 3.601607119429759, 3.601607119429759, 3.601607119429759, 3.6447424197266676, 2.566710884480319, 2.566710884480319, 2.566710884480319, 2.566710884480319, 2.566710884480319, 2.566710884480319, 2.566710884480319, 2.566710884480319, 2.566710884480319, 2.58455925687443, 3.738434639318346, 3.738434639318346, 3.738434639318346, 3.738434639318346, 3.738434639318346, 3.738434639318346, 3.738434639318346, 3.738434639318346, 3.738434639318346, 3.772554367247301, 2.185257092593879, 2.185257092593879, 2.185257092593879, 2.185257092593879, 2.185257092593879, 2.185257092593879, 2.185257092593879, 2.185257092593879, 2.185257092593879, 2.2150958875783107, 3.7107427736752765, 3.7107427736752765, 3.7107427736752765, 3.7107427736752765, 3.7107427736752765, 3.7107427736752765, 3.7107427736752765, 3.7107427736752765, 3.7107427736752765, 3.7180063724089667, 2.6579054124915684, 2.6579054124915684, 2.6579054124915684, 2.6579054124915684, 2.6579054124915684, 2.6579054124915684, 2.6579054124915684, 2.6579054124915684, 2.6579054124915684, 2.6579054124915684], "O21": [4.553999999999999, 4.553999999999999, 4.553999999999999, 4.553999999999999, 4.553999999999999, 4.553999999999999, 4.553999999999999, 4.553999999999999, 4.553999999999999, 4.553999999999999, 4.531000000000001, 4.531000000000001, 4.531000000000001, 4.531000000000001, 4.531000000000001, 4.531000000000001, 4.531000000000001, 4.531000000000001, 4.531000000000001, 4.531000000000001, 4.553999999999999, 4.553999999999999, 4.553999999999999, 4.553999999999999, 4.553999999999999, 4.553999999999999, 4.553999999999999, 4.553999999999999, 4.553999999999999, 4.553999999999999, 4.531000000000001, 4.531000000000001, 4.531000000000001, 4.531000000000001, 4.531000000000001, 4.531000000000001, 4.531000000000001, 4.531000000000001, 4.531000000000001, 4.532, 4.553999999999999, 4.553999999999999, 4.553999999999999, 4.553999999999999, 4.553999999999999, 4.553999999999999, 4.553999999999999, 4.553999999999999, 4.553999999999999, 4.553999999999999, 4.531000000000001, 4.531000000000001, 4.531000000000001, 4.531000000000001, 4.531000000000001, 4.531000000000001, 4.531000000000001, 4.531000000000001, 4.531000000000001, 4.531000000000001], "mode": "1"}