{"O23": 3.9275251454188056, "O34": [5.0, 5.0, 5.0, 5.0, 5.0, 5.0, 5.0, 5.0, 5.0, 4.979526173417035, 4.985293280513647, 4.980613415879366, 4.980007363508228, 4.921529066745395, 4.861749656811007, 4.900348455472949, 4.918439951487219, 4.891465523738341, 4.836168988363117, 4.741900170612883, 4.675896872088436, 4.688075765569086, 4.667588978748425, 4.660812778426864, 4.670143194734608, 4.6726364324640075, 4.671240935265008, 4.658159339347555, 4.673124025856096, 4.700111647733374, 4.714212012353405, 4.724829726304793, 4.7429223177638695, 4.7595204592743405, 4.751984710947142, 4.773110179512509, 4.812501184805447, 4.823588436606577, 4.868335712162596, 4.991476251444598, 5.0, 4.9766037025394505, 4.971712747547371, 4.950194216861813, 4.940483474318124, 4.972301672461805, 4.931638286069122, 4.926106273505288, 4.9308444649717575, 4.916017432638267, 4.852259112227628, 4.831362644744791, 4.806783110408426, 4.804503029823159, 4.825654092367527, 4.7834026931362255, 4.749853758566706, 4.729543056219886, 4.710332238041134, 4.590054523223234], "O35": 4.811342221187026, "O46": 3.770006264147759, "O22": [4.063213694144513, 4.128848864553139, 4.129662443650776, 4.128438093636503, 4.079867518970268, 4.030841971756638, 4.006617032012959, 4.002622050467397, 3.982561781757739, 3.9496890169635606, 3.9550109551640973, 3.950692334068062, 3.950133063499395, 3.8961687662822997, 3.8410037901502965, 3.876623108060043, 3.8933181029908197, 3.868425858912557, 3.817397719666874, 3.730405608388231, 3.6694971719929748, 3.68073596422782, 3.661830573438188, 3.655577434950959, 3.66418762687964, 3.6664884090383243, 3.6652006316955967, 3.653128817548437, 3.6669383645977085, 3.691842784336104, 3.7048547273875703, 3.7146528491379804, 3.731348854955059, 3.7466657689437666, 3.7397117127384116, 3.7592064847755546, 3.795556858076087, 3.805788273569317, 3.8470814611522886, 3.960716656244203, 3.976578812242077, 3.9469921346024703, 3.9424787174292852, 3.9226212241390788, 3.913660063745649, 3.943022182627151, 3.9054976446255063, 3.90039265377028, 3.9047650993906635, 3.8910825808498615, 3.832245830411375, 3.8129623826289514, 3.7902801676909044, 3.7881760888583544, 3.80769447924908, 3.7687045087442392, 3.7377452507520155, 3.719002352295568, 3.7012744368231614, 3.590281081846525], "O21": [4.553999999999999, 4.553999999999999, 4.553999999999999, 4.553999999999999, 4.553999999999999, 4.553999999999999, 4.553999999999999, 4.553999999999999, 4.553999999999999, 4.553999999999999, 4.553999999999999, 4.553999999999999, 4.553999999999999, 4.553999999999999, 4.553999999999999, 4.553999999999999, 4.553999999999999, 4.553999999999999, 4.553999999999999, 4.553999999999999, 4.553999999999999, 4.553999999999999, 4.553999999999999, 4.553999999999999, 4.553999999999999, 4.553999999999999, 4.553999999999999, 4.553999999999999, 4.553999999999999, 4.553999999999999, 4.553999999999999, 4.553999999999999, 4.553999999999999, 4.553999999999999, 4.553999999999999, 4.553999999999999, 4.553999999999999, 4.553999999999999, 4.553999999999999, 4.553999999999999, 4.553999999999999, 4.553999999999999, 4.553999999999999, 4.553999999999999, 4.553999999999999, 4.553999999999999, 4.553999999999999, 4.553999999999999, 4.553999999999999, 4.553999999999999, 4.553999999999999, 4.553999999999999, 4.553999999999999, 4.553999999999999, 4.553999999999999, 4.553999999999999, 4.553999999999999, 4.553999999999999, 4.553999999999999, 4.553999999999999, 4.553999999999999], "mode": "1"}