{"O23": 3.3314234215633047, "O34": [3.7756064883841063, 3.7749285063875635, 3.782824646145747, 3.782356567529545, 3.7892469228761496, 3.788805971409262, 3.7858692596358012, 3.786281514678506, 3.7935361304329183, 3.7777437354621073, 3.769810796452152, 3.767917476325417, 3.76185011411825, 3.7638875902083315, 3.790035788126972, 3.7895155152512383, 3.8066560611792726, 3.814455502014994, 3.811433567049037, 3.8239694699999403, 3.828079213527151, 3.823196912400923, 3.8156271672141844, 3.8113080771980057, 3.815476521982713, 3.8204381739692073, 3.818044769888199, 3.812674831012803, 3.811387265256176, 3.823827140180213, 3.818224186779793, 3.831936531207661, 3.837984740473619, 3.818651671831914, 3.819548499743184, 3.8089796520299553, 3.805582567319108, 3.806001909175521, 3.807495663893604, 3.8032922599248797, 3.80400953529409, 3.811086857033569, 3.813459714127669, 3.8065290866124823, 3.8084408511235663, 3.8113805083188814, 3.812597929174555, 3.8123944629928954, 4.578529251168317, 4.578529896734698, 4.578529896734698, 4.578529896734698, 4.578529896734698, 4.578529896734698, 4.578529896734698, 4.578529896734698, 4.578529896734698, 4.578529896734698, 4.5795822146651926, 4.579723418841759], "O35": 4.010747726386171, "O46": 2.848465651121597, "O22": [2.838701123931741, 2.8380754760590325, 2.845362104712163, 2.844930157563153, 2.8512886393322714, 2.850881725360171, 2.8481717013725243, 2.8485521340267788, 2.8552467585702175, 2.8406733947215583, 2.833352807388543, 2.8316056345791054, 2.8260066182671353, 2.8278868194936484, 2.852016611267437, 2.8515364987871785, 2.8673539484416217, 2.874551342461031, 2.871762673746294, 2.8833309175251918, 2.887123425745598, 2.882617994437507, 2.8756325656249757, 2.871646870585229, 2.8754935488530196, 2.8800722058473043, 2.8778635510755692, 2.872908123274983, 2.8717199460361864, 2.8831995742898413, 2.8780291185937723, 2.8906829931286233, 2.896264334934508, 2.8784236056374373, 2.8792512064848528, 2.869498178937693, 2.866363318670622, 2.866750291100185, 2.868128741363588, 2.8642498024469547, 2.864911710596701, 2.871442726631576, 2.8736324204593395, 2.867236775171527, 2.8690009686244187, 2.8717137106737933, 2.872837157568293, 2.872442267207379, 3.5785296049613184, 3.578530200628109, 3.578530200628109, 3.578530200628109, 3.578530200628109, 3.578530200628109, 3.578530200628109, 3.578530200628109, 3.578530200628109, 3.578530200628109, 3.579501178770182, 3.5796314684526456], "O21": [4.553999999999999, 4.553999999999999, 4.553999999999999, 4.553999999999999, 4.553999999999999, 4.553999999999999, 4.553999999999999, 4.553999999999999, 4.553999999999999, 4.553999999999999, 4.553999999999999, 4.553999999999999, 4.553999999999999, 4.553999999999999, 4.553999999999999, 4.553999999999999, 4.553999999999999, 4.553999999999999, 4.553999999999999, 4.553999999999999, 4.553999999999999, 4.553999999999999, 4.553999999999999, 4.553999999999999, 4.553999999999999, 4.553999999999999, 4.553999999999999, 4.553999999999999, 4.553999999999999, 4.553999999999999, 4.553999999999999, 4.553999999999999, 4.553999999999999, 4.553999999999999, 4.553999999999999, 4.553999999999999, 4.553999999999999, 4.553999999999999, 4.553999999999999, 4.553999999999999, 4.553999999999999, 4.553999999999999, 4.553999999999999, 4.553999999999999, 4.553999999999999, 4.553999999999999, 4.553999999999999, 4.555, 4.559, 4.559, 4.559, 4.559, 4.559, 4.559, 4.559, 4.559, 4.559, 4.559, 4.559, 4.559], "mode": "1"}