{"O23": 5.0, "O34": [4.3787890309947874, 4.3888292791857415, 4.331829861835534, 4.297621744860046, 4.287866460100614, 4.2884524308269105, 4.311797672883366, 4.335831223556949, 4.353487442936489, 4.352077668123744, 4.337854384020061, 4.369636691084187, 4.375636410857114, 4.361962491364742, 4.38709601518787, 4.448455363002844, 4.443864844492334, 4.421731147519102, 4.4283950142951145, 4.422928093676956, 4.412499517004842, 4.406063261495495, 4.448766882791652, 4.4805324905783, 4.498895230623744, 4.51874391439613, 4.506000838001982, 4.486892007183996, 4.469292143682469, 4.439222915794564, 2.351398162216946, 2.3529663304736226, 2.3703556826135954, 2.383016100004322, 2.3847524968484706, 2.6070366865472017, 2.6237265230429037, 2.6198769883650845, 2.6375409357614403, 2.6397635725415585, 2.70373832196869, 2.6975235131103164, 2.688904510022849, 2.699583714671298, 2.7024188039267676, 2.7479471091992327, 2.7530250307997752, 2.756020530512161, 2.7550973325125465, 2.753247745472942, 4.48169680774005, 4.509162201825102, 4.519936719481662, 4.522333459593648, 4.512648987006366, 4.492194868068767, 4.480718561097634, 4.491434690448143, 4.494558430184474, 4.501694397279339, 4.5075471156455515, 4.523925847347165, 4.470978557077319, 4.356277941784356, 4.342973089465662, 4.221232136256179, 4.242368526023732, 4.243753403294581, 4.217076822282194, 4.213158375820573, 4.220800778280961, 4.196716210221559, 4.179204691159665, 4.165409930090376, 4.160520620356947, 4.112892058113973, 4.111090176285464, 4.087936659111661, 4.070252238094438, 4.045963267651459, 2.337225050128679, 2.3464927823268855, 2.3601839786692773, 2.339571046244443, 2.330154227457097, 2.4063349410889945, 2.4254221235833175, 2.4305656254489536, 2.4427522810588447, 2.446391173741695, 2.5457195048995476, 2.5639668208937567, 2.560739419042724, 2.5689057143903518, 2.5836716446666608, 2.5875426566981985, 2.614269090812587, 2.6306851370822777, 2.635435410291827, 2.636764000913978, 4.286379560588809, 4.279155718602731, 4.254701293994155, 4.232187904806259, 4.245296085523991, 4.4123651787648015, 4.424941775483046, 4.443129634500832, 4.469271910679285, 4.449842267628236, 4.560666208195796, 4.540068241238389, 4.518454035639759, 4.497906811982267, 4.4630600795374304, 4.607707542381019, 4.5953148446821155, 4.598815260401759, 4.58314883282494, 4.590612124646728, 4.675523123899868, 4.675607590903332, 4.677519709940438, 4.681091249196146, 4.67562842790231, 4.687360601828616, 4.6806567168916455, 4.667296291543573, 4.639773421051898, 4.643680368188987, 2.7250188425316177, 2.7320515650564734, 2.7337925537767633, 2.7325806223785003, 2.731384260071013, 2.738853260263061, 2.7391018630940556, 2.737483220816142, 2.7355459208027937, 2.7346472989552266, 2.7180795001995364, 2.7180174836896844, 2.7167252077231137, 2.7123157598758505, 2.715610185119046, 2.734686592093587, 2.7353818533079317, 2.7351240587298236, 2.7319644467801814, 2.7299579256714592, 4.509648033387198, 4.466996264210693, 4.475447076507634, 4.515507689768907, 4.491797557325257, 4.381727863398911, 4.374189579940149, 4.383164115178211, 4.395479694896144, 4.392311182950467, 4.283850560475994, 4.285550491614576, 4.275198177356961, 4.262508847672918, 4.286701120094487, 3.886120670569632, 3.877910009746372, 3.8784611086320324, 3.8807589684679242, 3.879613002357004, 2.3234512849372675, 2.311382628195407, 2.3171049180319954, 2.3210369203985985, 2.3161412718259884, 2.2601601554247317, 2.2626009734139982, 2.263040429212376, 2.268992641562824, 2.2733643731435738, 2.2278423114317203, 2.230539794689396, 2.2324509162919424, 2.232191633051295, 2.2291179979408495, 2.205550018298633, 2.205994539653398, 2.205841185660406, 2.208654107838453, 2.209136708890226, 3.8328444800891734, 3.8321269675269005, 3.8318149691692542, 3.8316263909939288, 3.831515950735847, 3.8465231868653986, 3.8476625373918956, 3.849347563776198, 3.8516279332186416, 3.851363584237261, 3.82840007318295, 3.8283455744569315, 3.829488969880577, 3.8353807515494687, 3.842945097382212, 3.8778843462094317, 3.8849709898006153, 3.8916938440746653, 3.895611133452497, 3.8909939102427655, 4.614958849451028, 4.620470958446737, 4.6181756172223745, 4.617586718930949, 4.626149190631041, 4.625047346132211, 4.616275906884998, 4.6090206140963765, 4.611944332442398, 4.621821336995558, 4.665692234186672, 4.667195211760386, 4.6567049661012785, 4.655239127088841, 4.6560560064671375, 4.753709198757643, 4.7393592506999, 4.729189894917154, 4.71942250003535, 4.744387711557833, 4.696232941194089, 4.691489263717127, 4.694595580248765, 4.696324553325327, 4.684650688253441, 4.721929802972791, 4.742108526893816, 4.76958198796344, 4.764378142430742], "O35": 3.4509185167791205, "O46": 3.3607729893593405,