{"O23": 4.594340904953616, "O34": [4.3148348070093965, 4.3148348070093965, 4.3148348070093965, 4.3148348070093965, 4.3148348070093965, 2.7658725678058262, 2.7658725678058262, 2.7658725678058262, 2.7658725678058262, 2.7660733593927, 4.451087650577703, 4.451087650577703, 4.451087650577703, 4.451087650577703, 4.451087650577703, 2.7799363124170053, 2.7799363124170053, 2.7799363124170053, 2.7799363124170053, 2.780137423663879, 5.0, 5.0, 5.0, 5.0, 5.0, 3.30314048475951, 3.30314048475951, 3.30314048475951, 3.30314048475951, 3.303353488105545, 4.515139217752079, 4.519443135018272, 4.52303038385176, 4.524490701355798, 4.522193621526646, 4.519698375300817, 4.5173692476923835, 4.5147603609265685, 4.512830558561428, 4.5110232499803775, 4.508907011275886, 4.505952885731594, 4.513274931240264, 4.51845983492778, 4.521118144744053, 4.526402761941958, 4.536547428868294, 4.532588249693999, 4.5556167654286535, 4.564838700224435, 4.577618472280349, 4.582476745967679, 4.5954880969081815, 4.6166326669003315, 4.623884840453549, 4.644055423031826, 4.670790720488771, 4.719680128323622, 4.777145004327228, 4.827067989191048], "O35": 4.02481511101302, "O46": 3.686650140444234, "O22": [3.3363058570549615, 3.3363058570549615, 3.3363058570549615, 3.3363058570549615, 3.3363058570549615, 1.9111713199742888, 1.9111713199742888, 1.9111713199742888, 1.9111713199742888, 1.9111713199742888, 3.4620412042524835, 3.4620412042524835, 3.4620412042524835, 3.4620412042524835, 3.4620412042524835, 1.9241562544105426, 1.9241562544105426, 1.9241562544105426, 1.9241562544105426, 1.9241562544105426, 4.219020258234098, 4.219020258234098, 4.219020258234098, 4.219020258234098, 4.219020258234098, 2.407226166618812, 2.407226166618812, 2.407226166618812, 2.407226166618812, 2.407226166618812, 3.5211485654370467, 3.525120258926899, 3.5284306043534612, 3.5297781984555754, 3.527658432568164, 3.525355796950944, 3.5232064570851165, 3.520798952957437, 3.519018114010895, 3.517350313427948, 3.5153974293537984, 3.5126713357821044, 3.5194281851080937, 3.5242128607762297, 3.5266659729385466, 3.531542665129204, 3.540904254838315, 3.537250688754408, 3.558501609803177, 3.5670116940187713, 3.578804982397006, 3.583288240968786, 3.5952952324206207, 3.6148076314258746, 3.6215000022841264, 3.6401135969602967, 3.6647851694584723, 3.709900753892602, 3.762929857335523, 3.80899923593049], "O21": [4.553999999999999, 4.553999999999999, 4.553999999999999, 4.553999999999999, 4.553999999999999, 4.531000000000001, 4.531000000000001, 4.531000000000001, 4.531000000000001, 4.532, 4.553999999999999, 4.553999999999999, 4.553999999999999, 4.553999999999999, 4.553999999999999, 4.531000000000001, 4.531000000000001, 4.531000000000001, 4.531000000000001, 4.532, 4.553999999999999, 4.553999999999999, 4.553999999999999, 4.553999999999999, 4.553, 4.531000000000001, 4.531000000000001, 4.531000000000001, 4.531000000000001, 4.532, 4.553999999999999, 4.553999999999999, 4.553999999999999, 4.553999999999999, 4.553999999999999, 4.553999999999999, 4.553999999999999, 4.553999999999999, 4.553999999999999, 4.553999999999999, 4.553999999999999, 4.553999999999999, 4.553999999999999, 4.553999999999999, 4.553999999999999, 4.553999999999999, 4.553999999999999, 4.553999999999999, 4.553999999999999, 4.553999999999999, 4.553999999999999, 4.553999999999999, 4.553999999999999, 4.553999999999999, 4.553999999999999, 4.553999999999999, 4.553999999999999, 4.553999999999999, 4.553999999999999, 4.553999999999999], "mode": "1"}