{"O23": 2.1403222635600283, "O34": [4.469784793696683, 4.469784793696683, 4.469784793696683, 4.469784793696683, 4.469784793696683, 3.1232288566610076, 3.1232288566610076, 3.1232288566610076, 3.1232288566610076, 3.123019942592227, 1.8659833735024145, 1.8659833735024145, 1.8659833735024145, 1.8659833735024145, 1.866164216764051, 3.630599699533039, 3.630599699533039, 3.630599699533039, 3.630599699533039, 3.630599699533039, 4.983352715529746, 4.983352715529746, 4.983352715529746, 4.983352715529746, 4.983352715529746, 3.1642481224714896, 3.1642481224714896, 3.1642481224714896, 3.1642481224714896, 3.1640382760608006, 1.8110639355240001, 1.8110639355240001, 1.8110639355240001, 1.8110639355240001, 1.8119618929140002, 3.0694263721010993, 3.0694263721010993, 3.0694263721010993, 3.0694263721010993, 3.0696340632735124, 4.639597961329671, 4.639597961329671, 4.639597961329671, 4.639597961329671, 4.639597961329671, 3.415355429482582, 3.415355429482582, 3.415355429482582, 3.415355429482582, 3.4149243216413967, 1.8110639355240001, 1.8110639355240001, 1.8110639355240001, 1.8110639355240001, 1.8126802588259998, 2.8010367729355834, 2.8010367729355834, 2.8010367729355834, 2.8010367729355834], "O35": 2.58494826589496, "O46": 1.6366360428982905, "O22": [3.47929509576843, 3.47929509576843, 3.47929509576843, 3.47929509576843, 3.47929509576843, 2.241115307827922, 2.241115307827922, 2.241115307827922, 2.241115307827922, 2.241115307827922, 1.1008488033305583, 1.1008488033305583, 1.1008488033305583, 1.1008488033305583, 1.1008488033305583, 2.709566443119675, 2.709566443119675, 2.709566443119675, 2.709566443119675, 2.709566443119675, 3.9532201843763453, 3.9532201843763453, 3.9532201843763453, 3.9532201843763453, 3.9532201843763453, 2.2789880431411746, 2.2789880431411746, 2.2789880431411746, 2.2789880431411746, 2.2789880431411746, 1.05, 1.05, 1.05, 1.05, 1.05, 2.1914399365926798, 2.1914399365926798, 2.1914399365926798, 2.1914399365926798, 2.1914399365926798, 3.6360002112865564, 3.6360002112865564, 3.6360002112865564, 3.6360002112865564, 3.6360002112865564, 2.5108332599130616, 2.5108332599130616, 2.5108332599130616, 2.5108332599130616, 2.5108332599130616, 1.05, 1.05, 1.05, 1.05, 1.05, 1.9436381281208135, 1.9436381281208135, 1.9436381281208135, 1.9436381281208135], "O21": [4.553999999999999, 4.553999999999999, 4.553999999999999, 4.553999999999999, 4.553999999999999, 4.531000000000001, 4.531000000000001, 4.531000000000001, 4.531000000000001, 4.53, 4.408, 4.408, 4.408, 4.408, 4.409, 4.531000000000001, 4.531000000000001, 4.531000000000001, 4.531000000000001, 4.531000000000001, 4.553999999999999, 4.553999999999999, 4.553999999999999, 4.553999999999999, 4.553999999999999, 4.531000000000001, 4.531000000000001, 4.531000000000001, 4.531000000000001, 4.53, 4.408, 4.408, 4.408, 4.408, 4.413, 4.531000000000001, 4.531000000000001, 4.531000000000001, 4.531000000000001, 4.532, 4.553999999999999, 4.553999999999999, 4.553999999999999, 4.553999999999999, 4.553999999999999, 4.531000000000001, 4.531000000000001, 4.531000000000001, 4.531000000000001, 4.529, 4.408, 4.408, 4.408, 4.408, 4.417, 4.531000000000001, 4.531000000000001, 4.531000000000001, 4.531000000000001], "mode": "1"}