{"O23": 1.7740381726089227, "O34": [5.0, 5.0, 4.9905473479612175, 4.939421340177406, 4.885234228934574, 4.9031206624556365, 4.9360288679366064, 4.9594565120249765, 4.979584296503521, 5.0, 5.0, 5.0, 5.0, 5.0, 5.0, 5.0, 4.920566323555666, 4.797670950177947, 4.750162520294161, 4.716003286317431, 4.700905412905694, 4.734846441499671, 4.774410406054725, 4.7877055108180695, 4.772138357020343, 4.793021664680425, 4.8021222334815326, 4.775126891928904, 4.752772054218325, 4.727230257445846, 4.723095724642881, 4.706128299763147, 4.686138487970184, 4.704550312036561, 4.723548996028737, 4.758458084411969, 4.806720906810513, 4.855812646715359, 4.961661409043717, 4.965587490245972, 2.933882999047375, 2.9373035728147183, 2.990950265080132, 3.0481669243007863, 3.0898495885759423, 3.2135709780131108, 3.3228815563287526, 3.409351616421222, 3.4444624527400336, 3.4184210107024153, 3.4022951663936496, 3.4793652109503475, 3.498132915154178, 3.539098129483757, 3.5981837523807347, 3.641879391674302, 3.635832448940814, 3.6406815275426156, 3.6409374744250567, 3.6303951584482874, 3.662264641734753, 3.663593955748767, 3.660402426001314, 3.654158055664871, 3.6386017498432195, 3.616717395864673, 3.5874212958668488, 3.556298060139508, 3.5833701269221185, 3.61858968353008, 3.622154147241724, 3.5931089553231375, 3.552184695906863, 3.4579491163400666, 3.301179882980864, 1.8110639355240001, 1.8110639355240001, 1.8110639355240001, 1.8110639355240001, 1.8110639355240001, 1.8110639355240001, 1.8110639355240001, 1.8110639355240001, 1.8110639355240001, 1.8110639355240001, 1.8110639355240001, 1.8110639355240001, 1.8110639355240001, 1.8110639355240001, 1.8110639355240001, 1.8110639355240001, 1.8110639355240001, 1.8110639355240001, 1.8110639355240001, 1.8110639355240001, 1.8110639355240001, 1.8110639355240001, 1.8110639355240001, 1.8110639355240001, 1.8110639355240001, 1.8110639355240001, 1.8110639355240001, 1.8110639355240001, 1.8110639355240001, 1.8110639355240001, 1.8110639355240001, 1.8127953667273764, 1.8167873893323285, 1.8184865401816126, 1.8241686194997369, 3.0946194693681335, 3.0539600014140857, 3.0420290992742838, 3.0242485419514207, 2.9717247785178076, 2.98267723955479, 3.004456867168874, 3.0346619010055775, 3.0388266348486423, 3.050224422126463, 3.085040204204801, 3.0811199814081833, 3.0465908395196974, 3.0139222140718602, 2.9910631143767255, 2.966520484881045, 2.950717235461793, 2.9546314586093216, 2.9264845991159674, 2.9313624941421765, 2.950866177954434, 2.9738299312798695, 2.976462046046919, 3.0209409270824277, 3.0581693925289266, 3.0436072671173378, 3.0142888721495176, 3.0263449573091337, 2.997837759171423, 2.957551958366997, 2.9694057912170684, 2.974657082491688, 2.988854322800832, 3.0123422574601144, 3.0277370072248075, 4.77656899603171, 4.831208035569922, 4.8655974581868415, 4.879387295344237, 4.895964326837405, 4.916975718151515, 4.947426492763568, 4.936212871836553, 4.935040995838161, 4.89709756491196, 4.841346252825527, 4.787855773634708, 4.7751448538693655, 4.835306751519393, 4.876903594706272, 4.976271783498999, 4.897289291469333, 4.89575454845212, 4.923714350844876, 4.958100003989835, 4.938947678471548, 4.932290804447828, 4.914148566654073, 4.914099372963595, 4.8690102546367315, 4.85389611387715, 4.821795885136976, 4.829885680545277, 4.828593952273761, 4.839334257160007, 4.8700388541252595, 4.913107777512741, 4.949000755868369, 4.87461530577854, 4.823413657622362], "O35": 3.19729155635377, "O46": 1.776403952156704, "O22": [4.010670559849561, 4.036850167530779, 3.9598594557708986, 3.9126799168257307, 3.862675564128808, 3.8791813255499914, 3.9095493129874264, 3.931168553264011, 3.949742653469546, 3.98595134087435, 4.049542498758479, 4.0539927961543345, 4.102711013195731, 4.13466756519374, 4.093904679786622, 3.9993532532800264, 3.895280338224195, 3.781871384429627, 3.7380301788458894, 3.706507731081983, 3.692575277962814, 3.723896363840668, 3.7604063455009507, 3.7726751875277844, 3.7583096782556566, 3.777580982035505, 3.785979068621702, 3.761067525097594, 3.740438280177102, 3.7168680808247028, 3.7130526968380955, 3.697395004841145, 3.678948227068457, 3.6959388236013297, 3.713470979742017, 3.7456853998837465, 3.790222765652345, 3.835525063937016, 3.9332032520264426, 3.936826275004629, 2.066293906070178, 2.0694520924089725, 2.118983621958688, 2.1718112712926434, 2.2102965167023934, 2.3245274114334347, 2.4254529282043613, 2.505289990952723, 2.53770752413513, 2.513663684686056, 2.4987748313352838, 2.569932940589656, 2.5872610004587204, 2.6250838305045567, 2.679637077925774, 2.7199808858562844, 2.7143977956406307, 2.7188749082064114, 2.719111221761552, 2.7093775920953957, 2.738802411902142, 2.7400297560977585, 2.737083044132505, 2.7313176707091316, 2.7169546673448717, 2.6967490315453344, 2.6697001943951415, 2.640964378541208, 2.6659597849528587, 2.698477698643128, 2.7017687373298873, 2.674951561451177, 2.63716654472454, 2.5501596446373065, 2.4060058691221093, 1.05, 1.05, 1.05, 1.05, 1.05, 1.05, 1.05, 1.05, 1.05, 1.05, 1.05, 1.05, 1.05, 1.05, 1.05, 1.05, 1.05, 1.05, 1.05, 1.05, 1.05, 1.05, 1.05, 1.05, 1.05, 1.05, 1.05, 1.05, 1.05, 1.05, 1.05, 1.0516030973364199, 1.0552992307966738, 1.0568724404023175, 1.059302996290273, 2.2147005066117464, 2.1771599695646926, 2.1661442702375346, 2.149727634593148, 2.101232895575445, 2.1113452086480096, 2.1314541514959977, 2.159342199441824, 2.1631874623779597, 2.173710941338409, 2.2058560534783687, 2.2022365454883617, 2.1703560857702793, 2.140193424879416, 2.1190878147436085, 2.0964278160231142, 2.0818368117591692, 2.0854507803247757, 2.059463027047663, 2.063966745570246, 2.0819743290815595, 2.1031765650140906, 2.105606773939505, 2.146673742233633, 2.1810464641757585, 2.1676013790330946, 2.1405319571288652, 2.15166323686151, 2.1253427860133605, 2.0881472526316154, 2.0990917945464433, 2.103940266613577, 2.1170484564795564, 2.138734664529108, 2.1523758898592193, 3.7623983117095467, 3.8128197078944432, 3.844554575801937, 3.857279961323254, 3.8725773947984896, 3.891966895324093, 3.920067143495137, 3.9097191134381153, 3.908637695746774, 3.8736231570668576, 3.822175345789504, 3.772813851403899, 3.761084100537497, 3.816602039767116, 3.8549879800781612, 3.9466858367322777, 3.873800084055146, 3.8723838094213514, 3.8981853660667714, 3.9299167554717016, 3.9122428175514665, 3.906099794443087, 3.889357974542688, 3.8893125781634987, 3.847703935002843, 3.8337564702290496, 3.804134090981292, 3.8115994268068136, 3.81040740836191, 3.8203186581275155, 3.848653135844676, 3.888397524979819, 3.9215198876205335, 3.8528763265134964, 3.8056269859536798],