{"O23": 5.0, "O34": [4.615700159069434, 4.618105179782064, 4.618105179782064, 4.618105179782064, 4.618105179782064, 4.618105179782064, 4.618105179782064, 4.618105179782064, 4.618105179782064, 4.405824200241017, 4.40412447539319, 4.403765522804707, 3.889575625272174, 3.886653814625227, 3.824956543346868, 3.8202957267600133, 3.812565455015122, 3.811243456244193, 3.778642305988976, 3.7771169722808366, 3.7761849351297965, 3.7637123180391607, 3.7532430675927304, 3.753302343519381, 3.7543624324196996, 3.7206593969059174, 3.725936690976258, 3.7272008503737672, 3.7282333458601657, 3.7188698725863287, 3.7272235426742126, 3.7280649446469982, 3.732198209708656, 3.736275636591101, 3.7370508720212596, 3.7376399918356693, 3.7375939643717064, 3.7468315673857484, 3.7491285391391, 3.750183622705824, 3.7516465822515626, 3.755103451134622, 3.754079297318504, 3.755733982738238, 2.198315399685384, 2.1985835420889663, 2.20734526650771, 2.2067124110604506, 2.206361781975008, 2.2055753164047442, 2.2055753164047442, 2.2055753164047442, 2.2055753164047442, 2.2055753164047442, 2.2101200704158344, 2.2095883486984236, 2.209212984201792, 2.209166876967865, 2.2141884099681945], "O35": 2.792389654073088, "O46": 2.8418455602423163, "O22": [3.613947104828326, 3.616166479532004, 3.616166479532004, 3.616166479532004, 3.616166479532004, 3.616166479532004, 3.616166479532004, 3.616166479532004, 3.616166479532004, 3.4202716859481708, 3.4187031646000303, 3.418371919929032, 2.943872866562119, 2.9411765934677887, 2.8842417976707733, 2.8799407542838997, 2.8728071901224457, 2.8715872377889435, 2.8415026036702926, 2.840095012031379, 2.839234919781427, 2.8277250767625053, 2.81806395846724, 2.8181186588244778, 2.819096918378195, 2.7879954546512273, 2.7928653889940294, 2.794031966634511, 2.794984762738154, 2.786344065544408, 2.7940529072930724, 2.794829360586892, 2.7986435746904412, 2.8024062608209492, 2.80312165503525, 2.8036653000885634, 2.8036228255316256, 2.812147368519686, 2.814267034673778, 2.815240675260721, 2.816590707462633, 2.8197807371005092, 2.818835638765085, 2.8205685488259316, 1.387150668247458, 1.387398241822374, 1.3954878666179973, 1.3949035566267767, 1.3945798238079732, 1.3938536869113933, 1.3938536869113933, 1.3938536869113933, 1.3938536869113933, 1.3938536869113933, 1.3980498192000868, 1.397558885111777, 1.3972123143005735, 1.3971697438880604, 1.4018060821167089], "O21": [4.553999999999999, 4.553999999999999, 4.553999999999999, 4.553999999999999, 4.553999999999999, 4.553999999999999, 4.553999999999999, 4.553999999999999, 4.553999999999999, 4.553999999999999, 4.553999999999999, 4.553999999999999, 4.553999999999999, 4.553999999999999, 4.553999999999999, 4.553999999999999, 4.553999999999999, 4.553999999999999, 4.553999999999999, 4.553999999999999, 4.553999999999999, 4.553999999999999, 4.553999999999999, 4.553999999999999, 4.553999999999999, 4.553999999999999, 4.553999999999999, 4.553999999999999, 4.553999999999999, 4.553999999999999, 4.553999999999999, 4.553999999999999, 4.553999999999999, 4.553999999999999, 4.553999999999999, 4.553999999999999, 4.553999999999999, 4.553999999999999, 4.553999999999999, 4.553999999999999, 4.553999999999999, 4.553999999999999, 4.553999999999999, 4.553, 4.531000000000001, 4.531000000000001, 4.531000000000001, 4.531000000000001, 4.531000000000001, 4.531000000000001, 4.531000000000001, 4.531000000000001, 4.531000000000001, 4.531000000000001, 4.531000000000001, 4.531000000000001, 4.531000000000001, 4.531000000000001, 4.531000000000001], "mode": "1"}