{"O23": 1.404719631613272, "O34": [4.952860893042115, 4.950308487178136, 4.9496584513177915, 4.936328332609986, 4.907179670149222, 4.883675560051301, 4.854945045335414, 4.8210082828598235, 4.77592775146656, 4.7817934816560035, 4.7208533776301405, 4.6634670428471745, 4.579068574916362, 4.525744307551817, 4.4931291307049, 4.489556536765481, 4.482029510080112, 4.478815310677538, 4.472470449280696, 4.469070284154091, 4.457679367356705, 4.450170638472377, 4.444737911525744, 4.446393187888738, 4.450162642286795, 4.4551639240277545, 4.4602654614539, 4.463984268344991, 4.468033185649105, 4.471220806563268, 4.472857740242366, 4.475048087614838, 4.47699919964126, 4.480654117510357, 4.48564855569138, 4.486611722832377, 4.484784884213836, 4.483925370741665, 4.483372610897542, 4.484507148338073, 4.4841556614163345, 4.483358054275183, 4.482019870936382, 4.47873802363382, 4.475071040732575, 4.471240665554769, 4.467302334700752, 4.463730276249263, 4.4607055615100535, 4.4564702331522845, 4.453410750137867, 4.451288574191415, 4.447883318936317, 4.4456601594207585, 4.445359186127795, 4.445388906882199, 4.445256042496704, 4.447991121580025, 4.449386491075776, 4.45069919936941, 4.455062389807476, 4.456561919321889, 4.462097635868928, 4.465136156701152, 4.464706952258912, 4.468152541430252, 4.471985686960308, 4.473191801485271, 4.469526947456124, 4.470233564936928, 4.469018023854615, 4.474582238533765, 4.483214788730137, 4.489438345569935, 4.489432491341614, 4.49300359519481, 4.492911718824433, 4.491267155311116, 4.4913892847411825, 4.48839393115189, 4.486973743798299, 4.484715429325814, 4.484892867702238, 4.48649153105572, 4.487763153555101, 4.486611751110923, 4.484835061552323, 4.484702636739279, 4.4842058853906375, 4.48450145951054, 4.480493779665301, 4.472268756679992, 4.465580381929963, 4.462996920186713, 4.45815523217979, 4.454820840394194, 4.451684486175342, 4.451578870499397, 4.451335235508079, 4.4506668172447545, 4.449847070968289, 4.447571623163398, 4.444795707796942, 4.442583255474204, 4.444437525459916, 4.445135060842332, 4.44674947264003, 4.443827433068934, 4.441161537613911, 4.438169216640987, 4.437103166637397, 4.43475082554196, 4.428639252812939, 4.424410040246484, 4.422195376596807, 4.4253924952421615, 4.423016836357222, 4.424051272587835, 4.4259220488231765, 4.428446196914575, 4.429320766798525, 4.42958044551465, 4.430718967589349, 4.430103092239837, 4.431620452279388, 4.4275986055998455, 4.425998648378823, 4.428649195591917, 4.427838760972932, 4.428032244829507, 4.43054971060237, 4.429124552897867, 4.430420606769985, 4.4317477842522575, 4.431494633462759, 4.433303215522468, 4.433542917284944, 4.434023064495261, 4.433319871296597, 4.432717606852713, 4.433783543164496, 4.432817295687726, 4.433033791048981, 4.432012916356299, 4.433171701116475, 4.4364720065253085, 4.439134987864705, 4.4403776748442265, 4.4413403304120145, 4.441958857911628, 4.442011843303889, 4.444902596140205, 4.446693139078542, 4.447274328126396, 4.446308154288015, 4.443241813001826, 4.439336591716952, 4.43895082526402, 4.440847238768824, 4.4419784387350845, 4.445746664549314, 4.447856406755065, 4.449739392148194, 4.450993493481549, 4.451870965581939, 4.452301619435717, 4.451961406181152, 4.452373332432788, 4.454072872120758, 4.456485533402438, 4.4565411028122135, 4.456276591908013, 4.455647776275915, 4.45556522809164, 4.458645614100616, 4.4633479268175105, 4.468968165578985, 4.472067043057745, 4.47373771467903, 4.476503388729583], "O35": 4.465563128961547, "O46": 1.919736196378598, "O22": [3.9250820568572267, 3.9227266738127953, 3.922126814885445, 3.9098256616763396, 3.882927014287669, 3.8612372104910286, 3.8347244335950768, 3.803407284529567, 3.761806565468323, 3.767219513944271, 3.7109834388850103, 3.6580268139855656, 3.580143150127206, 3.5309350375069846, 3.5008374595235954, 3.497540637764838, 3.490594629968858, 3.4876285379060366, 3.481773442850701, 3.478635739948316, 3.468124099670516, 3.4611949772495976, 3.4561816080532193, 3.4577091119405385, 3.4611875982977605, 3.4658028259852247, 3.470510570518982, 3.4739423189021075, 3.4776786961377995, 3.4806202613329176, 3.4821308384268734, 3.4841521106451148, 3.4859526143383848, 3.4893254053584783, 3.493934317747398, 3.4948231370315384, 3.4931373139546724, 3.492344147206632, 3.4918340554603056, 3.4928810167952618, 3.4925566615085537, 3.4918206224785173, 3.490585734880492, 3.487557216728282, 3.4841732919882134, 3.48063858738855, 3.4770042603217517, 3.4737079327160623, 3.470916698801613, 3.4670082997721825, 3.4641849813812535, 3.462226618366925, 3.4590842182482713, 3.4570326666898326, 3.4567549258332244, 3.456782352412194, 3.456659743964525, 3.459183699495638, 3.46047135899266, 3.461682737990313, 3.46570912929527, 3.467092908592567, 3.4722013175167454, 3.475005291817767, 3.474609218105465, 3.4777888387241074, 3.481326099829698, 3.4824391131407206, 3.4790571529429353, 3.4797092258975826, 3.4785875136748152, 3.483722220931136, 3.491688415747442, 3.4974315698685756, 3.4974261675341274, 3.500721614227942, 3.500636829888577, 3.499119211915109, 3.4992319140495396, 3.4964677748678112, 3.4951572132287834, 3.4930732203605035, 3.493236962087147, 3.494712222981068, 3.4958856876389546, 3.494823163127234, 3.4931836180530738, 3.493061415246809, 3.492603008642906, 3.492875767094144, 3.4891774441556955, 3.4815873191081614, 3.47541522684676, 3.473031185158146, 3.4685632320011357, 3.4654862253282857, 3.4625919694998255, 3.462494506405943, 3.4622696778488242, 3.461652855474984, 3.4608963862521334, 3.4587965825909035, 3.456234942971123, 3.4541932721063393, 3.455904409095085, 3.456548101007808, 3.458037894707428, 3.4553414103598383, 3.4528812981019854, 3.4501199574458665, 3.449136196932537, 3.4469654354525137, 3.4413256212740952, 3.437422865951791, 3.4353791544546555, 3.4383294842413785, 3.4361372048958767, 3.4370917919357025, 3.438818161039784, 3.441147467558007, 3.4419545284979987, 3.4421941623483963, 3.443244800739532, 3.4426764654382405, 3.4440766989042, 3.4403653026838787, 3.4388888477973762, 3.4413347965597927, 3.440586920218057, 3.4407654688578244, 3.4430886088725137, 3.441773460549044, 3.442969470697014, 3.444194201991834, 3.44396059217073, 3.4456295679312143, 3.4458507668694494, 3.44629385102545, 3.445644938029101, 3.44508916299371, 3.4460728185912175, 3.4451811567455737, 3.445380940608436, 3.444438868277555, 3.4455082052567487, 3.4485537567151265, 3.4510111798009184, 3.4521579425013216, 3.4530462897011125, 3.453617072430326, 3.453665967825959, 3.4563335804938307, 3.4579859095911765, 3.458522236061916, 3.457630642170439, 3.4548009949047525, 3.451197221645586, 3.450841232899764, 3.452591260306253, 3.4536351417899915, 3.4571124943990266, 3.4590593834458185, 3.4607970192703092, 3.461954315238898, 3.462764054370274, 3.4631614656125547, 3.46284751376712, 3.463227643010024, 3.464795993490988, 3.467022418980375, 3.4670736989305677, 3.4668296058936354, 3.4662493291834067, 3.466173152977916, 3.4690157608398726, 3.473355097228059, 3.4785415040104817, 3.481401175966753, 3.4829428867366268, 3.4854950755781546],