{"O23": 3.3913218045519042, "O34": [4.551815577927428, 4.539851383844343, 4.534662959170736, 4.527206154289159, 4.5243286940626835, 4.5210640631318295, 4.5176996335354485, 4.51268033846199, 4.507293846787849, 4.500829482060946, 4.48687682466351, 4.480515875657049, 4.480359824765493, 4.479850801751144, 4.4806745386259506, 4.477653596779747, 4.468480545964953, 4.4681090995350745, 4.464719084349233, 4.46471692889819, 4.464592159606347, 4.46595806710024, 4.4675880912284684, 4.4688720364320185, 4.468064962665126, 4.468917734411737, 4.472622383803257, 4.475338847510387, 4.477042618323463, 4.475457465099457, 4.475137181948759, 4.474786425524191, 4.47520617913685, 4.473477967966685, 4.473579458288597, 4.4752198320810805, 4.475001934077087, 4.476613609801698, 4.480921688107398, 4.484838120466013, 4.486263573839317, 4.485789732451768, 4.484220795636316, 4.482570276805206, 4.480919319762807, 4.481581944039284, 4.475311052864088, 4.4719456161966935, 4.471409338836128, 4.469948754144761, 4.466821781631957, 4.4675651035174315, 4.469361376358007, 4.471169891045255, 4.469639743716155, 4.471147679134077, 4.474092565414691, 4.473091000944727, 4.471164429159382, 4.470502041901103, 4.47139729783663, 4.472063706014124, 4.473248049773197, 4.474687311681922, 4.47695307677732, 4.47776709751834, 4.476292248847268, 4.477073059881967, 4.479707246861434, 4.478589050883657, 4.478105220191057, 4.478525620333527, 4.477983623046315, 4.474196522511071, 4.473996071359254, 4.475305464175336, 4.475920812774375, 4.473788461948454, 4.474204208709471, 4.474923283039115, 4.467813745897218, 4.463126387849311, 4.4683501121905005, 4.4685872548222205, 4.46881704378615, 4.471384886271011, 4.471120299621116, 4.477199456634636, 4.478648491723639, 4.477958595715924, 4.47923054452296, 4.481190144537823, 4.4774453827023235, 4.479387848523801, 4.481045147321471, 4.482316502950161, 4.478663364542351, 4.479437136215117, 4.479064376812814, 4.476135556015997, 4.480737633743224, 4.48591237719622, 4.473841558308544, 4.474839357873255, 4.475757662653669, 2.809111972993955, 2.809111972993955, 2.809111972993955, 2.809111972993955, 2.809111972993955, 2.809111972993955, 2.809111972993955, 2.809111972993955, 2.809111972993955, 2.808506649820526, 1.8110639355240001, 1.8110639355240001, 1.8110639355240001, 1.8110639355240001, 1.8110639355240001, 1.8110639355240001, 1.8110639355240001, 1.8110639355240001, 1.8110639355240001, 1.814476173606, 3.029434339130898, 3.029434339130898, 3.029434339130898, 3.029434339130898, 3.029434339130898, 3.029434339130898, 3.029434339130898, 3.029434339130898, 3.029434339130898, 3.0300546856674666, 4.5184739682986415, 4.515056484049281, 4.509801962259303, 4.506195913584982, 4.500254908268835, 4.494371347404379, 4.494680354049549, 4.490382600226534, 4.492925743844009, 4.489244771632343, 4.477238264869862, 4.461967795316337, 4.466525443122662, 4.461827581594823, 4.462422081210886, 4.462702464962741, 4.4652207862176585, 4.464300974683939, 4.462389345257831, 4.460190509682083, 4.461614599764453, 4.459518398087354, 4.461912617964772, 4.463799861136873, 4.465130251779195, 4.467366556572594, 4.466928080227058, 4.466363433606026, 4.469273191069015, 4.470251468699583, 4.473653035585395, 4.470154007014978, 4.469401763458562, 4.466779916826024, 4.46551148773081, 4.4626571134302955, 4.4628444440034984, 4.465390023063783, 4.465657964164595, 4.468627541536738, 4.467933337640102, 4.469373456017626, 4.467624770852554, 4.465803583014181, 4.46597897423729, 4.46417331313942], "O35": 3.860386412637342, "O46": 2.784807116221939, "O22": [3.554993839853481, 3.5439531741500816, 3.5391652492843733, 3.53228404279932, 3.529628696671137, 3.5266160659412917, 3.523511340106997, 3.5188794895545947, 3.5139087866827317, 3.5079434128816254, 3.495067775381148, 3.489197834535237, 3.4890538293716284, 3.4885840983644463, 3.48934425014727, 3.4865564978923564, 3.478091524253253, 3.477748750153257, 3.474620413707324, 3.4746184246377516, 3.474503286415176, 3.475763758112401, 3.4772679590107876, 3.478452795170702, 3.4777080202534485, 3.4784949656766204, 3.48191364939205, 3.4844204264869014, 3.4859926814880944, 3.4845298878629354, 3.4842343276962633, 3.483910646518904, 3.484297998920827, 3.482703190138709, 3.4827968463188563, 3.4843105979803273, 3.4841095197461533, 3.485596788572967, 3.489572321907431, 3.4931864408460873, 3.494501862015381, 3.494064596929239, 3.492616767951468, 3.491093654357281, 3.4895701363777816, 3.4901816120085454, 3.4843947773377826, 3.4812891221693167, 3.4807942406067807, 3.479446399941802, 3.4765608016359035, 3.47724674574468, 3.478904362447248, 3.4805732760358223, 3.4791612423442735, 3.4805527786847885, 3.483270346181019, 3.482346093497012, 3.4805682357585064, 3.479956978850263, 3.480783129064351, 3.481398096512942, 3.4824910195657637, 3.4838191833755054, 3.485910051745492, 3.486661237392836, 3.485300233799336, 3.486020773231559, 3.488451624623518, 3.4874197433370906, 3.486973260030573, 3.4873612090560098, 3.4868610490938177, 3.48336627872279, 3.4831813006004277, 3.4843896200456315, 3.484957469256859, 3.4829897167724146, 3.483373371615673, 3.4840369398622566, 3.47747619516483, 3.4731506590794323, 3.477971158795273, 3.478189996144673, 3.4784020474634216, 3.480771675560179, 3.4805275126244406, 3.4861374132895957, 3.487474595877832, 3.4868379536486604, 3.48801171942618, 3.489820055911382, 3.486364356072556, 3.4881568809702856, 3.4896862511784805, 3.490859469565696, 3.487488320648454, 3.488202364094293, 3.4878583783715564, 3.485155636247995, 3.4894024748878993, 3.4941777746004106, 3.4830387145701556, 3.4839594929657975, 3.4850279592120916, 1.9510938908793494, 1.9510938908793494, 1.9510938908793494, 1.9510938908793494, 1.9510938908793494, 1.9510938908793494, 1.9510938908793494, 1.9510938908793494, 1.9510938908793494, 1.9510938908793494, 1.05, 1.05, 1.05, 1.05, 1.05, 1.05, 1.05, 1.05, 1.05, 1.05, 2.1545156365255567, 2.1545156365255567, 2.1545156365255567, 2.1545156365255567, 2.1545156365255567, 2.1545156365255567, 2.1545156365255567, 2.1545156365255567, 2.1545156365255567, 2.1545156365255567, 3.524225903177737, 3.5210722180333978, 3.5162232981553427, 3.5128956040668915, 3.5074131910282706, 3.501983788245353, 3.5022689423514928, 3.4983029365423346, 3.5006497723025447, 3.4972529381012367, 3.486173225877447, 3.472081499489226, 3.476287337799272, 3.471952109008303, 3.4725007185908767, 3.472759459234116, 3.4750833886953254, 3.4742345783547868, 3.472470509559524, 3.470441404351101, 3.471755567463283, 3.4698211737378855, 3.47203058133387, 3.4737721462750177, 3.4749998427027764, 3.4770635248416126, 3.476658894933714, 3.476137833962948, 3.4788229842709195, 3.479725747650485, 3.48286474410885, 3.4796358091330104, 3.4789416320261974, 3.4765221684171648, 3.4753516506613122, 3.47271760843285, 3.4728904787674844, 3.4752395619761813, 3.475486820429339, 3.4782271730864873, 3.4775865554987475, 3.4789155096655855, 3.477301807297169, 3.4756211988109698, 3.475783051406155, 3.474116771135477],