{"O23": 5.0, "O34": [1.9145840427493797, 1.9116839253676217, 1.9106797630967916, 1.9094666336648793, 1.9073743337644447, 1.9073743337644447, 1.9073743337644447, 1.9073743337644447, 1.9073743337644447, 1.9041083583247422, 1.902350591043818, 1.9008988357642722, 1.8942955319666361, 1.8869063300626534, 1.8772989367334272, 3.3392029278787927, 3.3392029278787927, 3.3392029278787927, 3.3392029278787927, 3.3392029278787927, 3.3392029278787927, 3.3392029278787927, 3.3392029278787927, 3.3392029278787927, 3.3643213547549604, 4.795379358214674, 4.795379358214674, 4.795379358214674, 4.795379358214674, 4.795379358214674, 4.795379358214674, 4.795379358214674, 4.795379358214674, 4.795379358214674, 4.812245422311637, 3.3141227999401757, 3.3141227999401757, 3.3141227999401757, 3.3141227999401757, 3.3141227999401757, 3.3141227999401757, 3.3141227999401757, 3.3141227999401757, 3.3141227999401757, 3.357842901396661, 1.8804046842600353, 1.8792139613495953, 1.8775204284094105, 1.8761965696784113, 1.8881546479219067, 1.8973952615751544, 1.8947214914743524, 1.8922022098487383, 1.8898461189421807, 1.8867658849315867, 1.8863579642021058, 1.8860035357495608, 1.8862632037459524, 1.8879961146304123, 1.8895066092089632, 1.8936821845911274, 1.898239055922827, 1.897268375657839, 1.8972621014826556, 1.897250412410397, 2.9974543444940807, 2.9974543444940807, 2.9974543444940807, 2.9974543444940807, 2.9974543444940807, 2.9974543444940807, 2.9974543444940807, 2.9974543444940807, 2.9974543444940807, 3.0262164357301744, 5.0, 5.0, 5.0, 5.0, 5.0, 5.0, 5.0, 5.0, 5.0, 5.0, 3.595628459902564, 3.595628459902564, 3.595628459902564, 3.595628459902564, 3.595628459902564, 3.595628459902564, 3.595628459902564, 3.595628459902564, 3.595628459902564, 3.5813202893639877, 1.871696508789841, 1.878577783858438, 1.8771138437116939, 1.8749879849449584, 1.8618313775841804, 1.8697459369073015, 1.8838471769021201, 1.890115360732297, 1.8925016158926296, 1.8885090777991083, 1.8906752834104392, 1.8919442973174256, 1.8936753720319721, 1.8952398201356857, 1.896389234147946, 1.8957551590907709, 1.8942264318142454, 1.8917225165801903, 1.8947385249977964, 1.9031741528103165, 2.940678552828676, 2.940678552828676, 2.940678552828676, 2.940678552828676, 2.940678552828676, 2.940678552828676, 2.940678552828676, 2.940678552828676, 2.940678552828676, 2.925118588758022, 5.0, 5.0, 5.0, 5.0, 5.0, 5.0, 5.0, 5.0, 5.0, 5.0, 3.340546668256748, 3.340546668256748, 3.340546668256748, 3.340546668256748, 3.340546668256748, 3.340546668256748, 3.340546668256748, 3.340546668256748, 3.340546668256748, 3.341484158759648, 1.8824487380556494, 1.8846806749695664, 1.886438589177926, 1.8876497564892354, 1.8880853496334613, 1.886208698995717, 1.8838463280256397, 1.88168142878833, 1.8841370701277493, 1.884427353363276, 1.8864853331660771, 1.8880886158384271, 1.8863836707830375, 1.883298567598906, 1.8814065859621985, 1.8806803378682384, 1.879953849138907, 1.8788346253809303, 1.8782716808384174, 1.8720282928939227, 1.868170452845792, 1.8637771504862453, 1.862656390302892, 1.8611280067428266, 1.8610328786306969, 1.8584452474425874, 1.859692852675939, 1.8610726297501667, 1.8611919440025442, 1.8564416390246603, 1.8506146617719164, 1.8443089841589821, 1.839842817413507, 1.8392659885800409], "O35": 2.2818422016880224, "O46": 2.337914692016017, "O22": [1.1458471857474315, 1.1431620253778279, 1.1422322917224783, 1.1411090795744943, 1.1391718611676422, 1.1391718611676422, 1.1391718611676422, 1.1391718611676422, 1.1391718611676422, 1.136147960178686, 1.1345204787976175, 1.1331763277754832, 1.1270624615653102, 1.120220948100932, 1.1111579816805879, 2.4405223101752584, 2.4405223101752584, 2.4405223101752584, 2.4405223101752584, 2.4405223101752584, 2.4405223101752584, 2.4405223101752584, 2.4405223101752584, 2.4405223101752584, 2.463515994075251, 3.779756682794114, 3.779756682794114, 3.779756682794114, 3.779756682794114, 3.779756682794114, 3.779756682794114, 3.779756682794114, 3.779756682794114, 3.779756682794114, 3.7953208381507997, 2.4173660437654627, 2.4173660437654627, 2.4173660437654627, 2.4173660437654627, 2.4173660437654627, 2.4173660437654627, 2.4173660437654627, 2.4173660437654627, 2.4173660437654627, 2.4579302540296966, 1.1142012049842558, 1.1130987385839632, 1.1115307304873925, 1.110304996307875, 1.1213767405062391, 1.1299324388819643, 1.1274568489085155, 1.1251242967078634, 1.1229428395126249, 1.1200909127780805, 1.119713227176928, 1.1193850689993936, 1.1196254903759733, 1.1212299577193556, 1.122628494277337, 1.1264945755632207, 1.1307136911018634, 1.1298149577624832, 1.129809148629839, 1.1284537792143792, 2.1249887825395466, 2.1249887825395466, 2.1249887825395466, 2.1249887825395466, 2.1249887825395466, 2.1249887825395466, 2.1249887825395466, 2.1249887825395466, 2.1249887825395466, 2.1513537256541198, 4.204076614742359, 4.204076614742359, 4.204076614742359, 4.204076614742359, 4.204076614742359, 4.204076614742359, 4.204076614742359, 4.204076614742359, 4.204076614742359, 4.227533839050712, 2.6772777983589275, 2.6772777983589275, 2.6772777983589275, 2.6772777983589275, 2.6772777983589275, 2.6772777983589275, 2.6772777983589275, 2.6772777983589275, 2.6772777983589275, 2.664674734966508, 1.1061384804162089, 1.112509714636852, 1.1111542818911861, 1.1091859920048117, 1.0970045537962032, 1.1043324851313272, 1.1173885397015753, 1.123192125072309, 1.1254015107435893, 1.1217049000028345, 1.1237105462213448, 1.124885500681102, 1.1264882679516826, 1.1279367589937406, 1.129000978315828, 1.128413900970066, 1.1269984831236441, 1.1246801583559562, 1.1274726199053704, 1.1329286133509735, 2.072568182427421, 2.072568182427421, 2.072568182427421, 2.072568182427421, 2.072568182427421, 2.072568182427421, 2.072568182427421, 2.072568182427421, 2.072568182427421, 2.0578243564819423, 4.151561187004807, 4.151561187004807, 4.151561187004807, 4.151561187004807, 4.151561187004807, 4.151561187004807, 4.151561187004807, 4.151561187004807, 4.151561187004807, 4.149800183380586, 2.44176297410862, 2.44176297410862, 2.44176297410862, 2.44176297410862, 2.44176297410862, 2.44176297410862, 2.44176297410862, 2.44176297410862, 2.44176297410862, 2.4434184981708897, 1.116093753292764, 1.1181602588026451, 1.1197878762208717, 1.120909271680843, 1.1213125786143843, 1.1195750255236856, 1.1173877537439107, 1.1153833170708387, 1.1176569460101518, 1.11792571342105, 1.1198311555395952, 1.1213156027278868, 1.119737028383317, 1.1168805933789012, 1.1151288456245312, 1.114456427117381, 1.1137837858107789, 1.1127475190380816, 1.1122263000055872, 1.1064456726468228, 1.1028737761178515, 1.0988061058015588, 1.0977684164834993, 1.0963533168772364, 1.0962652396710058, 1.0938694039847792, 1.0950245365840932, 1.0963020444332265, 1.0964125151003892, 1.0920143032382152, 1.0866192221659567, 1.080780922055675, 1.0766457880695732, 1.076111713851264],