{"O23": 5.0, "O34": [1.8801140390561588, 1.893200392889856, 1.8950652201341336, 1.9012449651945453, 1.9022379642619291, 1.905999391339395, 1.9089065507871554, 1.9091384145255774, 1.9094631490117544, 1.9081136513800017, 1.9105086659545416, 1.9078477603908064, 1.907789982640418, 1.9015421937270556, 1.898375243596278, 1.8967007204413637, 1.8902472262566998, 1.8965397630562995, 1.8986118812816817, 1.9016069032900615, 1.9019534487688992, 1.8956823191115646, 1.899904973969598, 1.8799314472735993, 1.8800932727037682, 1.8639200557329783, 1.863470146579981, 1.8673830748152205, 1.868058224227413, 1.8895474685943674, 1.8910133691348299, 1.8973044239813253, 1.8977467395009875, 1.9007602980451284, 1.8996544375587834, 1.895810746425522, 1.895958810485544, 1.8966426595335157, 1.8950443958308103, 1.9012878201434142, 1.9012310923882327, 1.9002240085083661, 1.895153807368835, 1.908366167269252, 1.9087353717823834, 1.916757782486051, 1.9196352835425023, 1.9115344013550775, 4.63943283877764, 4.636369813603246, 4.636369813603246, 4.636369813603246, 4.636369813603246, 4.636369813603246, 4.636369813603246, 4.636369813603246, 4.636369813603246, 4.636369813603246, 4.579604931016327], "O35": 2.3049627366963463, "O46": 2.30447922990976, "O22": [1.1139321024341406, 1.1260484943146494, 1.1277751003630763, 1.133496802055169, 1.1344161999249116, 1.1378988296229702, 1.1405905100998868, 1.1408051880730874, 1.1411058532042335, 1.1398563804820432, 1.142073876318808, 1.1396101973615556, 1.139556702104238, 1.1337719999768918, 1.1308397845303153, 1.1292893772116868, 1.1233142167098649, 1.1291403500053094, 1.1310588826050338, 1.13383191326013, 1.134152772750816, 1.12834645989795, 1.1322561311238895, 1.1137630443741364, 1.1139128752860221, 1.098938418896039, 1.098521857057836, 1.1021447586315642, 1.1027698658967335, 1.122666325160702, 1.124023572995493, 1.1298483341803567, 1.1302578652261441, 1.1330480584869778, 1.1320241644987818, 1.1284653681655885, 1.128602457701562, 1.1292356197845712, 1.1277558195593544, 1.1335364805906198, 1.1334839575027518, 1.1325515187883417, 1.127857121502417, 1.140090179866432, 1.1404320189013535, 1.147859807661102, 1.1505240280298623, 1.1411716436621653, 3.635847834713224, 3.6330212475852717, 3.6330212475852717, 3.6330212475852717, 3.6330212475852717, 3.6330212475852717, 3.6330212475852717, 3.6330212475852717, 3.6330212475852717, 3.6330212475852717, 3.580638104351165], "O21": [4.408, 4.408, 4.408, 4.408, 4.408, 4.408, 4.408, 4.408, 4.408, 4.408, 4.408, 4.408, 4.408, 4.408, 4.408, 4.408, 4.408, 4.408, 4.408, 4.408, 4.408, 4.408, 4.408, 4.408, 4.408, 4.408, 4.408, 4.408, 4.408, 4.408, 4.408, 4.408, 4.408, 4.408, 4.408, 4.408, 4.408, 4.408, 4.408, 4.408, 4.408, 4.408, 4.408, 4.408, 4.408, 4.408, 4.408, 4.419, 4.553999999999999, 4.553999999999999, 4.553999999999999, 4.553999999999999, 4.553999999999999, 4.553999999999999, 4.553999999999999, 4.553999999999999, 4.553999999999999, 4.553999999999999, 4.553999999999999, 4.553999999999999], "mode": "1"}