{"O23": 5.0, "O34": [4.404875508989943, 4.438311299555014, 4.438311299555014, 4.438311299555014, 4.438311299555014, 4.438311299555014, 4.438311299555014, 4.438311299555014, 4.438311299555014, 4.424691606879561, 4.4167279015046645, 4.460748996379206, 3.41732807174663, 3.41732807174663, 3.41732807174663, 3.41732807174663, 3.41732807174663, 3.41732807174663, 3.41732807174663, 3.41732807174663, 2.564488455195195, 2.567828767400149, 2.567828767400149, 2.567828767400149, 2.567828767400149, 2.567828767400149, 2.567828767400149, 2.567828767400149, 2.567828767400149, 2.567828767400149, 2.5822550475305173, 2.601439091404468, 3.3532966781382783, 3.3532966781382783, 3.3532966781382783, 3.3532966781382783, 3.3532966781382783, 3.3532966781382783, 3.3532966781382783, 3.3532966781382783, 3.8820251834003967, 3.8820251834003967, 3.8820251834003967, 3.8820251834003967, 3.8820251834003967, 3.8820251834003967, 3.8820251834003967, 3.8820251834003967, 4.750202474241523, 4.7716784641651575, 4.7716784641651575, 4.7716784641651575, 4.7716784641651575, 4.7716784641651575, 4.7716784641651575, 4.7716784641651575, 4.7716784641651575, 4.7716784641651575, 4.822159295804402], "O35": 3.628541779762785, "O46": 3.6090616760720886, "O22": [3.4193962251452032, 3.450251072834421, 3.450251072834421, 3.450251072834421, 3.450251072834421, 3.450251072834421, 3.450251072834421, 3.450251072834421, 3.450251072834421, 3.43768269816844, 3.4303337193576646, 3.470956780888786, 2.5126545835486236, 2.5126545835486236, 2.5126545835486236, 2.5126545835486236, 2.5126545835486236, 2.5126545835486236, 2.5126545835486236, 2.5126545835486236, 1.7252351009196865, 1.7283191824482624, 1.7283191824482624, 1.7283191824482624, 1.7283191824482624, 1.7283191824482624, 1.7283191824482624, 1.7283191824482624, 1.7283191824482624, 1.7283191824482624, 1.7416388428111897, 1.75935130551671, 2.453534948568513, 2.453534948568513, 2.453534948568513, 2.453534948568513, 2.453534948568513, 2.453534948568513, 2.453534948568513, 2.453534948568513, 2.936905251021922, 2.936905251021922, 2.936905251021922, 2.936905251021922, 2.936905251021922, 2.936905251021922, 2.936905251021922, 2.936905251021922, 3.738067048707185, 3.757885285000395, 3.757885285000395, 3.757885285000395, 3.757885285000395, 3.757885285000395, 3.757885285000395, 3.757885285000395, 3.757885285000395, 3.757885285000395, 3.80446944960756], "O21": [4.553999999999999, 4.553999999999999, 4.553999999999999, 4.553999999999999, 4.553999999999999, 4.553999999999999, 4.553999999999999, 4.553999999999999, 4.553999999999999, 4.553999999999999, 4.553999999999999, 4.553999999999999, 4.531000000000001, 4.531000000000001, 4.531000000000001, 4.531000000000001, 4.531000000000001, 4.531000000000001, 4.531000000000001, 4.531000000000001, 4.531000000000001, 4.531000000000001, 4.531000000000001, 4.531000000000001, 4.531000000000001, 4.531000000000001, 4.531000000000001, 4.531000000000001, 4.531000000000001, 4.531000000000001, 4.531000000000001, 4.531000000000001, 4.531000000000001, 4.531000000000001, 4.531000000000001, 4.531000000000001, 4.531000000000001, 4.531000000000001, 4.531000000000001, 4.531000000000001, 4.553999999999999, 4.553999999999999, 4.553999999999999, 4.553999999999999, 4.553999999999999, 4.553999999999999, 4.553999999999999, 4.553999999999999, 4.553999999999999, 4.553999999999999, 4.553999999999999, 4.553999999999999, 4.553999999999999, 4.553999999999999, 4.553999999999999, 4.553999999999999, 4.553999999999999, 4.553999999999999, 4.553999999999999], "mode": "1"}