{"O23": 1.7688029718764249, "O34": [4.7007730687312845, 4.711879125824016, 4.722302855373579, 4.729264925185421, 4.74693051212996, 4.793152993208275, 4.836782762414663, 4.882057393246534, 4.928751780618677, 4.979745403587555, 5.0, 5.0, 5.0, 5.0, 5.0, 5.0, 5.0, 5.0, 5.0, 5.0, 5.0, 5.0, 5.0, 5.0, 5.0, 5.0, 5.0, 5.0, 5.0, 5.0, 4.999719956042696, 4.982932956569136, 4.936604102695939, 4.87778100409151, 4.812571166680006, 4.8117673261666525, 4.810902615160007, 4.763386140947412, 4.787066400075878, 4.790073218237549, 3.034365480410904, 3.1585745454567267, 3.2823508647048074, 3.3836624675939735, 3.4339128360178734, 3.459254604941088, 3.4801121244548554, 3.495693277071529, 3.5115758465561635, 3.543904900406244, 3.583175836661499, 3.607571714326963, 3.6204870120354045, 3.6273852104359405, 3.6200183914990847, 3.6129837249588475, 3.6037262705522854, 3.592523866077236, 3.580590756429625, 3.5867440063302247, 3.5875909998194033, 3.588973085566772, 3.592558926429622, 3.5970956578511513, 3.5962042839326043, 3.5943385995440575, 3.5949311060046463, 3.5933080413877745, 3.5932326422702916, 3.5802105667693715, 3.5755137710532514, 3.5701526341067895, 3.5628930031871895, 3.55422419258173, 3.5631869470858906, 1.8993266075081119, 1.8985996625587567, 1.8971377937102416, 1.8957826964180775, 1.8948769148712714, 1.8936170225822624, 1.8911913498292499, 1.8902563725238932, 1.8886866072621011, 1.8858992421804308, 1.8849546788443907, 1.8846163519455499, 1.8836260227864108, 1.8854581134853374, 1.8838994460686205, 1.8847029558795698, 1.8852779505189976, 1.8844928744689489, 1.883465185271958, 1.8822365685210045, 1.8817051894191672, 1.8814131830742276, 1.8798045915816024, 1.8791469607486249, 1.8760813220465644, 1.8771199955881335, 1.8783578540013828, 1.8800604117421937, 1.8805805310694814, 1.8809520870098877, 1.8816922646375027, 1.8815882038903806, 1.8769995099220322, 1.8706863097491129, 1.8617871018788288, 3.6751494688072963, 3.655878921753075, 3.6489911929580616, 3.6436320602390904, 3.6399171932707297, 3.6366780676180905, 3.6377022107891515, 3.633471129393512, 3.6296425999336983, 3.6285027402515113, 3.623353083728131, 3.6290293301529037, 3.6337064122401856, 3.6380831393588, 3.636119271747991, 3.636347627677907, 3.6386151534048143, 3.6378421302284423, 3.630692337219041, 3.6250183368619013, 3.6186089018464362, 3.632681779820579, 3.643748765155799, 3.6505624824326253, 3.642587635398485, 3.6455901996747055, 3.6444974427864345, 3.650601826887029, 3.655875124343644, 3.658024305050644, 3.667958639106262, 3.6669736241602364, 3.660386972067755, 3.651747116224052, 3.6480756435694066, 5.0, 5.0, 5.0, 5.0, 5.0, 5.0, 5.0, 5.0, 5.0, 5.0, 5.0, 5.0, 5.0, 5.0, 5.0, 5.0, 5.0, 5.0, 5.0, 5.0, 5.0, 5.0, 5.0, 5.0, 5.0, 5.0, 5.0, 5.0, 5.0, 5.0, 5.0, 5.0, 5.0, 5.0], "O35": 3.382337941412501, "O46": 1.8068936567447302, "O22": [3.6924531495706043, 3.7027019187557406, 3.712321029958733, 3.718745690480159, 3.7350476526979675, 3.7777021731799523, 3.8179641158715394, 3.859743951637177, 3.9028339514834465, 3.949891324532963, 4.017304268125299, 4.044648694365064, 4.076517236903137, 4.108669380207403, 4.149229029463288, 4.159952698586895, 4.161228898782771, 4.1743909156203705, 4.182707352631877, 4.203242416995662, 4.219855988033877, 4.231879912612369, 4.239287778569536, 4.244149636507741, 4.243643798509697, 4.221530089961603, 4.19415916999093, 4.156187402298909, 4.097194388493122, 4.025462601995505, 3.9683240208517248, 3.952832827039284, 3.910080144787267, 3.855797661335432, 3.795621437978163, 3.794879646736301, 3.794081683656788, 3.7502330546942106, 3.772085410397542, 3.77486012918958, 2.1590685168562964, 2.2737496782822757, 2.388031289235277, 2.481571420794684, 2.527967153753549, 2.5513649910340312, 2.570622559404113, 2.5850085036005077, 2.5996727433985836, 2.629521880753917, 2.6657803984263326, 2.688304902444211, 2.700229485733039, 2.7065985329843683, 2.699796812422493, 2.693301765311549, 2.6847544372819816, 2.67441135358283, 2.663393616082699, 2.669074858791391, 2.6698568805949, 2.6711329484780295, 2.6744437245046315, 2.678632449605386, 2.677809451733161, 2.6760868813840974, 2.6766339375029693, 2.6751353759023035, 2.675065760545645, 2.663042590239425, 2.658706079152198, 2.6537561875210427, 2.6470534327335677, 2.6390495944625916, 2.6477290898796495, 1.1317206332467142, 1.1310475695351658, 1.1296940545628817, 1.1284393972277118, 1.1276007523065439, 1.126434243369459, 1.124188361741706, 1.1233226850547506, 1.1218692709629425, 1.1192885056808208, 1.1184139534808069, 1.1181007034080848, 1.1171837775527005, 1.1188800734920377, 1.1174369346718345, 1.1181808882492037, 1.118713264224134, 1.1179863780953256, 1.117034861332112, 1.1158973097868392, 1.1154053165611635, 1.1151349537579072, 1.1136455912396699, 1.1130367040747406, 1.110198290842892, 1.1111599777898826, 1.1123060860044482, 1.1138824499824527, 1.114364018009279, 1.114708034183433, 1.1153933497657058, 1.1152970020123487, 1.1110484225343074, 1.1052031574369954, 1.0949559019443202, 2.750698861914925, 2.7329065315670813, 2.726547150812481, 2.721599109667329, 2.718169204947271, 2.715178548092135, 2.716124130673249, 2.7122176096124813, 2.708682761291684, 2.7076303386511333, 2.702875705075651, 2.708116534577852, 2.7124348442411303, 2.716475838745212, 2.7146626166715144, 2.714873455737501, 2.7169670427380073, 2.716253317088089, 2.709651974698377, 2.7044132189711028, 2.6984954427493215, 2.711488809941043, 2.721706862313139, 2.7279979088695754, 2.720634801195169, 2.723407042966139, 2.722398109930076, 2.7280342352659215, 2.7329030254516153, 2.7348873455131355, 2.7440596307007876, 2.7431501748733043, 2.73706877564857, 2.7290916710600817, 2.7250901649230936, 4.21191260872435, 4.204848270068434, 4.208646522449888, 4.214319351826044, 4.220098683831212, 4.218998314144439, 4.2183616061638025, 4.21707697605947, 4.214421174584713, 4.1955888197649225, 4.210746626256911, 4.188687500442125, 4.13020872336964, 4.074087733525544, 4.021531768966435, 4.015059801932779, 4.048764948012357, 4.076231060211612, 4.099486505625244, 4.115949360207132, 4.1362270680587985, 4.163953518028677, 4.18227124087335, 4.196778298855675, 4.184609865423843, 4.183605334020112, 4.182183957040726, 4.181620294875192, 4.182266998091485, 4.1870215740367716, 4.245984895288155, 4.281918622813605, 4.310268758685034, 4.327447499208887],