{"O23": 3.3693969631523744, "O34": [4.596285089627681, 4.599627186056842, 4.582582388897064, 4.570357373695835, 4.563887824625475, 4.573412158166388, 4.574594839355516, 4.579054130111902, 4.5729015767001435, 4.564186726458318, 4.553082175139489, 4.5489951586694986, 4.548724749132389, 4.570993812321295, 4.597848577934803, 4.623169628128828, 4.622316055667892, 4.638666381597904, 4.6676680798204515, 4.720201232157972, 4.724948255280134, 4.735082353709927, 4.720440477315207, 4.7435028554542535, 4.772866311862596, 4.766004620459038, 4.770669726183384, 4.780165098410768, 4.79554141022821, 4.83821229845672, 4.895474191349708, 4.9326290257449195, 4.9419430937434, 4.909977077554139, 4.852846681552234, 4.783183137277097, 4.757958941739471, 4.707466608404126, 4.651086366809691, 4.6212722866268425, 4.603189657294861, 4.603537437974434, 4.586259167738371, 4.562150675673907, 4.556955256914946, 4.552771554069111, 4.535241702698556, 4.544255128443679, 4.53710456131108, 4.517021490819532, 4.495229938001881, 4.474260319181471, 4.48503494127405, 4.494695726003728, 4.505940104054449, 4.504701845476338, 4.5161650535951265, 4.525870897536477, 4.534921648140564, 4.542288004449653, 4.546560812299073, 4.547864846222177, 4.572661004599722, 4.589213575536318, 4.623659049694463, 4.627417805721932, 4.610299941815007, 4.59401705551381, 4.610808593844307, 4.629365408510002, 4.637064779564197, 4.612184514293765, 4.601881943197499, 4.593010969448289, 4.587117519324095, 4.586556837076947, 4.592139582830298, 4.598707997126358, 4.607284066139098, 4.60875234670615, 4.6078357077287215, 4.585281862232542, 4.563358899943672, 4.542573436953112, 4.543971829483481, 4.543734284702829, 4.544350027554334, 4.540849577853189, 4.546490995058707, 4.552506910467514, 4.56247963694387, 4.579288147745288, 4.596811934722108, 4.624639305909512, 4.633648324741706, 4.63449759532363, 4.627057204452591, 4.620902183102048, 4.624214516894285, 4.632513722524607, 4.6423841951185025, 4.667767502386888, 4.710273925958602, 4.768585635180804, 4.854984181208398, 3.3482075080519316, 3.3482075080519316, 3.3482075080519316, 3.3482075080519316, 3.3482075080519316, 3.3482075080519316, 3.3482075080519316, 3.3482075080519316, 3.3482075080519316, 3.2377535157601542, 1.8566131313716703, 1.8566131313716703, 1.8566131313716703, 1.8566131313716703, 1.8566131313716703, 1.8566131313716703, 1.8566131313716703, 1.8566131313716703, 1.8566131313716703, 1.8526702309835466, 2.922296500730175, 2.922296500730175, 2.922296500730175, 2.922296500730175, 2.922296500730175, 2.922296500730175, 2.922296500730175, 2.922296500730175, 2.922296500730175, 2.9171537995395687, 4.598201959735405, 4.5826423643916705, 4.569739738717114, 4.562550653967792, 4.558748086170847, 4.550485743444558, 4.547787019552925, 4.557477245092104, 4.571577253073002, 4.582289950130794, 4.600033070898107, 4.616338310430561, 4.62058108653327, 4.626557809417837, 4.612918544839388, 4.589338981621838, 4.6018163085271215, 4.620446437028637, 4.631044043804621, 4.617191525675171, 4.6242759872814805, 4.646485863271019, 4.666993497008444, 4.71678015115546, 4.73803710292383, 4.728222065568486, 4.800606586119783, 4.825862565772158, 4.8203098389489645, 4.825424832685528, 4.861595648510821, 4.955518772764283, 5.0, 5.0, 5.0, 5.0, 5.0, 5.0, 5.0, 5.0, 5.0, 5.0], "O35": 3.953973370464179, "O46": 2.8617480503020265, "O22": [3.5960307044568425, 3.5991148210439396, 3.583385729212387, 3.5721043754397526, 3.566134217479964, 3.574923357972223, 3.576014746790575, 3.580129820331978, 3.574452188811643, 3.5664100467745774, 3.556162667131116, 3.5523911316431342, 3.5521415952948012, 3.5726916867166874, 3.5974735055022147, 3.6208399979303563, 3.6200523136008163, 3.635140541147216, 3.6619035686175514, 3.7103816331889314, 3.714762228740469, 3.7241140657460954, 3.7106024107677493, 3.7318845803472778, 3.758981441518996, 3.752649411093839, 3.7569544125352943, 3.76571682726744, 3.779906225846959, 3.81928330456421, 3.872125093370457, 3.906411908092282, 3.9150070136544146, 3.8855084869534764, 3.8327880446587788, 3.7685019006264664, 3.7452247865447204, 3.698630008069144, 3.646601814995856, 3.6190891141597374, 3.602402301482973, 3.6027232366161384, 3.5867786937338826, 3.5645311608329315, 3.559736781762472, 3.555876023218901, 3.5396993190072723, 3.5480169891991173, 3.5414183816579405, 3.5228855439210074, 3.5027761033563642, 3.4834251508629426, 3.4933680688546196, 3.502283127728806, 3.5126595407356924, 3.5115168646038653, 3.522095215962021, 3.5310518558812376, 3.5394039697880024, 3.5462017095184, 3.5501446949591826, 3.5513480691698405, 3.5742301867177386, 3.589505047771784, 3.6212916405447, 3.624760254349504, 3.6089637358677567, 3.5939377422162377, 3.609433124526605, 3.6265575196861204, 3.6336625684128014, 3.6107028362691134, 3.6011955311744734, 3.5930093169632604, 3.5875707882826804, 3.587053385671723, 3.592205193569671, 3.5982665852472557, 3.606180658720271, 3.607535601208419, 3.6066897185313063, 3.5858768274397548, 3.565646121035397, 3.5464651091949424, 3.547755558375449, 3.5475363499194046, 3.548104562950346, 3.544874316542312, 3.5500802669830183, 3.5556318077276203, 3.5648347292459652, 3.5803457739048614, 3.596516881839511, 3.6221962297797865, 3.630509833232819, 3.631293547749788, 3.6244274882610084, 3.618747579304608, 3.62180423066317, 3.6294628121214645, 3.638571372839135, 3.661995316654383, 3.701220625909929, 3.755031194649061, 3.8349895451300258, 2.448836161600096, 2.448836161600096, 2.448836161600096, 2.448836161600096, 2.448836161600096, 2.448836161600096, 2.448836161600096, 2.448836161600096, 2.448836161600096, 2.3474408563649933, 1.092173084554026, 1.092173084554026, 1.092173084554026, 1.092173084554026, 1.092173084554026, 1.092173084554026, 1.092173084554026, 1.092173084554026, 1.092173084554026, 1.0853478017119218, 2.055596191830187, 2.055596191830187, 2.055596191830187, 2.055596191830187, 2.055596191830187, 2.055596191830187, 2.055596191830187, 2.055596191830187, 2.055596191830187, 2.0502823269032144, 3.5977996094001465, 3.5834410751372148, 3.5715344163368306, 3.5649002643931658, 3.561391220694189, 3.5537666566546577, 3.5512762500207984, 3.5602184771382843, 3.5732300910799575, 3.583115864093627, 3.59948937521912, 3.6145359966331094, 3.61845126850843, 3.6239666420398278, 3.6113802062460656, 3.589620773633282, 3.6011349629114413, 3.6183270127367955, 3.6281065794052387, 3.615323351320217, 3.6218609560882986, 3.642356429031281, 3.6612810575428463, 3.707224628928494, 3.726840734845705, 3.717783330263818, 3.7845804156301917, 3.807886860378355, 3.802762754218639, 3.8074829163564483, 3.8408616699083393, 3.927534772124843, 3.980565522929122, 3.979293474500132, 4.01505240731834, 4.069086869825261, 4.0423645717639065, 4.035116521422965, 4.028115558464578, 4.0436140774651035, 4.065637829881966, 4.082665570657147, 4.113124328812897],