{"O23": 5.0, "O34": [4.237644097341337, 4.237644097341337, 4.237644097341337, 4.237644097341337, 4.237644097341337, 4.237644097341337, 4.237644097341337, 4.237644097341337, 3.0248328863772556, 3.0248328863772556, 3.0248328863772556, 3.0248328863772556, 3.0248328863772556, 3.0248328863772556, 3.0248328863772556, 3.0248328863772556, 4.034413272483454, 4.034413272483454, 4.034413272483454, 4.034413272483454, 4.034413272483454, 4.034413272483454, 4.034413272483454, 4.034413272483454, 3.674254271792777, 3.674254271792777, 3.674254271792777, 3.674254271792777, 3.674254271792777, 3.674254271792777, 3.674254271792777, 3.674254271792777, 4.379843137943341, 4.379843137943341, 4.379843137943341, 4.379843137943341, 3.695720165310277, 3.695498243921104, 3.695498243921104, 3.695498243921104, 3.695498243921104, 3.695498243921104, 3.695498243921104, 3.695498243921104, 4.443259818268675, 4.443259818268675, 4.443259818268675, 4.443259818268675, 4.443259818268675, 4.443259818268675, 4.443259818268675, 4.443259818268675, 3.5054296798651547, 3.5054296798651547, 3.5054296798651547, 3.5054296798651547, 3.5054296798651547, 3.5054296798651547, 3.5054296798651547], "O35": 3.7138828474888066, "O46": 3.6702689100166053, "O22": [3.2650735772260933, 3.2650735772260933, 3.2650735772260933, 3.2650735772260933, 3.2650735772260933, 3.2650735772260933, 3.2650735772260933, 3.2650735772260933, 2.150267154775534, 2.150267154775534, 2.150267154775534, 2.150267154775534, 2.150267154775534, 2.150267154775534, 2.150267154775534, 2.150267154775534, 3.0775303476278473, 3.0775303476278473, 3.0775303476278473, 3.0775303476278473, 3.0775303476278473, 3.0775303476278473, 3.0775303476278473, 3.0775303476278473, 2.7498723342110716, 2.7498723342110716, 2.7498723342110716, 2.7498723342110716, 2.7498723342110716, 2.7498723342110716, 2.7498723342110716, 2.7498723342110716, 3.396296128425799, 3.396296128425799, 3.396296128425799, 3.396296128425799, 2.76948671095627, 2.76948671095627, 2.76948671095627, 2.76948671095627, 2.76948671095627, 2.76948671095627, 2.76948671095627, 2.76948671095627, 3.4548176103266357, 3.4548176103266357, 3.4548176103266357, 3.4548176103266357, 3.4548176103266357, 3.4548176103266357, 3.4548176103266357, 3.4548176103266357, 2.593998040556383, 2.593998040556383, 2.593998040556383, 2.593998040556383, 2.593998040556383, 2.593998040556383, 2.593998040556383], "O21": [4.553999999999999, 4.553999999999999, 4.553999999999999, 4.553999999999999, 4.553999999999999, 4.553999999999999, 4.553999999999999, 4.553999999999999, 4.531000000000001, 4.531000000000001, 4.531000000000001, 4.531000000000001, 4.531000000000001, 4.531000000000001, 4.531000000000001, 4.531000000000001, 4.553999999999999, 4.553999999999999, 4.553999999999999, 4.553999999999999, 4.553999999999999, 4.553999999999999, 4.553999999999999, 4.553999999999999, 4.531000000000001, 4.531000000000001, 4.531000000000001, 4.531000000000001, 4.531000000000001, 4.531000000000001, 4.531000000000001, 4.531000000000001, 4.553999999999999, 4.553999999999999, 4.553999999999999, 4.553999999999999, 4.532, 4.531000000000001, 4.531000000000001, 4.531000000000001, 4.531000000000001, 4.531000000000001, 4.531000000000001, 4.531000000000001, 4.553999999999999, 4.553999999999999, 4.553999999999999, 4.553999999999999, 4.553999999999999, 4.553999999999999, 4.553999999999999, 4.553999999999999, 4.531000000000001, 4.531000000000001, 4.531000000000001, 4.531000000000001, 4.531000000000001, 4.531000000000001, 4.531000000000001], "mode": "1"}