{"O23": 3.0762898993329473, "O34": [4.6978235599021225, 4.694664243328421, 4.702809383144723, 4.69178284642237, 4.687918308071332, 4.71485980463783, 4.737246287978066, 4.759269016779393, 4.753822081815372, 4.71267599797185, 4.69676627376047, 4.674433297832873, 4.667086552985444, 4.748820214142279, 4.817167103781988, 4.903412063037131, 4.984861917174267, 5.0, 5.0, 5.0, 5.0, 5.0, 5.0, 5.0, 5.0, 5.0, 5.0, 5.0, 5.0, 5.0, 5.0, 5.0, 5.0, 5.0, 5.0, 5.0, 5.0, 5.0, 5.0, 5.0, 5.0, 5.0, 5.0, 5.0, 5.0, 5.0, 5.0, 5.0, 5.0, 5.0, 5.0, 5.0, 5.0, 5.0, 5.0, 5.0, 5.0, 5.0, 5.0, 5.0], "O35": 4.932592048273878, "O46": 3.1771046275302726, "O22": [3.6897313163450773, 3.686815870649427, 3.694332278791483, 3.6841568917179934, 3.6805906610353842, 3.705452515922921, 3.7261109637145453, 3.746433735552209, 3.7414072550698396, 3.703437279527347, 3.6887556432022173, 3.6681465725313167, 3.6613669304337932, 3.7367914866789427, 3.799862609993968, 3.8794502326225206, 3.9546128892021337, 4.0262112795208225, 4.104843944113, 4.1495462523893245, 4.1852074598520765, 4.20688303523941, 4.227618846308233, 4.24783169559433, 4.2585528393064855, 4.268352906657278, 4.2752424287022786, 4.281853277032002, 4.28586342461613, 4.285933143685838, 4.286125617742816, 4.286555732041658, 4.2840611598603, 4.281497668656726, 4.278734723566979, 4.2761062973995205, 4.273354971587073, 4.268488183780724, 4.264874133321132, 4.261346635777761, 4.258339571974775, 4.254684942296, 4.257049103798028, 4.251218937908292, 4.247046003263262, 4.241757453340579, 4.2362190248826055, 4.217587535052507, 4.1915811591929035, 4.186908855481211, 4.1911800766420955, 4.195454474723846, 4.200839848073639, 4.20684348287933, 4.212591655089384, 4.2175055408908255, 4.222351769048971, 4.22749378763118, 4.231643493333419, 4.23412527136429], "O21": [4.553999999999999, 4.553999999999999, 4.553999999999999, 4.553999999999999, 4.553999999999999, 4.553999999999999, 4.553999999999999, 4.553999999999999, 4.553999999999999, 4.553999999999999, 4.553999999999999, 4.553999999999999, 4.553999999999999, 4.553999999999999, 4.553999999999999, 4.553999999999999, 4.553999999999999, 4.553999999999999, 4.553999999999999, 4.553999999999999, 4.553999999999999, 4.553999999999999, 4.553999999999999, 4.553999999999999, 4.553999999999999, 4.553999999999999, 4.553999999999999, 4.553999999999999, 4.553999999999999, 4.553999999999999, 4.553999999999999, 4.553999999999999, 4.553999999999999, 4.553999999999999, 4.553999999999999, 4.553999999999999, 4.553999999999999, 4.553999999999999, 4.553999999999999, 4.553999999999999, 4.553999999999999, 4.553999999999999, 4.553999999999999, 4.553999999999999, 4.553999999999999, 4.553999999999999, 4.553999999999999, 4.553999999999999, 4.553999999999999, 4.553999999999999, 4.553999999999999, 4.553999999999999, 4.553999999999999, 4.553999999999999, 4.553999999999999, 4.553999999999999, 4.553999999999999, 4.553999999999999, 4.553999999999999, 4.553999999999999, 4.553999999999999], "mode": "1"}