{"O23": 5.0, "O34": [2.8104970978029793, 2.8104970978029793, 2.8104970978029793, 2.8104970978029793, 2.8104970978029793, 2.8104970978029793, 2.8104970978029793, 2.8104970978029793, 1.9142520597484736, 1.9138881894277362, 1.9138881894277362, 1.9138881894277362, 1.9138881894277362, 1.9138881894277362, 1.9138881894277362, 1.9142520597484736, 2.5055261957086996, 2.5055261957086996, 2.5055261957086996, 2.5055261957086996, 2.5055261957086996, 2.5055261957086996, 2.5055261957086996, 2.5055261957086996, 1.9228886933889033, 1.9228886933889033, 1.9228886933889033, 1.9228886933889033, 1.9228886933889033, 1.9228886933889033, 1.9228886933889033, 1.9228886933889033, 2.9006430393999323, 2.900846898867787, 2.900846898867787, 2.900846898867787, 1.8367674477644718, 1.835686531546339, 1.835686531546339, 1.835686531546339, 1.835686531546339, 1.835686531546339, 1.835686531546339, 1.835686531546339, 2.601502362096894, 2.6016994221322407, 2.6016994221322407, 2.6016994221322407, 2.6016994221322407, 2.6016994221322407, 2.6016994221322407, 2.6016994221322407, 1.8685329378589013, 1.8678093983293693, 1.8678093983293693, 1.8678093983293693, 1.8678093983293693, 1.8678093983293693, 1.8678093983293693], "O35": 2.0795394665460063, "O46": 2.057799158484505, "O22": [1.9523727647019666, 1.9523727647019666, 1.9523727647019666, 1.9523727647019666, 1.9523727647019666, 1.9523727647019666, 1.9523727647019666, 1.9523727647019666, 1.1452029091488058, 1.1452029091488058, 1.1452029091488058, 1.1452029091488058, 1.1452029091488058, 1.1452029091488058, 1.1452029091488058, 1.1452029091488058, 1.6707957538743097, 1.6707957538743097, 1.6707957538743097, 1.6707957538743097, 1.6707957538743097, 1.6707957538743097, 1.6707957538743097, 1.6707957538743097, 1.1535362947886438, 1.1535362947886438, 1.1535362947886438, 1.1535362947886438, 1.1535362947886438, 1.1535362947886438, 1.1535362947886438, 1.1535362947886438, 2.035791958920165, 2.035791958920165, 2.035791958920165, 2.035791958920165, 1.0727975665577605, 1.0727975665577605, 1.0727975665577605, 1.0727975665577605, 1.0727975665577605, 1.0727975665577605, 1.0727975665577605, 1.0727975665577605, 1.7595916666385398, 1.7595916666385398, 1.7595916666385398, 1.7595916666385398, 1.7595916666385398, 1.7595916666385398, 1.7595916666385398, 1.7595916666385398, 1.1025394830010065, 1.1025394830010065, 1.1025394830010065, 1.1025394830010065, 1.1025394830010065, 1.1025394830010065, 1.1025394830010065], "O21": [4.531000000000001, 4.531000000000001, 4.531000000000001, 4.531000000000001, 4.531000000000001, 4.531000000000001, 4.531000000000001, 4.531000000000001, 4.41, 4.408, 4.408, 4.408, 4.408, 4.408, 4.408, 4.41, 4.531000000000001, 4.531000000000001, 4.531000000000001, 4.531000000000001, 4.531000000000001, 4.531000000000001, 4.531000000000001, 4.531000000000001, 4.408, 4.408, 4.408, 4.408, 4.408, 4.408, 4.408, 4.408, 4.53, 4.531000000000001, 4.531000000000001, 4.531000000000001, 4.414, 4.408, 4.408, 4.408, 4.408, 4.408, 4.408, 4.408, 4.53, 4.531000000000001, 4.531000000000001, 4.531000000000001, 4.531000000000001, 4.531000000000001, 4.531000000000001, 4.531000000000001, 4.412, 4.408, 4.408, 4.408, 4.408, 4.408, 4.408], "mode": "1"}