{"O23": 3.9275251454188056, "O34": [4.443665994860454, 4.44026989976822, 4.437810782712197, 4.435232245976424, 4.434158155040717, 4.435334982455214, 4.4353700610465365, 4.433113453926201, 4.43087359426176, 4.425827421621895, 4.420280045346703, 4.421680943611608, 4.420307063464255, 4.420237474366699, 4.4188558894692305, 4.418005293629705, 4.418283539519096, 4.419656669056797, 4.423824854594141, 4.429004568190573, 4.431365588463654, 4.435523591115286, 4.4379675860469945, 4.444674983241493, 4.443290386625168, 4.4415126455096345, 4.444579760986543, 4.445772031273984, 4.4523344669638085, 4.451159417585341, 4.448372144891824, 4.4469912588229334, 4.4461719923541265, 4.444558210034039, 4.445204451654006, 4.445360267485348, 4.4483275693052, 4.447235724465376, 4.443674407430909, 4.438481342034048, 4.436134332894637, 4.437128176711384, 4.432860477700261, 4.429064767028977, 4.433757207642238, 4.4401908423283745, 4.44544878821046, 4.447494897620594, 4.444172667930144, 4.443787185269987, 4.442820381684021, 4.444306735116241, 4.447662398941143, 4.451117269035702, 4.4531884258205485, 4.455158065240481, 4.453636561041475, 4.453302186364112, 4.456977822974492, 4.4623366516902205], "O35": 4.441841693179431, "O46": 3.5193331833750543, "O22": [3.4551924337318076, 3.4520584866936765, 3.449789191398689, 3.4474096945511863, 3.4464185137935153, 3.4475045006960876, 3.447536871535063, 3.4454544542266747, 3.443387491620929, 3.4387308382089654, 3.433611669582978, 3.4349044310778067, 3.433636602144399, 3.4335723847004664, 3.432297445754484, 3.4315125082779034, 3.431769276082469, 3.4330364123465533, 3.43688285137855, 3.441662737584041, 3.443841508287108, 3.4476785504607568, 3.4499338909236754, 3.4561235372676, 3.4548458190804214, 3.4532053036200825, 3.4560356653159157, 3.457135903040272, 3.4631917776063528, 3.4621074314913898, 3.459535311228242, 3.458261017167546, 3.4575049907155098, 3.45601577790348, 3.4566121354717483, 3.4567559237196814, 3.4594941764767473, 3.458486612256979, 3.4552001969273447, 3.450407989560557, 3.4482421484574197, 3.449159276453329, 3.445221005494389, 3.4417182896125302, 3.4460485159348613, 3.451985531778483, 3.456837611439473, 3.4587257795712327, 3.455659996188963, 3.4553042693296625, 3.4544120943014582, 3.4557837145918247, 3.4588803512935073, 3.4620685364314125, 3.463979818505409, 3.4657974194437338, 3.4643933617102256, 3.4640847977562466, 3.46747670821679, 3.4724218834622986], "O21": [4.553999999999999, 4.553999999999999, 4.553999999999999, 4.553999999999999, 4.553999999999999, 4.553999999999999, 4.553999999999999, 4.553999999999999, 4.553999999999999, 4.553999999999999, 4.553999999999999, 4.553999999999999, 4.553999999999999, 4.553999999999999, 4.553999999999999, 4.553999999999999, 4.553999999999999, 4.553999999999999, 4.553999999999999, 4.553999999999999, 4.553999999999999, 4.553999999999999, 4.553999999999999, 4.553999999999999, 4.553999999999999, 4.553999999999999, 4.553999999999999, 4.553999999999999, 4.553999999999999, 4.553999999999999, 4.553999999999999, 4.553999999999999, 4.553999999999999, 4.553999999999999, 4.553999999999999, 4.553999999999999, 4.553999999999999, 4.553999999999999, 4.553999999999999, 4.553999999999999, 4.553999999999999, 4.553999999999999, 4.553999999999999, 4.553999999999999, 4.553999999999999, 4.553999999999999, 4.553999999999999, 4.553999999999999, 4.553999999999999, 4.553999999999999, 4.553999999999999, 4.553999999999999, 4.553999999999999, 4.553999999999999, 4.553999999999999, 4.553999999999999, 4.553999999999999, 4.553999999999999, 4.553999999999999, 4.553999999999999], "mode": "1"}