{"O23": 4.594340904953616, "O34": [4.65370362858643, 4.65370362858643, 4.65370362858643, 4.65370362858643, 4.65370362858643, 3.118047229405651, 3.118047229405651, 3.118047229405651, 3.118047229405651, 3.1182560256993286, 4.819591074342956, 4.819591074342956, 4.819591074342956, 4.819591074342956, 4.819591074342956, 2.9989608566458883, 2.9989608566458883, 2.9989608566458883, 2.9989608566458883, 2.9991669461818056, 4.520702898420572, 4.520702898420572, 4.520702898420572, 4.520702898420572, 4.520702898420572, 2.903207342934493, 2.903207342934493, 2.903207342934493, 2.903207342934493, 2.9034112560537446, 4.495827266752743, 4.501147834371259, 4.499814179726437, 4.499294728055427, 4.4990720225510845, 4.497842234375642, 4.495930013168601, 4.496559873225789, 4.4985372171465015, 4.497768958064607, 4.4972115641107795, 4.500549298794133, 4.506020071082108, 4.515340671697726, 4.522382280109686, 4.530896353006081, 4.53971114942825, 4.562891652264336, 4.575753051134699, 4.559008447130092, 4.55848233645024, 4.557993479622791, 4.568175106010653, 4.579459123783165, 4.591953046531524, 4.611706847225757, 4.640674036460636, 4.669203588751137, 4.684524452200527, 4.690243985264445], "O35": 4.057827165849616, "O46": 3.750676277004686, "O22": [3.649017047658799, 3.649017047658799, 3.649017047658799, 3.649017047658799, 3.649017047658799, 2.2363311559505887, 2.2363311559505887, 2.2363311559505887, 2.2363311559505887, 2.2363311559505887, 3.8020994717878067, 3.8020994717878067, 3.8020994717878067, 3.8020994717878067, 3.8020994717878067, 2.126379732251695, 2.126379732251695, 2.126379732251695, 2.126379732251695, 2.126379732251695, 3.5262827799035383, 3.5262827799035383, 3.5262827799035383, 3.5262827799035383, 3.5262827799035383, 2.0379713366246106, 2.0379713366246106, 2.0379713366246106, 2.0379713366246106, 2.0379713366246106, 3.503327323689928, 3.5082371912514563, 3.5070064827728897, 3.5065271281077233, 3.5063216134690705, 3.505186753900865, 3.5034221390048446, 3.5040033795199217, 3.50582809024073, 3.5051191338632344, 3.504604765718873, 3.5076848572477823, 3.5127333350266863, 3.521334468946558, 3.5278325284021963, 3.535689391302504, 3.543823764572015, 3.5652149406823868, 3.5770835550177646, 3.561631484124661, 3.5611459844663567, 3.5606948629974804, 3.5700905592294747, 3.5805035521274804, 3.5920330561986114, 3.6102620408106993, 3.6369932230774236, 3.663320550043174, 3.6774587803708902, 3.6827368168269796], "O21": [4.553999999999999, 4.553999999999999, 4.553999999999999, 4.553999999999999, 4.553999999999999, 4.531000000000001, 4.531000000000001, 4.531000000000001, 4.531000000000001, 4.532, 4.553999999999999, 4.553999999999999, 4.553999999999999, 4.553999999999999, 4.553999999999999, 4.531000000000001, 4.531000000000001, 4.531000000000001, 4.531000000000001, 4.532, 4.553999999999999, 4.553999999999999, 4.553999999999999, 4.553999999999999, 4.553999999999999, 4.531000000000001, 4.531000000000001, 4.531000000000001, 4.531000000000001, 4.532, 4.553999999999999, 4.553999999999999, 4.553999999999999, 4.553999999999999, 4.553999999999999, 4.553999999999999, 4.553999999999999, 4.553999999999999, 4.553999999999999, 4.553999999999999, 4.553999999999999, 4.553999999999999, 4.553999999999999, 4.553999999999999, 4.553999999999999, 4.553999999999999, 4.553999999999999, 4.553999999999999, 4.553999999999999, 4.553999999999999, 4.553999999999999, 4.553999999999999, 4.553999999999999, 4.553999999999999, 4.553999999999999, 4.553999999999999, 4.553999999999999, 4.553999999999999, 4.553999999999999, 4.553999999999999], "mode": "1"}