{"O23": 3.3537151620398498, "O34": [2.988133485071271, 2.9893366130389745, 2.9792412678088995, 2.97653736154965, 2.9688141462386652, 2.966335260252074, 2.9631663743751924, 2.964615363307637, 2.9646532122891087, 2.9651093788582212, 2.9569886345551564, 2.9498758706427255, 2.94063766849783, 2.9401669379094892, 2.9282015143415796, 2.9221138911084363, 2.923795732711158, 2.9157901901557595, 2.919059091980806, 2.9133894246667524, 2.919314485663129, 2.921892418591845, 2.9330220390002086, 2.9390920504196574, 2.938439381769089, 2.9372857642059227, 2.9329341912528064, 2.9236931246852476, 2.911493794135739, 2.895029862219203, 2.8848988169859413, 2.8834226683731043, 2.8788556778138883, 2.8645441387838746, 2.864189127300056, 2.8570126122319084, 2.8658468925014726, 2.86539289342539, 2.8580197044395055, 2.861671158874126, 2.8484435840260285, 2.8530972516223563, 2.853616769200153, 2.862457962625292, 2.8834104889641714, 2.897927595735391, 2.8975074823222675, 2.898714982896698, 2.903780968488929, 2.913431683882222, 2.919533258893675, 2.9258794945702564, 2.9285879203299956, 2.9374367160160366, 2.941698006677059, 2.953150915120645, 2.9500189688338168], "O35": 2.9130803239957257, "O46": 2.266817519935409, "O22": [2.1163829132038283, 2.1174937509082215, 2.1081728054880613, 2.1056763120953828, 2.098545533826664, 2.0962567997163153, 2.093330994641999, 2.09466883366047, 2.0947037792995213, 2.0951249539692625, 2.0876271406013305, 2.081059986858361, 2.0725304342764, 2.0720958127729716, 2.0610482401081627, 2.0554275899370738, 2.05698041982323, 2.0495889712380597, 2.0526071201770733, 2.0473723651112112, 2.0528429229673026, 2.0552231062674053, 2.0654989890638062, 2.071103378398792, 2.0705007750473707, 2.0694356498736446, 2.0654178799942144, 2.0568856827154454, 2.0456221457463766, 2.0304211390152656, 2.021067232089221, 2.019704316771446, 2.015487653669126, 2.0022739327772596, 2.001946153727728, 1.9953201390910138, 2.003476754079642, 2.0030575806375728, 1.9962499786642183, 1.9996213351372891, 1.9874084290513339, 1.991705120316504, 1.9921847864276767, 2.0003477842733868, 2.019693071627934, 2.0330965914471535, 2.0327087043462417, 2.033823579240816, 2.0385009601652277, 2.04741138268138, 2.053044914409382, 2.0589043392251543, 2.061405005433763, 2.0695750223815756, 2.0735094353972396, 2.0840838072559387, 2.0811921081873983], "O21": [4.531000000000001, 4.531000000000001, 4.531000000000001, 4.531000000000001, 4.531000000000001, 4.531000000000001, 4.531000000000001, 4.531000000000001, 4.531000000000001, 4.531000000000001, 4.531000000000001, 4.531000000000001, 4.531000000000001, 4.531000000000001, 4.531000000000001, 4.531000000000001, 4.531000000000001, 4.531000000000001, 4.531000000000001, 4.531000000000001, 4.531000000000001, 4.531000000000001, 4.531000000000001, 4.531000000000001, 4.531000000000001, 4.531000000000001, 4.531000000000001, 4.531000000000001, 4.531000000000001, 4.531000000000001, 4.531000000000001, 4.531000000000001, 4.531000000000001, 4.531000000000001, 4.531000000000001, 4.531000000000001, 4.531000000000001, 4.531000000000001, 4.531000000000001, 4.531000000000001, 4.531000000000001, 4.531000000000001, 4.531000000000001, 4.531000000000001, 4.531000000000001, 4.531000000000001, 4.531000000000001, 4.531000000000001, 4.531000000000001, 4.531000000000001, 4.531000000000001, 4.531000000000001, 4.531000000000001, 4.531000000000001, 4.531000000000001, 4.531000000000001, 4.531000000000001], "mode": "1"}