{"O23": 3.009214889839177, "O34": [4.393618559579048, 4.393618559579048, 4.393618559579048, 4.393618559579048, 4.393618559579048, 4.393618559579048, 4.393618559579048, 4.393618559579048, 4.393618559579048, 4.387362004618035, 2.733013723741413, 2.729814171703187, 2.729814171703187, 2.729814171703187, 2.729814171703187, 2.729814171703187, 2.729814171703187, 2.729814171703187, 2.729814171703187, 2.729814171703187, 4.417732776816623, 4.417970995018811, 4.417970995018811, 4.417970995018811, 4.417970995018811, 4.417970995018811, 4.417970995018811, 4.417970995018811, 4.417970995018811, 4.417970995018811, 2.8060215786087674, 2.802190854117294, 2.802190854117294, 2.802190854117294, 2.802190854117294, 2.802190854117294, 2.802190854117294, 2.802190854117294, 2.802190854117294, 2.802190854117294, 4.3818373347861055, 4.3825495753354335, 4.3825495753354335, 4.3825495753354335, 4.3825495753354335, 4.3825495753354335, 4.3825495753354335, 4.3825495753354335, 4.3825495753354335, 4.3825495753354335, 2.7748321358168493, 2.7708140577406963, 2.7708140577406963, 2.7708140577406963, 2.7708140577406963, 2.7708140577406963, 2.7708140577406963, 2.7708140577406963, 2.7708140577406963], "O35": 3.129018774990069, "O46": 2.265779265698227, "O22": [3.4090082111742923, 3.4090082111742923, 3.4090082111742923, 3.4090082111742923, 3.4090082111742923, 3.4090082111742923, 3.4090082111742923, 3.4090082111742923, 3.4090082111742923, 3.403234606090675, 1.877878912993501, 1.877878912993501, 1.877878912993501, 1.877878912993501, 1.877878912993501, 1.877878912993501, 1.877878912993501, 1.877878912993501, 1.877878912993501, 1.877878912993501, 3.4314808572118682, 3.4314808572118682, 3.4314808572118682, 3.4314808572118682, 3.4314808572118682, 3.4314808572118682, 3.4314808572118682, 3.4314808572118682, 3.4314808572118682, 3.4314808572118682, 1.9447036813495546, 1.9447036813495546, 1.9447036813495546, 1.9447036813495546, 1.9447036813495546, 1.9447036813495546, 1.9447036813495546, 1.9447036813495546, 1.9447036813495546, 1.9447036813495546, 3.398793653147127, 3.398793653147127, 3.398793653147127, 3.398793653147127, 3.398793653147127, 3.398793653147127, 3.398793653147127, 3.398793653147127, 3.398793653147127, 3.398793653147127, 1.9157337551290547, 1.9157337551290547, 1.9157337551290547, 1.9157337551290547, 1.9157337551290547, 1.9157337551290547, 1.9157337551290547, 1.9157337551290547, 1.9157337551290547], "O21": [4.553999999999999, 4.553999999999999, 4.553999999999999, 4.553999999999999, 4.553999999999999, 4.553999999999999, 4.553999999999999, 4.553999999999999, 4.553999999999999, 4.553999999999999, 4.547, 4.531000000000001, 4.531000000000001, 4.531000000000001, 4.531000000000001, 4.531000000000001, 4.531000000000001, 4.531000000000001, 4.531000000000001, 4.531000000000001, 4.553, 4.553999999999999, 4.553999999999999, 4.553999999999999, 4.553999999999999, 4.553999999999999, 4.553999999999999, 4.553999999999999, 4.553999999999999, 4.553999999999999, 4.55, 4.531000000000001, 4.531000000000001, 4.531000000000001, 4.531000000000001, 4.531000000000001, 4.531000000000001, 4.531000000000001, 4.531000000000001, 4.531000000000001, 4.551, 4.553999999999999, 4.553999999999999, 4.553999999999999, 4.553999999999999, 4.553999999999999, 4.553999999999999, 4.553999999999999, 4.553999999999999, 4.553999999999999, 4.551, 4.531000000000001, 4.531000000000001, 4.531000000000001, 4.531000000000001, 4.531000000000001, 4.531000000000001, 4.531000000000001, 4.531000000000001], "mode": "1"}