{"O23": 2.250179787116873, "O34": [4.223013195612263, 4.280141003333597, 4.230836780263679, 4.2046968539431955, 4.187645142475089, 4.1686701815891585, 4.155711267755724, 4.174008435950911, 4.1698363110631, 4.195823136518791, 4.183089197225171, 4.142327870101611, 4.115550497434114, 4.072782674323008, 4.056680527885923, 4.042171919424323, 4.037498846341532, 4.037049852680438, 4.030945895250111, 4.037922118026742, 4.050823654009739, 4.035390774966657, 4.0425895705882064, 4.039171773637385, 4.033531841669349, 4.036277633764392, 4.034491908717974, 3.988665843036004, 3.991585612218095, 3.9757455472195957, 3.976887972665052, 3.9600428277703545, 3.9737475891299523, 3.9626758803028563, 3.972866068694464, 3.967941210304957, 3.9784068500126475, 3.96192334625503, 3.9681343201114125, 3.903182097761768, 3.9160807425899504, 3.8595363141882553, 3.8753753550408905, 3.8270898680697036, 3.8443490228651997, 3.7873371250792527, 3.7992290606971975, 3.7762742875342012, 3.773530477931504, 3.7675076794881694, 3.767139112878463, 3.7718076972804875, 3.7604983362746176, 3.768168840684944, 3.753728897019539, 3.760243351345264, 3.700933243573996, 3.702836370179742, 3.6343854476847017], "O35": 3.87459527722276, "O46": 2.203018820236035, "O22": [3.251572049767727, 3.3042901035738788, 3.258791723916999, 3.2346695652482453, 3.2189340928308976, 3.2014238285856167, 3.1894652265669166, 3.206350017632579, 3.2024999433326076, 3.2264808191489327, 3.2147298256551875, 3.177114907067868, 3.1524045071876836, 3.1129379760905813, 3.09807877080818, 3.0846900966748763, 3.0803777428835253, 3.0799634075024156, 3.0743306207899956, 3.0807683417943807, 3.0926739950176128, 3.0784323956944646, 3.085075508918196, 3.081921535210141, 3.0767169553599163, 3.0792507969544176, 3.0776029138509857, 3.0353142090554024, 3.0380085982676377, 3.0233912440894906, 3.0244454845462028, 3.008900633617161, 3.021547510428538, 3.011330438131277, 3.02073403545719, 3.0161893319245046, 3.025847118197647, 3.0106359929563844, 3.016367535387464, 2.95642904152191, 2.968332026761524, 2.9161523206285773, 2.930768729715728, 2.886210448876033, 2.9021373518581317, 2.849526260780887, 2.8605002457239848, 2.8393173749823353, 2.8367853628495676, 2.831227470378914, 2.830887353802825, 2.8351955653992693, 2.824759185538013, 2.831837595866595, 2.818512286223628, 2.8245238831561856, 2.7697919832732723, 2.7715482055895744, 2.7083810798217374], "O21": [4.553999999999999, 4.553999999999999, 4.553999999999999, 4.553999999999999, 4.553999999999999, 4.553999999999999, 4.553999999999999, 4.553999999999999, 4.553999999999999, 4.553999999999999, 4.553999999999999, 4.553999999999999, 4.553999999999999, 4.553999999999999, 4.553999999999999, 4.553999999999999, 4.553999999999999, 4.553999999999999, 4.553999999999999, 4.553999999999999, 4.553999999999999, 4.553999999999999, 4.553999999999999, 4.553999999999999, 4.553999999999999, 4.553999999999999, 4.553999999999999, 4.553999999999999, 4.553999999999999, 4.553999999999999, 4.553999999999999, 4.553999999999999, 4.553999999999999, 4.553999999999999, 4.553999999999999, 4.553999999999999, 4.553999999999999, 4.553999999999999, 4.553999999999999, 4.553999999999999, 4.553999999999999, 4.553999999999999, 4.553999999999999, 4.553999999999999, 4.553999999999999, 4.553999999999999, 4.553999999999999, 4.553999999999999, 4.553999999999999, 4.553999999999999, 4.553999999999999, 4.553999999999999, 4.553999999999999, 4.553999999999999, 4.553999999999999, 4.553999999999999, 4.553999999999999, 4.553999999999999, 4.553999999999999, 4.553999999999999], "mode": "1"}