{"O23": 3.009214889839177, "O34": [5.0, 5.0, 5.0, 5.0, 5.0, 5.0, 5.0, 5.0, 5.0, 5.0, 3.6983493796656397, 3.6983493796656397, 3.6983493796656397, 3.6983493796656397, 3.6983493796656397, 3.6983493796656397, 3.6983493796656397, 3.6983493796656397, 3.6983493796656397, 3.6831917607205926, 5.0, 5.0, 5.0, 5.0, 5.0, 5.0, 5.0, 5.0, 5.0, 5.0, 3.7164847134045664, 3.7164847134045664, 3.7164847134045664, 3.7164847134045664, 3.7164847134045664, 3.7164847134045664, 3.7164847134045664, 3.7164847134045664, 3.7164847134045664, 3.7114190385577333, 5.0, 5.0, 5.0, 5.0, 5.0, 5.0, 5.0, 5.0, 5.0, 5.0, 3.641365498464248, 3.641365498464248, 3.641365498464248, 3.641365498464248, 3.641365498464248, 3.641365498464248, 3.641365498464248, 3.641365498464248, 3.641365498464248], "O35": 3.9224181450465445, "O46": 2.6753706827806947, "O22": [4.3225846823941225, 4.3225846823941225, 4.3225846823941225, 4.3225846823941225, 4.3225846823941225, 4.3225846823941225, 4.3225846823941225, 4.3225846823941225, 4.3225846823941225, 4.316973235803065, 2.7721191400663825, 2.7721191400663825, 2.7721191400663825, 2.7721191400663825, 2.7721191400663825, 2.7721191400663825, 2.7721191400663825, 2.7721191400663825, 2.7721191400663825, 2.758124240866158, 4.272510836562833, 4.272510836562833, 4.272510836562833, 4.272510836562833, 4.272510836562833, 4.272510836562833, 4.272510836562833, 4.272510836562833, 4.272510836562833, 4.271364757795648, 2.7888633377242638, 2.7888633377242638, 2.7888633377242638, 2.7888633377242638, 2.7888633377242638, 2.7888633377242638, 2.7888633377242638, 2.7888633377242638, 2.7888633377242638, 2.783981016152174, 4.256744257112443, 4.256744257112443, 4.256744257112443, 4.256744257112443, 4.256744257112443, 4.256744257112443, 4.256744257112443, 4.256744257112443, 4.256744257112443, 4.256744257112443, 2.719506412675473, 2.719506412675473, 2.719506412675473, 2.719506412675473, 2.719506412675473, 2.719506412675473, 2.719506412675473, 2.719506412675473, 2.719506412675473], "O21": [4.553999999999999, 4.553999999999999, 4.553999999999999, 4.553999999999999, 4.553999999999999, 4.553999999999999, 4.553999999999999, 4.553999999999999, 4.553999999999999, 4.553999999999999, 4.531000000000001, 4.531000000000001, 4.531000000000001, 4.531000000000001, 4.531000000000001, 4.531000000000001, 4.531000000000001, 4.531000000000001, 4.531000000000001, 4.531000000000001, 4.553999999999999, 4.553999999999999, 4.553999999999999, 4.553999999999999, 4.553999999999999, 4.553999999999999, 4.553999999999999, 4.553999999999999, 4.553999999999999, 4.553999999999999, 4.531000000000001, 4.531000000000001, 4.531000000000001, 4.531000000000001, 4.531000000000001, 4.531000000000001, 4.531000000000001, 4.531000000000001, 4.531000000000001, 4.532, 4.553999999999999, 4.553999999999999, 4.553999999999999, 4.553999999999999, 4.553999999999999, 4.553999999999999, 4.553999999999999, 4.553999999999999, 4.553999999999999, 4.553999999999999, 4.531000000000001, 4.531000000000001, 4.531000000000001, 4.531000000000001, 4.531000000000001, 4.531000000000001, 4.531000000000001, 4.531000000000001, 4.531000000000001], "mode": "1"}