{"O23": 5.0, "O34": [3.1339548645449504, 3.073187033084537, 3.0430767712248947, 2.98428944906136, 2.9476296385288467, 2.9489430308348177, 2.9095521290608457, 2.895921015399785, 2.888500498127269, 2.8725263107993757, 2.864924586347705, 2.8509813384403517, 2.841286828820947, 2.8257454024131192, 2.818852488666425, 2.816361928279507, 2.8132735795124124, 2.813430964893386, 2.8203375410609173, 2.8201980143238106, 2.828244230039941, 2.831399817415107, 2.8442697936994894, 2.8956480456531515, 2.946491963232362, 2.956915013026635, 2.9913627446227276, 3.040503437478189, 3.084937574496741, 3.1305444921295686, 3.179208982252035, 3.2035655926271516, 3.262706286366771, 3.3837993312165024, 3.4680577687120424, 3.7672950201546316, 3.763749888790045, 3.7663098558337995, 3.7645804577517326, 3.7638096869010935, 3.7640544787484376, 3.764028595736098, 3.763725425817287, 3.7629668951091855, 3.7646513965749366, 3.767138714475503, 3.782147909719537, 3.7971774759661923, 3.8030643865007, 3.8407531017839625, 3.8961973611692478, 3.959945934957187, 3.996094543193885, 4.045447158018932, 4.083902647371626, 4.118534257904338, 4.255933356665844, 4.382391151559605, 4.493735836845589, 4.608194834339545, 4.654812226927425, 4.678707764574592, 4.69139624372065, 4.692992177977166, 4.692852479496755, 4.687349466902221, 4.680147441931276, 4.6798171661675605, 4.681220450701914, 4.676741078854205, 4.673487601478477, 4.668152286484883, 4.667425773731327, 4.656233564317374, 4.6706922046420125, 4.670609813595465, 4.641279171588181, 4.603650843617256, 4.55572406906474, 4.534791230797681, 4.528268659562917, 4.5283680832942235, 4.5088202860734174, 4.488347799676997, 4.4207116676111955, 4.391334191250381, 4.369109987688276, 4.462270528456629, 4.5464677500254655, 4.47586241996652, 3.072154147397911, 3.15784316402709, 3.245993921353986, 3.305894107681479, 3.300154007905467, 3.295785896265183, 3.2894637700659213, 3.2829308129719417, 3.2646416866341172, 3.2425697468312578, 3.297697032680267, 3.2925488960921996, 3.3042820406666387, 3.320755872268508, 3.3318125442669047, 3.297442035310254, 3.334777862251265, 3.3359454483276982, 3.3460379690606192, 3.3171581051269725, 3.208230089249909, 3.15512270021446, 3.063918655682423, 3.038822706876205, 3.0473994427556983, 3.021225848438304, 3.0010595417677854, 2.988337084198247, 2.9812750991341477, 2.981624162019719, 2.976645009082031, 2.978100691069653, 2.9652468357754516, 2.9588918112691482, 2.9472598550002815, 2.9487729740672566, 2.9380933955765443, 2.930377165248144, 2.9251029060342875, 2.9149934522930416, 2.9251652598505373, 2.9210354120971327, 2.932571060706352, 2.9204592502668487, 2.917050414337949, 2.9281836952022253, 2.9370206259561242, 2.9488178426622027, 2.9710261814993544, 2.974994720394693, 2.9925139133065, 3.0123639937274334, 3.045129760041091, 3.0468396739956427, 3.055045299928327, 3.0236872205062215, 3.01135095431447, 2.9787955396533814, 2.9435407539935254, 2.975086690487065, 2.974761774348501, 2.9750278053900674, 2.9790857853247132, 2.954794851276578, 2.961184510510556, 2.963017663360302, 2.9810287349808395, 2.990842432016074, 3.001306447627406, 2.975934563820529, 2.958604800328785, 2.95670182731458, 2.9281730524581597, 2.9206752039378054, 2.9467660050192985, 2.9848400868154927, 3.0008113291711, 3.0466010572054674, 3.0590727286837973, 3.1277361468373197, 3.136757462983484, 3.1377657880392738, 3.1354894368029993, 3.1774564236824734, 3.1746494303034316, 3.191120055947267, 3.1856334996871625, 3.1799969036026803, 3.1557886739683925, 3.2369783696126717, 4.714490736572163, 4.723015247128693, 4.718382234078324, 4.7139467448697765, 4.708112503921889, 4.6975932095828865, 4.657099927876706, 4.623914567933526, 4.60668115894725, 4.598375397320619, 4.57665372061469, 4.521457143228909, 4.441113932244823, 4.424096521023559, 4.386457660983025, 4.315319488156805, 4.2932212504521425, 4.178520892519, 4.139862833813518, 4.1237608815328395, 4.10862875754182, 4.047610687325886, 4.0426551830617115, 4.019830524006936, 4.012448092268086, 4.020706196254128, 4.068739372885616, 4.080854817168373, 4.059069705156789, 4.021047309720982, 4.0100749799960775, 3.991147483235144, 4.012629547380122, 4.016864911044049, 4.051855544848154, 4.065139677851027, 4.079534448922665, 4.078033427408421, 4.054981355360712, 4.04598438701257, 4.0275703684807596, 4.008629957523922, 3.9759120723308135, 3.96900722197194, 3.9563333918947863, 3.309487787293437, 3.3082090759820315, 3.3082090759820315, 3.3082090759820315, 3.3082090759820315, 3.3082090759820315, 3.3082090759820315, 3.3082090759820315], "O35": 3.462018685976225, "O46": 3.4588868372321686,