{"O23": 4.119530561438097, "O34": [2.448854950412567, 2.521721669559705, 2.6015800229453117, 2.664823328748965, 2.721801442959309, 2.732077795752476, 2.7489254417500413, 2.772020710075286, 2.7873666054202184, 2.817171610696583, 2.844707481875516, 2.8624315595769154, 2.8731016027807685, 2.876899682231772, 2.8797229189438327, 2.8809144483173763, 2.882271303341358, 2.8807270120738324, 2.889236501233834, 2.891419965679051, 2.899147840403936, 2.905348507372846, 2.908540212253153, 2.9125982846385954, 2.9144895927002925, 2.9141600683316113, 2.9128657413779333, 2.911188148913852, 2.9096039031614818, 2.9020584120797466, 2.9027373762158493, 2.891914539179618, 2.866609200042638, 2.846340121295028, 2.8109879439631364, 2.7718113866982312, 2.7283736612617524, 2.693900539038234, 2.637763055694323, 2.602507030765377, 2.5893286073773805, 2.574946425628215, 2.574468121034716, 2.5596490172190958, 2.5010118328798328, 2.439274609407363, 2.3879099149313743, 2.345891373992042, 2.3154698443573647, 2.313986570706014, 2.319355754070702, 2.3236879364158325, 2.332033736753476, 2.3361725473471164, 2.3371867642716637, 2.3348842729700663, 2.329898479460086, 2.323874860129362, 2.3177084352847506, 2.3128424961830096, 2.3093487474397683], "O35": 2.5252192028663076, "O46": 2.169633919981319, "O22": [1.6184716805257224, 1.6857488955825433, 1.7594814263962086, 1.8178734266846397, 1.870480829462317, 1.8799688976086208, 1.8955241842503956, 1.9168478468510808, 1.9310165800319412, 1.9585352850486797, 1.983958918070241, 2.0003234065659146, 2.010174965682247, 2.013681699771812, 2.0162883699452023, 2.017388498767368, 2.0186412713406057, 2.017215440495856, 2.025072178646576, 2.0270881525887146, 2.0342232328542114, 2.0399482553342376, 2.0428951289981487, 2.0466419123278645, 2.0483881407939566, 2.048083893778615, 2.046888852834881, 2.0453399461418846, 2.0438772256649287, 2.036910538648458, 2.0375374203955037, 2.027544788047927, 2.00418058607574, 1.9854663200038307, 1.9528259587398378, 1.9166545803774506, 1.8765489020928552, 1.8447201648496083, 1.7928889093205838, 1.7603373247432161, 1.7481697997776173, 1.7348908550707611, 1.7344492405535141, 1.7207668894606973, 1.6666276815027663, 1.6096262340767986, 1.5622016534584364, 1.5234062960135513, 1.4953183593595512, 1.4939488655549993, 1.4989061863748951, 1.5029060530727518, 1.5106116587416871, 1.5144329869645967, 1.5153694047276813, 1.5132435343128048, 1.5086401940481973, 1.5030786381297094, 1.4973852311085298, 1.4928925513881741, 1.4896668032235154], "O21": [4.531000000000001, 4.531000000000001, 4.531000000000001, 4.531000000000001, 4.531000000000001, 4.531000000000001, 4.531000000000001, 4.531000000000001, 4.531000000000001, 4.531000000000001, 4.531000000000001, 4.531000000000001, 4.531000000000001, 4.531000000000001, 4.531000000000001, 4.531000000000001, 4.531000000000001, 4.531000000000001, 4.531000000000001, 4.531000000000001, 4.531000000000001, 4.531000000000001, 4.531000000000001, 4.531000000000001, 4.531000000000001, 4.531000000000001, 4.531000000000001, 4.531000000000001, 4.531000000000001, 4.531000000000001, 4.531000000000001, 4.531000000000001, 4.531000000000001, 4.531000000000001, 4.531000000000001, 4.531000000000001, 4.531000000000001, 4.531000000000001, 4.531000000000001, 4.531000000000001, 4.531000000000001, 4.531000000000001, 4.531000000000001, 4.531000000000001, 4.531000000000001, 4.531000000000001, 4.531000000000001, 4.531000000000001, 4.531000000000001, 4.531000000000001, 4.531000000000001, 4.531000000000001, 4.531000000000001, 4.531000000000001, 4.531000000000001, 4.531000000000001, 4.531000000000001, 4.531000000000001, 4.531000000000001, 4.531000000000001, 4.531000000000001], "mode": "1"}