{"O23": 3.090336943456296, "O34": [3.8734845324264673, 3.8600834788134004, 3.8503287753666915, 3.8531244152184576, 3.8586704028384675, 3.862831738097368, 3.862831738097368, 3.862831738097368, 3.862831738097368, 3.8495712217829725, 3.8496760358038165, 3.8559010027160143, 3.8577386853627114, 3.8586740859557143, 3.859583652948321, 3.857971472950618, 2.856189389817523, 2.850320260368169, 2.8409598486312406, 2.8225605215588185, 2.792677967141518, 2.780618524278738, 2.768631298215859, 2.733488562635552, 2.6943877366546376, 2.649968145889324, 2.578492525682526, 2.5092894663710443, 2.4493290873302658, 2.393833928589986, 2.3573915661423523, 2.3165307360413285, 2.271691897095092, 2.236799148028829, 2.233011529111135, 2.231008841755523, 2.2279347977807693, 2.2212737497370547, 2.213998118103232, 2.216729271778916, 3.936754593151995, 3.936754593151995, 3.936754593151995, 3.936754593151995, 3.936754593151995, 3.936754593151995, 3.936754593151995, 3.936754593151995, 4.572873296652605, 4.562063324673429, 4.562063324673429, 4.562063324673429, 4.562063324673429, 4.562063324673429, 4.562063324673429, 4.562063324673429, 4.562063324673429, 4.562063324673429, 4.551600498275784], "O35": 3.317713458410195, "O46": 2.345111160873879, "O22": [2.929023861633072, 2.9166572490566023, 2.907655521147225, 2.910235362699118, 2.9153532498616377, 2.9191933673951915, 2.9191933673951915, 2.9191933673951915, 2.9191933673951915, 2.90695644389955, 2.907053167218909, 2.912797622567511, 2.9144934526109076, 2.915356648675297, 2.91619600526133, 2.9147082710867807, 1.994560064916405, 1.9891411481766088, 1.9804987605294566, 1.9635108200973839, 1.935920514625824, 1.9247861347547284, 1.9137184320338398, 1.8812714465376605, 1.845169990218413, 1.804157764120796, 1.7381649387506521, 1.6742703493086992, 1.6189094470637488, 1.5676712443165783, 1.534024324511978, 1.4962978715265516, 1.4548985571894717, 1.4226823820915586, 1.4191853061224255, 1.4173362421122429, 1.4144980037504191, 1.4083479153837963, 1.4016303872745028, 1.4039781770058948, 2.9874100416509917, 2.9874100416509917, 2.9874100416509917, 2.9874100416509917, 2.9874100416509917, 2.9874100416509917, 2.9874100416509917, 2.9874100416509917, 3.5744260917299018, 3.564450552545534, 3.564450552545534, 3.564450552545534, 3.564450552545534, 3.564450552545534, 3.564450552545534, 3.564450552545534, 3.564450552545534, 3.564450552545534, 3.5547953624201556], "O21": [4.553999999999999, 4.553999999999999, 4.553999999999999, 4.553999999999999, 4.553999999999999, 4.553999999999999, 4.553999999999999, 4.553999999999999, 4.553999999999999, 4.553999999999999, 4.553999999999999, 4.553999999999999, 4.553999999999999, 4.553999999999999, 4.553999999999999, 4.553999999999999, 4.531000000000001, 4.531000000000001, 4.531000000000001, 4.531000000000001, 4.531000000000001, 4.531000000000001, 4.531000000000001, 4.531000000000001, 4.531000000000001, 4.531000000000001, 4.531000000000001, 4.531000000000001, 4.531000000000001, 4.531000000000001, 4.531000000000001, 4.531000000000001, 4.531000000000001, 4.531000000000001, 4.531000000000001, 4.531000000000001, 4.531000000000001, 4.531000000000001, 4.531000000000001, 4.532, 4.553999999999999, 4.553999999999999, 4.553999999999999, 4.553999999999999, 4.553999999999999, 4.553999999999999, 4.553999999999999, 4.553999999999999, 4.553999999999999, 4.553999999999999, 4.553999999999999, 4.553999999999999, 4.553999999999999, 4.553999999999999, 4.553999999999999, 4.553999999999999, 4.553999999999999, 4.553999999999999, 4.553999999999999, 4.553999999999999], "mode": "1"}