{"O23": 4.594340904953616, "O34": [5.0, 5.0, 5.0, 5.0, 5.0, 5.0, 5.0, 5.0, 5.0, 5.0, 5.0, 5.0, 5.0, 5.0, 5.0, 5.0, 5.0, 5.0, 5.0, 5.0, 5.0, 5.0, 5.0, 5.0, 5.0, 5.0, 5.0, 5.0, 5.0, 5.0, 3.5202004310819297, 3.5202004310819297, 3.5202004310819297, 3.5202004310819297, 3.5202004310819297, 5.0, 5.0, 5.0, 5.0, 5.0, 3.5611454741719086, 3.5611454741719086, 3.5611454741719086, 3.5611454741719086, 3.5611454741719086, 5.0, 5.0, 5.0, 5.0, 5.0, 3.4382060434283606, 3.4379899750388963, 3.4379899750388963, 3.4379899750388963, 3.4379899750388963, 4.601111919326918, 4.601354303537569, 4.601354303537569, 4.601354303537569], "O35": 4.1351461348586716, "O46": 3.8472537214118283, "O22": [4.302791211524652, 4.30454525343712, 4.304434712806164, 4.3040355338881895, 4.304436164286764, 4.298805476937181, 4.2924344227149955, 4.285326445321544, 4.288357850877706, 4.286292986559046, 4.287886454654835, 4.291905045501945, 4.293087004093104, 4.290858323257859, 4.272672304033614, 4.247391443360675, 4.234275682771283, 4.224462377883223, 4.213214144267586, 4.181462499049396, 4.150574187541728, 4.146303092206432, 4.129166997906727, 4.119706053729964, 4.100896204990989, 4.154757275020758, 4.182423661807135, 4.206612639890005, 4.177964991542812, 4.1272883919576495, 2.6076357481105705, 2.6076357481105705, 2.6076357481105705, 2.6076357481105705, 2.6076357481105705, 4.077574250160915, 4.077574250160915, 4.077574250160915, 4.077574250160915, 4.077574250160915, 2.645439954224378, 2.645439954224378, 2.645439954224378, 2.645439954224378, 2.645439954224378, 4.280905058340856, 4.280905058340856, 4.280905058340856, 4.280905058340856, 4.280905058340856, 2.5317315411439023, 2.5317315411439023, 2.5317315411439023, 2.5317315411439023, 2.5317315411439023, 3.600708620559626, 3.600708620559626, 3.600708620559626, 3.600708620559626], "O21": [4.553999999999999, 4.553999999999999, 4.553999999999999, 4.553999999999999, 4.553999999999999, 4.553999999999999, 4.553999999999999, 4.553999999999999, 4.553999999999999, 4.553999999999999, 4.553999999999999, 4.553999999999999, 4.553999999999999, 4.553999999999999, 4.553999999999999, 4.553999999999999, 4.553999999999999, 4.553999999999999, 4.553999999999999, 4.553999999999999, 4.553999999999999, 4.553999999999999, 4.553999999999999, 4.553999999999999, 4.553999999999999, 4.553999999999999, 4.553999999999999, 4.553999999999999, 4.553999999999999, 4.553999999999999, 4.531000000000001, 4.531000000000001, 4.531000000000001, 4.531000000000001, 4.531000000000001, 4.553999999999999, 4.553999999999999, 4.553999999999999, 4.553999999999999, 4.553999999999999, 4.531000000000001, 4.531000000000001, 4.531000000000001, 4.531000000000001, 4.531000000000001, 4.553999999999999, 4.553999999999999, 4.553999999999999, 4.553999999999999, 4.553999999999999, 4.532, 4.531000000000001, 4.531000000000001, 4.531000000000001, 4.531000000000001, 4.553, 4.553999999999999, 4.553999999999999, 4.553999999999999], "mode": "1"}