{"O23": 5.0, "O34": [4.598192128520744, 4.598192128520744, 4.598192128520744, 4.598192128520744, 4.598192128520744, 4.598192128520744, 4.598192128520744, 4.598192128520744, 3.62360215226915, 3.62360215226915, 3.62360215226915, 3.62360215226915, 3.62360215226915, 3.62360215226915, 3.62360215226915, 3.62360215226915, 4.629067422866368, 4.629067422866368, 4.629067422866368, 4.629067422866368, 4.629067422866368, 4.629067422866368, 4.629067422866368, 4.629067422866368, 3.4317285489147773, 3.4317285489147773, 3.4317285489147773, 3.4317285489147773, 3.4317285489147773, 3.4317285489147773, 3.4317285489147773, 3.4317285489147773, 4.009186406385851, 4.009186406385851, 4.009186406385851, 4.009186406385851, 3.4851981610636815, 3.48498102459745, 3.48498102459745, 3.48498102459745, 3.48498102459745, 3.48498102459745, 3.48498102459745, 3.48498102459745, 3.968858265524208, 3.968858265524208, 3.968858265524208, 3.968858265524208, 3.968858265524208, 3.968858265524208, 3.968858265524208, 3.968858265524208, 3.273402936513422, 3.273402936513422, 3.273402936513422, 3.273402936513422, 3.273402936513422, 3.273402936513422, 3.273402936513422], "O35": 3.5498612787270822, "O46": 3.615925394807812, "O22": [3.597790537067002, 3.597790537067002, 3.597790537067002, 3.597790537067002, 3.597790537067002, 3.597790537067002, 3.597790537067002, 3.597790537067002, 2.7031056679173178, 2.7031056679173178, 2.7031056679173178, 2.7031056679173178, 2.7031056679173178, 2.7031056679173178, 2.7031056679173178, 2.7031056679173178, 3.626282535859134, 3.626282535859134, 3.626282535859134, 3.626282535859134, 3.626282535859134, 3.626282535859134, 3.626282535859134, 3.626282535859134, 2.5259504202584657, 2.5259504202584657, 2.5259504202584657, 2.5259504202584657, 2.5259504202584657, 2.5259504202584657, 2.5259504202584657, 2.5259504202584657, 3.0542507691293816, 3.0542507691293816, 3.0542507691293816, 3.0542507691293816, 2.5751179730280214, 2.5751179730280214, 2.5751179730280214, 2.5751179730280214, 2.5751179730280214, 2.5751179730280214, 2.5751179730280214, 2.5751179730280214, 3.0170355987133073, 3.0170355987133073, 3.0170355987133073, 3.0170355987133073, 3.0170355987133073, 3.0170355987133073, 3.0170355987133073, 3.0170355987133073, 2.379769744097925, 2.379769744097925, 2.379769744097925, 2.379769744097925, 2.379769744097925, 2.379769744097925, 2.379769744097925], "O21": [4.553999999999999, 4.553999999999999, 4.553999999999999, 4.553999999999999, 4.553999999999999, 4.553999999999999, 4.553999999999999, 4.553999999999999, 4.531000000000001, 4.531000000000001, 4.531000000000001, 4.531000000000001, 4.531000000000001, 4.531000000000001, 4.531000000000001, 4.531000000000001, 4.553999999999999, 4.553999999999999, 4.553999999999999, 4.553999999999999, 4.553999999999999, 4.553999999999999, 4.553999999999999, 4.553999999999999, 4.531000000000001, 4.531000000000001, 4.531000000000001, 4.531000000000001, 4.531000000000001, 4.531000000000001, 4.531000000000001, 4.531000000000001, 4.553999999999999, 4.553999999999999, 4.553999999999999, 4.553999999999999, 4.532, 4.531000000000001, 4.531000000000001, 4.531000000000001, 4.531000000000001, 4.531000000000001, 4.531000000000001, 4.531000000000001, 4.553999999999999, 4.553999999999999, 4.553999999999999, 4.553999999999999, 4.553999999999999, 4.553999999999999, 4.553999999999999, 4.553999999999999, 4.531000000000001, 4.531000000000001, 4.531000000000001, 4.531000000000001, 4.531000000000001, 4.531000000000001, 4.531000000000001], "mode": "1"}