{"O23": 1.404719631613272, "O34": [4.778839099732149, 4.79803026629114, 4.80746293452534, 4.794900934447661, 4.779587586563133, 4.797416555780304, 4.79536971164352, 4.809086938035731, 4.82951475601083, 4.853876850613283, 4.86552200473525, 4.869863707783817, 4.874832903732045, 4.821781598274994, 4.76133441784838, 4.762137365223582, 4.841634969011084, 4.911293213577292, 4.871579557381604, 4.805305024778973, 4.808383115978386, 4.837613933939605, 4.810344897973832, 4.773803356090341, 4.724486155858102, 4.69548613366612, 4.682670801110228, 4.666378780431693, 4.668252837553259, 4.645146003257759, 4.636108550171792, 4.60053213082559, 4.587658765548955, 4.579457775477265, 4.555548423089494, 4.523835627308927, 4.5223328743586, 4.524516419266538, 4.524521054671666, 4.525263507833715, 4.526266863574591, 4.5279863325250895, 4.533764460643256, 4.543027443849244, 4.540881746513544, 4.534500514482238, 4.528385751572209, 4.529812724720334, 4.527951346341454, 4.5245254253647325, 4.526523155781935, 4.5294175597138135, 4.532751460045367, 4.532294076137134, 4.53562656393326, 4.540270603586861, 4.549570815014436, 4.5550985844886185, 4.542840754572393, 4.534921504039881, 4.533491033329117, 4.530083548820854, 4.523611882932665, 4.522307761675263, 4.521725630731054, 4.5245788611602595, 4.526810987805179, 4.53066189723879, 4.530896022315353, 4.527848403498953, 4.525680263363058, 4.52372488048742, 4.522813439202554, 4.521321039996548, 4.515635526917743, 4.507093444232628, 4.500215787396823, 4.498987313029225, 4.499776940623081, 4.49555856177666, 4.49400036060791, 4.4929051088122165, 4.493704441152709, 4.49344348609078, 4.494025755704614, 4.487379196844117, 4.485011090589336, 4.48599590111999, 4.489603550052998, 4.490517716577824, 4.490868975318426, 4.4934997494653235, 4.494256265514938, 4.490026053576831, 4.492778946731039, 4.4888330244016545, 4.485348615782809, 4.479063067456717, 4.488384251523221, 4.5000089084788115, 4.501437570789146, 4.509981502252663, 4.516435120900152, 4.529045285763483, 4.559907384926931, 4.567278043882013, 4.565694705830416, 4.564349189307438, 4.568840346614284, 4.573819533551515, 4.60072107446217, 4.643582092968567, 4.684796718038639, 4.706507453936537, 4.7287366628304355, 4.81079082575068, 4.886290770551369, 4.9375863045314485, 4.974433340095286, 5.0, 5.0, 5.0, 5.0, 5.0, 4.993478648698278, 4.987027331532665, 5.0, 4.993839161220174, 4.966580397414083, 4.878220675771611, 4.786055304927455, 4.714701057088963, 4.684323797808171, 4.67780017702751, 4.6749791470233655, 4.642509136353953, 4.579498322444958, 4.550301680346509, 4.538738064823158, 4.530873023463522, 4.5248438624462395, 4.554245711046789, 4.587619619412784, 4.640186014065681, 4.7118107043894515, 4.78924184664305, 4.872111845097563, 4.957507372236823, 4.9880542382041355, 5.0, 5.0, 5.0, 5.0, 5.0, 5.0, 5.0, 5.0, 5.0, 5.0, 5.0, 5.0, 5.0, 5.0, 4.999119735524161, 4.906740751308064, 4.797082953203775, 4.706476512262521, 4.657646691101163, 4.619373908472777, 4.576076782117888, 4.567695696931794, 4.568217135661738, 4.5675249302839145, 4.5291469941617155, 4.516862181765408, 4.518502162230821, 4.504520007437518, 4.488897898127011, 4.474478297618632, 4.4674793701583075], "O35": 4.6542338743093445, "O46": 1.950552501232353, "O22": [3.7644931837832147, 3.782202964564491, 3.7909075154888288, 3.779315189047065, 3.7651838941500735, 3.781636626995763, 3.7797477808516553, 3.792406160507027, 3.8112571343166066, 3.833738693916224, 3.8444849466794566, 3.8484915092284906, 3.8530771278583855, 3.8041209069368005, 3.7483397061999417, 3.7490806732459014, 3.822441775677364, 3.886723029090701, 3.8500749106406476, 3.788916177003153, 3.791756667194242, 3.8187311284162493, 3.7935670172307145, 3.7598461543442805, 3.7143357992455144, 3.6875743184312313, 3.675748214504387, 3.660713791567461, 3.662443188302803, 3.6411199941830135, 3.632780151345343, 3.599949912200301, 3.5880702551577923, 3.580502307898692, 3.558438542879086, 3.52917369024447, 3.5277869363315753, 3.5298019311744784, 3.5298062087679427, 3.530491351210943, 3.5314172568958275, 3.5330039982791583, 3.5383361067773205, 3.546884070834349, 3.544904002070869, 3.539015343867548, 3.5333725857614575, 3.534689409392599, 3.5329717127148252, 3.52981024208274, 3.531653765645521, 3.5343247475771538, 3.5374013007318026, 3.536979222755313, 3.540054472409587, 3.5443400338918467, 3.5529223524859552, 3.5580234277799603, 3.5467117922937463, 3.5394038368105982, 3.5380837855972547, 3.5349393283037687, 3.5289672169254844, 3.527763762121953, 3.5272265664608007, 3.5298595531145502, 3.531919379620462, 3.53547303341572, 3.5356890861381327, 3.53287671613564, 3.530875936954668, 3.5290714920834017, 3.528230405883645, 3.526853206498955, 3.521606563990528, 3.513723853405744, 3.5073770899363867, 3.5062434427618543, 3.506972118194015, 3.503079360325813, 3.5016414382991936, 3.500630730109964, 3.5013683611694417, 3.5011275494956786, 3.5016648731224063, 3.4955313689392478, 3.4933460592286565, 3.4942548512270672, 3.4975840220486, 3.498427623124256, 3.498751767843361, 3.5011794698427883, 3.501877589644678, 3.4979739120932414, 3.500514306608887, 3.49687297406047, 3.4936575305071838, 3.487857170085995, 3.496458842419581, 3.5071861802136772, 3.5085045626188696, 3.5163889792729597, 3.522344436495514, 3.533981209833856, 3.5624610319934216, 3.5692627422441663, 3.5678016236764005, 3.5665599689501875, 3.570704449230423, 3.5752992876346603, 3.6001242710843004, 3.6396768037287996, 3.6777100297304517, 3.6977448917160465, 3.7182582052367246, 3.7939785233863184, 3.863650550217446, 3.9109865294583797, 3.944989304655478, 3.980143764263417, 3.995461825004655, 4.018385806363851, 4.0230738915463276, 3.9914880016591483, 3.96256448640558, 3.956611153011161, 3.9812500451010684, 3.962897170597135, 3.9377425386527687, 3.856203394308797, 3.7711523627178947, 3.705306022259737, 3.677273614696332, 3.671253558876873, 3.6686502870644353, 3.638686669732815, 3.580539725004472, 3.5535968015754285, 3.542925793362978, 3.5356678625912, 3.53010409868019, 3.557236388511527, 3.5880341307519155, 3.6365428716303434, 3.702638778841701, 3.774092932018887, 3.850566110523324, 3.9293698695699195, 3.9575587917062176, 3.9809368248980483, 3.974031758894469, 3.969108262198745, 3.974660287395293, 4.032390469826513, 4.029406401883396, 4.023544596304609, 4.055921579919252, 4.095914597631621, 4.168478205325645, 4.178597032416765, 4.167731757300907, 4.1111450069303315, 4.047772730896053, 3.967770131968993, 3.8825219760408385, 3.7813287755433658, 3.6977163384614986, 3.6526557411445824, 3.6173372737572733, 3.5773822968752103, 3.5696481562278093, 3.570129344568799, 3.5694905712321607, 3.5340750672567895, 3.522738532095732, 3.5242519207914507, 3.5113490628292676, 3.4969328401166053, 3.4836263033215653, 3.4771676302312455],