{"O23": 3.9873683289397492, "O34": [4.489160467624312, 4.5007423524660615, 4.529026870461542, 4.536704124772249, 4.548957688415125, 4.540076310828821, 4.523650083987557, 4.511694836475865, 4.484960657896629, 4.46183241986146, 4.484059552468162, 4.521301566678558, 4.522240955416507, 4.538061575753003, 4.530557737728378, 4.550659148268929, 4.557653215533429, 4.507792389160024, 4.5029590941383395, 4.4494037006522165, 2.356955837479225, 2.354224612677085, 2.366501398001241, 2.361022803252337, 2.4879538627094724, 2.495820210037919, 2.5267224593598616, 2.5258427989660395, 2.5369466368380937, 2.4973037118121786, 2.548720093277835, 2.560838798682124, 2.6356705688313986, 2.666138450549057, 2.731731238830889, 2.7557012950779014, 2.788975690019022, 2.8330287743353173, 2.849401288497146, 2.8714344971104335, 2.8641873707754284, 2.876583228445729, 2.8755471151702707, 2.877777909331562, 2.8575196803881666, 2.853154705285659, 2.8605706067096337, 2.8595394842027373, 2.8729184024368446, 2.881063321152722, 2.884739020927487, 2.8871921678512833, 2.8795872537811236, 2.8818488359356174, 2.8658486010581563, 2.8679187593464612, 2.845305369861745, 2.8409732051184413, 2.7952190645959027], "O35": 2.9494336623615105, "O46": 2.4720333624577133, "O22": [3.497175141605822, 3.5078630089092964, 3.5339642160279094, 3.541048855225157, 3.552356553756024, 3.5441607387905454, 3.529002469201874, 3.517970059474869, 3.4932995194870884, 3.471956573804188, 3.4924679713084035, 3.5268352363463, 3.5277021127066477, 3.5423015231761426, 3.535376914084463, 3.5539266761832566, 3.560380864241238, 3.514368846059228, 3.509908638024342, 3.4604872401442917, 1.5336220199850459, 1.5311003036166846, 1.5424353539129911, 1.5373770145031034, 1.6545713699569842, 1.6618343007863376, 1.6903660817928863, 1.6895538989172902, 1.6998059769196743, 1.663204005214809, 1.7106763079861682, 1.7218654044521182, 1.7909569341976708, 1.8190876673312095, 1.8796489245836803, 1.901780271348422, 1.9325022340021676, 1.9731760678477532, 1.988292669352234, 2.008635741355719, 2.0019445319436477, 2.013389520713, 2.012432886237452, 2.014492559299356, 1.9957883107583585, 1.9917581667896689, 1.9986052047897394, 1.997653178247878, 2.0100058183804212, 2.017525951775777, 2.0209196937628673, 2.0231846632179207, 2.016163111467338, 2.0182512108185566, 2.003478331575333, 2.005389690917349, 1.98451094290545, 1.9805110924592086, 1.9382666880493014], "O21": [4.553999999999999, 4.553999999999999, 4.553999999999999, 4.553999999999999, 4.553999999999999, 4.553999999999999, 4.553999999999999, 4.553999999999999, 4.553999999999999, 4.553999999999999, 4.553999999999999, 4.553999999999999, 4.553999999999999, 4.553999999999999, 4.553999999999999, 4.553999999999999, 4.553999999999999, 4.553999999999999, 4.553999999999999, 4.553999999999999, 4.531000000000001, 4.531000000000001, 4.531000000000001, 4.531000000000001, 4.531000000000001, 4.531000000000001, 4.531000000000001, 4.531000000000001, 4.531000000000001, 4.531000000000001, 4.531000000000001, 4.531000000000001, 4.531000000000001, 4.531000000000001, 4.531000000000001, 4.531000000000001, 4.531000000000001, 4.531000000000001, 4.531000000000001, 4.531000000000001, 4.531000000000001, 4.531000000000001, 4.531000000000001, 4.531000000000001, 4.531000000000001, 4.531000000000001, 4.531000000000001, 4.531000000000001, 4.531000000000001, 4.531000000000001, 4.531000000000001, 4.531000000000001, 4.531000000000001, 4.531000000000001, 4.531000000000001, 4.531000000000001, 4.531000000000001, 4.531000000000001, 4.531000000000001], "mode": "1"}