{"O23": 3.009214889839177, "O34": [4.443854148100722, 4.443854148100722, 4.443854148100722, 4.443854148100722, 4.443854148100722, 4.443854148100722, 4.443854148100722, 4.443854148100722, 4.443854148100722, 4.437817925203281, 2.8505563308970685, 2.847314047695731, 2.847314047695731, 2.847314047695731, 2.847314047695731, 2.847314047695731, 2.847314047695731, 2.847314047695731, 2.847314047695731, 2.847314047695731, 4.490616760168825, 4.490856634149784, 4.490856634149784, 4.490856634149784, 4.490856634149784, 4.490856634149784, 4.490856634149784, 4.490856634149784, 4.490856634149784, 4.490856634149784, 3.034128233575883, 3.0301990419346256, 3.0301990419346256, 3.0301990419346256, 3.0301990419346256, 3.0301990419346256, 3.0301990419346256, 3.0301990419346256, 3.0301990419346256, 3.0301990419346256, 4.420024122555292, 4.420738965805899, 4.420738965805899, 4.420738965805899, 4.420738965805899, 4.420738965805899, 4.420738965805899, 4.420738965805899, 4.420738965805899, 4.420738965805899, 2.824505663058647, 2.8204650142871532, 2.8204650142871532, 2.8204650142871532, 2.8204650142871532, 2.8204650142871532, 2.8204650142871532, 2.8204650142871532, 2.8204650142871532], "O35": 3.2141300130237314, "O46": 2.31348876872633, "O22": [3.455366063230995, 3.455366063230995, 3.455366063230995, 3.455366063230995, 3.455366063230995, 3.455366063230995, 3.455366063230995, 3.455366063230995, 3.455366063230995, 3.4497957825535797, 1.986365537872791, 1.986365537872791, 1.986365537872791, 1.986365537872791, 1.986365537872791, 1.986365537872791, 1.986365537872791, 1.986365537872791, 1.986365537872791, 1.986365537872791, 3.4987403793021508, 3.4987403793021508, 3.4987403793021508, 3.4987403793021508, 3.4987403793021508, 3.4987403793021508, 3.4987403793021508, 3.4987403793021508, 3.4987403793021508, 3.4987403793021508, 2.155221680046976, 2.155221680046976, 2.155221680046976, 2.155221680046976, 2.155221680046976, 2.155221680046976, 2.155221680046976, 2.155221680046976, 2.155221680046976, 2.155221680046976, 3.4340351655024897, 3.4340351655024897, 3.4340351655024897, 3.4340351655024897, 3.4340351655024897, 3.4340351655024897, 3.4340351655024897, 3.4340351655024897, 3.4340351655024897, 3.4340351655024897, 1.9615760562570594, 1.9615760562570594, 1.9615760562570594, 1.9615760562570594, 1.9615760562570594, 1.9615760562570594, 1.9615760562570594, 1.9615760562570594, 1.9615760562570594], "O21": [4.553999999999999, 4.553999999999999, 4.553999999999999, 4.553999999999999, 4.553999999999999, 4.553999999999999, 4.553999999999999, 4.553999999999999, 4.553999999999999, 4.553999999999999, 4.547, 4.531000000000001, 4.531000000000001, 4.531000000000001, 4.531000000000001, 4.531000000000001, 4.531000000000001, 4.531000000000001, 4.531000000000001, 4.531000000000001, 4.553, 4.553999999999999, 4.553999999999999, 4.553999999999999, 4.553999999999999, 4.553999999999999, 4.553999999999999, 4.553999999999999, 4.553999999999999, 4.553999999999999, 4.55, 4.531000000000001, 4.531000000000001, 4.531000000000001, 4.531000000000001, 4.531000000000001, 4.531000000000001, 4.531000000000001, 4.531000000000001, 4.531000000000001, 4.551, 4.553999999999999, 4.553999999999999, 4.553999999999999, 4.553999999999999, 4.553999999999999, 4.553999999999999, 4.553999999999999, 4.553999999999999, 4.553999999999999, 4.551, 4.531000000000001, 4.531000000000001, 4.531000000000001, 4.531000000000001, 4.531000000000001, 4.531000000000001, 4.531000000000001, 4.531000000000001], "mode": "1"}