{"O23": 2.9473709878135113, "O34": [4.600785852866118, 4.594598688221138, 4.603116938628691, 4.608006402037723, 4.6023744869315335, 4.5829438027608695, 4.578313506924512, 4.571766042324783, 4.564678696162875, 4.553557168140896, 4.539331534167559, 4.525764800766415, 4.527147700626773, 4.534646712271862, 4.538114818631252, 4.5400344687816645, 4.5224131591489805, 4.526983827374696, 4.508856453452731, 4.478757290237385, 4.467769340855394, 4.461798638418532, 4.450203629504095, 4.444263957949725, 4.441468867300916, 4.445095372684915, 4.448191134664346, 4.452227216596945, 4.4537078118571305, 4.460969109679671, 4.465162711113284, 4.4673346738584865, 4.471213295593025, 4.458813255758956, 4.463499443052189, 4.468491087475613, 4.493599784962481, 4.5159005799321195, 4.555879142709395, 4.619000641125806, 4.668945672883529, 4.735281933026729, 4.808393834339916, 4.800960581975223, 4.754764834034965, 4.7009642153200915, 4.638391255311483, 4.6042451315859045, 4.6013676177829455, 4.606584868363118, 4.609303886044564, 4.61519490558097, 4.61174278589014, 4.606971544165287, 4.6022158483680276, 4.598023289686167, 4.586168185836472, 4.558969273596165, 4.5316046523103255], "O35": 4.560252821425717, "O46": 2.923283066873557, "O22": [3.6001840491769848, 3.594474478099924, 3.6023351960450296, 3.6068472367719893, 3.601650054953845, 3.5837192451703483, 3.57944636660602, 3.5734043074962765, 3.566864040834394, 3.5566009949368644, 3.5434734522016127, 3.5309539488293855, 3.532230101234926, 3.5391502565002426, 3.5423506561821565, 3.54412212657381, 3.5278610238568606, 3.532078877526806, 3.51535077414073, 3.48757499612301, 3.477435217793607, 3.4719253999853965, 3.461225421669831, 3.45574423943855, 3.453164904696077, 3.456511476419861, 3.4593682733653823, 3.463092806005016, 3.4644591126025372, 3.47115990341843, 3.4750297964676635, 3.4770341031868193, 3.48061333014215, 3.4691704620671207, 3.4734949177695946, 3.4781012520539214, 3.501271783497592, 3.5218511572915974, 3.5587437339132264, 3.616992819298638, 3.6630825429652143, 3.72429823933128, 3.791766558194482, 3.7849070861834404, 3.7422772352812426, 3.692629541358693, 3.6348866521402767, 3.603376302633825, 3.6007209070647828, 3.605535432735843, 3.6080445666611203, 3.6134808523734696, 3.6102952053328177, 3.6058922606373036, 3.60150366186333, 3.5976347310747743, 3.58669473481806, 3.5615953344358906, 3.536343016258921], "O21": [4.553999999999999, 4.553999999999999, 4.553999999999999, 4.553999999999999, 4.553999999999999, 4.553999999999999, 4.553999999999999, 4.553999999999999, 4.553999999999999, 4.553999999999999, 4.553999999999999, 4.553999999999999, 4.553999999999999, 4.553999999999999, 4.553999999999999, 4.553999999999999, 4.553999999999999, 4.553999999999999, 4.553999999999999, 4.553999999999999, 4.553999999999999, 4.553999999999999, 4.553999999999999, 4.553999999999999, 4.553999999999999, 4.553999999999999, 4.553999999999999, 4.553999999999999, 4.553999999999999, 4.553999999999999, 4.553999999999999, 4.553999999999999, 4.553999999999999, 4.553999999999999, 4.553999999999999, 4.553999999999999, 4.553999999999999, 4.553999999999999, 4.553999999999999, 4.553999999999999, 4.553999999999999, 4.553999999999999, 4.553999999999999, 4.553999999999999, 4.553999999999999, 4.553999999999999, 4.553999999999999, 4.553999999999999, 4.553999999999999, 4.553999999999999, 4.553999999999999, 4.553999999999999, 4.553999999999999, 4.553999999999999, 4.553999999999999, 4.553999999999999, 4.553999999999999, 4.553999999999999, 4.553999999999999], "mode": "1"}