{"O23": 5.0, "O34": [4.202081623035722, 4.178148357012566, 4.171851029876362, 4.160397890756074, 4.162569538476785, 4.122264016342098, 4.128560928390841, 4.135633586990074, 4.14314840296416, 4.051718322208636, 4.056858477409966, 4.050046980293366, 4.037978058516453, 4.026309699685508, 3.965555068641313, 3.9593381300227097, 3.969711645394009, 3.9895558525237957, 4.01757680149145, 4.0741652856423105, 4.124318498316392, 4.148961230243018, 4.164619620338571, 4.1754422929017325, 4.182543671893248, 4.162494095724185, 4.171376741736135, 4.173771569732539, 4.181371566438314, 4.138811826839213, 4.098075576224292, 4.087957095952451, 4.098469700875532, 4.114396929094977, 4.14283013607078, 4.14029957131802, 4.144849137891783, 4.143578602991834, 4.1512210918033805, 4.074135967866654, 4.076017681017631, 4.078307750699146, 4.0854337878077915, 4.096087377145677, 4.1098269624533055, 4.046254151182674, 4.032137809465386, 4.034989017362216, 4.020806629460807, 4.024969822558372, 4.017888092898721, 4.024939673538038, 4.019957030408877, 4.009440926398894, 3.9938708150820634, 3.9673295732849447, 3.9638658210123823, 3.964307434918851, 3.957617565021577, 3.9593060805121016, 3.3866726463657226, 3.3866726463657226, 3.3866726463657226, 3.3866726463657226, 3.3866726463657226, 3.3866726463657226, 3.3866726463657226, 3.3866726463657226, 3.3866726463657226, 3.3866726463657226, 1.816798542967615, 1.8151813750231314, 1.8151813750231314, 1.8151813750231314, 1.8151813750231314, 1.8151813750231314, 1.8151813750231314, 1.8151813750231314, 1.8151813750231314, 1.8151813750231314, 3.3131308018340113, 3.3135572820604806, 3.3135572820604806, 3.3135572820604806, 3.3135572820604806, 3.3135572820604806, 3.3135572820604806, 3.3135572820604806, 3.3135572820604806, 3.3135572820604806, 4.04155535377775, 4.041785025978976, 4.041785025978976, 4.041785025978976, 4.041785025978976, 4.041785025978976, 4.041785025978976, 4.041785025978976, 4.041785025978976, 4.041785025978976, 2.9767516671163214, 2.9763405163364776, 2.9763405163364776, 2.9763405163364776, 2.9763405163364776, 2.9763405163364776, 2.9763405163364776, 2.9763405163364776, 2.9763405163364776, 2.9763405163364776, 1.813578216216, 1.8110639355240001, 1.8110639355240001, 1.8110639355240001, 1.8110639355240001, 1.8110639355240001, 1.8110639355240001, 1.8110639355240001, 1.8110639355240001, 1.8110639355240001, 3.352186586311227, 3.3528289845136343, 3.3528289845136343, 3.3528289845136343, 3.3528289845136343, 3.3528289845136343, 3.3528289845136343, 3.3528289845136343, 3.3528289845136343, 3.3528289845136343, 4.27315443656957, 4.273389370240153, 4.273389370240153, 4.273389370240153, 4.273389370240153, 4.273389370240153, 4.273389370240153, 4.273389370240153, 4.273389370240153, 4.273389370240153, 3.507294248513672, 3.50642375313024, 3.50642375313024, 3.50642375313024, 3.50642375313024, 3.50642375313024, 3.50642375313024, 3.50642375313024, 3.50642375313024, 3.50642375313024, 1.8460861332689165, 1.8419393431189253, 1.8419393431189253, 1.8419393431189253, 1.8419393431189253, 1.8419393431189253, 1.8419393431189253, 1.8419393431189253, 1.8419393431189253, 1.8419393431189253, 3.0393891804561735, 3.0406314005419572, 3.0406314005419572, 3.0406314005419572, 3.0406314005419572, 3.0406314005419572, 3.0406314005419572, 3.0406314005419572, 3.0406314005419572, 3.0406314005419572, 4.5545084047757936, 4.5547497302475195, 4.5547497302475195, 4.5547497302475195, 4.5547497302475195, 4.5547497302475195, 4.5547497302475195, 4.5547497302475195, 4.5547497302475195, 4.5547497302475195, 4.632993506395542, 4.617702728157763, 4.611188532468784, 4.61248047902126, 4.619163375503236, 4.644937731252678, 4.649106500576979, 4.654099693646734, 4.6529967437331266, 4.6572160599651555, 4.8283391148709, 4.8288301393523785, 4.831537159483588, 4.8313211231202065, 4.837574434486616, 4.7212480698861405, 4.712937757673778, 4.71767205650947, 4.712088972525967, 4.711181150611584, 4.828206523057318, 4.8167522568923795, 4.812811432537543, 4.791429721127973, 4.7510219176867485, 4.875489151698187, 4.841276406694703, 4.806059200452438, 4.787227630992776, 4.756409904842115, 4.839425963420991, 4.82001498984622, 4.800441982274143, 4.779910378329025, 4.769976741886071, 4.757340068696381, 4.753871292481385, 4.74210680857199, 4.734982293463549, 4.725349961904547, 4.707068023558058, 4.717542896651629, 4.714460542206929, 4.725746728110443, 4.748449903359406, 4.602136844466523, 4.615922984534819, 4.6324767235655395, 4.649117413045499, 4.676712234858243, 4.522694537237558, 4.526850109760474, 4.532119770499937, 4.541501930226005, 4.547409096293772, 4.538377819694359, 4.542927176135753, 4.550517120979312, 4.558367932852835], "O35": 3.541464706095093, "O46": 3.4866297294838198,