{"O23": 5.0, "O34": [4.116056653095744, 4.110742079522138, 4.133134384972282, 4.150801796513342, 4.164119002838262, 4.254122194433485, 4.290563998317113, 4.328217803574037, 4.363827432531615, 4.476447608472609, 4.626201257347957, 4.629476595870994, 4.629760499230202, 4.62210370631023, 4.6029202537234335, 4.6246961908963256, 4.630616754972743, 4.637214862584897, 4.641065576196084, 4.657473314012188, 4.6577045613940635, 4.65857494382548, 4.661006283893013, 4.661637948488432, 4.66843894860562, 4.66410676060738, 4.660955312424408, 4.660054994451382, 4.659220833628867, 4.611188290053556, 4.678412128251206, 4.6787731394321135, 4.67907830274901, 4.679397068233016, 4.663527515714176, 4.6299437161373085, 4.625294415419391, 4.62355667718653, 4.620678183353718, 4.658906399175356, 4.589423325941671, 4.603547779103752, 4.612208150088377, 4.622791147118281, 4.628923468992141, 4.58131708453818, 4.588644595369271, 4.581000639958348, 4.572618035807662, 4.552566437653336, 3.96917504369658, 3.961889556266565, 3.9466770956521, 3.9448740176655734, 3.9382049011365754, 3.823349806350426, 3.830559771744112, 3.8432853554484785, 3.8605235358466796, 3.8553311125591287, 3.52911565202503, 3.52911565202503, 3.52911565202503, 3.52911565202503, 3.52911565202503, 1.8176437637114735, 1.8165654624627152, 1.8165654624627152, 1.8165654624627152, 1.8165654624627152, 2.700037406097072, 2.7004360146080764, 2.7004360146080764, 2.7004360146080764, 2.7004360146080764, 4.534615899276025, 4.534615899276025, 4.534615899276025, 4.534615899276025, 4.534615899276025, 3.4127666140038984, 3.412335643438358, 3.412335643438358, 3.412335643438358, 3.412335643438358, 1.833204981987085, 1.8317644755290825, 1.8317644755290825, 1.8317644755290825, 1.8317644755290825, 3.5273494539253845, 3.528003796965107, 3.528003796965107, 3.528003796965107, 3.528003796965107, 4.08665429269747, 4.086884989456662, 4.086884989456662, 4.086884989456662, 4.086884989456662, 3.0714514287019257, 3.071035973186674, 3.071035973186674, 3.071035973186674, 3.071035973186674, 1.8226444459880682, 1.819767808129784, 1.819767808129784, 1.819767808129784, 1.819767808129784, 3.022823773204857, 3.023443711251903, 3.023443711251903, 3.023443711251903, 3.023443711251903, 3.6548273771129094, 3.6550482636256336, 3.6550482636256336, 3.6550482636256336, 3.6550482636256336, 3.162784247295204, 3.1623646400945473, 3.1623646400945473, 3.1623646400945473, 3.1623646400945473, 1.8674915115196615, 1.8642370492844207, 1.8642370492844207, 1.8642370492844207, 1.8642370492844207, 2.8410476386131305, 2.8418577133373812, 2.8418577133373812, 2.8418577133373812, 2.8418577133373812, 4.224615124417651, 4.224848955371849, 4.224848955371849, 4.224848955371849, 4.224848955371849, 2.816387891200636, 2.81558020556076, 2.81558020556076, 2.81558020556076, 2.81558020556076, 1.8195275512873013, 1.815933501878117, 1.815933501878117, 1.815933501878117, 1.815933501878117, 2.915785941077715, 2.916807052237831, 2.916807052237831, 2.916807052237831, 2.916807052237831, 3.769681064153417, 3.769904559912895, 3.769904559912895, 3.769904559912895, 3.769904559912895, 2.7532255178936014, 2.7524235742944922, 2.7524235742944922, 2.7524235742944922, 2.7524235742944922, 1.815194539518, 1.8110639355240001, 1.8110639355240001, 1.8110639355240001, 1.8110639355240001, 2.7639601050918228, 2.7651647580846697, 2.7651647580846697, 2.7651647580846697, 2.7651647580846697, 3.781908792335739, 3.7821325658848193, 3.7821325658848193, 3.7821325658848193, 3.7821325658848193, 4.5509746080049895, 4.55648811603175, 4.562070846110965, 4.568239057890935, 4.572236061159916, 4.577024380300897, 4.577724556381325, 4.5801285299266885, 4.588103624373242, 4.595868326843868, 4.590541525971269, 4.608884025151278, 4.63538804893984, 4.642797048384157, 4.642166915069593, 4.542724926148853, 4.551695690080385, 4.552019109621003, 4.564925655767112, 4.582201113679153, 4.47539224522979, 4.475205159942823, 4.473990877471823, 4.473286645516348, 4.47500639857911, 4.410513648897651, 4.406134880098019, 4.402985107320495, 4.403407246257905, 4.404344447060483, 4.41151021607355, 4.409446555229528, 4.4086477991892785, 4.409141726646503, 4.40995933066555, 4.419954834477262, 4.41992161383951, 4.420280076823642, 4.4205211090577805, 4.420139500149506, 4.426458202249383, 4.427053258716741, 4.428283666242698, 4.427414716392454, 4.426297945453115, 4.467698801516488, 4.465220977718899, 4.464988576599025, 4.464332189288885, 4.464264599127857, 4.470046666561681, 4.468421994019664, 4.467169996852289, 4.467455250120989, 4.468046073303035, 4.4806104287700155, 4.478509263503269, 4.481038537361768], "O35": 3.437472491341498, "O46": 3.3852200436936233,