{"O23": 4.594340904953616, "O34": [5.0, 5.0, 5.0, 5.0, 5.0, 5.0, 5.0, 5.0, 5.0, 5.0, 5.0, 5.0, 5.0, 5.0, 5.0, 3.5882639047075333, 3.5882639047075333, 3.5882639047075333, 3.5882639047075333, 3.5882639047075333, 5.0, 5.0, 5.0, 5.0, 5.0, 3.579309105617733, 3.579309105617733, 3.579309105617733, 3.579309105617733, 3.579309105617733, 5.0, 5.0, 5.0, 5.0, 5.0, 3.574720589788001, 3.574720589788001, 3.574720589788001, 3.574720589788001, 3.574720589788001, 5.0, 5.0, 5.0, 5.0, 5.0, 5.0, 5.0, 5.0, 5.0, 5.0, 5.0, 5.0, 5.0, 5.0, 5.0, 5.0, 5.0, 5.0, 5.0, 5.0], "O35": 4.448504569431515, "O46": 4.119204073792591, "O22": [4.274163943229909, 4.274258055982264, 4.273727234645204, 4.272418385003235, 4.270957902728293, 4.270957902728293, 4.270957902728293, 4.270957902728293, 4.270957902728293, 4.265985239322898, 4.266856386352782, 4.266329186145313, 4.263110442276705, 4.257718561301822, 4.246698452437703, 2.6704781678904084, 2.6704781678904084, 2.6704781678904084, 2.6704781678904084, 2.6704781678904084, 4.2125858865688155, 4.2125858865688155, 4.2125858865688155, 4.2125858865688155, 4.2125858865688155, 2.662210278911647, 2.662210278911647, 2.662210278911647, 2.662210278911647, 2.662210278911647, 4.225862703032101, 4.225862703032101, 4.225862703032101, 4.225862703032101, 4.225862703032101, 2.6579737417122, 2.6579737417122, 2.6579737417122, 2.6579737417122, 2.6579737417122, 4.2450065042360965, 4.251130785796962, 4.254135601180881, 4.255529563859404, 4.256029163949705, 4.255926117558724, 4.25664470683924, 4.255574072526192, 4.254743552935441, 4.256309809616425, 4.257113505778896, 4.257858488204274, 4.258981572440649, 4.258151391821845, 4.258676540625107, 4.259579652261432, 4.26083811870729, 4.27546684038018, 4.272537472351018, 4.270468128474126], "O21": [4.553999999999999, 4.553999999999999, 4.553999999999999, 4.553999999999999, 4.553999999999999, 4.553999999999999, 4.553999999999999, 4.553999999999999, 4.553999999999999, 4.553999999999999, 4.553999999999999, 4.553999999999999, 4.553999999999999, 4.553999999999999, 4.553999999999999, 4.531000000000001, 4.531000000000001, 4.531000000000001, 4.531000000000001, 4.531000000000001, 4.553999999999999, 4.553999999999999, 4.553999999999999, 4.553999999999999, 4.553999999999999, 4.531000000000001, 4.531000000000001, 4.531000000000001, 4.531000000000001, 4.531000000000001, 4.553999999999999, 4.553999999999999, 4.553999999999999, 4.553999999999999, 4.553999999999999, 4.531000000000001, 4.531000000000001, 4.531000000000001, 4.531000000000001, 4.531000000000001, 4.553999999999999, 4.553999999999999, 4.553999999999999, 4.553999999999999, 4.553999999999999, 4.553999999999999, 4.553999999999999, 4.553999999999999, 4.553999999999999, 4.553999999999999, 4.553999999999999, 4.553999999999999, 4.553999999999999, 4.553999999999999, 4.553999999999999, 4.553999999999999, 4.553999999999999, 4.553999999999999, 4.553999999999999, 4.553999999999999], "mode": "1"}