{"O23": 5.0, "O34": [2.9192615219913702, 2.9145708050402153, 2.910725022876424, 2.9165965576763875, 2.9211712167272137, 2.923495594831269, 2.9242690626727263, 2.9265550350421528, 2.9318681279018506, 2.938026259131092, 2.94138475993246, 2.942784782419975, 2.945487723619113, 2.9419003554162195, 2.940948850340855, 2.9386193155412754, 2.937549839539505, 2.938864431097483, 2.9416529667421303, 2.946176601498192, 2.9517326270157827, 2.9580267879187985, 2.9650451592152907, 2.963404224810569, 4.568214044256411, 4.554280469286237, 4.554280469286237, 4.554280469286237, 4.554280469286237, 4.554280469286237, 4.554280469286237, 4.554280469286237, 4.554280469286237, 4.471630176116111, 4.34721005248469, 4.302209932864492, 4.904204367618675, 4.908027893613604, 4.917615311746366, 4.923303228718935, 4.923433587183548, 4.905041442534161, 4.875276164772131, 4.859641964641364, 4.837238866288574, 4.807586137173353, 4.7646300771393895, 4.752886208180445, 4.709643229701533, 4.714115609467308, 4.719672229082738, 4.6930761376158685, 4.683216275561505, 4.685689467830517, 4.697019964269264, 4.711309117868451, 4.7204129367293], "O35": 3.808295803765259, "O46": 3.8083165511114445, "O22": [2.0527940220647123, 2.0484631234488946, 2.0449123458549066, 2.0503334834342324, 2.0545572267888987, 2.056703305100235, 2.057417441305602, 2.0595280599324854, 2.0644335928715623, 2.0701193424690048, 2.0732202173722083, 2.07451284609324, 2.0770084484542184, 2.0736962622476907, 2.0728177457955685, 2.0706669063516077, 2.069679468357811, 2.0708932194363983, 2.0734678504127118, 2.0776444834748853, 2.082774314047514, 2.088585658672752, 2.095065660525302, 2.09336106970056, 3.5701264917922124, 3.557268463726916, 3.557268463726916, 3.557268463726916, 3.557268463726916, 3.557268463726916, 3.557268463726916, 3.557268463726916, 3.557268463726916, 3.480998031231224, 3.3661820242147336, 3.3246555098595367, 3.880181378402951, 3.88370976251517, 3.892557118035104, 3.8978059788782766, 3.8979262748396595, 3.88095383864945, 3.8534861731253667, 3.8390587928952282, 3.8183850126208663, 3.7910212079984156, 3.751380970179082, 3.7405436224781163, 3.7006386137420955, 3.704765765938864, 3.7098934644022017, 3.685350352441332, 3.6762515832247935, 3.6785338672526833, 3.688989751081132, 3.7021759102973384, 3.710576996067841], "O21": [4.531000000000001, 4.531000000000001, 4.531000000000001, 4.531000000000001, 4.531000000000001, 4.531000000000001, 4.531000000000001, 4.531000000000001, 4.531000000000001, 4.531000000000001, 4.531000000000001, 4.531000000000001, 4.531000000000001, 4.531000000000001, 4.531000000000001, 4.531000000000001, 4.531000000000001, 4.531000000000001, 4.531000000000001, 4.531000000000001, 4.531000000000001, 4.531000000000001, 4.531000000000001, 4.532, 4.553999999999999, 4.553999999999999, 4.553999999999999, 4.553999999999999, 4.553999999999999, 4.553999999999999, 4.553999999999999, 4.553999999999999, 4.553999999999999, 4.553999999999999, 4.553999999999999, 4.553999999999999, 4.553999999999999, 4.553999999999999, 4.553999999999999, 4.553999999999999, 4.553999999999999, 4.553999999999999, 4.553999999999999, 4.553999999999999, 4.553999999999999, 4.553999999999999, 4.553999999999999, 4.553999999999999, 4.553999999999999, 4.553999999999999, 4.553999999999999, 4.553999999999999, 4.553999999999999, 4.553999999999999, 4.553999999999999, 4.553999999999999, 4.553999999999999], "mode": "1"}