{"O23": 5.0, "O34": [4.635919875455957, 4.624001476445575, 4.57681230744698, 4.563584834382438, 4.5440209984752356, 4.5579070923183345, 4.5462806170160555, 4.54240036373163, 4.547516183502462, 4.554680119691261, 4.558046964895841, 4.5618531865105565, 4.557179027477293, 4.557204282841117, 4.555883647091792, 4.557523298361459, 4.557381827943065, 4.544827451320331, 4.531393130300265, 4.534705482429912, 4.541230324460303, 4.546552915330347, 4.550246072769271, 4.555782780008171, 4.554234828456495, 4.557344530974504, 4.572678274764571, 4.569594418256246, 4.56001259904636, 4.553842325755398, 4.548646075673406, 4.550459223848102, 4.550634936014161, 4.554303417587142, 4.557896807640694, 4.557783991361124, 4.5531731972276015, 4.548904137414007, 4.54824756317622, 4.548434208035047, 4.545109774899984, 4.523315750848621, 4.516367738032734, 4.510332245458971, 4.507042419142083, 4.5038408590454155, 4.5028634416953155, 4.50300168474158, 4.503593042698669, 4.504870505717075, 4.506651681515498, 4.508159275269443, 4.509253854456994, 4.509729940504334, 4.508946404631192, 4.50867465139772, 4.507690415360235, 4.507684874515017, 4.508672387929078, 4.510477056704378, 4.512287120565637, 4.508136886114615, 4.50513419023405, 4.502550869271197, 4.501638791241188, 4.5018787872337604, 4.501101428101524, 4.499490554607609, 4.498073618050126, 4.4960264778288375, 4.4940700222354035, 4.492742961799667, 4.493138607127446, 4.4945390069788305, 4.496714991824013, 4.497690100263977, 4.498344804620183, 4.499984365534894, 4.501099605643374, 4.5017981391091455, 4.504706867025968, 4.50666673982713, 4.506557288869459, 4.506552685510772, 4.505239734741104, 4.5050924655441955, 4.5051200920132635, 4.502521640558827, 4.499544902934331, 4.496551305527352, 4.492465924163656, 4.487295929917402, 4.482206660233357, 4.477085763161249, 4.470878506711762, 4.46248049857467, 4.4524393613223445, 4.441751050081414, 4.436662869278118, 4.433110593705059, 4.4308318881036195, 4.430794148490793, 4.430382055276997, 4.43091367383067, 4.427021720956443, 4.424372070913916, 4.437329313567286, 4.449320107505998, 4.460291021846619, 4.4754298200708735, 4.49034168609025, 4.506004801376199, 4.523938814388092, 4.545011489380174, 4.551939691106699, 3.3598279345026043, 3.3598279345026043, 3.3598279345026043, 3.3598279345026043, 3.3598279345026043, 3.3598279345026043, 3.3598279345026043, 3.3598279345026043, 3.3598279345026043, 3.3603922802022392, 1.8110639355240001, 1.8110639355240001, 1.8110639355240001, 1.8110639355240001, 1.8110639355240001, 1.8110639355240001, 1.8110639355240001, 1.8110639355240001, 1.8110639355240001, 1.8142965821280002, 2.889444948586833, 2.889444948586833, 2.889444948586833, 2.889444948586833, 2.889444948586833, 2.889444948586833, 2.889444948586833, 2.889444948586833, 2.889444948586833, 2.908787343472491, 4.475166800532586, 4.473009788681237, 4.470847835879279, 4.465764900391477, 4.463496886770357, 4.46104432997502, 4.459337992710354, 4.46991897187377, 4.478413102665378, 4.493585996714062, 4.493221341795975, 4.488764657257283, 4.474074236228138, 4.4617052158031125, 4.445692521736725, 4.463532526306597, 4.461915983006747, 4.456902225879176, 4.445929585800718, 4.465683197440503, 4.468428579323957, 4.477262137837655, 4.502723481102227, 4.536009253681457, 4.553490549367101, 4.5483971665793845, 4.551494768373914, 4.5328006067112, 4.518896215912898, 4.5043956060820305, 4.507826731121446, 4.519012885821141, 4.5247996341172145, 4.531298146584955], "O35": 3.8324231425891484, "O46": 3.7164370871543615, "O22": [3.632606040623822, 3.6216076350246196, 3.5780610462517664, 3.565854615363722, 3.547800931962434, 3.560615144017422, 3.549886128236679, 3.546305395672467, 3.551026320082114, 3.5576372647083665, 3.5607442196875922, 3.564256635162408, 3.5599432792462125, 3.5599665851226687, 3.558747890597739, 3.560260975508668, 3.560130425336583, 3.5485451338874796, 3.536147821849187, 3.5392044901296753, 3.5452256729293494, 3.550137407565551, 3.55354548640396, 3.5586548095474813, 3.557226345959509, 3.5600960073591765, 3.5742461237808967, 3.571400313310988, 3.5625581245273463, 3.556864140943409, 3.5520689947205937, 3.5537421841329797, 3.5539043328972006, 3.557289640625001, 3.5606056532245693, 3.560501545349021, 3.5562466631311382, 3.552307136411461, 3.5517012438107125, 3.551873481361964, 3.548805664621225, 3.528693943579927, 3.522282254980559, 3.5167126482523914, 3.513676766994132, 3.5107223385962665, 3.5098203690912397, 3.509947941015352, 3.5104936514468212, 3.5116725057880944, 3.513316190804637, 3.514707411854567, 3.5157174993549645, 3.516156835833312, 3.5154337818957124, 3.5151830055723137, 3.514274743721357, 3.514269630579649, 3.515180916823132, 3.516846281369635, 3.518516624549893, 3.514686750941503, 3.511915836227475, 3.5095319244522756, 3.5086902506583857, 3.5089117211147958, 3.5081943671291516, 3.506707838608028, 3.505400276832829, 3.503511157459282, 3.5017057226744024, 3.5004810993911772, 3.500846204451391, 3.5021385060057506, 3.5041465243548755, 3.5050463631769007, 3.5056505302341407, 3.5071635317647063, 3.5081926853484102, 3.508837298301416, 3.511521498534943, 3.5133300867497907, 3.513229084423502, 3.5132248364027805, 3.5120132336460665, 3.511877332309112, 3.511902826262773, 3.509504951934112, 3.5067579917318157, 3.5039954731708916, 3.500225446573677, 3.4954545294717816, 3.490758105720563, 3.4860324959317186, 3.480304383957094, 3.472554626658593, 3.4632885750620543, 3.4534253054990973, 3.4487298865768095, 3.4454518147889286, 3.443349004803797, 3.4433141783502896, 3.4429338950332053, 3.4434244774069165, 3.4398329483562073, 3.437387827510842, 3.449344887349578, 3.4604100996385383, 3.4705341578788413, 3.484504376782387, 3.4982651806100833, 3.5127192440049972, 3.529268912207443, 3.5487149658612274, 3.555331016069704, 2.4595652013939038, 2.4595652013939038, 2.4595652013939038, 2.4595652013939038, 2.4595652013939038, 2.4595652013939038, 2.4595652013939038, 2.4595652013939038, 2.4595652013939038, 2.460877791423434, 1.05, 1.05, 1.05, 1.05, 1.05, 1.05, 1.05, 1.05, 1.05, 1.05, 2.0252646362947297, 2.0252646362947297, 2.0252646362947297, 2.0252646362947297, 2.0252646362947297, 2.0252646362947297, 2.0252646362947297, 2.0252646362947297, 2.0252646362947297, 2.042558176672068, 3.4842616599913074, 3.4822711500912145, 3.480276080637544, 3.4755855021394813, 3.4734925588097716, 3.4712293173822366, 3.4696546940364756, 3.4794189165947733, 3.4872573767417627, 3.501259059578172, 3.5009225527462253, 3.496809884245907, 3.483253431843125, 3.471839188757225, 3.457062530925525, 3.4735254472937536, 3.4720336866248127, 3.467406946538591, 3.457281295771921, 3.475510105922869, 3.478043568970433, 3.4861952560664355, 3.5096912121995003, 3.5404076219446603, 3.5565395185343647, 3.5518392991741536, 3.554697793917565, 3.537446653716226, 3.5246155570667232, 3.511234264141663, 3.5144005371295193, 3.5247232211054054, 3.530063284381124, 3.5360601700240233, 3.54384296504938],