{"O23": 3.7537707950058, "O34": [4.594191391247186, 4.606044991657972, 4.616329084422164, 4.600766713934828, 4.604335489054946, 4.631309217063555, 4.643507690169476, 4.658438277889614, 4.661536706468824, 4.685372970096406, 4.6732036892636, 4.673423952815331, 4.646978647448712, 4.654318095406445, 4.698443435346083, 4.734091395785671, 4.711708979840861, 4.727316858790733, 4.721339083636766, 4.727661730101097, 4.727748495290119, 4.696439816069439, 4.66755363645474, 4.726154632095957, 4.74475427669043, 4.696813689040757, 4.68275842041948, 4.658826575636114, 4.639426925718252, 4.62127435422338, 4.624749068559701, 4.622795036393129, 4.623583694072454, 4.597180887634896, 4.5687620532345345, 4.548916954334969, 4.556011488382793, 4.565518126046035, 4.581729737805538, 4.595112550492469, 3.255080791415058, 3.30060706429937, 3.360451471371012, 3.4045271599721585, 3.4399815744602886, 3.458837301688757, 3.4440199613044586, 3.4114066457603904, 3.4107932417442974, 3.434227095850741, 3.443756580955594, 3.4204404660243433, 3.4434268467390052, 3.428367330553134, 3.353314390870249, 3.265430703985379, 3.2011934518351466, 3.210735258986036, 3.2021059676240773, 3.2280788998178593, 3.2903472601664827, 3.294951090878375, 3.2904693977994186, 3.2850292899647924, 3.241511319968327, 3.2155352751391586, 3.2201095758136535, 3.246660118967336, 3.240063083862941, 3.2113594104300613, 3.212168788873565, 3.238296262009224, 3.239467948136772, 3.2224404677405274, 3.3021857487104986, 1.859726249834857, 1.8537883229051604, 1.8450708056030358, 1.834812707795753, 1.827256315101733, 1.8326031987976692, 1.838969782482783, 1.8436125181262581, 1.8370093613457263, 1.826712811065992, 1.8223479394710536, 1.8287435207879588, 1.837869229557698, 1.840768945278723, 1.8438941464293612, 1.842381555441828, 1.8371065134778488, 1.8225557396934982, 1.8165978563081264, 1.8113296848798262, 1.81185396502798, 1.8163607761482914, 1.815762201270363, 1.8146280984335639, 1.8187907337494125, 1.8149490507324786, 1.8111446989240874, 1.8110639355240001, 1.8110639355240001, 1.8123169233507885, 1.8165647326295495, 1.81486753949311, 1.8110639355240001, 1.8110639355240001, 1.811243527002, 2.7718891547854545, 2.7990329539556638, 2.823180652698611, 2.849456330554871, 2.874571965154301, 2.9117461052952986, 2.9549713787466354, 2.99846582985315, 3.0173802820392797, 3.0591708755598446, 3.1131712091999604, 3.165311864375936, 3.2353491860007404, 3.3089028340168225, 3.367339528931011, 3.441354360854488, 3.5256710906188093, 3.5710929584085624, 3.5966582463053998, 3.6254631865682247, 3.6501594012745526, 3.65380924606729, 3.6573848898572425, 3.6446469194182787, 3.6400127687310304, 3.638773903121256, 3.63301639962449, 3.6265649542837237, 3.6341439013985823, 3.6421636996003786, 3.638768618635721, 3.634797722659818, 3.629310494976699, 3.625922362265591, 3.6295210308204156, 4.85473414129718, 4.859337562684022, 4.901273637674013, 4.934274526984004, 4.948876994508863, 4.992125431672961, 5.0, 5.0, 5.0, 5.0, 5.0, 5.0, 5.0, 5.0, 5.0, 5.0, 5.0, 5.0, 5.0, 5.0, 5.0, 5.0, 4.980155057840005, 4.96055727541146, 4.9489387500463495, 4.924270537082478, 4.913832072607738, 4.890794379267016, 4.8588480643099805, 4.818474290820042, 4.791084419944845, 4.807393939805471, 4.753645689584555], "O35": 3.258762641275651, "O46": 2.6334647131990723, "O22": [3.5940986207960233, 3.6050372296658173, 3.6145274827897373, 3.6001663875993777, 3.603459685317403, 3.628351283669064, 3.6396081441578776, 3.6533862245391022, 3.656245482246839, 3.6782418003024198, 3.6670118787052974, 3.6672151398881585, 3.642811174694218, 3.6495840831564266, 3.690303342969435, 3.723199600877683, 3.7025449065150715, 3.7169479973231923, 3.711431652748146, 3.7172662476643343, 3.7173463153596615, 3.688454385114298, 3.661797959252306, 3.715875484095851, 3.7330394030981298, 3.6887993984485163, 3.675829070389531, 3.6537445491853537, 3.6358423780889386, 3.619091022156383, 3.6222975197387286, 3.620494321313913, 3.6212221017002366, 3.5968573548995515, 3.570632199396745, 3.552318963981183, 3.558865863688715, 3.5676386742662034, 3.58259889513081, 3.5949486748168904, 2.362853065118653, 2.4048870812980914, 2.4601409076214202, 2.5008356118087884, 2.533570367759788, 2.5509796985304085, 2.5372989755985635, 2.507187381866126, 2.5066210312139985, 2.5282573071542647, 2.5370557987878093, 2.515528230415316, 2.5367513580217, 2.522847036255234, 2.453551302581593, 2.372409050374511, 2.3130993479732855, 2.3219092164459534, 2.313941865952594, 2.3379224508521115, 2.3954142923874873, 2.399664969685908, 2.3955270610134627, 2.390504256240499, 2.3503244888438566, 2.326341030074858, 2.3305644425437397, 2.3550783306744623, 2.3489873449041334, 2.322485490105852, 2.3232327822612184, 2.3473560534831543, 2.3484378612069654, 2.3327165350116585, 2.4065413156276203, 1.0950554583420014, 1.089557651194775, 1.081486277212385, 1.0719885107175209, 1.064992198662439, 1.0699427707639397, 1.0758374625817828, 1.0801360781601799, 1.0740223480701874, 1.0644889792042642, 1.0604476323612504, 1.0663691725032984, 1.0748184827578355, 1.077503271237843, 1.0803968321431765, 1.0789963545622718, 1.0741122992758314, 1.0606400304088648, 1.055123745980604, 1.0502460519849992, 1.0507314724322014, 1.0549042382277067, 1.0543500297840884, 1.053299986771491, 1.0571540871101655, 1.0535971500515013, 1.0500747772081893, 1.05, 1.05, 1.0511601162343467, 1.0550930774326446, 1.0535216804339589, 1.05, 1.05, 1.05, 1.9167263829834955, 1.9417880192916404, 1.9640833818449632, 1.9883434892107108, 2.01153253861504, 2.045855102469852, 2.085764625663881, 2.1259226782717198, 2.143386229290651, 2.1819711248443796, 2.231829168433664, 2.279970186892232, 2.3446350435525276, 2.4125464941257215, 2.4665005919219043, 2.534837849630121, 2.612686761007448, 2.6546243808610748, 2.678228591287401, 2.704823944878768, 2.727625747503256, 2.730995617807821, 2.7342969789647227, 2.722536120418599, 2.718257448947716, 2.7171136149857804, 2.7117977615279054, 2.7058411975341072, 2.7128387742182034, 2.720243384919079, 2.717108735865738, 2.71344244176514, 2.7083761316413444, 2.705247897850744, 2.7083670086772393, 3.834529809455292, 3.838777888036352, 3.877476874500619, 3.9079303914075054, 3.9214056795269663, 3.96131572558668, 3.9702462959643325, 3.981355993726252, 3.9952383134549607, 4.0314360024050915, 4.053715695780265, 4.0485339597127235, 4.063843100388398, 4.078331746951399, 4.049149423315771, 4.017076763107417, 4.004987756930883, 4.004523937109458, 4.018275185309917, 4.03166053548296, 4.03611706355107, 4.010398135080945, 3.9502693571546237, 3.9321843475987, 3.9214626680913427, 3.898698619719759, 3.889065910995537, 3.8678065207695003, 3.8383261745425203, 3.8010688939274067, 3.775793275202711, 3.7908438465419625, 3.7412444787357546],