{"O23": 2.027801030138084, "O34": [2.862172120704596, 2.8421548067801057, 2.83483629903572, 2.8420859578661286, 2.8258198588545764, 2.873898866474546, 2.874941594551317, 2.905299574751993, 2.9033436453485573, 2.8989546877698444, 2.8985842108312405, 2.8621792531836827, 2.8638534404939637, 2.837163431122307, 2.8466269947256118, 2.8427428348133024, 2.8377347197844722, 2.817887687659123, 2.812837793305266, 2.784994115310922, 2.791492763057651, 2.791002820734798, 2.802256369879682, 2.7739346807871903, 2.7942306146567653, 2.693276294561349, 2.6906243668938767, 2.479480242856449, 2.4610506853952447, 2.396779759099955, 2.361174383046085, 2.571866755656849, 2.5139486235585107, 2.6987825418485136, 2.65309693075364, 2.796314727426502, 2.7765707231324477, 2.8749270041214023, 2.8643634715745994, 2.918018771129631, 2.9160768181032752, 2.952879331326802, 2.9545952792707313, 2.968893892220179, 2.9684479733004903, 2.9679595491330315, 2.96665458677932, 2.9693054519750777, 2.9741039598504586, 2.9778899091941824, 2.9755372411414314, 2.972346350120391, 2.958889198772819, 2.9562436392350504, 2.9359695536259123, 2.929910575597066, 2.8984727329625346], "O35": 2.837928989841938, "O46": 1.6735448047275359, "O22": [2.0000838688865543, 1.9816020551103855, 1.9748449398569892, 1.981538487500284, 1.9665201381887698, 2.0109110723933914, 2.011873814258097, 2.0399030762662766, 2.03809718347117, 2.034044896688474, 2.0337028385175593, 2.000090454243148, 2.001636216986929, 1.9769935608967097, 1.9857311877748707, 1.9821449763357657, 1.9775210268047931, 1.9591964327491647, 1.9545339087267426, 1.92882608031998, 1.9348262258892135, 1.934373866356551, 1.9447641714894615, 1.9186149995471866, 1.9373540607222228, 1.8441438052932708, 1.8416953032873082, 1.6467477496288834, 1.6297318977388622, 1.5703911042891394, 1.537516966822923, 1.7320474222746551, 1.6785721090661507, 1.849227676053893, 1.8070465442751225, 1.9392783041169213, 1.9210488347717787, 2.0118603430396504, 2.002107124296867, 2.0516466008830547, 2.0498536123566944, 2.083833056274994, 2.0854173762526362, 2.0986191626054946, 2.0982074495023255, 2.0977564916694815, 2.0965516311523715, 2.0989991521873383, 2.103429573236377, 2.1069251077022226, 2.1047529095245796, 2.101806787289929, 2.089381915196613, 2.086939292830033, 2.06822040396594, 2.0626262016655987, 2.033599911960212], "O21": [4.531000000000001, 4.531000000000001, 4.531000000000001, 4.531000000000001, 4.531000000000001, 4.531000000000001, 4.531000000000001, 4.531000000000001, 4.531000000000001, 4.531000000000001, 4.531000000000001, 4.531000000000001, 4.531000000000001, 4.531000000000001, 4.531000000000001, 4.531000000000001, 4.531000000000001, 4.531000000000001, 4.531000000000001, 4.531000000000001, 4.531000000000001, 4.531000000000001, 4.531000000000001, 4.531000000000001, 4.531000000000001, 4.531000000000001, 4.531000000000001, 4.531000000000001, 4.531000000000001, 4.531000000000001, 4.531000000000001, 4.531000000000001, 4.531000000000001, 4.531000000000001, 4.531000000000001, 4.531000000000001, 4.531000000000001, 4.531000000000001, 4.531000000000001, 4.531000000000001, 4.531000000000001, 4.531000000000001, 4.531000000000001, 4.531000000000001, 4.531000000000001, 4.531000000000001, 4.531000000000001, 4.531000000000001, 4.531000000000001, 4.531000000000001, 4.531000000000001, 4.531000000000001, 4.531000000000001, 4.531000000000001, 4.531000000000001, 4.531000000000001, 4.531000000000001], "mode": "1"}