{"O23": 5.0, "O34": [3.742036538673165, 3.742036538673165, 3.742036538673165, 3.742036538673165, 3.742036538673165, 3.742036538673165, 3.742036538673165, 3.742036538673165, 3.742036538673165, 3.736942676137057, 1.8982628209620849, 1.8980812460907823, 1.8980812460907823, 1.8980812460907823, 1.8980812460907823, 1.8980812460907823, 1.8980812460907823, 1.8980812460907823, 1.8980812460907823, 1.8888827264273322, 2.882355868939118, 2.882559312741733, 2.882559312741733, 2.882559312741733, 2.882559312741733, 2.882559312741733, 2.882559312741733, 2.882559312741733, 2.882559312741733, 2.882559312741733, 1.884630230963231, 1.8840864633023109, 1.8840864633023109, 1.8840864633023109, 1.8840864633023109, 1.8840864633023109, 1.8840864633023109, 1.8840864633023109, 1.8840864633023109, 1.8840864633023109, 3.3453034739977303, 3.345517440545107, 3.345517440545107, 3.345517440545107, 3.345517440545107, 3.345517440545107, 3.345517440545107, 3.345517440545107, 3.345517440545107, 3.345517440545107, 1.8753822849167887, 1.8744771006172158, 1.8744771006172158, 1.8744771006172158, 1.8744771006172158, 1.8744771006172158, 1.8744771006172158, 1.8744771006172158, 1.8744771006172158], "O35": 2.2520347066464708, "O46": 2.244649206322353, "O22": [2.81245511822173, 2.81245511822173, 2.81245511822173, 2.81245511822173, 2.81245511822173, 2.81245511822173, 2.81245511822173, 2.81245511822173, 2.81245511822173, 2.8077519987548083, 1.1305675781515374, 1.1305675781515374, 1.1305675781515374, 1.1305675781515374, 1.1305675781515374, 1.1305675781515374, 1.1305675781515374, 1.1305675781515374, 1.1305675781515374, 1.1220508537545602, 2.0189071879427827, 2.0189071879427827, 2.0189071879427827, 2.0189071879427827, 2.0189071879427827, 2.0189071879427827, 2.0189071879427827, 2.0189071879427827, 2.0189071879427827, 2.0189071879427827, 1.117610090168056, 1.117610090168056, 1.117610090168056, 1.117610090168056, 1.117610090168056, 1.117610090168056, 1.117610090168056, 1.117610090168056, 1.117610090168056, 1.117610090168056, 2.446352445408503, 2.446352445408503, 2.446352445408503, 2.446352445408503, 2.446352445408503, 2.446352445408503, 2.446352445408503, 2.446352445408503, 2.446352445408503, 2.446352445408503, 1.1087129744783715, 1.1087129744783715, 1.1087129744783715, 1.1087129744783715, 1.1087129744783715, 1.1087129744783715, 1.1087129744783715, 1.1087129744783715, 1.1087129744783715], "O21": [4.531000000000001, 4.531000000000001, 4.531000000000001, 4.531000000000001, 4.531000000000001, 4.531000000000001, 4.531000000000001, 4.531000000000001, 4.531000000000001, 4.531000000000001, 4.409, 4.408, 4.408, 4.408, 4.408, 4.408, 4.408, 4.408, 4.408, 4.408, 4.53, 4.531000000000001, 4.531000000000001, 4.531000000000001, 4.531000000000001, 4.531000000000001, 4.531000000000001, 4.531000000000001, 4.531000000000001, 4.531000000000001, 4.4110000000000005, 4.408, 4.408, 4.408, 4.408, 4.408, 4.408, 4.408, 4.408, 4.408, 4.53, 4.531000000000001, 4.531000000000001, 4.531000000000001, 4.531000000000001, 4.531000000000001, 4.531000000000001, 4.531000000000001, 4.531000000000001, 4.531000000000001, 4.413, 4.408, 4.408, 4.408, 4.408, 4.408, 4.408, 4.408, 4.408], "mode": "1"}