{"O23": 5.0, "O34": [2.210925348200806, 2.2087206275441855, 2.1958553523232456, 2.1958300115179235, 2.206230355457073, 2.2104888533974134, 2.204454472076039, 2.2047871128327747, 2.195397642374336, 2.177849840276159, 2.181406815049291, 2.178181936868214, 2.2312801518101324, 2.2405102124097964, 2.3265918155777006, 2.371956367475753, 2.472107663268976, 2.500951773680921, 2.57939264658167, 2.6151800964779204, 2.660184975747744, 2.6942736678047536, 2.7062375570495503, 2.710397779499968, 2.706881400223777, 2.7144850754743963, 2.68656401824149, 2.709661908691116, 2.7153621568977044, 2.7300331645725433, 2.7310632814626574, 2.7218632225175416, 2.721545351432607, 2.697676592769894, 2.689116156473684, 2.655111475158944, 2.6443859971513892, 2.5799324852695706, 2.552872895092086, 2.451536672246016, 3.4246418729901262, 3.434638069238341, 3.4714610287098586, 3.4872586067776, 3.508859868317565, 3.513472145371564, 3.537415995278016, 3.5442353264833413, 3.5488077495594417, 3.5463614665185057, 3.5437690975020923, 3.55649661599831, 3.5426970669112783, 3.5424570008263356, 3.5381477561944696, 3.5337710468677996, 3.5208305530029853, 3.524814609725411, 3.480722063468793, 3.4871641425732953, 3.471038079018331, 3.4773890362059166, 3.436421962238753, 3.417919017446015, 3.3614571222444116, 3.330937053666692, 3.233646083435414, 3.1785294914088373, 3.1135199320904343, 3.0868476738349884, 3.0336290117513562, 3.0258297699591643, 2.987201901109143, 2.99046261112962, 3.015211191429591, 3.0130387424585443, 3.0098341478886654, 2.9953809539044984, 3.054400574228171, 3.03022210435861, 3.8986608240164387, 3.903883355161825, 3.919332893822181, 3.9182740099931412, 3.934973383362429, 3.937390225500269, 3.9482082740850863, 3.957252030161564, 3.9622605479148314, 3.9644925703632206, 4.008289755714139, 4.013308446214715, 4.02765336936086, 4.040574855591331, 4.120453424463072, 4.1456364365660034, 4.201987230485133, 4.149905594545106, 4.177494696726826, 4.166347180921161, 4.129885629924248, 4.113610722868076, 4.068047174942393, 4.07894122801547, 4.026551541025949, 4.012383178437806, 3.99480825624809, 3.9930632271913775, 3.9781462740405273, 3.985883396308429, 3.936119315637831, 3.948225025931142, 3.9106717184890067, 3.902157364000202, 3.834853371600064, 3.8296581476639404, 3.792952719630548, 3.8043739130085537, 3.757810472412865, 3.7600825004195797, 4.6867699885819345, 4.6440599250312715, 4.603665707921913, 4.6216465876313135, 4.682362536528463, 4.673787326382469, 4.624208248449409, 4.619754243406796, 4.663855832345466, 4.6717140355703055, 4.7645322980212335, 4.768579564365006, 4.753712928037986, 4.740447787338942, 4.7204828494760225, 4.7093919956517905, 4.705875840256674, 4.718957809156177, 4.748951957602651, 4.747765885445896, 4.711206698906922, 4.734301680037932, 4.70277973873334, 4.689308013033039, 4.636286960900827, 4.643221458017063, 4.6625435954551095, 4.659675824947952, 4.580928897592716, 4.574869149409733, 4.51361113160668, 4.513216998997003, 4.513980987633226, 4.518450627901621, 4.531329049801877, 4.545232225727056, 4.550049527079113, 4.549138449871223, 4.525576474418935, 4.520766404990041, 4.524963239631351, 4.521591717886347, 4.556248631133307, 4.550842898408341, 4.550564932422671, 4.558289869778774, 4.5840265775251385, 4.602508812160339, 4.646080935570008, 4.651532705804057, 4.705240010107499, 4.717078786136197, 4.762572539474885, 4.778903233150626, 4.835251076875525, 4.832900762262666, 4.875332219812141, 4.871977564743421, 4.952639245407677, 4.9784498220525775, 5.0, 5.0, 5.0, 5.0, 5.0, 5.0, 5.0, 5.0, 5.0, 5.0, 5.0, 5.0, 4.938046251056892, 4.88035838737055, 4.870922278398257, 4.809313175996207, 4.743101468855758, 4.707701100559719, 4.68956394209278, 4.681636464688047, 4.700205552954208, 4.7012697640056285, 4.722656764335782, 4.735469841718262, 4.782911844336297, 4.798372559274517, 4.778633990864219, 4.747785427133486, 4.657918966783728, 4.639790005340056, 4.584615865151536, 4.596752426539213, 4.60254682879981, 4.613116470163874, 4.531575045250621, 4.5360330897912045, 4.516500418772045, 4.526744171191464, 4.50505379437678, 4.507913418294523, 4.465377151975363, 4.464032899957074, 4.44868971369094, 4.446596068332575, 4.430028998594184, 4.429786455066157, 4.435492903649518, 4.439249319589315, 4.466928023070383, 4.472516640260436, 4.5065070470698725, 4.492496957975464, 4.507077084017048, 4.5066735986959205, 4.542351215873842, 4.551199038653317, 4.5451414472103435, 4.535066939671435, 4.574678163948708, 4.572178549890958, 4.595431680357348, 4.594298431704069, 4.623746977924503, 4.622724594655057, 4.652094864168389, 4.645176364223615, 4.682751022309364, 4.673032453695612, 4.694819891835572, 4.703150116844036, 4.751588097706184, 4.790886100462112, 4.889619492791854, 4.904458842740232, 4.973394693567358, 4.971349672222515, 5.0, 5.0, 5.0, 5.0, 5.0, 5.0, 5.0, 5.0, 5.0, 5.0, 5.0, 5.0, 5.0, 5.0, 5.0, 5.0, 5.0, 5.0, 5.0, 5.0, 5.0, 5.0, 5.0, 5.0, 5.0, 5.0, 5.0, 5.0, 5.0, 5.0, 5.0, 5.0, 5.0, 5.0, 5.0, 5.0, 5.0, 5.0, 5.0, 5.0, 5.0, 5.0, 5.0], "O35": 3.983828279953721, "O46": 3.907819485602791,