{"O23": 4.594340904953616, "O34": [4.392261504264059, 4.397608657566436, 4.398235994976232, 4.400127575052085, 4.40063194264091, 4.4124797026314315, 4.425812442802058, 4.436564211417544, 4.436184108081615, 4.436825961063848, 4.439559303561233, 4.442320012917857, 4.444286180585565, 4.444696374433607, 4.448448880652407, 4.4490874164313015, 4.451256217784309, 4.448764005520217, 4.447588481843157, 4.449251656478482, 4.449373623339297, 4.453519745048928, 4.457931488002909, 4.466241088483832, 4.455454435566741, 4.43802664983978, 4.4231158309420096, 4.42309942063865, 4.421562114352432, 4.4206306492591505, 2.8255364559737255, 2.8255364559737255, 2.8255364559737255, 2.8255364559737255, 2.8257386036829546, 4.404734903597965, 4.404734903597965, 4.404734903597965, 4.404734903597965, 4.404734903597965, 2.784420794600374, 2.784420794600374, 2.784420794600374, 2.784420794600374, 2.784420794600374, 4.982436197886584, 4.982436197886584, 4.982436197886584, 4.982436197886584, 4.982436197886584, 2.7379294531301115, 2.7379294531301115, 2.7379294531301115, 2.7379294531301115, 2.7379294531301115, 4.372811069933357, 4.372811069933357, 4.372811069933357, 4.372811069933357], "O35": 3.5791584253714612, "O46": 3.2890943707503255, "O22": [3.4077559083472266, 3.412690309416483, 3.413269222009901, 3.4150147890847644, 3.41548022402348, 3.426413443301023, 3.4387170156195537, 3.448638844217412, 3.4482880814467984, 3.448880389140769, 3.4514027421347904, 3.453950349512192, 3.4557647466863974, 3.456143277251714, 3.4596061236769717, 3.460195370225922, 3.4621967595839807, 3.4598969237338877, 3.458812139931927, 3.460346932415856, 3.4604594845299226, 3.4642855628636378, 3.46835675886614, 3.4760249327858848, 3.466070912641347, 3.4499883955218786, 3.4362285579874, 3.4362134144121437, 3.434794774370701, 3.4339352100207834, 1.9662584747464482, 1.9662584747464482, 1.9662584747464482, 1.9662584747464482, 1.9662584747464482, 3.419266473227259, 3.419266473227259, 3.419266473227259, 3.419266473227259, 3.419266473227259, 1.9282967382391025, 1.9282967382391025, 1.9282967382391025, 1.9282967382391025, 1.9282967382391025, 3.9523744136675836, 3.9523744136675836, 3.9523744136675836, 3.9523744136675836, 3.9523744136675836, 1.8853716825348787, 1.8853716825348787, 1.8853716825348787, 1.8853716825348787, 1.8853716825348787, 3.3898068729387476, 3.3898068729387476, 3.3898068729387476, 3.3898068729387476], "O21": [4.553999999999999, 4.553999999999999, 4.553999999999999, 4.553999999999999, 4.553999999999999, 4.553999999999999, 4.553999999999999, 4.553999999999999, 4.553999999999999, 4.553999999999999, 4.553999999999999, 4.553999999999999, 4.553999999999999, 4.553999999999999, 4.553999999999999, 4.553999999999999, 4.553999999999999, 4.553999999999999, 4.553999999999999, 4.553999999999999, 4.553999999999999, 4.553999999999999, 4.553999999999999, 4.553999999999999, 4.553999999999999, 4.553999999999999, 4.553999999999999, 4.553999999999999, 4.553999999999999, 4.553999999999999, 4.531000000000001, 4.531000000000001, 4.531000000000001, 4.531000000000001, 4.532, 4.553999999999999, 4.553999999999999, 4.553999999999999, 4.553999999999999, 4.553999999999999, 4.531000000000001, 4.531000000000001, 4.531000000000001, 4.531000000000001, 4.531000000000001, 4.553999999999999, 4.553999999999999, 4.553999999999999, 4.553999999999999, 4.553999999999999, 4.531000000000001, 4.531000000000001, 4.531000000000001, 4.531000000000001, 4.531000000000001, 4.553999999999999, 4.553999999999999, 4.553999999999999, 4.553999999999999], "mode": "1"}