{"O23": 3.036488196844599, "O34": [4.47603759911406, 4.472832614361499, 4.472294853901719, 4.475179332168062, 4.479696160944223, 4.49997806576345, 4.521609269939388, 4.515353205073485, 4.515811293668984, 4.511285007820806, 4.511857653428543, 4.505332253560343, 4.509845612007476, 4.50857759316763, 4.522706898178002, 4.51432490262449, 4.5190341153874565, 4.531288049156538, 4.546870827953998, 4.562554432700626, 4.577872469537635, 4.589826411928585, 4.593762830030735, 4.597528266259161, 4.593243449481452, 4.599255869151942, 4.597319764167909, 4.584272896314802, 4.579522851136691, 4.579623974292808, 4.579430536992524, 4.577075284080203, 4.580063732294926, 4.56929283541951, 4.5644514228123185, 4.5622455446886585, 4.572402672619192, 4.569436107150647, 4.559678168283577, 4.5524829174881, 4.550737791850826, 4.552443767512207, 4.543386688554114, 4.533781031182144, 4.5202110358570105, 4.520940996829978, 4.522894376976348, 4.525654619049145, 4.536109102531688, 4.5439114174942965, 4.543522207970689, 4.545349550104441, 4.549447345455144, 4.553897376461085, 4.5585994813431014, 4.574393197881237, 4.576929291274931, 4.580338260945515, 4.599775339545831, 4.608701615763369], "O35": 4.549605464383904, "O46": 2.9929199182386714, "O22": [3.485065240739521, 3.482107652038452, 3.481611401858648, 3.484273224297022, 3.488441394439597, 3.507157718279064, 3.527119187677672, 3.521346034858221, 3.521768763126445, 3.517591865912916, 3.518120308420422, 3.512098610843009, 3.5162635785348035, 3.5150934393662876, 3.5281320888697603, 3.5203971081271352, 3.524742811939781, 3.5360508520264347, 3.550430780188583, 3.564903751441747, 3.5790393733461823, 3.5900705786960496, 3.593703140658254, 3.5971779190124686, 3.5932238516248556, 3.598772166470756, 3.596985511410921, 3.584945744633296, 3.5805623603013994, 3.580655677657655, 3.5804771719804505, 3.5783037234496664, 3.5810614902897524, 3.571122009961915, 3.5666543109462494, 3.564618706811391, 3.573991795647038, 3.571254222401569, 3.5622495088172386, 3.5556096667908297, 3.55399924918662, 3.555573538841623, 3.5472155850729714, 3.538351398219362, 3.5258288847143944, 3.5265024992531675, 3.528305095987887, 3.530852272151578, 3.540499763360004, 3.5476998096495054, 3.5473406436071557, 3.549026931332379, 3.5528084136682447, 3.5569149422288118, 3.5612540868251084, 3.575828670227958, 3.5781689999783723, 3.581314827792982, 3.599251538413564, 3.6074887862390046], "O21": [4.553999999999999, 4.553999999999999, 4.553999999999999, 4.553999999999999, 4.553999999999999, 4.553999999999999, 4.553999999999999, 4.553999999999999, 4.553999999999999, 4.553999999999999, 4.553999999999999, 4.553999999999999, 4.553999999999999, 4.553999999999999, 4.553999999999999, 4.553999999999999, 4.553999999999999, 4.553999999999999, 4.553999999999999, 4.553999999999999, 4.553999999999999, 4.553999999999999, 4.553999999999999, 4.553999999999999, 4.553999999999999, 4.553999999999999, 4.553999999999999, 4.553999999999999, 4.553999999999999, 4.553999999999999, 4.553999999999999, 4.553999999999999, 4.553999999999999, 4.553999999999999, 4.553999999999999, 4.553999999999999, 4.553999999999999, 4.553999999999999, 4.553999999999999, 4.553999999999999, 4.553999999999999, 4.553999999999999, 4.553999999999999, 4.553999999999999, 4.553999999999999, 4.553999999999999, 4.553999999999999, 4.553999999999999, 4.553999999999999, 4.553999999999999, 4.553999999999999, 4.553999999999999, 4.553999999999999, 4.553999999999999, 4.553999999999999, 4.553999999999999, 4.553999999999999, 4.553999999999999, 4.553999999999999, 4.553999999999999], "mode": "1"}