{"O23": 5.0, "O34": [4.523257414564531, 4.520677322562507, 4.520087414716071, 4.51760929610433, 4.513093040328907, 4.514945412078163, 4.513671877502481, 4.534499214273847, 4.533064553664041, 4.55517890513994, 4.565008005257246, 4.575244189042797, 4.579734523046808, 4.581776911198799, 4.58241081211636, 4.591467329885217, 4.591098014957745, 4.5873379079324, 4.588069727388272, 4.605407286379882, 4.608706232575665, 4.624342687810826, 4.62662757267525, 4.64752396197511, 4.667642440638572, 4.694304411762088, 4.710871141378288, 4.65954864763557, 4.671770488684761, 4.618588650706072, 4.60305159781235, 4.608238540151475, 4.440348966987296, 4.440348966987296, 4.440348966987296, 4.440348966987296, 4.440348966987296, 4.440348966987296, 4.440348966987296, 4.440348966987296, 2.491147012862565, 2.502556451606324, 2.4848796876425827, 2.5320117860739995, 2.535522032428952, 2.5759210691746945, 2.582410490154857, 2.6054046513710225, 2.604151616666554, 2.6123710931014337, 2.609665592099978, 2.6276791017215206, 2.66040913700625, 2.667985198503655, 2.7010650677140093, 2.68926154800963, 2.756670785077193, 2.7397967944059163, 2.701870002688866], "O35": 3.118875044489676, "O46": 3.127303239279757, "O22": [3.52864011033328, 3.5262591782721198, 3.5257148060157784, 3.523427975914594, 3.5192603345422437, 3.520969719821348, 3.519794490682286, 3.5390141440235725, 3.5376902263337815, 3.5580975483980444, 3.5671679302229133, 3.576613972511262, 3.580757693040251, 3.5826424271615895, 3.5832273966188954, 3.5915848325170816, 3.591244025386641, 3.5877741648688706, 3.5884494944323513, 3.604448749510464, 3.607493046674837, 3.6219225079355546, 3.6240310202000394, 3.64331439583451, 3.6618799085503473, 3.6864838148497787, 3.7017717416604663, 3.6544108837085494, 3.665689308345188, 3.6166126308408355, 3.602274898953141, 3.607061455907282, 3.4521314506332326, 3.4521314506332326, 3.4521314506332326, 3.4521314506332326, 3.4521314506332326, 3.4521314506332326, 3.4521314506332326, 3.4521314506332326, 1.6575195780288277, 1.668053814687563, 1.6517330105589194, 1.6952496716541816, 1.6984906519218357, 1.735790735074248, 1.7417823616492698, 1.7630126729257718, 1.761855756760575, 1.7694447286566093, 1.7669467628521685, 1.7835784813502864, 1.8137978414153617, 1.8207927538336823, 1.851335112553341, 1.8404370243331833, 1.9026753931261167, 1.887095782673697, 1.8520783020923246], "O21": [4.553999999999999, 4.553999999999999, 4.553999999999999, 4.553999999999999, 4.553999999999999, 4.553999999999999, 4.553999999999999, 4.553999999999999, 4.553999999999999, 4.553999999999999, 4.553999999999999, 4.553999999999999, 4.553999999999999, 4.553999999999999, 4.553999999999999, 4.553999999999999, 4.553999999999999, 4.553999999999999, 4.553999999999999, 4.553999999999999, 4.553999999999999, 4.553999999999999, 4.553999999999999, 4.553999999999999, 4.553999999999999, 4.553999999999999, 4.553999999999999, 4.553999999999999, 4.553999999999999, 4.553999999999999, 4.553999999999999, 4.553999999999999, 4.553999999999999, 4.553999999999999, 4.553999999999999, 4.553999999999999, 4.553999999999999, 4.553999999999999, 4.553999999999999, 4.553999999999999, 4.531000000000001, 4.531000000000001, 4.531000000000001, 4.531000000000001, 4.531000000000001, 4.531000000000001, 4.531000000000001, 4.531000000000001, 4.531000000000001, 4.531000000000001, 4.531000000000001, 4.531000000000001, 4.531000000000001, 4.531000000000001, 4.531000000000001, 4.531000000000001, 4.531000000000001, 4.531000000000001, 4.531000000000001, 4.531000000000001], "mode": "1"}