{"O23": 3.0514022966709105, "O34": [5.0, 5.0, 5.0, 5.0, 5.0, 5.0, 5.0, 5.0, 5.0, 5.0, 3.556814020155736, 3.556814020155736, 3.556814020155736, 3.556814020155736, 3.556814020155736, 3.556814020155736, 3.556814020155736, 3.556814020155736, 3.556814020155736, 3.5033684853105616, 4.614513810688652, 4.614513810688652, 4.614513810688652, 4.614513810688652, 4.614513810688652, 4.614513810688652, 4.614513810688652, 4.614513810688652, 4.614513810688652, 4.600494084615326, 2.9348516267418194, 2.9348516267418194, 2.9348516267418194, 2.9348516267418194, 2.9348516267418194, 2.9348516267418194, 2.9348516267418194, 2.9348516267418194, 2.9348516267418194, 2.9323319547335647, 5.0, 5.0, 5.0, 5.0, 5.0, 5.0, 5.0, 5.0, 5.0, 5.0, 3.7188880554776875, 3.7188880554776875, 3.7188880554776875, 3.7188880554776875, 3.7188880554776875, 3.7188880554776875, 3.7188880554776875, 3.7188880554776875, 3.7188880554776875, 3.7188880554776875], "O35": 3.7544744903418468, "O46": 2.5779568683016314, "O22": [4.294743065571222, 4.294743065571222, 4.294743065571222, 4.294743065571222, 4.294743065571222, 4.294743065571222, 4.294743065571222, 4.294743065571222, 4.294743065571222, 4.278130299211947, 2.641440759986384, 2.641440759986384, 2.641440759986384, 2.641440759986384, 2.641440759986384, 2.641440759986384, 2.641440759986384, 2.641440759986384, 2.641440759986384, 2.591894095810304, 3.612852331892596, 3.612852331892596, 3.612852331892596, 3.612852331892596, 3.612852331892596, 3.612852331892596, 3.612852331892596, 3.612852331892596, 3.612852331892596, 3.600138464188895, 2.067188231689224, 2.067188231689224, 2.067188231689224, 2.067188231689224, 2.067188231689224, 2.067188231689224, 2.067188231689224, 2.067188231689224, 2.067188231689224, 2.064672962055724, 4.259107555182441, 4.259107555182441, 4.259107555182441, 4.259107555182441, 4.259107555182441, 4.259107555182441, 4.259107555182441, 4.259107555182441, 4.259107555182441, 4.273058012271988, 2.7910823227890638, 2.7910823227890638, 2.7910823227890638, 2.7910823227890638, 2.7910823227890638, 2.7910823227890638, 2.7910823227890638, 2.7910823227890638, 2.7910823227890638, 2.7910823227890638], "O21": [4.553999999999999, 4.553999999999999, 4.553999999999999, 4.553999999999999, 4.553999999999999, 4.553999999999999, 4.553999999999999, 4.553999999999999, 4.553999999999999, 4.553999999999999, 4.531000000000001, 4.531000000000001, 4.531000000000001, 4.531000000000001, 4.531000000000001, 4.531000000000001, 4.531000000000001, 4.531000000000001, 4.531000000000001, 4.532, 4.553999999999999, 4.553999999999999, 4.553999999999999, 4.553999999999999, 4.553999999999999, 4.553999999999999, 4.553999999999999, 4.553999999999999, 4.553999999999999, 4.553, 4.531000000000001, 4.531000000000001, 4.531000000000001, 4.531000000000001, 4.531000000000001, 4.531000000000001, 4.531000000000001, 4.531000000000001, 4.531000000000001, 4.532, 4.553999999999999, 4.553999999999999, 4.553999999999999, 4.553999999999999, 4.553999999999999, 4.553999999999999, 4.553999999999999, 4.553999999999999, 4.553999999999999, 4.553, 4.531000000000001, 4.531000000000001, 4.531000000000001, 4.531000000000001, 4.531000000000001, 4.531000000000001, 4.531000000000001, 4.531000000000001, 4.531000000000001, 4.531000000000001], "mode": "1"}