{"O23": 5.0, "O34": [4.419989013395862, 4.3795393877731, 4.366059786990292, 4.3697945712258175, 4.360375990226155, 4.431207271568428, 4.416580140441926, 4.413634675409156, 4.411385066869245, 4.541220736119775, 4.388996656458847, 4.364350847813568, 4.3476038319404955, 4.330642540734914, 4.370811290496025, 4.346917284472086, 4.357125345276855, 4.368863676540488, 4.387794733190229, 4.304568650010453, 4.328641454407676, 4.3497955370313, 4.357991690291784, 4.354432778022271, 4.166822516839138, 4.184694677143189, 4.206883004828777, 4.218073541193886, 4.231011577067183, 4.462057940169451, 3.6175368981533036, 3.6175368981533036, 3.6175368981533036, 3.6175368981533036, 3.6175368981533036, 3.6175368981533036, 3.6175368981533036, 3.6175368981533036, 3.6175368981533036, 3.6024681696983367, 1.8904498412990363, 1.8904498412990363, 1.8904498412990363, 1.8904498412990363, 1.8904498412990363, 1.8904498412990363, 1.8904498412990363, 1.8904498412990363, 1.8904498412990363, 1.8904498412990363, 3.619209066829381, 3.6194292592187542, 3.6194292592187542, 3.6194292592187542, 3.6194292592187542, 3.6194292592187542, 3.6194292592187542, 3.6194292592187542, 3.6194292592187542, 3.6194292592187542, 3.891231029118387, 3.891231029118387, 3.891231029118387, 3.891231029118387, 3.891231029118387, 3.891231029118387, 3.891231029118387, 3.891231029118387, 3.891231029118387, 3.891231029118387, 3.5136253113382434, 3.513407528755593, 3.513407528755593, 3.513407528755593, 3.513407528755593, 3.513407528755593, 3.513407528755593, 3.513407528755593, 3.513407528755593, 3.513407528755593, 1.8396727568157731, 1.837870731938813, 1.837870731938813, 1.837870731938813, 1.837870731938813, 1.837870731938813, 1.837870731938813, 1.837870731938813, 1.837870731938813, 1.837870731938813, 3.3513255695812365, 3.351967909068547, 3.351967909068547, 3.351967909068547, 3.351967909068547, 3.351967909068547, 3.351967909068547, 3.351967909068547, 3.351967909068547, 3.351967909068547, 4.458471586317755, 4.458710730024461, 4.458710730024461, 4.458710730024461, 4.458710730024461, 4.458710730024461, 4.458710730024461, 4.458710730024461, 4.458710730024461, 4.458710730024461, 3.4514136009953855, 3.450980873666676, 3.450980873666676, 3.450980873666676, 3.450980873666676, 3.450980873666676, 3.450980873666676, 3.450980873666676, 3.450980873666676, 3.450980873666676, 1.866406113965255, 1.8636942476844318, 1.8636942476844318, 1.8636942476844318, 1.8636942476844318, 1.8636942476844318, 1.8636942476844318, 1.8636942476844318, 1.8636942476844318, 1.8636942476844318, 3.5242523281830667, 3.525124523793148, 3.525124523793148, 3.525124523793148, 3.525124523793148, 3.525124523793148, 3.525124523793148, 3.525124523793148, 3.525124523793148, 3.525124523793148, 4.703522107306087, 4.703766818072005, 4.703766818072005, 4.703766818072005, 4.703766818072005, 4.703766818072005, 4.703766818072005, 4.703766818072005, 4.703766818072005, 4.703766818072005, 3.5874287843812054, 3.586551004031302, 3.586551004031302, 3.586551004031302, 3.586551004031302, 3.586551004031302, 3.586551004031302, 3.586551004031302, 3.586551004031302, 3.586551004031302, 1.9087329405868254, 1.904371702581132, 1.904371702581132, 1.904371702581132, 1.904371702581132, 1.904371702581132, 1.904371702581132, 1.904371702581132, 1.904371702581132, 1.904371702581132, 3.544657164691233, 3.545968300701368, 3.545968300701368, 3.545968300701368, 3.545968300701368, 3.545968300701368, 3.545968300701368, 3.545968300701368, 3.545968300701368, 3.545968300701368, 4.657594570957005, 4.657838238340876, 4.657838238340876, 4.657838238340876, 4.657838238340876, 4.657838238340876, 4.657838238340876, 4.657838238340876, 4.657838238340876, 4.657838238340876, 3.5603106214874396, 3.559216502529515, 3.559216502529515, 3.559216502529515, 3.559216502529515, 3.559216502529515, 3.559216502529515, 3.559216502529515, 3.559216502529515, 3.559216502529515, 4.5738779077432445, 4.574119673251455, 4.574119673251455, 4.574119673251455, 4.574119673251455, 4.574119673251455, 4.574119673251455, 4.574119673251455, 4.574119673251455, 4.574119673251455, 5.0, 5.0, 5.0, 5.0, 5.0, 5.0, 5.0, 5.0, 5.0, 5.0, 5.0, 5.0, 5.0, 5.0, 4.9990484337865215, 4.999000750938814, 4.992715066521416, 4.979268873915923, 4.96743237639844, 4.965538184405015, 5.0, 5.0, 5.0, 5.0, 5.0, 5.0, 5.0, 5.0, 5.0, 5.0], "O35": 3.4100678929225094, "O46": 3.3640912722793823,