{"O23": 3.3365132307218044, "O34": [4.529110390633256, 4.581938410225636, 4.613972342508577, 4.648862604746466, 4.679115509012124, 4.665538644593089, 4.656312383826274, 4.645312991795879, 4.639067054022542, 4.634454934194162, 4.66005595381815, 4.682195983267134, 4.708648617936786, 4.726531178979658, 4.737485089829164, 4.762778324815625, 4.801827086419912, 4.7637532786664485, 4.756125172865789, 4.753495581747332, 3.246035493586172, 3.2325224300119055, 3.2000889333712426, 3.17188756072078, 3.2472694985353874, 3.2925115898962827, 3.2904304995437466, 3.2827978428663243, 3.234851416183722, 3.290691039548825, 3.254639760080943, 3.248282759001979, 3.249310066885671, 3.262257893621402, 3.313938092463235, 3.3704610729877205, 3.4368629368427857, 3.404321392304954, 3.3398839055113685, 3.333133960288996, 1.8843518123996912, 1.879961024499903, 1.8920878095408666, 1.899047738880992, 1.9065775735264332, 1.9117152627396856, 1.9157582975770984, 1.9184634783540588, 1.919843957923379, 1.9172522301150114, 1.9213488489160293, 1.9230484155536738, 1.923584685716471, 1.9206048733971806, 1.9166245577072565, 1.9164681477193115, 1.9161300806658295, 1.9173353276634135, 1.9167139352800397, 1.9164762754383302, 1.9167701249180256, 1.9141054669088768, 1.911439584167531, 1.9077942232841851, 1.9033086991035755, 1.8969430741505322, 1.8921613282437073, 1.8889124063414848, 1.8864674311403238, 1.8815894992750184, 1.8687978088018793, 1.8680633390424288, 1.8552549533220288, 1.8532672102321393, 1.845771455746735, 1.8614898912749642, 1.8735801618428785, 1.876066788883367, 1.8782623060376258, 1.8792786408891982, 1.8792261774010661, 1.8795805449201395, 1.8773275875163435, 1.871876865621803, 1.8694118781272122, 1.869459390430917, 1.8667738914785512, 1.8651610622197847, 1.858534382980523, 1.8551080102814692, 1.8483594590894916, 1.8451791678580454, 1.8401955165120858, 1.8458810164448627, 1.840852000912148, 1.833026057413052, 1.8308333168304924, 1.830077813553687, 1.8288205343300197, 1.8285244953823894, 1.8218680972967918, 1.8214045110141104, 1.8178955199865015, 1.8168208540090875, 1.8117958588455383, 1.8110639355240001, 1.8110639355240001, 1.8110639355240001, 1.8110639355240001, 1.8110639355240001, 1.8110639355240001, 1.8110639355240001, 1.8110639355240001, 1.8110639355240001, 1.8110639355240001, 1.8110639355240001, 1.8110639355240001, 1.8110639355240001, 1.8110639355240001, 1.8110639355240001, 1.8110639355240001, 1.8110639355240001, 1.8110639355240001, 1.8110639355240001, 1.8110639355240001, 1.8110639355240001, 1.8110639355240001, 1.8110639355240001, 1.8110639355240001, 1.8110639355240001, 1.8110639355240001, 1.8110639355240001, 1.8110639355240001, 1.8110639355240001, 1.8110639355240001, 1.8110639355240001, 1.8110639355240001, 1.8110639355240001, 1.8110639355240001, 1.8110639355240001, 1.8110639355240001, 1.8110639355240001, 1.8110639355240001, 1.8110639355240001, 1.8110639355240001, 1.8110639355240001, 1.8110639355240001, 1.8110639355240001, 1.8110639355240001, 1.8110639355240001, 1.8110639355240001, 1.8110639355240001, 1.8110639355240001, 1.8110639355240001, 1.8110639355240001, 1.8110639355240001, 1.8110639355240001, 1.8110639355240001, 1.8110639355240001, 1.8110639355240001, 1.8110639355240001, 1.8110639355240001, 1.8110639355240001, 1.8110639355240001, 1.8110639355240001, 1.8110639355240001, 1.8110639355240001, 1.8110639355240001, 1.8110639355240001, 1.8110639355240001, 1.8110639355240001, 1.8110639355240001, 1.8110639355240001, 1.8110639355240001, 1.8110639355240001, 1.8110639355240001, 1.8110639355240001, 1.8110639355240001, 1.8110639355240001], "O35": 1.9641780386024121, "O46": 1.562414537706113, "O22": [3.5340412891921336, 3.5827914599133446, 3.6123526601952185, 3.6445497074010205, 3.6724673590401156, 3.65993850667363, 3.651424430413132, 3.6412740927050598, 3.6355102852575403, 3.6312541796765427, 3.6548790304079626, 3.675310048336302, 3.699720777076877, 3.716222964940422, 3.726331332206481, 3.7496721565113837, 3.78570670426368, 3.7505718526771625, 3.7435325681661973, 3.7413328268305155, 2.35450161943248, 2.342025124061162, 2.3120795555756035, 2.2860414707694034, 2.3556409655883277, 2.3974125994114606, 2.395491146588567, 2.3884439803273154, 2.3441754569618274, 2.3957317009343333, 2.362445864681206, 2.3565765002620083, 2.3575250047950744, 2.3694796218550143, 2.4171955049406852, 2.469382686700846, 2.530690956471167, 2.50064562829148, 2.4411510509662797, 2.4353134897279864, 1.1178557715618083, 1.1137904293332463, 1.1250183757631114, 1.1314624343922204, 1.1384341568841392, 1.143191040020505, 1.1469344046810648, 1.1494390771679777, 1.150717235443192, 1.1483176067786411, 1.1521105837536623, 1.1536841783293883, 1.1541807000900595, 1.151421751780262, 1.1477364575172357, 1.1475916406544144, 1.1472786311672851, 1.148394545127821, 1.1478192104147145, 1.1475991659460256, 1.1478712352706915, 1.1454040819996827, 1.142935794773759, 1.1395606284310333, 1.1354075717849705, 1.129513767637874, 1.1250864452517928, 1.1220783337902847, 1.1198145804139155, 1.115298201382938, 1.1034546323830208, 1.1027746016011104, 1.0909155748074544, 1.089075163449108, 1.0821349950920998, 1.0966883784889423, 1.107882516902426, 1.1101848348793135, 1.1122176200660383, 1.1131586240691365, 1.1131100491803856, 1.113438150940844, 1.1113521829820536, 1.106305469180394, 1.1040231868239356, 1.1040671775105813, 1.101580728029308, 1.1000874418486113, 1.0939519327870593, 1.0907795232008601, 1.0845311753488311, 1.0815866076454022, 1.0769723450730435, 1.0822364351395022, 1.0775801707787884, 1.0703342870532846, 1.0683040726384665, 1.0676045673457688, 1.0664404777933414, 1.0661663812843394, 1.060003356140537, 1.0595741309229727, 1.056325226687614, 1.0553302150679935, 1.0506776730862502, 1.05, 1.05, 1.05, 1.05, 1.05, 1.05, 1.05, 1.05, 1.05, 1.05, 1.05, 1.05, 1.05, 1.05, 1.05, 1.05, 1.05, 1.05, 1.05, 1.05, 1.05, 1.05, 1.05, 1.05, 1.05, 1.05, 1.05, 1.05, 1.05, 1.05, 1.05, 1.05, 1.05, 1.05, 1.05, 1.05, 1.05, 1.05, 1.05, 1.05, 1.05, 1.05, 1.05, 1.05, 1.05, 1.05, 1.05, 1.05, 1.05, 1.05, 1.05, 1.05, 1.05, 1.05, 1.05, 1.05, 1.05, 1.05, 1.05, 1.05, 1.05, 1.05, 1.05, 1.05, 1.05, 1.05, 1.05, 1.05, 1.05, 1.05, 1.05, 1.05, 1.05, 1.05, 1.05], "O21": [4.553999999999999, 4.553999999999999, 4.553999999999999, 4.553999999999999, 4.553999999999999, 4.553999999999999, 4.553999999999999, 4.553999999999999, 4.553999999999999, 4.553999999999999, 4.553999999999999, 4.553999999999999, 4.553999999999999, 4.553999999999999, 4.553999999999999, 4.553999999999999, 4.553999999999999, 4.553999999999999, 4.553999999999999, 4.553, 4.531000000000001, 4.531000000000001, 4.531000000000001, 4.531000000000001, 4.531000000000001, 4.531000000000001, 4.531000000000001, 4.531000000000001, 4.531000000000001, 4.531000000000001, 4.531000000000001, 4.531000000000001, 4.531000000000001, 4.531000000000001, 4.531000000000001, 4.531000000000001, 4.531000000000001, 4.531000000000001, 4.531000000000001, 4.529, 4.408, 4.408, 4.408, 4.408, 4.408, 4.408, 4.408, 4.408, 4.408, 4.408, 4.408, 4.408, 4.408, 4.408, 4.408, 4.408, 4.408, 4.408, 4.408, 4.408, 4.408, 4.408, 4.408, 4.408, 4.408, 4.408, 4.408, 4.408, 4.408, 4.408, 4.408, 4.408, 4.408, 4.408, 4.408, 4.408, 4.408, 4.408, 4.408, 4.408, 4.408, 4.408, 4.408, 4.408, 4.408, 4.408, 4.408, 4.408, 4.408, 4.408, 4.408, 4.408, 4.408, 4.408, 4.408, 4.408, 4.408, 4.408, 4.408, 4.408, 4.408, 4.408, 4.408, 4.408, 4.408, 4.408, 4.408, 4.408, 4.408, 4.408, 4.408, 4.408, 4.408, 4.408, 4.408, 4.408, 4.408, 4.408, 4.408, 4.408, 4.408, 4.408, 4.408, 4.408, 4.408, 4.408, 4.408, 4.408, 4.408, 4.408, 4.408, 4.408, 4.408, 4.408, 4.408, 4.408, 4.408, 4.408, 4.408, 4.408, 4.408, 4.408, 4.408, 4.408, 4.408, 4.408, 4.408, 4.408, 4.408, 4.408, 4.408, 4.408, 4.408, 4.408, 4.408, 4.408, 4.408, 4.408, 4.408, 4.408, 4.408, 4.408, 4.408, 4.408, 4.408, 4.408, 4.408, 4.408, 4.408, 4.408, 4.408, 4.408, 4.408, 4.408, 4.408, 4.408, 4.408, 4.408, 4.408], "mode": "1"}