{"O23": 5.0, "O34": [2.961099127052427, 2.9596954258127712, 2.9639575540971066, 2.959490402171606, 2.960972264720479, 2.9593725692641693, 2.9593725692641693, 2.9593725692641693, 2.9593725692641693, 2.950697531817, 2.956695927337465, 2.9399478692529337, 2.938580252495629, 2.9029067889012476, 2.895309541112313, 2.8701621882150494, 3.9068710005050957, 3.9250397591104433, 3.914347254990574, 3.9140180039588373, 3.8964327696343375, 3.8896817791507483, 3.8833050563166296, 3.879287833899721, 3.8606963874270606, 3.8505746746544736, 3.8563040940491544, 3.8549210463918504, 3.835103454392915, 3.8258879061491706, 3.8551191952387187, 3.8888277408971192, 3.8925717707029768, 3.8435835762182866, 3.833330963042709, 3.801575013824706, 3.853267720435988, 3.851286627916623, 3.84867240052321, 3.8493453883562117, 3.856529418542679, 3.8643658897311193, 3.8672733565411015, 3.876876171250731, 3.910792844897561, 3.9258412633449673, 3.95629175589414, 3.9589491088413236, 4.6061262981991975, 4.608217519778399, 4.6286818643058645, 4.641967709412047, 4.672424200361398, 4.672424200361398, 4.672424200361398, 4.672424200361398, 4.672424200361398, 4.672424200361398, 4.654460215670716, 4.653944840745624, 4.6259453110465065, 4.625745360919494, 4.578144619996318], "O35": 3.8266317687096914, "O46": 3.8202392090447685, "O22": [2.0914223229694278, 2.090126297688186, 2.09406148407425, 2.0899370011237206, 2.0913051920694916, 2.0898282070137735, 2.0898282070137735, 2.0898282070137735, 2.0898282070137735, 2.081818619553404, 2.087356886544831, 2.0718935485665986, 2.070630839777546, 2.037693837670801, 2.030679364131736, 2.00727345601006, 2.959833194089028, 2.976599487632444, 2.9667323488431623, 2.966428513035363, 2.9502007009366578, 2.9439708263142195, 2.9380863292385433, 2.9343792003292926, 2.9172228466274177, 2.907882439217448, 2.913169598868316, 2.9118933100744266, 2.8936054582736985, 2.8851012676256564, 2.912076163609115, 2.943182712147001, 2.9466377364623013, 2.901430990820884, 2.8919697873439314, 2.862665112329859, 2.9103676060403174, 2.908539436079021, 2.9061270035722506, 2.9067480427860106, 2.9133775303336966, 2.920609096295019, 2.9232921327678327, 2.932153696387116, 2.9634523073011065, 2.97733912293523, 3.005439110816117, 3.0078913399710485, 3.605112260071955, 3.607042058118306, 3.6259267389583116, 3.638187036090391, 3.666292559348811, 3.666292559348811, 3.666292559348811, 3.666292559348811, 3.666292559348811, 3.666292559348811, 3.649715233012121, 3.649239640404684, 3.623401423044318, 3.6232169072721416, 3.5792905162325717], "O21": [4.531000000000001, 4.531000000000001, 4.531000000000001, 4.531000000000001, 4.531000000000001, 4.531000000000001, 4.531000000000001, 4.531000000000001, 4.531000000000001, 4.531000000000001, 4.531000000000001, 4.531000000000001, 4.531000000000001, 4.531000000000001, 4.531000000000001, 4.532, 4.553999999999999, 4.553999999999999, 4.553999999999999, 4.553999999999999, 4.553999999999999, 4.553999999999999, 4.553999999999999, 4.553999999999999, 4.553999999999999, 4.553999999999999, 4.553999999999999, 4.553999999999999, 4.553999999999999, 4.553999999999999, 4.553999999999999, 4.553999999999999, 4.553999999999999, 4.553999999999999, 4.553999999999999, 4.553999999999999, 4.553999999999999, 4.553999999999999, 4.553999999999999, 4.553999999999999, 4.553999999999999, 4.553999999999999, 4.553999999999999, 4.553999999999999, 4.553999999999999, 4.553999999999999, 4.553999999999999, 4.553999999999999, 4.553999999999999, 4.553999999999999, 4.553999999999999, 4.553999999999999, 4.553999999999999, 4.553999999999999, 4.553999999999999, 4.553999999999999, 4.553999999999999, 4.553999999999999, 4.553999999999999, 4.553999999999999, 4.553999999999999, 4.553999999999999, 4.553999999999999], "mode": "1"}