{"O23": 3.0762898993329473, "O34": [5.0, 5.0, 5.0, 5.0, 5.0, 5.0, 5.0, 5.0, 5.0, 5.0, 4.920848215617167, 4.7963116139389435, 4.704198660849868, 4.620785775169902, 4.585596741404771, 4.564764801218018, 4.549739224755893, 4.53749647051017, 4.525771843071931, 4.515576611091584, 4.508521549657437, 4.511572960812583, 4.516694456047418, 4.505614486322065, 4.50363146727558, 4.4992417063942565, 4.499339398155369, 4.497287200207778, 4.495599066557269, 4.490623097080352, 4.485127967977782, 4.4902968692853795, 4.4905561960326255, 4.490415505417674, 4.493592290752052, 4.490922876186543, 4.4794314621332685, 4.470310959736109, 4.462054163622022, 4.458677047648813, 4.45708086758676, 4.455028208855493, 4.456446342835004, 4.450097066112431, 4.4493400854563445, 4.4436696028038725, 4.442021625245095, 4.437871146720606, 4.433688290901741, 4.432695563156526, 4.43030352225949, 4.426376381049721, 4.4245875405591795, 4.425075727812563, 4.428148513716486, 4.429637022354608, 4.431500865751388, 4.4331728186746675, 4.433417176775389, 4.431451726409898], "O35": 4.499477336059666, "O46": 2.9989739334509853, "O22": [4.2853978389139815, 4.283921726748593, 4.278743034022895, 4.272991965582864, 4.27190918984656, 4.2671382581617925, 4.241087817175505, 4.216010786918525, 4.151928883507494, 4.035326799261335, 3.8955404707491157, 3.7806169767454034, 3.6956143167294484, 3.6186401570198203, 3.5861674007665836, 3.566943499352252, 3.553077762507199, 3.5417800389850616, 3.5309604475321343, 3.521552195937256, 3.515041721911974, 3.5178575915187054, 3.5225837532974835, 3.5123590577691526, 3.510529109991336, 3.5064781992428147, 3.5065683500769564, 3.504674563388175, 3.503116738500973, 3.498524869197998, 3.493453914731932, 3.4982238232602243, 3.4984631323105795, 3.4983333017481124, 3.501264867772932, 3.498801508048332, 3.4881971280006256, 3.479780646513047, 3.4721612009370473, 3.4690447680003285, 3.4675717987100305, 3.4656775868059366, 3.46698625357293, 3.461127084015374, 3.460428535470462, 3.4551957631743835, 3.4536749946891176, 3.4498448958475407, 3.445984918948061, 3.4450688208729794, 3.4428614240596525, 3.439237422897016, 3.43758666483378, 3.438037168413698, 3.4408727628304843, 3.442246371964204, 3.443966343382624, 3.4455092365494813, 3.4457347323984506, 3.443920997157169], "O21": [4.553999999999999, 4.553999999999999, 4.553999999999999, 4.553999999999999, 4.553999999999999, 4.553999999999999, 4.553999999999999, 4.553999999999999, 4.553999999999999, 4.553999999999999, 4.553999999999999, 4.553999999999999, 4.553999999999999, 4.553999999999999, 4.553999999999999, 4.553999999999999, 4.553999999999999, 4.553999999999999, 4.553999999999999, 4.553999999999999, 4.553999999999999, 4.553999999999999, 4.553999999999999, 4.553999999999999, 4.553999999999999, 4.553999999999999, 4.553999999999999, 4.553999999999999, 4.553999999999999, 4.553999999999999, 4.553999999999999, 4.553999999999999, 4.553999999999999, 4.553999999999999, 4.553999999999999, 4.553999999999999, 4.553999999999999, 4.553999999999999, 4.553999999999999, 4.553999999999999, 4.553999999999999, 4.553999999999999, 4.553999999999999, 4.553999999999999, 4.553999999999999, 4.553999999999999, 4.553999999999999, 4.553999999999999, 4.553999999999999, 4.553999999999999, 4.553999999999999, 4.553999999999999, 4.553999999999999, 4.553999999999999, 4.553999999999999, 4.553999999999999, 4.553999999999999, 4.553999999999999, 4.553999999999999, 4.553999999999999], "mode": "1"}