{"O23": 5.0, "O34": [2.877188177473088, 2.877188177473088, 2.877188177473088, 2.877188177473088, 2.8769848557529722, 1.8110639355240001, 1.8110639355240001, 1.8110639355240001, 1.8110639355240001, 1.8119618929140002, 2.783597266838254, 2.783597266838254, 2.783597266838254, 2.783597266838254, 2.783396072380207, 1.8110639355240001, 1.8110639355240001, 1.8110639355240001, 1.8110639355240001, 1.811782301436, 3.058575376689965, 3.058575376689965, 3.058575376689965, 3.058575376689965, 3.058575376689965, 1.8200549527019187, 1.8200549527019187, 1.8200549527019187, 1.8200549527019187, 1.8200549527019187, 3.083508122546796, 3.0837161385165417, 3.0837161385165417, 3.0837161385165417, 3.0837161385165417, 1.8110639355240001, 1.8110639355240001, 1.8110639355240001, 1.8110639355240001, 1.8110639355240001, 2.8026612771711115, 2.802862909525003, 2.802862909525003, 2.802862909525003, 2.802862909525003, 1.811243527002, 1.8110639355240001, 1.8110639355240001, 1.8110639355240001, 1.8110639355240001, 2.8054993494868077, 2.8057010463497503, 2.8057010463497503, 2.8057010463497503, 2.8057010463497503, 1.812500667348, 1.8110639355240001, 1.8110639355240001, 1.8110639355240001], "O35": 1.5880476013064422, "O46": 1.6842625944048315, "O22": [2.0139480649467516, 2.0139480649467516, 2.0139480649467516, 2.0139480649467516, 2.0139480649467516, 1.05, 1.05, 1.05, 1.05, 1.05, 1.9275363821395572, 1.9275363821395572, 1.9275363821395572, 1.9275363821395572, 1.9275363821395572, 1.05, 1.05, 1.05, 1.05, 1.05, 2.181421305859747, 2.181421305859747, 2.181421305859747, 2.181421305859747, 2.181421305859747, 1.058324602017984, 1.058324602017984, 1.058324602017984, 1.058324602017984, 1.058324602017984, 2.2046335550167804, 2.2046335550167804, 2.2046335550167804, 2.2046335550167804, 2.2046335550167804, 1.05, 1.05, 1.05, 1.05, 1.05, 1.9453241843270968, 1.9453241843270968, 1.9453241843270968, 1.9453241843270968, 1.9453241843270968, 1.05, 1.05, 1.05, 1.05, 1.05, 1.9479446116463732, 1.9479446116463732, 1.9479446116463732, 1.9479446116463732, 1.9479446116463732, 1.05, 1.05, 1.05, 1.05], "O21": [4.531000000000001, 4.531000000000001, 4.531000000000001, 4.531000000000001, 4.53, 4.408, 4.408, 4.408, 4.408, 4.413, 4.531000000000001, 4.531000000000001, 4.531000000000001, 4.531000000000001, 4.53, 4.408, 4.408, 4.408, 4.408, 4.412, 4.531000000000001, 4.531000000000001, 4.531000000000001, 4.531000000000001, 4.531000000000001, 4.408, 4.408, 4.408, 4.408, 4.408, 4.53, 4.531000000000001, 4.531000000000001, 4.531000000000001, 4.531000000000001, 4.408, 4.408, 4.408, 4.408, 4.408, 4.53, 4.531000000000001, 4.531000000000001, 4.531000000000001, 4.531000000000001, 4.409, 4.408, 4.408, 4.408, 4.408, 4.53, 4.531000000000001, 4.531000000000001, 4.531000000000001, 4.531000000000001, 4.416, 4.408, 4.408, 4.408], "mode": "1"}