{"O23": 3.090336943456296, "O34": [4.606894116413566, 4.618118017263363, 4.618406793671075, 4.628840705023336, 4.63710017837351, 4.640461471849065, 4.640461471849065, 4.640461471849065, 4.640461471849065, 4.639178668078731, 4.642747984414216, 4.646235149459844, 4.650163790331596, 4.654135310762965, 4.658908370707636, 4.6604159477856815, 2.619001292203409, 2.5456756960316573, 2.5051519300288994, 2.5212315770359575, 2.5378543089642043, 2.542999777551857, 2.5708966530058848, 2.5484410957784185, 2.5405836811561753, 2.561286083627569, 2.5786186738251224, 2.585644360236283, 2.5281018094463303, 2.460174650874244, 2.417922116246264, 2.4037877739338516, 2.407050489504785, 2.390806823913429, 2.4110035652977, 2.459031758191381, 2.4795273299983753, 2.6381152906884098, 2.6783134950399243, 2.660431262516146, 3.9708449722455246, 3.9708449722455246, 3.9708449722455246, 3.9708449722455246, 3.9708449722455246, 3.9708449722455246, 3.9708449722455246, 3.9708449722455246, 5.0, 5.0, 5.0, 5.0, 5.0, 5.0, 5.0, 5.0, 5.0, 5.0, 5.0], "O35": 3.410266930875429, "O46": 2.428134879249987, "O22": [3.6058208096129403, 3.6161783260749893, 3.616444811536395, 3.6260733185983196, 3.6336952347518143, 3.6367970665456566, 3.6367970665456566, 3.6367970665456566, 3.6367970665456566, 3.6356132837105606, 3.6389070808669843, 3.642125068075651, 3.6457504531398266, 3.64941540784655, 3.6538200304116346, 3.6552112360728954, 1.7755663344606585, 1.707865442193845, 1.6704501975912356, 1.6852963973706876, 1.7006440227867614, 1.7053947896772068, 1.73115173484094, 1.7104187119946337, 1.7031640286560874, 1.7222783787951177, 1.7382814102457023, 1.7447681660807084, 1.691639623863836, 1.628923062600456, 1.5899116607954387, 1.5768615441088514, 1.5798739813326508, 1.5648763446050515, 1.5835238222115684, 1.6278678396164683, 1.646791224782024, 1.793214124861026, 1.8303287811912208, 1.8138182697083454, 3.018868949510564, 3.018868949510564, 3.018868949510564, 3.018868949510564, 3.018868949510564, 3.018868949510564, 3.018868949510564, 3.018868949510564, 4.071154176787337, 4.084789162142704, 4.084789162142704, 4.084789162142704, 4.084789162142704, 4.084789162142704, 4.084789162142704, 4.084789162142704, 4.084789162142704, 4.084789162142704, 4.07865408423491], "O21": [4.553999999999999, 4.553999999999999, 4.553999999999999, 4.553999999999999, 4.553999999999999, 4.553999999999999, 4.553999999999999, 4.553999999999999, 4.553999999999999, 4.553999999999999, 4.553999999999999, 4.553999999999999, 4.553999999999999, 4.553999999999999, 4.553999999999999, 4.553999999999999, 4.531000000000001, 4.531000000000001, 4.531000000000001, 4.531000000000001, 4.531000000000001, 4.531000000000001, 4.531000000000001, 4.531000000000001, 4.531000000000001, 4.531000000000001, 4.531000000000001, 4.531000000000001, 4.531000000000001, 4.531000000000001, 4.531000000000001, 4.531000000000001, 4.531000000000001, 4.531000000000001, 4.531000000000001, 4.531000000000001, 4.531000000000001, 4.531000000000001, 4.531000000000001, 4.531000000000001, 4.553999999999999, 4.553999999999999, 4.553999999999999, 4.553999999999999, 4.553999999999999, 4.553999999999999, 4.553999999999999, 4.553999999999999, 4.553999999999999, 4.553999999999999, 4.553999999999999, 4.553999999999999, 4.553999999999999, 4.553999999999999, 4.553999999999999, 4.553999999999999, 4.553999999999999, 4.553999999999999, 4.553999999999999], "mode": "1"}