{"O23": 3.9337388676939646, "O34": [4.8357690489838685, 4.8357690489838685, 4.8357690489838685, 4.8357690489838685, 4.8357690489838685, 4.8357690489838685, 4.8357690489838685, 4.8357690489838685, 4.8357690489838685, 4.790253497964036, 2.7954665676186234, 2.7954665676186234, 2.7954665676186234, 2.7954665676186234, 2.7954665676186234, 2.7954665676186234, 2.7954665676186234, 2.7954665676186234, 2.7954665676186234, 2.793776826012325, 4.645247999381803, 4.645247999381803, 4.645247999381803, 4.645247999381803, 4.645247999381803, 4.645247999381803, 4.645247999381803, 4.645247999381803, 4.645247999381803, 4.645247999381803, 3.203257328606248, 3.203257328606248, 3.203257328606248, 3.203257328606248, 3.203257328606248, 3.203257328606248, 3.203257328606248, 3.203257328606248, 3.203257328606248, 3.203257328606248, 5.0, 5.0, 5.0, 5.0, 5.0, 5.0, 5.0, 5.0, 5.0, 5.0, 3.75621237877192, 3.755989082464334, 3.755989082464334, 3.755989082464334, 3.755989082464334, 3.755989082464334, 3.755989082464334, 3.755989082464334, 3.755989082464334], "O35": 3.6654207144966118, "O46": 3.0124232593766243, "O22": [3.8170286520174153, 3.8170286520174153, 3.8170286520174153, 3.8170286520174153, 3.8170286520174153, 3.8170286520174153, 3.8170286520174153, 3.8170286520174153, 3.8170286520174153, 3.775026492939567, 1.9384952054613886, 1.9384952054613886, 1.9384952054613886, 1.9384952054613886, 1.9384952054613886, 1.9384952054613886, 1.9384952054613886, 1.9384952054613886, 1.9384952054613886, 1.9369350815698785, 3.6412141171219092, 3.6412141171219092, 3.6412141171219092, 3.6412141171219092, 3.6412141171219092, 3.6412141171219092, 3.6412141171219092, 3.6412141171219092, 3.6412141171219092, 3.6412141171219092, 2.3150049076444956, 2.3150049076444956, 2.3150049076444956, 2.3150049076444956, 2.3150049076444956, 2.3150049076444956, 2.3150049076444956, 2.3150049076444956, 2.3150049076444956, 2.3150049076444956, 4.251744681807179, 4.251744681807179, 4.251744681807179, 4.251744681807179, 4.251744681807179, 4.251744681807179, 4.251744681807179, 4.251744681807179, 4.251744681807179, 4.251744681807179, 2.8253373818973144, 2.8253373818973144, 2.8253373818973144, 2.8253373818973144, 2.8253373818973144, 2.8253373818973144, 2.8253373818973144, 2.8253373818973144, 2.8253373818973144], "O21": [4.553999999999999, 4.553999999999999, 4.553999999999999, 4.553999999999999, 4.553999999999999, 4.553999999999999, 4.553999999999999, 4.553999999999999, 4.553999999999999, 4.553999999999999, 4.531000000000001, 4.531000000000001, 4.531000000000001, 4.531000000000001, 4.531000000000001, 4.531000000000001, 4.531000000000001, 4.531000000000001, 4.531000000000001, 4.531000000000001, 4.553999999999999, 4.553999999999999, 4.553999999999999, 4.553999999999999, 4.553999999999999, 4.553999999999999, 4.553999999999999, 4.553999999999999, 4.553999999999999, 4.553999999999999, 4.531000000000001, 4.531000000000001, 4.531000000000001, 4.531000000000001, 4.531000000000001, 4.531000000000001, 4.531000000000001, 4.531000000000001, 4.531000000000001, 4.531000000000001, 4.553999999999999, 4.553999999999999, 4.553999999999999, 4.553999999999999, 4.553999999999999, 4.553999999999999, 4.553999999999999, 4.553999999999999, 4.553999999999999, 4.553999999999999, 4.532, 4.531000000000001, 4.531000000000001, 4.531000000000001, 4.531000000000001, 4.531000000000001, 4.531000000000001, 4.531000000000001, 4.531000000000001], "mode": "1"}