{"O23": 5.0, "O34": [5.0, 5.0, 5.0, 5.0, 5.0, 5.0, 4.983745352308781, 4.924628781652705, 4.917857168673475, 4.970869248841959, 4.976863713788439, 5.0, 4.990592680573844, 5.0, 4.986246792927462, 4.985023638914863, 4.956786580605292, 4.931238834273319, 4.900197733518489, 4.87775436780646, 4.854675840885357, 4.828395456739204, 4.827573646575184, 4.830052579348509, 4.794129062556075, 4.776478613455304, 4.76282867016799, 4.735553883321372, 4.695182392593737, 4.661617767437676, 4.636472905528846, 4.615560167229035, 4.579785327819663, 4.555840170526041, 4.548785170288343, 4.534477040314383, 4.524329490933897, 4.519202496158062, 4.510056493338545, 4.50398509691949, 4.496883131503074, 4.4954004075890985, 4.492523445356868, 4.484067256745197, 4.4905843527216485, 4.48988621569224, 4.489725216462811, 4.489877345044583, 4.488316428231385, 4.490013806334815, 4.489272069700499, 4.488518209977108, 4.49017057611286, 4.489643539532987, 4.48287229322168, 4.481312977973922, 4.4798063554516325, 4.474001318226776, 4.474017005930359, 4.474286243808924, 4.47796029960805, 4.477909055827362, 4.475481315490261, 4.4754033595299445, 4.478956426454971, 4.474622959671977, 4.476636131295727, 4.491853046930402, 4.494704670117987, 4.499848672207301, 4.502830979657614, 4.505511708152275, 4.51869075176338, 4.521036887792157, 4.523991726800534, 4.51650822746288, 4.528655313194847, 4.527558665473282, 4.53405252450466, 4.535367232964909, 4.563435236500497, 4.555141950834265, 4.546634337191509, 4.5490094278523365, 4.539504164149154, 4.538039201512212, 4.540439555442722, 4.532384381341349, 4.526294585464655, 4.521531088033823, 4.516269530209933, 4.5256859502416455, 4.5290443226187405, 4.53448079895629, 4.531927899270243, 4.539540282418562, 4.531898883562838, 4.531587512068092, 4.534483356105064, 4.534072382112424, 4.516656653830479, 4.515430990064967, 4.522609215728932, 4.5185258924950045, 4.518640282064681, 4.523784612382356, 4.519442715409964, 4.511166681812901, 4.509769331748678, 4.51457082086268, 4.517018436213949, 4.504827116320833, 4.493171182770777, 4.485983808153702, 4.48913152037009, 4.486471372254781, 4.483744750900876, 4.488070052428898, 4.479948739953095, 4.480780656668754, 2.856269113783032, 2.865348244145559, 2.868153868365357, 2.8556300886349084, 2.8564357579850124, 2.8483601386840367, 2.84235895240737, 2.8367506092002834, 2.8329282045612945, 2.835959953447531, 2.8334476101118806, 2.825145377212354, 2.825565641774353, 2.821815320470589, 2.829232525070391, 2.827413550956056, 2.835759912873976, 2.82042281952202, 2.8242481744873396, 2.842123272453454, 1.8110639355240001, 1.8110639355240001, 1.8110639355240001, 1.8110639355240001, 1.8110639355240001, 1.8110639355240001, 1.8110639355240001, 1.8110639355240001, 1.8110639355240001, 1.8110639355240001, 1.8110639355240001, 1.8110639355240001, 1.8110639355240001, 1.8110639355240001, 1.8110639355240001, 1.8110639355240001, 1.8110639355240001, 1.8112591441836587, 1.8110639355240001, 1.8142965821280002, 2.8418520203442443, 2.8571723129497757, 2.8576231333668907, 2.848896320390171, 2.853982799689357, 2.857382913223494, 2.8644896751307014, 2.877821738594247, 2.87777352060834, 2.8735619140329374, 2.8793373321220064, 2.8918087945178894, 2.89556952682371, 2.891302378834348, 2.8915917283145287, 2.871860401521909, 2.887110928145713, 2.883478314930452, 2.9025754474161385, 2.915260677388528, 4.506297145472511, 4.501443815005159, 4.506564125231904, 4.506801193893043, 4.5075631744132405, 4.509590638466432, 4.51469071105927, 4.514210957984337, 4.510313455007668, 4.5075311555941395, 4.510731713396811, 4.512205731988685, 4.512765756182986, 4.5136510177636735, 4.511448192779603, 4.509808015517704, 4.511271904264823, 4.514353959214129, 4.514032997717796, 4.509428606262506, 4.501224043043088, 4.500497435159267, 4.497732874581496, 4.494610403844501, 4.496010151900775, 4.491481866622029, 4.481360760535084, 4.478307840661265, 4.477161989827237, 4.485080747908653, 4.482799541388545, 4.477940112994681, 4.477347477620696, 4.477289948636644, 4.47081604206423, 4.467755603055826, 4.458541313745023, 4.457253892163911, 4.453810148968727, 4.45561734889147, 4.459129797258274, 4.463930946400485, 4.456494130142779, 4.466576874251427, 4.45528408376579, 4.452330540917037, 4.457031365183733, 4.456306143029708, 4.460159355924041, 4.446331908516196, 4.448338645566251, 4.450163084283122, 4.451082916083975, 4.452412335443283, 4.448263925267032, 4.452932362269864, 4.449262650859595, 4.442341784538179, 4.443735480687432, 4.438334637232026, 4.432400982403351, 4.426311515144926, 4.429556319139865, 4.434878811532157, 4.435102942045752, 4.436911505940104, 4.4394606718845795, 4.443173879608174, 4.43872164794291, 4.439997925283579, 4.443839014905549, 4.439975585346459, 4.43957738445853, 4.4417172325603875, 4.441926576384543, 4.435533456245672, 4.435323467338439, 4.439064483482985, 4.433902528534501, 4.445019604502397, 4.455371880617876, 4.465579367718271, 4.4752456034028585, 4.4763948709565415, 4.472778608243511, 4.472871420745087, 4.474931280644525, 4.475549492972363, 4.475843226100492, 4.485949966871742, 4.486745656966862, 4.482855874492578, 4.497166689936237], "O35": 3.795396963342168, "O46": 3.7271369935316265,