{"O23": 2.9375671327363313, "O34": [4.390649967180029, 4.398835137831412, 4.408871731514659, 4.420581567306413, 4.434363656727861, 4.445356989409577, 4.450632448540389, 4.557158961465636, 4.710069468772951, 4.932727732544045, 5.0, 5.0, 5.0, 5.0, 5.0, 5.0, 5.0, 5.0, 5.0, 5.0, 5.0, 5.0, 5.0, 5.0, 5.0, 5.0, 5.0, 5.0, 5.0, 5.0, 5.0, 5.0, 4.9186246454307785, 4.9255830005881505, 4.9844092645964375, 5.0, 5.0, 5.0, 5.0, 4.949356210251734, 4.890163970432342, 4.847430746776539, 4.718875168621396, 4.6385043989436845, 4.575478606038581, 4.5366626966991035, 4.529950252424516, 4.531250606850901, 4.532614044445365, 4.529347015475651, 4.523742060998705, 4.517908651511607, 4.519796851240051, 4.523140126601356, 4.5314776460560875, 4.533193366287143, 4.536089689319073, 4.537793532374032, 4.542341099563532, 4.549187468046279, 4.548382765754027, 4.546901699514059, 4.5429583477341735, 4.542928247772307, 4.546291804998134, 4.560098529028478, 4.576780529780681, 4.582561648554312, 4.576442006701939, 4.57860184244202, 4.587028351172166, 4.600063190653051, 4.602036667849125, 4.59822260103258, 4.5909522536462815, 4.594673006120425, 4.6013289775502315, 4.609525839570167, 4.623216263662426, 4.623996590260735, 4.633667836041887, 4.6493021084456485, 4.67699486006248, 4.685957417310515, 4.713037016924864, 4.749373283348571, 4.778218675121746, 4.813376572166282, 4.881638151056963, 4.894415006100991, 4.896902507337475, 4.908338367906731, 4.890142123746532, 4.887666096679893, 4.8967559404189185, 4.905289607521329, 4.912711697513552, 4.929728132212678, 4.946172588662161, 5.0, 3.335988131395176, 3.2749607839116934, 3.213648377677858, 3.1561287386126886, 3.1151293920405134, 3.0814690198054513, 3.058049107022244, 3.036153261444663, 3.0181539917498776, 3.00134431926932, 2.9244025894931367, 2.856137717930993, 2.8393008983134105, 2.831136163063153, 2.860511613537073, 2.8700969079153595, 2.9243108425274147, 2.9971671423608344, 3.0599831487516855, 3.0953685492525365, 3.114673457310915, 3.1316183591258016, 3.104040728975372, 3.109038296487334, 3.125809654778827, 3.1187775441554737, 3.1132725788924147, 3.1312862866883466, 3.1420239713270517, 3.1479332594681058, 3.169845775858734, 3.1830687894397345, 3.126692866958383, 3.072354197678535, 3.0375479621160126, 3.014003830867737, 2.9677729640401416, 2.9280608922764437, 2.899975399264266, 2.8807434706573374, 2.864575001281859, 2.852191713922217, 2.9446435438694034, 3.0803301175726165, 3.236171123608211, 3.4163498289415988, 3.5286842054287355, 3.5281955389845656, 3.5271677426569914, 3.518043778933193, 3.6016463993316443, 3.6441103454734614, 3.6594061955409307, 3.6580521469196987, 3.657087831432296, 3.654076786109726, 3.653469886945754, 3.6565320823586833, 3.6589749742408664, 3.6561305197856364, 3.6515649515532314, 3.6494749354783624, 3.6480184120730357, 3.6462569108255174, 3.644552940700748, 3.6427976941320517, 3.6398860819421417, 3.6412759204171348, 3.642224621802213, 3.6386350852662255, 3.6432678301891848, 3.6512930958871026, 3.6553960872831395, 3.654365805868235, 3.6505610326032327, 3.6547721066680903, 3.6500615983261278, 3.649023266998393, 3.650353707593604, 3.651281070250533, 3.6560546266034017, 3.6562629719053996, 3.656742758273314, 3.6572297257049557, 3.6575779885415343, 3.6509903050210966, 3.6607388169133785, 3.6671886720545017, 3.6728603334667094, 3.675450186468302, 3.6760784025734257, 3.6724261286086577, 3.6675156431274853, 3.664412437405514, 3.6669314987761705, 3.6620818316826758, 3.6653113251762264, 3.6632372111949176, 3.665075224687134, 3.6666134593419075, 1.816272088386, 1.8110639355240001, 1.8110639355240001, 1.8110639355240001, 1.8110639355240001, 1.8110639355240001, 1.8110639355240001, 1.8110639355240001, 1.8110639355240001, 1.8110639355240001, 1.8110639355240001, 1.8110639355240001, 1.8110639355240001, 1.8110639355240001, 1.8110639355240001, 1.8110639355240001, 1.8110639355240001, 1.8110639355240001, 1.8110639355240001, 1.8110639355240001, 1.8110639355240001, 1.8110639355240001, 1.8110639355240001, 1.8110639355240001, 1.8110639355240001, 1.8110639355240001, 1.8110639355240001, 1.8110639355240001, 1.8110639355240001, 1.8110639355240001, 1.8110639355240001, 1.8110639355240001, 1.8110639355240001, 1.8110639355240001, 1.8110639355240001, 1.8110639355240001, 1.8110639355240001, 1.8110639355240001, 1.8110639355240001, 1.8110639355240001, 1.8110639355240001, 1.8110639355240001, 1.8110639355240001, 1.8110639355240001, 1.8110639355240001, 1.8110639355240001, 1.8182287965088064, 1.8201356959812907, 1.8214186466488878, 1.824590146356578, 1.8308824425864074, 1.840973148150945, 1.8453167547399787, 1.8488308213626188, 1.8514253918315569, 1.8559947713567488, 1.8514338242312134, 1.855302495489044, 1.8607399138854908, 1.8624155895141739, 1.861057956658879, 1.850492194482991, 1.8690679631758425, 1.8864019744540483, 1.8876035833197837, 1.8785227947444612, 1.862988798314208, 1.8660298603170071, 1.8766697702850772, 1.8884486089389005, 1.895534722105377, 1.8991607967013198, 1.900382893796902, 1.899774225491538, 1.8985957490585326, 1.89805000607512, 1.90046295039492, 1.9008433404263676, 1.9012452413765313, 1.901174924677738, 1.9002920908896692, 1.8973387385826266, 1.8958469410575232, 1.895447241393106, 1.8969393873002296, 1.8983612018652196, 1.8999003085282145, 1.9012865198223332, 1.8980655305598237, 1.8962465711085326, 1.8941730164021706, 1.8888691890333742, 1.8827289781469962, 1.8855899902143078, 1.889001863642296, 1.896219392973674, 1.8908206945629968, 1.8837855443746603, 1.8850162107210702], "O35": 2.4001941738296715, "O46": 1.7638473641864887,