{"O23": 3.9745344741010187, "O34": [5.0, 5.0, 5.0, 5.0, 5.0, 5.0, 4.970056031890664, 4.946255913502432, 4.910499172757477, 4.879753703339947, 4.827134002295461, 4.796227769835355, 4.7821177686824, 4.775032512833963, 4.767917170891595, 4.7671210425674335, 4.779843225361264, 4.783304090099341, 4.770873314578098, 4.773044630479725, 4.763697132294704, 4.775587225236111, 4.768618766775226, 4.763828480689303, 4.782841202721266, 4.821846815995297, 4.8165075639112, 4.825129989844782, 4.840725728418455, 4.823945900335776, 4.846673501454845, 4.827411832584675, 4.826498002606554, 4.82890358203508, 4.831280801535039, 4.817020921594971, 4.834608564642517, 4.84850731073405, 4.857107357024517, 4.853252425953461, 4.845950054321745, 4.825428943628497, 4.804592408390689, 4.783867735337544, 4.75064040660135, 4.733118110034342, 4.739001281935447, 4.727808165269283, 4.731135756089263, 4.741362083816912, 4.748319091994172, 4.75805897082431, 4.759925468352107, 4.753102407370816, 4.751482190202064, 4.7502304216371245, 4.703831819468597, 4.675222174599297, 4.651940087357166, 4.628295490407087], "O35": 4.773629094696048, "O46": 3.792103417620752, "O22": [4.06126771768614, 4.081216773164091, 4.066032107386121, 4.077892592070106, 4.06916493268243, 4.021106288297115, 3.9409498853488065, 3.918986922444577, 3.885990281094008, 3.8576180859109703, 3.8090601534158472, 3.780539604653937, 3.7675187689233804, 3.760980431221533, 3.7544143298021218, 3.753679655437678, 3.7654197999278787, 3.768613516976635, 3.7571422857335652, 3.7591459955396633, 3.7505200403012857, 3.7614923248059333, 3.7550617687818177, 3.750641249778947, 3.768186360348771, 3.8041810904345614, 3.799253980680463, 3.80721083273618, 3.82160272029616, 3.8061181443076033, 3.8270913786477756, 3.809316537700838, 3.8084732471935037, 3.8106931374852264, 3.8128868569802785, 3.7997277117594996, 3.815957746649455, 3.8287836343128783, 3.8367198342330258, 3.833162469234631, 3.8264237751389074, 3.807486709971524, 3.78825856820283, 3.7691336538623372, 3.7384711766201866, 3.722301444049092, 3.7277304878931368, 3.7174013793520966, 3.7204721100328233, 3.7299090570624607, 3.736329046662056, 3.745317094282179, 3.7470395149565285, 3.740743133031829, 3.739247982083685, 3.738092838814732, 3.6952757922096473, 3.668874555093183, 3.647389635980983, 3.6255701896560097], "O21": [4.553999999999999, 4.553999999999999, 4.553999999999999, 4.553999999999999, 4.553999999999999, 4.553999999999999, 4.553999999999999, 4.553999999999999, 4.553999999999999, 4.553999999999999, 4.553999999999999, 4.553999999999999, 4.553999999999999, 4.553999999999999, 4.553999999999999, 4.553999999999999, 4.553999999999999, 4.553999999999999, 4.553999999999999, 4.553999999999999, 4.553999999999999, 4.553999999999999, 4.553999999999999, 4.553999999999999, 4.553999999999999, 4.553999999999999, 4.553999999999999, 4.553999999999999, 4.553999999999999, 4.553999999999999, 4.553999999999999, 4.553999999999999, 4.553999999999999, 4.553999999999999, 4.553999999999999, 4.553999999999999, 4.553999999999999, 4.553999999999999, 4.553999999999999, 4.553999999999999, 4.553999999999999, 4.553999999999999, 4.553999999999999, 4.553999999999999, 4.553999999999999, 4.553999999999999, 4.553999999999999, 4.553999999999999, 4.553999999999999, 4.553999999999999, 4.553999999999999, 4.553999999999999, 4.553999999999999, 4.553999999999999, 4.553999999999999, 4.553999999999999, 4.553999999999999, 4.553999999999999, 4.553999999999999, 4.553999999999999], "mode": "1"}