{"O23": 5.0, "O34": [4.4437621390963375, 4.443566528127475, 4.441840259853264, 4.4422774292806, 4.435343214948421, 4.4367103608227385, 4.434598376218927, 4.434412494607242, 4.42736076499572, 4.396550101685132, 4.400542920520258, 4.40224545893824, 4.409585490920316, 4.415232034332548, 4.425740942157848, 4.4298413053880505, 4.429972366286007, 4.424320589336162, 4.422820258893641, 4.4265661826956775, 4.42027186192116, 4.418017114803222, 4.4190429677445335, 4.424710359392001, 4.423584284561222, 4.4241284084766255, 4.423900507272527, 4.432644244514952, 4.433288610063593, 4.433918431891511, 4.437201594738731, 4.424354193061715, 2.1790702763817937, 2.1792641566806075, 2.1792641566806075, 2.1792641566806075, 2.1792641566806075, 2.1792641566806075, 2.1792641566806075, 2.1792641566806075, 2.1792641566806075, 2.177347188023981, 2.177030343803137, 2.1777100416927504, 4.436916340320214, 4.440763208228072, 4.456029251026527, 4.450995081397126, 4.441076940955846, 4.436508391255142, 4.436508391255142, 4.436508391255142, 4.436508391255142, 4.436508391255142, 4.440855900005264, 4.441428516821021, 4.4620539201727665, 4.464621141633161, 4.435397832046377], "O35": 3.5489007058266395, "O46": 3.4419135956699796, "O22": [3.4552811564957766, 3.455100644937694, 3.453507629077405, 3.4539110529494548, 3.447512097714723, 3.4487737122005204, 3.4468247538486687, 3.4466532206287326, 3.4401458212392773, 3.411713464546475, 3.415398073611384, 3.416969191347321, 3.4237426387524357, 3.428953319702716, 3.43865103418321, 3.4424348861813296, 3.442555830354508, 3.4373403198487376, 3.435955801447793, 3.4394125735597694, 3.4336041178444225, 3.4315234169629445, 3.4324700832663506, 3.4377000031552614, 3.4366608511925545, 3.4371629736263336, 3.4369526643493042, 3.445021463569844, 3.4456160898826504, 3.4461972951194144, 3.449227027268045, 3.4373713296683404, 1.3693818114299001, 1.3695608194422175, 1.3695608194422175, 1.3695608194422175, 1.3695608194422175, 1.3695608194422175, 1.3695608194422175, 1.3695608194422175, 1.3695608194422175, 1.3677908987695355, 1.367498359225629, 1.3681259184409802, 3.4489637919298857, 3.4525137161688977, 3.466601357507801, 3.4619557805816465, 3.452803231546492, 3.448587332870446, 3.448587332870446, 3.448587332870446, 3.448587332870446, 3.448587332870446, 3.4525992529729925, 3.4531276689109998, 3.4721609762798886, 3.474530031289693, 3.447562498863018], "O21": [4.553999999999999, 4.553999999999999, 4.553999999999999, 4.553999999999999, 4.553999999999999, 4.553999999999999, 4.553999999999999, 4.553999999999999, 4.553999999999999, 4.553999999999999, 4.553999999999999, 4.553999999999999, 4.553999999999999, 4.553999999999999, 4.553999999999999, 4.553999999999999, 4.553999999999999, 4.553999999999999, 4.553999999999999, 4.553999999999999, 4.553999999999999, 4.553999999999999, 4.553999999999999, 4.553999999999999, 4.553999999999999, 4.553999999999999, 4.553999999999999, 4.553999999999999, 4.553999999999999, 4.553999999999999, 4.553999999999999, 4.553999999999999, 4.531000000000001, 4.531000000000001, 4.531000000000001, 4.531000000000001, 4.531000000000001, 4.531000000000001, 4.531000000000001, 4.531000000000001, 4.531000000000001, 4.531000000000001, 4.531000000000001, 4.531000000000001, 4.553999999999999, 4.553999999999999, 4.553999999999999, 4.553999999999999, 4.553999999999999, 4.553999999999999, 4.553999999999999, 4.553999999999999, 4.553999999999999, 4.553999999999999, 4.553999999999999, 4.553999999999999, 4.553999999999999, 4.553999999999999, 4.553999999999999], "mode": "1"}