{"O23": 5.0, "O34": [4.544680470037717, 4.55334674991469, 4.527952920833443, 4.518070378771247, 4.503467205588324, 4.503467205588324, 4.503467205588324, 4.503467205588324, 4.503467205588324, 4.4661677545446015, 4.452688436718404, 4.446727093418627, 4.443319597044752, 4.440511488503411, 4.437025419949268, 2.9858220031120033, 2.9858220031120033, 2.9858220031120033, 2.9858220031120033, 2.9858220031120033, 2.9858220031120033, 2.9858220031120033, 2.9858220031120033, 2.9858220031120033, 3.0022854398201693, 1.8110639355240001, 1.8110639355240001, 1.8110639355240001, 1.8110639355240001, 1.8110639355240001, 1.8110639355240001, 1.8110639355240001, 1.8110639355240001, 1.8110639355240001, 1.813039441782, 2.7951904298327683, 2.7951904298327683, 2.7951904298327683, 2.7951904298327683, 2.7951904298327683, 2.7951904298327683, 2.7951904298327683, 2.7951904298327683, 2.7951904298327683, 2.800230261081547, 4.458627459785739, 4.460208440806848, 4.467188661870983, 4.473621534264926, 4.469857897550245, 4.470615922706986, 4.475369212217504, 4.476089224361778, 4.476470672891044, 4.474614794972563, 4.474100215222455, 4.4738357053551185, 4.476074884997411, 4.479332153609902, 4.484018880157406, 4.4884067880356, 4.493233736475909, 4.49327957494277, 4.491958155173707, 4.494435204677913, 2.8132942482446865, 2.8132942482446865, 2.8132942482446865, 2.8132942482446865, 2.8132942482446865, 2.8132942482446865, 2.8132942482446865, 2.8132942482446865, 2.8132942482446865, 2.820842920360893, 1.8110639355240001, 1.8110639355240001, 1.8110639355240001, 1.8110639355240001, 1.8110639355240001, 1.8110639355240001, 1.8110639355240001, 1.8110639355240001, 1.8110639355240001, 1.8132190332600002, 2.765613410832845, 2.765613410832845, 2.765613410832845, 2.765613410832845, 2.765613410832845, 2.765613410832845, 2.765613410832845, 2.765613410832845, 2.765613410832845, 2.744951601578731, 4.4772067194357845, 4.473651030533798, 4.478703005243066, 4.477130947898161, 4.475265681183588, 4.473188452573803, 4.472419511769197, 4.475334260485958, 4.47651718943633, 4.4800600046931445, 4.4771549132714155, 4.476695435741929, 4.479408837508134, 4.474937867187567, 4.4754571739040205, 4.4700125200566445, 4.472919584306463, 4.47658516385139, 4.475622841148605, 4.478154139617471, 2.809201309432769, 2.809201309432769, 2.809201309432769, 2.809201309432769, 2.809201309432769, 2.809201309432769, 2.809201309432769, 2.809201309432769, 2.809201309432769, 2.8065448565684687, 1.8110639355240001, 1.8110639355240001, 1.8110639355240001, 1.8110639355240001, 1.8110639355240001, 1.8110639355240001, 1.8110639355240001, 1.8110639355240001, 1.8110639355240001, 1.8142965821280002, 2.7611538180327333, 2.7611538180327333, 2.7611538180327333, 2.7611538180327333, 2.7611538180327333, 2.7611538180327333, 2.7611538180327333, 2.7611538180327333, 2.7611538180327333, 2.7677287195374505, 4.449783724102254, 4.4457863294241164, 4.44414243404622, 4.445086017719864, 4.442962619961691, 4.442592696825085, 4.44318502298047, 4.441748927445137, 4.445975287226629, 4.444666062076238, 4.443071382952864, 4.442677204768303, 4.442332235457254, 4.442704278778378, 4.443664184110966, 4.446381075112311, 4.450195058715016, 4.450598638353067, 4.454632739714663, 4.454170836308558, 4.457698128437227, 4.459792709446859, 4.4586814671485575, 4.4607194810636335, 4.464409659713666, 4.4666513846828, 4.467055443402255, 4.473781856635879, 4.468827605019535, 4.476390643570266, 4.476616729498426, 4.475219582730971, 4.475898232089864, 4.4782967851762985], "O35": 3.1648316162821506, "O46": 3.067791708136613, "O22": [3.54840949824042, 3.5564068191087794, 3.5329731656701684, 3.5238534671388013, 3.5103775278317446, 3.5103775278317446, 3.5103775278317446, 3.5103775278317446, 3.5103775278317446, 3.4759572595684385, 3.4635184240735084, 3.458017242961017, 3.454872774717838, 3.4522814269472732, 3.4490644515907927, 2.114248741792054, 2.114248741792054, 2.114248741792054, 2.114248741792054, 2.114248741792054, 2.114248741792054, 2.114248741792054, 2.114248741792054, 2.114248741792054, 2.129830009538612, 1.05, 1.05, 1.05, 1.05, 1.05, 1.05, 1.05, 1.05, 1.05, 1.05, 1.938240249818789, 1.938240249818789, 1.938240249818789, 1.938240249818789, 1.938240249818789, 1.938240249818789, 1.938240249818789, 1.938240249818789, 1.938240249818789, 1.94270737672313, 3.468999007875131, 3.470457951354003, 3.4768993620139903, 3.4828356744075317, 3.479362556660756, 3.480062069080249, 3.484448447311215, 3.485112880981559, 3.4854648851086587, 3.483752264305121, 3.483277405492297, 3.4830333134121925, 3.485099648487395, 3.488105485203762, 3.4924304385349187, 3.4964796393155164, 3.5009339906681367, 3.500976290816852, 3.49975687279147, 3.502264154224941, 1.9549553496463083, 1.9549553496463083, 1.9549553496463083, 1.9549553496463083, 1.9549553496463083, 1.9549553496463083, 1.9549553496463083, 1.9549553496463083, 1.9549553496463083, 1.9624846400776728, 1.05, 1.05, 1.05, 1.05, 1.05, 1.05, 1.05, 1.05, 1.05, 1.05, 1.9109320425701624, 1.9109320425701624, 1.9109320425701624, 1.9109320425701624, 1.9109320425701624, 1.9109320425701624, 1.9109320425701624, 1.9109320425701624, 1.9109320425701624, 1.891300359327102, 3.4861441154676944, 3.4828628938292368, 3.487524901442931, 3.486074192812568, 3.4843529079437117, 3.482436022735154, 3.4817264372578203, 3.4844161935395808, 3.485507810994232, 3.4887771527173568, 3.486096308274147, 3.485672298285169, 3.4881762497934483, 3.4840503982453708, 3.4845296191451727, 3.4795052436977194, 3.4821879086844008, 3.485570538394661, 3.484682498365683, 3.4872394999083074, 1.9511763744449178, 1.9511763744449178, 1.9511763744449178, 1.9511763744449178, 1.9511763744449178, 1.9511763744449178, 1.9511763744449178, 1.9511763744449178, 1.9511763744449178, 1.9494687328478653, 1.05, 1.05, 1.05, 1.05, 1.05, 1.05, 1.05, 1.05, 1.05, 1.05, 1.906814538895088, 1.906814538895088, 1.906814538895088, 1.906814538895088, 1.906814538895088, 1.906814538895088, 1.906814538895088, 1.906814538895088, 1.906814538895088, 1.9123288425385296, 3.4608379291954865, 3.4571490975015697, 3.4556320960894658, 3.4565028435741305, 3.4545433530609775, 3.454201984669688, 3.454748588563236, 3.4534233467112863, 3.457323469458017, 3.456115304736218, 3.4546437205256058, 3.4542799693583244, 3.453961628581271, 3.454304953497867, 3.4551907627559255, 3.457697934161715, 3.4612175124687266, 3.461589939381687, 3.4653126443326188, 3.4648863957229215, 3.4681414125640413, 3.4700743107229517, 3.4690488463543674, 3.4709295438906143, 3.4743348738758932, 3.476403557801555, 3.4767764268151344, 3.482983621330674, 3.478411793464398, 3.4853910333330154, 3.485599667457113, 3.484310367877807, 3.4849366315984827, 3.4871500379186475],