{"O23": 5.0, "O34": [5.0, 5.0, 5.0, 5.0, 5.0, 5.0, 5.0, 5.0, 5.0, 5.0, 5.0, 5.0, 5.0, 5.0, 5.0, 5.0, 5.0, 5.0, 5.0, 5.0, 5.0, 5.0, 5.0, 5.0, 5.0, 5.0, 5.0, 5.0, 5.0, 5.0, 5.0, 5.0, 4.749626016121626, 4.749626016121626, 4.749626016121626, 4.749626016121626, 4.749626016121626, 4.749626016121626, 4.749626016121626, 4.749626016121626, 2.8946371062319933, 2.8954399514384797, 2.882070947416798, 2.883738732559959, 2.8720998841313974, 2.8736489822723597, 2.8633628991058178, 2.864736479928162, 2.85456031919066, 2.8445856330741606, 2.8288899152808136, 2.820841075730896, 2.8023054023504947, 2.8056171355952912, 2.791607585103206, 2.7977411249875153, 2.7764363319983105, 2.7828199004196366, 2.7603012290998636], "O35": 3.2556663720357255, "O46": 3.265562725414294, "O22": [4.274150571736781, 4.281939968949282, 4.280579204175932, 4.284639987882985, 4.281201856687755, 4.28342550667691, 4.283167940245632, 4.287847798623841, 4.287438146313277, 4.286467347924448, 4.291988626185811, 4.295655042755309, 4.299684217739278, 4.301458278646227, 4.302989143459347, 4.3042577551771455, 4.306280063396046, 4.308626340746624, 4.3102481178113985, 4.311273111040084, 4.311937269623607, 4.308964343131204, 4.310619530570144, 4.308695353141799, 4.31073557314531, 4.307948786993764, 4.309374480896938, 4.305272720933097, 4.30667287748382, 4.303557176337761, 4.304978080859944, 4.30222586714254, 3.737535087979233, 3.737535087979233, 3.737535087979233, 3.737535087979233, 3.737535087979233, 3.737535087979233, 3.737535087979233, 3.737535087979233, 2.030058510790396, 2.0307997708642174, 2.0184562844387344, 2.0199961361166787, 2.009250087469135, 2.010680356458784, 2.001183304342434, 2.0024515197014403, 1.9930559580183724, 1.9838464161199798, 1.9693546948813452, 1.9619232705535365, 1.9448094427480314, 1.947867137568503, 1.9349322400962814, 1.9405952847164603, 1.9209247525935373, 1.9268186464114305, 1.906027350866546], "O21": [4.553999999999999, 4.553999999999999, 4.553999999999999, 4.553999999999999, 4.553999999999999, 4.553999999999999, 4.553999999999999, 4.553999999999999, 4.553999999999999, 4.553999999999999, 4.553999999999999, 4.553999999999999, 4.553999999999999, 4.553999999999999, 4.553999999999999, 4.553999999999999, 4.553999999999999, 4.553999999999999, 4.553999999999999, 4.553999999999999, 4.553999999999999, 4.553999999999999, 4.553999999999999, 4.553999999999999, 4.553999999999999, 4.553999999999999, 4.553999999999999, 4.553999999999999, 4.553999999999999, 4.553999999999999, 4.553999999999999, 4.553999999999999, 4.553999999999999, 4.553999999999999, 4.553999999999999, 4.553999999999999, 4.553999999999999, 4.553999999999999, 4.553999999999999, 4.553999999999999, 4.531000000000001, 4.531000000000001, 4.531000000000001, 4.531000000000001, 4.531000000000001, 4.531000000000001, 4.531000000000001, 4.531000000000001, 4.531000000000001, 4.531000000000001, 4.531000000000001, 4.531000000000001, 4.531000000000001, 4.531000000000001, 4.531000000000001, 4.531000000000001, 4.531000000000001, 4.531000000000001, 4.531000000000001, 4.531000000000001], "mode": "1"}