{"O23": 2.195053940640312, "O34": [4.053627079915193, 4.0696412020387385, 4.113204654176776, 4.124556827949032, 4.201584467546152, 4.222376217825212, 4.222376217825212, 4.222376217825212, 4.222376217825212, 4.159286711273683, 4.26029205992245, 4.381179037388536, 4.42671732055552, 4.453347222362743, 4.471508170611893, 4.514091150602702, 3.5997005355743483, 3.5510094247527597, 3.499954508612112, 3.4580922942961374, 3.38308929688329, 3.3631244090530514, 3.3203490211255122, 3.312307269000026, 3.298985113300996, 3.2936872209086654, 3.268109495815576, 3.240009882148686, 3.2105202390324776, 3.1846509062115724, 3.1674938358930085, 3.1045770755860898, 3.091909061274867, 3.0220991355187556, 3.0204740933470053, 3.0122546161363632, 2.647700197277879, 2.6960180020191724, 2.6960180020191724, 2.6960180020191724, 2.6960180020191724, 2.6960180020191724, 2.6960180020191724, 2.6960180020191724, 2.6960180020191724, 2.7587564319015785, 2.7811001781689155, 2.84178884506331, 1.8971375618049489, 1.8988695057585812, 1.9091282300034325, 1.9091282300034325, 1.9091282300034325, 1.9091282300034325, 1.9091282300034325, 1.9091282300034325, 1.9091282300034325, 1.9091282300034325, 1.9174866049333972, 1.9170168642990741, 1.9292677538341816], "O35": 2.4727873960042173, "O46": 1.6122774717350419, "O22": [3.095261021609744, 3.1100389972654083, 3.150239741970989, 3.1607156298374, 3.2317974271409113, 3.2509842409476355, 3.2509842409476355, 3.2509842409476355, 3.2509842409476355, 3.192764677942332, 3.2859733204085178, 3.397528908426301, 3.4395520449336088, 3.4641263573800756, 3.480885443456678, 3.5201813996630187, 2.6810375108024793, 2.6360814269765456, 2.5889428620307786, 2.5502918396126635, 2.481042217207391, 2.4626088079931243, 2.423114660233721, 2.4156897796639307, 2.4033895478918064, 2.398498049413509, 2.3748823558308567, 2.348938224218953, 2.3217106903722344, 2.297825757882628, 2.281984782426656, 2.22389427878672, 2.2121980101316425, 2.1477431061210632, 2.146242718660987, 2.138653746048698, 1.802063786674633, 1.8466752002074618, 1.8466752002074618, 1.8466752002074618, 1.8466752002074618, 1.8466752002074618, 1.8466752002074618, 1.8466752002074618, 1.8466752002074618, 1.9046010529002777, 1.9252308416487907, 1.9814511523661062, 1.1296938398464342, 1.131297411928006, 1.1407957584288186, 1.1407957584288186, 1.1407957584288186, 1.1407957584288186, 1.1407957584288186, 1.1407957584288186, 1.1407957584288186, 1.1407957584288186, 1.1485346097102884, 1.1480996863022874, 1.1594425385878466], "O21": [4.553999999999999, 4.553999999999999, 4.553999999999999, 4.553999999999999, 4.553999999999999, 4.553999999999999, 4.553999999999999, 4.553999999999999, 4.553999999999999, 4.553999999999999, 4.553999999999999, 4.553999999999999, 4.553999999999999, 4.553999999999999, 4.553999999999999, 4.553999999999999, 4.531000000000001, 4.531000000000001, 4.531000000000001, 4.531000000000001, 4.531000000000001, 4.531000000000001, 4.531000000000001, 4.531000000000001, 4.531000000000001, 4.531000000000001, 4.531000000000001, 4.531000000000001, 4.531000000000001, 4.531000000000001, 4.531000000000001, 4.531000000000001, 4.531000000000001, 4.531000000000001, 4.531000000000001, 4.531000000000001, 4.531000000000001, 4.531000000000001, 4.531000000000001, 4.531000000000001, 4.531000000000001, 4.531000000000001, 4.531000000000001, 4.531000000000001, 4.531000000000001, 4.531000000000001, 4.531000000000001, 4.53, 4.408, 4.408, 4.408, 4.408, 4.408, 4.408, 4.408, 4.408, 4.408, 4.408, 4.408, 4.408, 4.408], "mode": "1"}