{"O23": 5.0, "O34": [3.0231581969274246, 3.078399984651704, 3.1148691368381365, 3.1193711253655714, 3.1296983120837383, 3.1328908492336645, 3.1294710938167745, 3.140529478918241, 3.1202646553521713, 3.131822710727732, 3.176694445910897, 3.2234090922764698, 3.271872795396129, 3.3934899004027175, 3.46862288795103, 3.5331934427519807, 3.5704411573803947, 3.5576974917357482, 3.540453538834801, 3.498443213551065, 3.45173649977809, 3.4056821647648645, 3.377579179792434, 3.4428356991705544, 3.4759043097528886, 3.567917696156384, 3.503598636428947, 3.49863443767439, 3.5165778437117132, 3.5405442878519073, 3.5278858271412847, 3.520637360648716, 3.4953278407504698, 3.488461137816942, 3.4394266380059637, 3.4116541183931157, 3.41707212106929, 3.414646937284501, 3.4264290228690895, 3.4438086596826833, 3.4859554003911333, 3.5217360096676535, 3.471169299973511, 3.4022550635197066, 3.32757071151092, 3.2681271343378637, 3.291316513628182, 3.3043505084121794, 3.3027665828313117, 3.2974096952069902, 3.274839396176242, 3.2426568356113767, 3.25151271181488, 3.2287858958009834, 3.2572905119535775, 3.245712070270277, 3.236836494608448, 3.2240778397640133, 3.179687206802823, 3.1415488513649663], "O35": 3.3024009640677785, "O46": 3.365194404750834, "O22": [2.148720928410626, 2.1997251958779853, 2.233396850417998, 2.2375534977034617, 2.2470885003754923, 2.2500361424667843, 2.2468787117039244, 2.2570888235541675, 2.238378486254776, 2.2490499393713907, 2.2904796265210843, 2.333610857714487, 2.378356977965179, 2.490645004980563, 2.560014646159855, 2.6196320840317293, 2.6540225785779534, 2.6422564616974085, 2.626335268300405, 2.587547496299668, 2.5444235892007816, 2.501902017799617, 2.475954773490306, 2.5362055565562507, 2.5667375202814946, 2.6516926885342906, 2.592307453900665, 2.587724051888002, 2.604291044349776, 2.6264190560873604, 2.6147316081895458, 2.6080391614215226, 2.584671099388417, 2.5783311316308817, 2.533057999704557, 2.507415871219392, 2.5124182664896852, 2.5101791151603643, 2.521057413442075, 2.5371038826285983, 2.5760176058176545, 2.6090535346111507, 2.562365726478345, 2.4987378046966997, 2.429782384852306, 2.3748986413267748, 2.3963091957720573, 2.408343371049824, 2.4068809461844634, 2.4019349779158916, 2.3810960149495175, 2.351382133584424, 2.3595586879131103, 2.3385752141624083, 2.364893281085908, 2.3542030054667005, 2.3460082627975787, 2.334228306517792, 2.293242816911654, 2.258030001366535], "O21": [4.531000000000001, 4.531000000000001, 4.531000000000001, 4.531000000000001, 4.531000000000001, 4.531000000000001, 4.531000000000001, 4.531000000000001, 4.531000000000001, 4.531000000000001, 4.531000000000001, 4.531000000000001, 4.531000000000001, 4.531000000000001, 4.531000000000001, 4.531000000000001, 4.531000000000001, 4.531000000000001, 4.531000000000001, 4.531000000000001, 4.531000000000001, 4.531000000000001, 4.531000000000001, 4.531000000000001, 4.531000000000001, 4.531000000000001, 4.531000000000001, 4.531000000000001, 4.531000000000001, 4.531000000000001, 4.531000000000001, 4.531000000000001, 4.531000000000001, 4.531000000000001, 4.531000000000001, 4.531000000000001, 4.531000000000001, 4.531000000000001, 4.531000000000001, 4.531000000000001, 4.531000000000001, 4.531000000000001, 4.531000000000001, 4.531000000000001, 4.531000000000001, 4.531000000000001, 4.531000000000001, 4.531000000000001, 4.531000000000001, 4.531000000000001, 4.531000000000001, 4.531000000000001, 4.531000000000001, 4.531000000000001, 4.531000000000001, 4.531000000000001, 4.531000000000001, 4.531000000000001, 4.531000000000001, 4.531000000000001], "mode": "1"}