{"O23": 2.1554426985935873, "O34": [3.8032026247597575, 3.803671341690873, 3.807888564238514, 3.8081860595186385, 3.802575704405724, 3.8034377291046275, 3.8034377291046275, 3.8034377291046275, 3.8034377291046275, 3.797893020623379, 3.8008031672386404, 3.8016117348721394, 3.8034825438900435, 3.8030844532445003, 3.8048006776247174, 3.811145291676885, 3.175494966101725, 3.1494555168816807, 3.1793201550791497, 3.174104666760366, 3.2263155588509163, 3.2043354703764546, 3.220946952197453, 3.228715865222862, 3.3050541320054556, 3.3205478315855137, 3.400570984321128, 3.3749954241074773, 3.387940957396933, 3.3851785834824986, 3.4392132134329985, 3.4066782431544884, 3.520708830147986, 3.535802276539348, 3.4835745436637042, 3.474962619193888, 2.3100213616570793, 2.307137523710166, 2.3072249533915032, 2.3072249533915032, 2.3072249533915032, 2.3072249533915032, 2.3072249533915032, 2.3072249533915032, 2.3072249533915032, 2.3072249533915032, 2.2934162602535975, 2.283109103319373, 1.8121414843919998, 1.8110639355240001, 1.8110639355240001, 1.8110639355240001, 1.8110639355240001, 1.8110639355240001, 1.8110639355240001, 1.8110639355240001, 1.8110639355240001, 1.8110639355240001, 1.8167732466368263], "O35": 2.3693809209747267, "O46": 1.5083442039250519, "O22": [2.864167086311918, 2.864599622503661, 2.8684913133289682, 2.8687658446441064, 2.8635885585813017, 2.8643840427119147, 2.8643840427119147, 2.8643840427119147, 2.8643840427119147, 2.859267335950127, 2.861952845371309, 2.8626989988420783, 2.8644253981982026, 2.864058036576804, 2.8656417838415518, 2.8714966506450006, 2.289372157130085, 2.2653301576323366, 2.292903921212224, 2.28808850570627, 2.336294373303952, 2.316000346667755, 2.3313375849565694, 2.338510555531967, 2.4089930206615806, 2.423298220221458, 2.4971829088575346, 2.4735692140894474, 2.4855217136301677, 2.4829712375543407, 2.532860946632018, 2.5028216884094174, 2.6081051485954845, 2.622040797828845, 2.5738193812791343, 2.5658680654879156, 1.4902878221451576, 1.4876251993728635, 1.487705922445653, 1.487705922445653, 1.487705922445653, 1.487705922445653, 1.487705922445653, 1.487705922445653, 1.487705922445653, 1.487705922445653, 1.4749564748409574, 1.4654399654961634, 1.05, 1.05, 1.05, 1.05, 1.05, 1.05, 1.05, 1.05, 1.05, 1.05, 1.0552861363592827], "O21": [4.553999999999999, 4.553999999999999, 4.553999999999999, 4.553999999999999, 4.553999999999999, 4.553999999999999, 4.553999999999999, 4.553999999999999, 4.553999999999999, 4.553999999999999, 4.553999999999999, 4.553999999999999, 4.553999999999999, 4.553999999999999, 4.553999999999999, 4.553999999999999, 4.531000000000001, 4.531000000000001, 4.531000000000001, 4.531000000000001, 4.531000000000001, 4.531000000000001, 4.531000000000001, 4.531000000000001, 4.531000000000001, 4.531000000000001, 4.531000000000001, 4.531000000000001, 4.531000000000001, 4.531000000000001, 4.531000000000001, 4.531000000000001, 4.531000000000001, 4.531000000000001, 4.531000000000001, 4.531000000000001, 4.531000000000001, 4.531000000000001, 4.531000000000001, 4.531000000000001, 4.531000000000001, 4.531000000000001, 4.531000000000001, 4.531000000000001, 4.531000000000001, 4.531000000000001, 4.531000000000001, 4.531000000000001, 4.414, 4.408, 4.408, 4.408, 4.408, 4.408, 4.408, 4.408, 4.408, 4.408, 4.408], "mode": "1"}