{"O23": 5.0, "O34": [2.832460247906436, 2.8288510680872885, 2.8308329885537957, 2.8242251779482195, 2.8194426193279583, 2.8116262728497863, 2.8116262728497863, 2.8116262728497863, 2.8116262728497863, 2.8032706902269884, 2.8003697289990312, 2.76116345920433, 2.7456234011550924, 2.6829445296196632, 2.661081470496986, 2.703104412292977, 3.8449510316544386, 3.854237676845404, 3.8641707938276104, 3.8597344458407012, 3.852805282326427, 3.8566977301149734, 3.8389661866827556, 3.8248318737114255, 3.8111655843567296, 3.8022229676560073, 3.787420059940445, 3.7689358488302043, 3.772080848332843, 3.7543743985255444, 3.753474668554748, 3.7541450450813962, 3.7549086351068595, 3.756510862628713, 3.761618616960388, 3.7588100150446127, 3.756410454266413, 3.749211106493378, 3.748676072805761, 3.7465988814899216, 3.7465700843166703, 3.7455787506489666, 3.7460622075101986, 3.747549357729114, 3.7508114779929276, 3.751546254063521, 3.7647864714030614, 3.7645775821945695, 4.530688320405968, 4.53168999961207, 4.53168999961207, 4.53168999961207, 4.53168999961207, 4.53168999961207, 4.53168999961207, 4.53168999961207, 4.53168999961207, 4.53168999961207, 4.473421995952283], "O35": 3.662784574767652, "O46": 3.6117589313007388, "O22": [1.9726511522859025, 1.969318827601691, 1.9711487177217808, 1.9650477830238922, 1.960632087784925, 1.95341532231057, 1.95341532231057, 1.95341532231057, 1.95341532231057, 1.9457006847418894, 1.9430222521914868, 1.9068234405058986, 1.8924754385701603, 1.8346045755868428, 1.8144186011445704, 1.8532180218625567, 2.902692890973122, 2.911262690522303, 2.92042906004387, 2.9163351582960986, 2.9099408640014706, 2.913532849763557, 2.8971700223068204, 2.8841267514120177, 2.8715153769121304, 2.8632630499421174, 2.849602793815308, 2.8325453978685347, 2.8354476316424817, 2.819107960808089, 2.81827768191409, 2.8188963113909047, 2.819600959121211, 2.8210795090617022, 2.8257929906116916, 2.8232011875507697, 2.820986851323598, 2.81434322856952, 2.8138494946795465, 2.8119326438861774, 2.811906069596186, 2.810991257988347, 2.8114373963199233, 2.812809751892205, 2.815820065755967, 2.8164981237100544, 2.8287163151294736, 2.8285235502926622, 3.5354974169515945, 3.53642177551514, 3.53642177551514, 3.53642177551514, 3.53642177551514, 3.53642177551514, 3.53642177551514, 3.53642177551514, 3.53642177551514, 3.53642177551514, 3.4826515386613535], "O21": [4.531000000000001, 4.531000000000001, 4.531000000000001, 4.531000000000001, 4.531000000000001, 4.531000000000001, 4.531000000000001, 4.531000000000001, 4.531000000000001, 4.531000000000001, 4.531000000000001, 4.531000000000001, 4.531000000000001, 4.531000000000001, 4.531000000000001, 4.531000000000001, 4.553999999999999, 4.553999999999999, 4.553999999999999, 4.553999999999999, 4.553999999999999, 4.553999999999999, 4.553999999999999, 4.553999999999999, 4.553999999999999, 4.553999999999999, 4.553999999999999, 4.553999999999999, 4.553999999999999, 4.553999999999999, 4.553999999999999, 4.553999999999999, 4.553999999999999, 4.553999999999999, 4.553999999999999, 4.553999999999999, 4.553999999999999, 4.553999999999999, 4.553999999999999, 4.553999999999999, 4.553999999999999, 4.553999999999999, 4.553999999999999, 4.553999999999999, 4.553999999999999, 4.553999999999999, 4.553999999999999, 4.553999999999999, 4.553999999999999, 4.553999999999999, 4.553999999999999, 4.553999999999999, 4.553999999999999, 4.553999999999999, 4.553999999999999, 4.553999999999999, 4.553999999999999, 4.553999999999999, 4.553999999999999], "mode": "1"}