{"O23": 4.220382272589658, "O34": [4.210527412782977, 4.202614195462561, 4.202614195462561, 4.202614195462561, 4.202614195462561, 4.202614195462561, 4.202614195462561, 4.202614195462561, 4.202614195462561, 4.1376792742993445, 4.100413009883457, 4.077652315234368, 4.61662383797437, 4.617520894797085, 4.606189914066385, 4.606694839307676, 4.619449763135325, 4.631681628581592, 4.631403807309424, 4.625968403101931, 4.627310622135336, 4.648089708494697, 4.649785257636687, 4.663366772704455, 4.698255263150968, 4.714579120402347, 4.706178772561357, 4.734932799166473, 4.763366871147742, 4.8057536818120505, 4.837476930073474, 4.84403996233441, 4.836100113197428, 4.876869781548689, 4.931607177383814, 4.958825365272247, 4.952396592618939, 4.927743553632117, 4.931519892339126, 4.94631394807065, 4.94881847857303, 4.935591243286033, 4.9323081291878434, 4.913570238406825, 4.889838236819529, 4.905624154230705, 4.910756247284123, 4.895039574320503, 4.88171483135836, 4.884611299116117, 4.865696514342534, 4.847247082632105, 4.815721009375657, 4.783687540695498, 4.737232806805782, 4.708840010445623, 4.6992308894401384, 4.703189986322142, 4.713914798707359], "O35": 4.650694787921336, "O46": 3.8220497777107494, "O22": [3.2400500572869886, 3.232747669306124, 3.232747669306124, 3.232747669306124, 3.232747669306124, 3.232747669306124, 3.232747669306124, 3.232747669306124, 3.232747669306124, 3.17282514113072, 3.1384354977854985, 3.1174317244387404, 3.61479948401374, 3.6156272961026916, 3.605170965365281, 3.6056369149106984, 3.6174072731208256, 3.628694948361076, 3.6284385723970964, 3.6234227326003627, 3.624661344373596, 3.643836471801538, 3.6454011397708457, 3.657934283797731, 3.6901296959785457, 3.705193497990693, 3.697441581592431, 3.723976055470832, 3.750215272350088, 3.7893302017409063, 3.818604700018689, 3.824661125105947, 3.817334161045678, 3.8549567769927995, 3.905468937251439, 3.9305861253747376, 3.9246535962586577, 3.901903550569313, 3.905388389828636, 3.9190404772651104, 3.9213516804960773, 3.9091454690312855, 3.9061157818686985, 3.888824288044428, 3.866924183935592, 3.8814915702340707, 3.886227511774975, 3.8717240248743146, 3.859427832451564, 3.8621007189002463, 3.844645985711645, 3.8276206845072354, 3.7985281410941005, 3.768967368629036, 3.726098523167739, 3.6998973958021786, 3.691030012676468, 3.694683502820311, 3.7045804559668882], "O21": [4.553999999999999, 4.553999999999999, 4.553999999999999, 4.553999999999999, 4.553999999999999, 4.553999999999999, 4.553999999999999, 4.553999999999999, 4.553999999999999, 4.553999999999999, 4.553999999999999, 4.553999999999999, 4.553999999999999, 4.553999999999999, 4.553999999999999, 4.553999999999999, 4.553999999999999, 4.553999999999999, 4.553999999999999, 4.553999999999999, 4.553999999999999, 4.553999999999999, 4.553999999999999, 4.553999999999999, 4.553999999999999, 4.553999999999999, 4.553999999999999, 4.553999999999999, 4.553999999999999, 4.553999999999999, 4.553999999999999, 4.553999999999999, 4.553999999999999, 4.553999999999999, 4.553999999999999, 4.553999999999999, 4.553999999999999, 4.553999999999999, 4.553999999999999, 4.553999999999999, 4.553999999999999, 4.553999999999999, 4.553999999999999, 4.553999999999999, 4.553999999999999, 4.553999999999999, 4.553999999999999, 4.553999999999999, 4.553999999999999, 4.553999999999999, 4.553999999999999, 4.553999999999999, 4.553999999999999, 4.553999999999999, 4.553999999999999, 4.553999999999999, 4.553999999999999, 4.553999999999999, 4.553999999999999, 4.553999999999999], "mode": "1"}