{"O23": 3.759511049200042, "O34": [4.914586092854671, 4.877379736193388, 4.820542227607535, 4.793609770326143, 4.738323126003911, 4.813685953330222, 4.7909726240777895, 4.817771654237763, 4.870369866293124, 4.840381422424328, 4.817845030835834, 4.938984976488438, 5.0, 5.0, 5.0, 5.0, 5.0, 5.0, 5.0, 5.0, 5.0, 5.0, 5.0, 5.0, 5.0, 5.0, 5.0, 5.0, 5.0, 5.0, 5.0, 5.0, 5.0, 5.0, 5.0, 4.969443496523544, 4.915873117567375, 4.896550790612396, 4.873929457326323, 4.842842685310977, 4.884466371659059, 4.933822687454116, 4.947595604626084, 4.9601325963375835, 4.967380849349722, 4.988681082127972, 5.0, 5.0, 5.0, 5.0, 4.988231150803472, 4.932240550150418, 4.82236409667716, 4.7778657713440165, 4.75343940264002, 4.725770701577279, 4.707323898838696, 4.647113400600285, 4.5952427003206475, 4.571097438926567, 4.549958888761308, 4.540448986080795, 4.542493552080864, 4.543035057994359, 4.543388814355832, 4.5356410844915125, 4.5308760975082345, 4.529503898297444, 4.525296175203696, 4.52642219810202, 4.529708415930907, 4.533083961173636, 4.542138199628421, 4.5434162009902535, 4.539837125400175, 4.533946250453894, 4.524942593903477, 4.530873582674259, 4.533971385872625, 4.530582325668087, 4.536854018436141, 4.535724775414637, 4.5299244364600755, 4.526750382664469, 4.52341786846479, 4.528725866617781, 4.523608058652833, 4.521856432963275, 4.521957139036711, 4.528381887425763, 4.535221034552, 4.541910813184861, 4.549117321297188, 4.544847707943577, 4.536263092800877, 4.534316961812927, 4.533768970329144, 4.5293554705886425, 4.5267670856171955, 4.531066539335257, 4.542901636173066, 4.556520390781065, 4.580038097406879, 4.6053173378080245, 4.625390159516427, 4.616169319002808, 4.64253189909538, 4.648547374069657, 4.635297806173941, 4.6377658682042044, 4.6457339551221715, 4.648680076971691, 4.653442595563426, 4.6568454327121405, 4.67849188391164, 4.695662111226, 4.719984394812786, 4.744766508652001, 4.7588450115377805, 4.768921026239128, 4.758600121469727, 4.7439384592964275, 4.72592823502773, 4.704529605554498, 4.6928511803600585, 4.701850496013584, 4.680045365323903, 4.680614056432797, 4.694293811899006, 4.692757822332013, 4.674601978082942, 4.699613109603266, 4.6872967636976295, 4.677344025735343, 4.663561510027637, 4.647972441347959, 4.631294378198606, 4.624488977740432, 4.620184021202585, 4.603768631136516, 4.595020080419668, 4.5885544041347845, 4.586039106788425, 4.587605614101829, 4.584757454600391, 4.586593752293777, 4.588913212226553, 4.587917491752566, 4.585926726523941, 4.577695957856973, 3.571920698506042, 3.560279245887264, 3.5384894527808126, 3.5048575083806734, 3.422545765618651, 3.420691351983977, 3.4222335759623768, 3.430946072656023, 3.424402847021035, 3.4164495090477347, 3.4415600240104176, 3.436720918484462, 3.425712688175398, 3.3956996184612454, 3.312596818272787, 3.1901010276989745, 3.0992008759238634, 3.0191243035855226, 2.9865420999979038, 2.9757062640085215, 2.9592897102410483, 2.9473606047463132, 2.9238727533843987, 2.9066599036996794, 2.906839404169082, 2.932747016858818, 2.9233392918553336, 2.9118268676365875, 2.9023392061761384, 2.8917654654243594, 2.8872436451896695, 2.896529957149045, 2.8981726563261936, 2.897638967826133, 2.901482498646711, 2.9197986506802542, 2.9449197865893884, 2.9626093779756806, 2.975609978636565, 2.9990548912163155, 3.0005321530031805, 2.9913895688974708, 3.0087475411038898, 3.0311486029030643, 3.045936778704737, 2.9863586798856265, 2.993942429416859, 3.000291176896903, 3.01505589992173, 3.0404545860942624, 3.0588010466586226, 3.041376154526719, 3.035623395088777, 3.028066629338603, 3.0115398362467287, 2.994366848756758, 2.9523550995836882, 2.927717108133626, 2.9221437376553725, 2.909907312434895, 2.9482312297800592, 2.9861431184506224, 3.0449188342504, 3.0994311396655543, 3.179685289049735, 3.1859276338954494, 3.162476879722117, 3.166415598139707, 3.151960681412749, 3.148795673277435, 3.137412719491543, 3.177684057034475, 3.221537545414076, 3.2302216876435734, 3.231451854349126, 3.252452710403144, 3.281718101968747, 3.3024661427688837, 3.3181939035683015, 3.3234535658317785, 3.2959939528996927, 3.2383682104007097, 3.270554389284896, 3.2965727096392037, 3.314922715726609, 3.3363520784889378, 3.3528097839360615, 3.3512114364846037, 3.347875983800249, 3.3267906682228148, 3.308888904921642, 3.2818074930550636, 3.2561219364897096, 3.2650811207856854, 3.2722310790226254, 3.259663604653583, 3.2668890366592596, 3.2852039195562814, 3.304799813137856, 3.289472381381634, 3.252029270168078, 3.3015653845703605, 3.2642715665149753, 3.2301993672673577, 3.1809149601238724, 3.171340194733416, 3.0912523145906237, 3.042643943237201, 3.0187144533649173, 3.0042270192328333, 2.9946558954053524, 2.9937788568824666, 2.993346086572917, 2.9905701843227552, 2.9981108771753164, 3.0100864479167373, 2.987868436342599, 2.96479764201768, 2.941559227423126, 2.9335010577329945, 2.955231796832896, 2.9250375112115705, 2.9016081908436604, 2.8769137471072246, 2.8606227157079553, 2.8398235839164574, 2.919520892110752, 2.980025430735062, 3.0772562482853547, 3.1846380117407143, 3.257655367793904, 3.2642908126964376, 3.2758095550189505, 3.2944743905350826, 3.2968508919707236, 3.2999271049511827, 3.3155271154742603, 3.32829838376915, 3.336163580072408, 3.340818250547498, 3.342398046188404, 3.3350217052649613, 3.327395024170167, 3.318854237885848, 3.3136938318269844, 3.308291835521694, 3.3035279000632194, 3.301247756543803, 3.2979251246728287], "O35": 3.4169903066361447, "O46": 2.80987003774472,