{"O23": 4.594340904953616, "O34": [4.7041753488828, 4.702643599761614, 4.688665402152794, 4.678654518449469, 4.647679928020047, 4.622441660486241, 4.615157674871693, 4.59783115830219, 4.598578665203773, 4.581364755369821, 4.623295568345627, 4.641905266985452, 4.659420471911244, 4.6668798839931505, 4.673250349745615, 4.670788520299276, 4.642381362045983, 4.68240429617723, 4.661870746235995, 4.652043414925202, 4.655411263279821, 4.659938296617585, 4.662075620991233, 4.673166927766734, 4.70051070803905, 4.716467915928656, 4.727486230790049, 4.730346719829824, 4.720435580455214, 4.707285012696128, 3.1368746907642544, 3.1368746907642544, 3.1368746907642544, 3.1368746907642544, 3.1372931392241323, 4.648437304353992, 4.648437304353992, 4.648437304353992, 4.648437304353992, 4.648437304353992, 3.0971069637977138, 3.0971069637977138, 3.0971069637977138, 3.0971069637977138, 3.0973152841324287, 4.5108951144578935, 4.5108951144578935, 4.5108951144578935, 4.5108951144578935, 4.510654785252959, 2.841788715141754, 2.841788715141754, 2.841788715141754, 2.841788715141754, 2.8419912322545313, 4.488219046456136, 4.488219046456136, 4.488219046456136, 4.488219046456136, 4.488219046456136], "O35": 3.784547385227309, "O46": 3.5079094165320286, "O22": [3.6955928042369646, 3.694179292397299, 3.6812800861604806, 3.6720419528105483, 3.643458322700898, 3.620168222854754, 3.6134464955407255, 3.597457430508862, 3.5981472365880713, 3.5822620860626535, 3.620956216692994, 3.6381294136585796, 3.6542926019994972, 3.6611762144324205, 3.6670549374169763, 3.6647831391038532, 3.638568758454381, 3.675502281359781, 3.656553737142686, 3.647484987588346, 3.6505928682834337, 3.654770455287063, 3.6567427974059976, 3.6669779548659784, 3.692211040768577, 3.70693649545824, 3.717104295324628, 3.7197439802893713, 3.7105978919013882, 3.6986883300981597, 2.2537143890866793, 2.2537143890866793, 2.2537143890866793, 2.2537143890866793, 2.2537143890866793, 3.6441572363808907, 3.6441572363808907, 3.6441572363808907, 3.6441572363808907, 3.6441572363808907, 2.2169971888234645, 2.2169971888234645, 2.2169971888234645, 2.2169971888234645, 2.2169971888234645, 3.517232068817517, 3.517232068817517, 3.517232068817517, 3.517232068817517, 3.517232068817517, 1.9812640458494748, 1.9812640458494748, 1.9812640458494748, 1.9812640458494748, 1.9812640458494748, 3.496306389700616, 3.496306389700616, 3.496306389700616, 3.496306389700616, 3.496306389700616], "O21": [4.553999999999999, 4.553999999999999, 4.553999999999999, 4.553999999999999, 4.553999999999999, 4.553999999999999, 4.553999999999999, 4.553999999999999, 4.553999999999999, 4.553999999999999, 4.553999999999999, 4.553999999999999, 4.553999999999999, 4.553999999999999, 4.553999999999999, 4.553999999999999, 4.553999999999999, 4.553999999999999, 4.553999999999999, 4.553999999999999, 4.553999999999999, 4.553999999999999, 4.553999999999999, 4.553999999999999, 4.553999999999999, 4.553999999999999, 4.553999999999999, 4.553999999999999, 4.553999999999999, 4.553, 4.531000000000001, 4.531000000000001, 4.531000000000001, 4.531000000000001, 4.533, 4.553999999999999, 4.553999999999999, 4.553999999999999, 4.553999999999999, 4.553999999999999, 4.531000000000001, 4.531000000000001, 4.531000000000001, 4.531000000000001, 4.532, 4.553999999999999, 4.553999999999999, 4.553999999999999, 4.553999999999999, 4.553, 4.531000000000001, 4.531000000000001, 4.531000000000001, 4.531000000000001, 4.532, 4.553999999999999, 4.553999999999999, 4.553999999999999, 4.553999999999999, 4.553999999999999], "mode": "1"}