{"O23": 5.0, "O34": [5.0, 5.0, 5.0, 5.0, 5.0, 5.0, 5.0, 5.0, 5.0, 5.0, 5.0, 5.0, 5.0, 5.0, 5.0, 5.0, 5.0, 5.0, 5.0, 5.0, 5.0, 5.0, 5.0, 5.0, 5.0, 5.0, 5.0, 5.0, 5.0, 5.0, 5.0, 5.0, 2.891485858727243, 2.8871706249310405, 2.8871706249310405, 2.8871706249310405, 2.8871706249310405, 2.8871706249310405, 2.8871706249310405, 2.8871706249310405, 2.8871706249310405, 2.8777688369051457, 2.8820595933966473, 2.8868247954021236, 5.0, 5.0, 5.0, 5.0, 5.0, 5.0, 5.0, 5.0, 5.0, 5.0, 5.0, 5.0, 5.0, 5.0, 5.0, 5.0], "O35": 4.079989182344613, "O46": 4.05877299419596, "O22": [4.187275380772129, 4.186423550146187, 4.188055510725166, 4.187675069527212, 4.191098764611291, 4.192076174170475, 4.194111892277343, 4.193056757237904, 4.194672252228333, 4.181499962972943, 4.187483987768735, 4.189987383373343, 4.194786949097741, 4.196099746744988, 4.197540980153326, 4.199886946331004, 4.200520593353307, 4.1968891774553905, 4.201274696840331, 4.1981232808212825, 4.198581557676542, 4.196334279178421, 4.198649155363152, 4.195462626653813, 4.197518113808629, 4.193730358415698, 4.195759731546346, 4.191718985627531, 4.194802603708992, 4.1920043743573645, 4.1950668612982405, 4.187333508002528, 2.0271489910733598, 2.0231647728249524, 2.0231647728249524, 2.0231647728249524, 2.0231647728249524, 2.0231647728249524, 2.0231647728249524, 2.0231647728249524, 2.0231647728249524, 2.014484182806078, 2.0184458013695856, 2.022845471395408, 4.139048619282459, 4.129136506492599, 4.100921803986022, 4.095328881304579, 4.076042200688749, 4.066178924104187, 4.066178924104187, 4.066178924104187, 4.066178924104187, 4.066178924104187, 4.056400439576053, 4.065731250577116, 4.061728686256698, 4.045808693590767, 4.007335619740731, 3.9946809314814398], "O21": [4.553999999999999, 4.553999999999999, 4.553999999999999, 4.553999999999999, 4.553999999999999, 4.553999999999999, 4.553999999999999, 4.553999999999999, 4.553999999999999, 4.553999999999999, 4.553999999999999, 4.553999999999999, 4.553999999999999, 4.553999999999999, 4.553999999999999, 4.553999999999999, 4.553999999999999, 4.553999999999999, 4.553999999999999, 4.553999999999999, 4.553999999999999, 4.553999999999999, 4.553999999999999, 4.553999999999999, 4.553999999999999, 4.553999999999999, 4.553999999999999, 4.553999999999999, 4.553999999999999, 4.553999999999999, 4.553999999999999, 4.553999999999999, 4.531000000000001, 4.531000000000001, 4.531000000000001, 4.531000000000001, 4.531000000000001, 4.531000000000001, 4.531000000000001, 4.531000000000001, 4.531000000000001, 4.531000000000001, 4.531000000000001, 4.531000000000001, 4.553999999999999, 4.553999999999999, 4.553999999999999, 4.553999999999999, 4.553999999999999, 4.553999999999999, 4.553999999999999, 4.553999999999999, 4.553999999999999, 4.553999999999999, 4.553999999999999, 4.553999999999999, 4.553999999999999, 4.553999999999999, 4.553999999999999, 4.553999999999999], "mode": "1"}