{"O23": 2.1403222635600283, "O34": [4.472897101585223, 4.472897101585223, 4.472897101585223, 4.472897101585223, 4.472897101585223, 3.0337456822904625, 3.0337456822904625, 3.0337456822904625, 3.0337456822904625, 3.03353880211751, 1.8110639355240001, 1.8110639355240001, 1.8110639355240001, 1.8110639355240001, 1.81232107587, 2.835167994987708, 2.835167994987708, 2.835167994987708, 2.835167994987708, 2.835370361615713, 4.528427172129413, 4.528427172129413, 4.528427172129413, 4.528427172129413, 4.528427172129413, 2.8899425425143885, 2.8899425425143885, 2.8899425425143885, 2.8899425425143885, 2.8895353192768938, 1.8110639355240001, 1.8110639355240001, 1.8110639355240001, 1.8110639355240001, 1.813039441782, 2.77892786073298, 2.77892786073298, 2.77892786073298, 2.77892786073298, 2.7791289490583857, 4.532588072829231, 4.532588072829231, 4.532588072829231, 4.532588072829231, 4.532347250814734, 2.9836598314999065, 2.9836598314999065, 2.9836598314999065, 2.9836598314999065, 2.9830426062399593, 1.8110639355240001, 1.8110639355240001, 1.8110639355240001, 1.8110639355240001, 1.8126802588259998, 2.8414544420217633, 2.8414544420217633, 2.8414544420217633, 2.8414544420217633], "O35": 2.505378678059756, "O46": 1.6050211563525192, "O22": [3.482167161427411, 3.482167161427411, 3.482167161427411, 3.482167161427411, 3.482167161427411, 2.1584962625826196, 2.1584962625826196, 2.1584962625826196, 2.1584962625826196, 2.1584962625826196, 1.05, 1.05, 1.05, 1.05, 1.05, 1.9751511918765197, 1.9751511918765197, 1.9751511918765197, 1.9751511918765197, 1.9751511918765197, 3.5334108090234806, 3.5334108090234806, 3.5334108090234806, 3.5334108090234806, 3.5334108090234806, 2.0257240604882014, 2.0257240604882014, 2.0257240604882014, 2.0257240604882014, 2.0257240604882014, 1.05, 1.05, 1.05, 1.05, 1.05, 1.9232251596444452, 1.9232251596444452, 1.9232251596444452, 1.9232251596444452, 1.9232251596444452, 3.537250525542012, 3.537250525542012, 3.537250525542012, 3.537250525542012, 3.537250525542012, 2.1122524273395937, 2.1122524273395937, 2.1122524273395937, 2.1122524273395937, 2.1122524273395937, 1.05, 1.05, 1.05, 1.05, 1.05, 1.980955414352894, 1.980955414352894, 1.980955414352894, 1.980955414352894], "O21": [4.553999999999999, 4.553999999999999, 4.553999999999999, 4.553999999999999, 4.553999999999999, 4.531000000000001, 4.531000000000001, 4.531000000000001, 4.531000000000001, 4.53, 4.408, 4.408, 4.408, 4.408, 4.415, 4.531000000000001, 4.531000000000001, 4.531000000000001, 4.531000000000001, 4.532, 4.553999999999999, 4.553999999999999, 4.553999999999999, 4.553999999999999, 4.553999999999999, 4.531000000000001, 4.531000000000001, 4.531000000000001, 4.531000000000001, 4.529, 4.408, 4.408, 4.408, 4.408, 4.419, 4.531000000000001, 4.531000000000001, 4.531000000000001, 4.531000000000001, 4.532, 4.553999999999999, 4.553999999999999, 4.553999999999999, 4.553999999999999, 4.553, 4.531000000000001, 4.531000000000001, 4.531000000000001, 4.531000000000001, 4.5280000000000005, 4.408, 4.408, 4.408, 4.408, 4.417, 4.531000000000001, 4.531000000000001, 4.531000000000001, 4.531000000000001, 4.531000000000001], "mode": "1"}