{"O23": 5.0, "O34": [4.522448919905897, 4.522448919905897, 4.522448919905897, 4.522448919905897, 4.522448919905897, 2.9883437968887097, 2.984228703220525, 2.984228703220525, 2.984228703220525, 2.984228703220525, 4.572401345418405, 4.574335508710018, 4.574335508710018, 4.574335508710018, 4.574335508710018, 2.8265723624162526, 2.8243490344974425, 2.8243490344974425, 2.8243490344974425, 2.8243490344974425, 4.580600971371263, 4.5808428896140745, 4.5808428896140745, 4.5808428896140745, 2.9470395376508645, 2.942533783995671, 2.942533783995671, 2.942533783995671, 2.942533783995671, 2.942533783995671, 4.435367642318521, 4.437993045900714, 4.437993045900714, 4.437993045900714, 4.437993045900714, 2.9366803875680927, 2.9338158639266676, 2.9338158639266676, 2.9338158639266676, 2.9338158639266676, 4.43251495838736, 4.4332306529773, 4.4332306529773, 4.4332306529773, 4.4332306529773, 2.7656756111206064, 2.765474828574093, 2.765474828574093, 2.765474828574093, 2.765474828574093, 4.44568948590844, 4.449273425631032, 4.449273425631032, 4.449273425631032, 4.449273425631032, 2.8226164456398037, 2.819182389789144, 2.819182389789144, 2.819182389789144], "O35": 2.5630773972249585, "O46": 2.706789058818719, "O22": [3.5278940242043713, 3.5278940242043713, 3.5278940242043713, 3.5278940242043713, 3.5278940242043713, 2.1127776617063354, 2.1127776617063354, 2.1127776617063354, 2.1127776617063354, 2.1127776617063354, 3.575775434142877, 3.575775434142877, 3.575775434142877, 3.575775434142877, 3.575775434142877, 1.965162138710491, 1.965162138710491, 1.965162138710491, 1.965162138710491, 1.965162138710491, 3.58178050365842, 3.58178050365842, 3.58178050365842, 3.58178050365842, 2.074281101406935, 2.074281101406935, 2.074281101406935, 2.074281101406935, 2.074281101406935, 2.074281101406935, 3.4499573855052432, 3.4499573855052432, 3.4499573855052432, 3.4499573855052432, 3.4499573855052432, 2.0662319207906625, 2.0662319207906625, 2.0662319207906625, 2.0662319207906625, 2.0662319207906625, 3.445562606563134, 3.445562606563134, 3.445562606563134, 3.445562606563134, 3.445562606563134, 1.9108040907626123, 1.9108040907626123, 1.9108040907626123, 1.9108040907626123, 1.9108040907626123, 3.460367021185253, 3.460367021185253, 3.460367021185253, 3.460367021185253, 3.460367021185253, 1.9603918200899901, 1.9603918200899901, 1.9603918200899901, 1.9603918200899901], "O21": [4.553999999999999, 4.553999999999999, 4.553999999999999, 4.553999999999999, 4.553999999999999, 4.551, 4.531000000000001, 4.531000000000001, 4.531000000000001, 4.531000000000001, 4.546, 4.553999999999999, 4.553999999999999, 4.553999999999999, 4.553999999999999, 4.542, 4.531000000000001, 4.531000000000001, 4.531000000000001, 4.531000000000001, 4.553, 4.553999999999999, 4.553999999999999, 4.553999999999999, 4.553, 4.531000000000001, 4.531000000000001, 4.531000000000001, 4.531000000000001, 4.531000000000001, 4.543, 4.553999999999999, 4.553999999999999, 4.553999999999999, 4.553999999999999, 4.545, 4.531000000000001, 4.531000000000001, 4.531000000000001, 4.531000000000001, 4.551, 4.553999999999999, 4.553999999999999, 4.553999999999999, 4.553999999999999, 4.532, 4.531000000000001, 4.531000000000001, 4.531000000000001, 4.531000000000001, 4.539, 4.553999999999999, 4.553999999999999, 4.553999999999999, 4.553999999999999, 4.548, 4.531000000000001, 4.531000000000001, 4.531000000000001], "mode": "1"}