{"O23": 5.0, "O34": [1.8596097438761352, 1.8586334389927395, 1.8586209118769648, 1.8572806174688117, 1.8551644796571585, 1.8539437038031226, 1.8516493679942199, 1.8507526814266035, 1.8528951157695404, 1.8479765195594655, 1.8506542654466698, 1.8452824689513219, 1.8476296150608764, 1.8411381978984074, 1.8432744939365575, 1.842366715937483, 1.8423310763646377, 1.8402021468836112, 1.8391627041776637, 1.8369846382264723, 1.8355348358903203, 1.8326013758051731, 1.8296591770205965, 1.8273931748999213, 1.8245121415672385, 1.8225870021006896, 1.8200817862350562, 1.817259267573714, 1.8160916933158746, 1.8203548569804027, 1.8180165098718741, 1.8186306227031357, 1.815419105942705, 1.8156418038258466, 1.811960688107362, 1.812315138226856, 1.8110639355240001, 1.8110639355240001, 1.8110639355240001, 1.8110639355240001, 3.088011409381799, 3.105094605874879, 3.1466123450051837, 3.1577611395868357, 3.200651702425512, 3.2242154356478623, 3.2605208561765298, 3.281683684420281, 3.3247890589941473, 3.3441344636793175, 3.4195734810523484, 3.4419777423910056, 3.520891668561759, 3.524835627453387, 3.6172832621164686, 3.6219029948903745, 3.647122808859755, 3.6396627405656448, 3.647497960486825, 3.641761820289833, 3.636549661315205, 3.6305856729322827, 3.6250288977542287, 3.617254274829167, 3.618010448184772, 3.6134347689863793, 3.6149379507166803, 3.610594941648735, 3.6123185094905996, 3.605669210783459, 3.6019733273930004, 3.605110230985889, 3.6012437853156998, 3.5938769209133494, 3.5795075942636347, 3.581897274374845, 3.5587249990270715, 3.5605310169054682, 3.522234214003871, 3.5305717045427674, 5.0, 5.0, 5.0, 5.0, 5.0, 5.0, 5.0, 5.0, 5.0, 5.0, 4.951077401136811, 4.965878629040339, 5.0, 5.0, 5.0, 5.0, 5.0, 5.0, 5.0, 5.0, 5.0, 5.0, 5.0, 5.0, 5.0, 5.0, 5.0, 5.0, 5.0, 5.0, 5.0, 5.0, 5.0, 5.0, 5.0, 5.0, 5.0, 5.0, 5.0, 5.0, 5.0, 5.0, 5.0, 5.0, 5.0, 5.0, 5.0, 5.0, 5.0, 5.0, 5.0, 5.0, 5.0, 5.0, 5.0, 5.0, 5.0, 5.0, 4.724800431018026, 4.690996687963743, 4.704949955873594, 4.676610180140846, 4.69445210917301, 4.66740234867872, 4.675758083841674, 4.66795824594992, 4.715281448923313, 4.725007769073938, 4.753821820218988, 4.771454773610911, 4.805995257239177, 4.828512039645202, 4.850383415935466, 4.7928996762774165, 4.720104891985324, 4.683641762054483, 4.633681123852872, 4.608234635812735, 4.576238496809245, 4.559499774505893, 4.508437462552809, 4.500119674401633, 4.468397737257891, 4.465935931288693, 4.447770339211106, 4.448059776289125, 4.437574620096233, 4.440501113697336, 4.514526262312415, 4.511515169639055, 4.618481524123435, 4.609269350541799, 4.754132486736909, 4.7582710551754435, 4.915865298649376, 4.926196386964488, 5.0, 5.0, 5.0, 5.0, 5.0, 5.0, 5.0, 5.0, 5.0, 5.0, 5.0, 5.0, 5.0, 5.0, 5.0, 5.0, 5.0, 5.0, 5.0, 5.0, 5.0, 5.0, 5.0, 5.0, 5.0, 5.0, 5.0, 5.0, 5.0, 5.0, 5.0, 5.0, 5.0, 5.0, 5.0, 5.0, 5.0, 5.0, 5.0, 5.0, 5.0, 5.0, 5.0, 5.0, 3.737082370392518, 3.7229172404590463, 3.7302711178924053, 3.7238123508782732, 3.7293563272240555, 3.7211486417142114, 3.7271346543169193, 3.7226603609489297, 3.725953737889149, 3.7304853170641934, 3.73042341497591, 3.7359880624491595, 3.738981613650191, 3.741178148866934, 3.7412837021407275, 3.7444633533143183, 3.742237484185711, 3.7357586290441374, 3.7324984830436714, 3.7291109040338437, 3.7251756943560315, 3.7249320793070817, 3.7200826578433515, 3.722003126391301, 3.7187515918423695, 3.7173575987834915, 3.7132119185103267, 3.7094689161715757, 3.7071750529761722, 3.692092142808038, 3.682813788094745, 3.6776714909049755, 3.6644098990168583, 3.661897572485234, 3.6501947985795833, 3.6453864264560933, 3.6360839589705214, 3.64460501118326, 3.6341576802609126, 3.646878652075533, 1.8570025872909905, 1.8469603086991753, 1.8494923051126444, 1.8467413757681226, 1.8496518730881464, 1.8473816014684228, 1.8503411632351747, 1.8487334958621755, 1.851837650319903, 1.8505679384140716, 1.8512154366404634, 1.8522991443537096, 1.8529519745214793, 1.8541834662130992, 1.8547101214740074, 1.8553578921278815, 1.8557392265464547, 1.8563943206280238, 1.856714584342082, 1.8551151259310172, 1.8549014460593614, 1.855153218800612, 1.8559895966404838, 1.8562289167309813, 1.8552396527875723, 1.8550313450585638, 1.8534055923981536, 1.852894321190903, 1.850140682759435, 1.8488922746399332, 1.845688103805788, 1.8470997546638472, 1.844079994643322, 1.8454095532269428, 1.8420344277223875, 1.8434671622513836, 1.8395503451693853, 1.841378964143451, 1.8371037316620145], "O35": 2.704252581540111, "O46": 2.7328320604175835,