{"O23": 5.0, "O34": [4.65031454957287, 4.604482717219954, 4.597087663810666, 4.585570345807848, 4.563455434516078, 4.51919092774926, 4.510297906732792, 4.505429486704496, 4.501635721582739, 4.481827777922867, 4.4799058862056285, 4.4775966597749655, 4.4757764630447125, 4.451052011081377, 4.450626955524022, 4.450323413617393, 4.45040253039984, 4.441312222708616, 4.4418449057545955, 4.442510197397706, 2.194656626392466, 2.2008703647429724, 2.2008728211603574, 2.2008086777372315, 2.200489669974498, 2.214061627212909, 2.214593615547583, 2.2150370946785283, 2.215200200415593, 2.2265916644172585, 2.227912497283781, 2.228739458272052, 2.2295874721958224, 2.229057257651881, 2.23043009817128, 2.2330041366361253, 2.232244135669342, 2.261403293420984, 2.262720672245816, 2.26873367782078, 4.467687790248989, 4.461403817436636, 4.460306447475033, 4.459561442923287, 4.458894260999982, 4.468219358519366, 4.467654353305285, 4.467195130621196, 4.466896232903482, 4.46686459300904, 4.460057092177807, 4.460435814352394, 4.460895768357945, 4.461542183058207, 4.469165767834078, 4.469794597430777, 4.4704557219801595, 4.471063047739052, 4.473357309713111], "O35": 3.3633589360664695, "O46": 3.3500247675248525, "O22": [3.6458895751210516, 3.603595548789751, 3.596771327117674, 3.586143042672787, 3.5657352040054118, 3.52488751979497, 3.516680960167612, 3.512188338461303, 3.508687417950012, 3.490408469723186, 3.4886349307935425, 3.486503955913216, 3.4848242620304872, 3.4620083158053356, 3.461616070721251, 3.4613359595248934, 3.4614089692019725, 3.453020351660091, 3.4535119163568595, 3.454125853457498, 1.383772554335471, 1.3895096455096967, 1.3895119134987406, 1.3894526904278708, 1.3891581533043464, 1.401689024689221, 1.402180204942957, 1.4025896654101637, 1.402740259534312, 1.4132579002682735, 1.4144774138933585, 1.4152409398610797, 1.4160239038230698, 1.415534361295061, 1.4168018931387254, 1.4191784807138323, 1.418476778358023, 1.445399177910165, 1.4466155024482654, 1.4519923064801001, 3.477359962161929, 3.4715610556389636, 3.470548392787218, 3.469860895898901, 3.46924521443073, 3.477850498133764, 3.4773291062501133, 3.4769053314347573, 3.4766295059376224, 3.4766003083589974, 3.4703182854804546, 3.4706677737029836, 3.47109222338835, 3.4716887406766688, 3.478723853145373, 3.4793041427422606, 3.4799142344113987, 3.4804746800737165, 3.4825918456191522], "O21": [4.553999999999999, 4.553999999999999, 4.553999999999999, 4.553999999999999, 4.553999999999999, 4.553999999999999, 4.553999999999999, 4.553999999999999, 4.553999999999999, 4.553999999999999, 4.553999999999999, 4.553999999999999, 4.553999999999999, 4.553999999999999, 4.553999999999999, 4.553999999999999, 4.553999999999999, 4.553999999999999, 4.553999999999999, 4.553999999999999, 4.531000000000001, 4.531000000000001, 4.531000000000001, 4.531000000000001, 4.531000000000001, 4.531000000000001, 4.531000000000001, 4.531000000000001, 4.531000000000001, 4.531000000000001, 4.531000000000001, 4.531000000000001, 4.531000000000001, 4.531000000000001, 4.531000000000001, 4.531000000000001, 4.531000000000001, 4.531000000000001, 4.531000000000001, 4.532, 4.553999999999999, 4.553999999999999, 4.553999999999999, 4.553999999999999, 4.553999999999999, 4.553999999999999, 4.553999999999999, 4.553999999999999, 4.553999999999999, 4.553999999999999, 4.553999999999999, 4.553999999999999, 4.553999999999999, 4.553999999999999, 4.553999999999999, 4.553999999999999, 4.553999999999999, 4.553999999999999, 4.553999999999999], "mode": "1"}