{"O23": 3.908622596706451, "O34": [4.396811162254112, 4.396811162254112, 4.396811162254112, 4.396811162254112, 4.396811162254112, 4.396811162254112, 4.396811162254112, 4.396811162254112, 4.396811162254112, 4.396132854295414, 2.7748081706487624, 2.7715934247555487, 2.7715934247555487, 2.7715934247555487, 2.7715934247555487, 2.7715934247555487, 2.7715934247555487, 2.7715934247555487, 2.7715934247555487, 2.7715934247555487, 4.414078163670676, 4.41431629884734, 4.41431629884734, 4.41431629884734, 4.41431629884734, 4.41431629884734, 4.41431629884734, 4.41431629884734, 4.41431629884734, 4.41431629884734, 2.7888207775462917, 2.7849974781510087, 2.7849974781510087, 2.7849974781510087, 2.7849974781510087, 2.7849974781510087, 2.7849974781510087, 2.7849974781510087, 2.7849974781510087, 2.7849974781510087, 4.422957727610836, 4.423672770807499, 4.423672770807499, 4.423672770807499, 4.423672770807499, 4.423672770807499, 4.423672770807499, 4.423672770807499, 4.423672770807499, 4.423672770807499, 2.795405061431673, 2.7913776354138276, 2.7913776354138276, 2.7913776354138276, 2.7913776354138276, 2.7913776354138276, 2.7913776354138276, 2.7913776354138276, 2.7913776354138276], "O35": 3.144767035995039, "O46": 2.6393028627311788, "O22": [3.4119543735830913, 3.4119543735830913, 3.4119543735830913, 3.4119543735830913, 3.4119543735830913, 3.4119543735830913, 3.4119543735830913, 3.4119543735830913, 3.4119543735830913, 3.41132842490958, 1.9164533379904782, 1.9164533379904782, 1.9164533379904782, 1.9164533379904782, 1.9164533379904782, 1.9164533379904782, 1.9164533379904782, 1.9164533379904782, 1.9164533379904782, 1.9164533379904782, 3.428108270776335, 3.428108270776335, 3.428108270776335, 3.428108270776335, 3.428108270776335, 3.428108270776335, 3.428108270776335, 3.428108270776335, 3.428108270776335, 3.428108270776335, 1.9288291852013084, 1.9288291852013084, 1.9288291852013084, 1.9288291852013084, 1.9288291852013084, 1.9288291852013084, 1.9288291852013084, 1.9288291852013084, 1.9288291852013084, 1.9288291852013084, 3.436742507094969, 3.436742507094969, 3.436742507094969, 3.436742507094969, 3.436742507094969, 3.436742507094969, 3.436742507094969, 3.436742507094969, 3.436742507094969, 3.436742507094969, 1.9347199295258917, 1.9347199295258917, 1.9347199295258917, 1.9347199295258917, 1.9347199295258917, 1.9347199295258917, 1.9347199295258917, 1.9347199295258917, 1.9347199295258917], "O21": [4.553999999999999, 4.553999999999999, 4.553999999999999, 4.553999999999999, 4.553999999999999, 4.553999999999999, 4.553999999999999, 4.553999999999999, 4.553999999999999, 4.553999999999999, 4.547, 4.531000000000001, 4.531000000000001, 4.531000000000001, 4.531000000000001, 4.531000000000001, 4.531000000000001, 4.531000000000001, 4.531000000000001, 4.531000000000001, 4.553, 4.553999999999999, 4.553999999999999, 4.553999999999999, 4.553999999999999, 4.553999999999999, 4.553999999999999, 4.553999999999999, 4.553999999999999, 4.553999999999999, 4.55, 4.531000000000001, 4.531000000000001, 4.531000000000001, 4.531000000000001, 4.531000000000001, 4.531000000000001, 4.531000000000001, 4.531000000000001, 4.531000000000001, 4.551, 4.553999999999999, 4.553999999999999, 4.553999999999999, 4.553999999999999, 4.553999999999999, 4.553999999999999, 4.553999999999999, 4.553999999999999, 4.553999999999999, 4.551, 4.531000000000001, 4.531000000000001, 4.531000000000001, 4.531000000000001, 4.531000000000001, 4.531000000000001, 4.531000000000001, 4.531000000000001, 4.531000000000001], "mode": "1"}