{"O23": 3.0341454072286864, "O34": [4.560245662486913, 4.560245662486913, 4.560245662486913, 4.560245662486913, 4.560245662486913, 4.560245662486913, 4.560245662486913, 4.560245662486913, 4.560245662486913, 4.485174672754661, 2.8885058880850685, 2.885249808790914, 2.885249808790914, 2.885249808790914, 2.885249808790914, 2.885249808790914, 2.885249808790914, 2.885249808790914, 2.885249808790914, 2.885249808790914, 4.41708549800666, 4.417323701503962, 4.417323701503962, 4.417323701503962, 4.417323701503962, 4.417323701503962, 4.417323701503962, 4.417323701503962, 4.417323701503962, 4.417323701503962, 3.0320527905226133, 3.0281244947910437, 3.0281244947910437, 3.0281244947910437, 3.0281244947910437, 3.0281244947910437, 3.0281244947910437, 3.0281244947910437, 3.0281244947910437, 3.0281244947910437, 4.577724154482936, 4.578449746112731, 4.578449746112731, 4.578449746112731, 4.578449746112731, 4.578449746112731, 4.578449746112731, 4.578449746112731, 4.578449746112731, 4.578449746112731, 2.8024919222360642, 2.7984612760849807, 2.7984612760849807, 2.7984612760849807, 2.7984612760849807, 2.7984612760849807, 2.7984612760849807, 2.7984612760849807, 2.7984612760849807], "O35": 3.2088449793334255, "O46": 2.321822933685856, "O22": [3.5627731975625188, 3.5627731975625188, 3.5627731975625188, 3.5627731975625188, 3.5627731975625188, 3.5627731975625188, 3.5627731975625188, 3.5627731975625188, 3.5627731975625188, 3.493497014319308, 2.0213912998038475, 2.0213912998038475, 2.0213912998038475, 2.0213912998038475, 2.0213912998038475, 2.0213912998038475, 2.0213912998038475, 2.0213912998038475, 2.0213912998038475, 2.0213912998038475, 3.4308835289455613, 3.4308835289455613, 3.4308835289455613, 3.4308835289455613, 3.4308835289455613, 3.4308835289455613, 3.4308835289455613, 3.4308835289455613, 3.4308835289455613, 3.4308835289455613, 2.1533062685126314, 2.1533062685126314, 2.1533062685126314, 2.1533062685126314, 2.1533062685126314, 2.1533062685126314, 2.1533062685126314, 2.1533062685126314, 2.1533062685126314, 2.1533062685126314, 3.579572089351939, 3.579572089351939, 3.579572089351939, 3.579572089351939, 3.579572089351939, 3.579572089351939, 3.579572089351939, 3.579572089351939, 3.579572089351939, 3.579572089351939, 1.94126019403068, 1.94126019403068, 1.94126019403068, 1.94126019403068, 1.94126019403068, 1.94126019403068, 1.94126019403068, 1.94126019403068, 1.94126019403068], "O21": [4.553999999999999, 4.553999999999999, 4.553999999999999, 4.553999999999999, 4.553999999999999, 4.553999999999999, 4.553999999999999, 4.553999999999999, 4.553999999999999, 4.553999999999999, 4.547, 4.531000000000001, 4.531000000000001, 4.531000000000001, 4.531000000000001, 4.531000000000001, 4.531000000000001, 4.531000000000001, 4.531000000000001, 4.531000000000001, 4.553, 4.553999999999999, 4.553999999999999, 4.553999999999999, 4.553999999999999, 4.553999999999999, 4.553999999999999, 4.553999999999999, 4.553999999999999, 4.553999999999999, 4.55, 4.531000000000001, 4.531000000000001, 4.531000000000001, 4.531000000000001, 4.531000000000001, 4.531000000000001, 4.531000000000001, 4.531000000000001, 4.531000000000001, 4.551, 4.553999999999999, 4.553999999999999, 4.553999999999999, 4.553999999999999, 4.553999999999999, 4.553999999999999, 4.553999999999999, 4.553999999999999, 4.553999999999999, 4.551, 4.531000000000001, 4.531000000000001, 4.531000000000001, 4.531000000000001, 4.531000000000001, 4.531000000000001, 4.531000000000001, 4.531000000000001, 4.531000000000001], "mode": "1"}