{"O23": 5.0, "O34": [4.099702113414092, 4.09199576211832, 4.09199576211832, 4.09199576211832, 4.09199576211832, 4.09199576211832, 4.09199576211832, 4.09199576211832, 4.09199576211832, 4.0494190699846815, 4.044495879237978, 4.09398449496595, 3.7128262834194623, 3.7128262834194623, 3.7128262834194623, 3.7128262834194623, 3.7128262834194623, 3.7128262834194623, 3.7128262834194623, 3.7128262834194623, 2.7886311484275716, 2.7829385071480366, 2.7829385071480366, 2.7829385071480366, 2.7829385071480366, 2.7829385071480366, 2.7829385071480366, 2.7829385071480366, 2.7829385071480366, 2.7829385071480366, 2.72679849345926, 2.7233905347087033, 3.4857621036419166, 3.485424422141078, 3.5272073345634913, 3.5426505580558487, 3.531744745783941, 3.534234475555245, 3.570455562393575, 3.5700086438222645, 3.548282338213596, 3.5606118932138298, 3.6223874014597897, 3.630361131278699, 3.674336579565578, 3.674123125629471, 3.6707882735071333, 3.670316862819588, 3.670822025363333, 3.666981831547389, 3.652786358289479, 3.6538062561216678, 3.6676120426814958, 3.671622301979706, 3.6689545607010814, 3.6696898411352783, 3.6777397229530187, 3.6814221702371133, 3.672985138473879], "O35": 3.489143363636022, "O46": 3.396087227714517, "O22": [3.137779476141794, 3.1306679859855233, 3.1306679859855233, 3.1306679859855233, 3.1306679859855233, 3.1306679859855233, 3.1306679859855233, 3.1306679859855233, 3.1306679859855233, 3.091377832270226, 3.0868346676532905, 3.13250320651033, 2.7854855407854284, 2.7854855407854284, 2.7854855407854284, 2.7854855407854284, 2.7854855407854284, 2.7854855407854284, 2.7854855407854284, 2.7854855407854284, 1.9321841217142077, 1.9269281549836175, 1.9269281549836175, 1.9269281549836175, 1.9269281549836175, 1.9269281549836175, 1.9269281549836175, 1.9269281549836175, 1.9269281549836175, 1.9269281549836175, 1.875094563208942, 1.8719480242066435, 2.575839136591662, 2.5755273581663602, 2.614105161828231, 2.628363757250483, 2.618294514581482, 2.6205932606649878, 2.6540358786027247, 2.6536232425298114, 2.6335635314307972, 2.6449473035151505, 2.701984098943192, 2.709346175102385, 2.749948328269763, 2.749751248086488, 2.7466722078052292, 2.7462369583720547, 2.7467033706037562, 2.74315775268327, 2.730051194320497, 2.7309928572167443, 2.743739621202901, 2.7474422591204184, 2.744979156543293, 2.745658034643989, 2.7530904212887135, 2.7564903931931326, 2.748700554333637], "O21": [4.553999999999999, 4.553999999999999, 4.553999999999999, 4.553999999999999, 4.553999999999999, 4.553999999999999, 4.553999999999999, 4.553999999999999, 4.553999999999999, 4.553999999999999, 4.553999999999999, 4.553999999999999, 4.531000000000001, 4.531000000000001, 4.531000000000001, 4.531000000000001, 4.531000000000001, 4.531000000000001, 4.531000000000001, 4.531000000000001, 4.531000000000001, 4.531000000000001, 4.531000000000001, 4.531000000000001, 4.531000000000001, 4.531000000000001, 4.531000000000001, 4.531000000000001, 4.531000000000001, 4.531000000000001, 4.531000000000001, 4.531000000000001, 4.531000000000001, 4.531000000000001, 4.531000000000001, 4.531000000000001, 4.531000000000001, 4.531000000000001, 4.531000000000001, 4.531000000000001, 4.531000000000001, 4.531000000000001, 4.531000000000001, 4.531000000000001, 4.531000000000001, 4.531000000000001, 4.531000000000001, 4.531000000000001, 4.531000000000001, 4.531000000000001, 4.531000000000001, 4.531000000000001, 4.531000000000001, 4.531000000000001, 4.531000000000001, 4.531000000000001, 4.531000000000001, 4.531000000000001, 4.531000000000001], "mode": "1"}