{"O23": 5.0, "O34": [3.3555195020689856, 3.3555195020689856, 3.3555195020689856, 3.3555195020689856, 3.355305308181091, 1.881777571518796, 1.881777571518796, 1.881777571518796, 1.881777571518796, 1.8826835878197836, 3.321865871253632, 3.321865871253632, 3.321865871253632, 3.321865871253632, 3.321652442291432, 1.8110639355240001, 1.8110639355240001, 1.8110639355240001, 1.8110639355240001, 1.811782301436, 2.775901767376921, 2.775901767376921, 2.775901767376921, 2.775901767376921, 2.7754997282884766, 1.8110639355240001, 1.8110639355240001, 1.8110639355240001, 1.8110639355240001, 1.811602709958, 3.656975396965647, 3.656975396965647, 3.656975396965647, 3.656975396965647, 3.6567543511763643, 1.874543048731914, 1.874543048731914, 1.874543048731914, 1.874543048731914, 1.8758103172734448, 3.5556304609801117, 3.5556304609801117, 3.5556304609801117, 3.5556304609801117, 3.5554117186969774, 1.861652481474431, 1.861652481474431, 1.861652481474431, 1.861652481474431, 1.862736948757807, 3.5727121482212736, 3.5727121482212736, 3.5727121482212736, 3.5727121482212736, 3.5722738871431607, 1.888268652075162, 1.888268652075162, 1.888268652075162, 1.888268652075162], "O35": 1.6435575433719771, "O46": 1.7696268780664828, "O22": [2.4555872627850714, 2.4555872627850714, 2.4555872627850714, 2.4555872627850714, 2.4555872627850714, 1.1154723336917856, 1.1154723336917856, 1.1154723336917856, 1.1154723336917856, 1.1154723336917856, 2.424515154910481, 2.424515154910481, 2.424515154910481, 2.424515154910481, 2.424515154910481, 1.05, 1.05, 1.05, 1.05, 1.05, 1.920431193676436, 1.920431193676436, 1.920431193676436, 1.920431193676436, 1.920431193676436, 1.05, 1.05, 1.05, 1.05, 1.05, 2.733918897699989, 2.733918897699989, 2.733918897699989, 2.733918897699989, 2.733918897699989, 1.1087740345117174, 1.1087740345117174, 1.1087740345117174, 1.1087740345117174, 1.1087740345117174, 2.6403479899794045, 2.6403479899794045, 2.6403479899794045, 2.6403479899794045, 2.6403479899794045, 1.0968389174853432, 1.0968389174853432, 1.0968389174853432, 1.0968389174853432, 1.0968389174853432, 2.6561193648883865, 2.6561193648883865, 2.6561193648883865, 2.6561193648883865, 2.6561193648883865, 1.1214822946593976, 1.1214822946593976, 1.1214822946593976, 1.1214822946593976], "O21": [4.531000000000001, 4.531000000000001, 4.531000000000001, 4.531000000000001, 4.53, 4.408, 4.408, 4.408, 4.408, 4.413, 4.531000000000001, 4.531000000000001, 4.531000000000001, 4.531000000000001, 4.53, 4.408, 4.408, 4.408, 4.408, 4.412, 4.531000000000001, 4.531000000000001, 4.531000000000001, 4.531000000000001, 4.529, 4.408, 4.408, 4.408, 4.408, 4.4110000000000005, 4.531000000000001, 4.531000000000001, 4.531000000000001, 4.531000000000001, 4.53, 4.408, 4.408, 4.408, 4.408, 4.415, 4.531000000000001, 4.531000000000001, 4.531000000000001, 4.531000000000001, 4.53, 4.408, 4.408, 4.408, 4.408, 4.414, 4.531000000000001, 4.531000000000001, 4.531000000000001, 4.531000000000001, 4.529, 4.408, 4.408, 4.408, 4.408], "mode": "1"}