{"O23": 5.0, "O34": [4.725437343209449, 4.730870703776978, 4.806967518128528, 4.83442984063016, 4.822585041086832, 4.837693723963112, 4.835407371368863, 4.843271609704528, 4.8284578023316165, 4.726801123292265, 4.910792319580822, 4.896516609095799, 4.811586755938481, 4.850973333246366, 4.758869701298172, 4.7491352094916435, 4.672716404716981, 4.644942581656398, 4.597915225057437, 4.5769552376498055, 4.55074489875082, 4.519467192726015, 4.504499884861965, 4.498528804928926, 4.53099305557761, 4.5294362940176365, 4.549177227910384, 4.55481081435837, 4.569392024597419, 4.523898379978971, 4.517847971129777, 4.5278840720893, 4.5258137073633256, 4.5421078990987676, 4.539401825882985, 4.563916420572915, 4.558054972086582, 4.574956870044776, 4.58819502462365, 4.60851754626419, 4.628859615710403, 4.703271079997365, 4.725091342372641, 4.641673160172617, 4.642800046600598, 4.574905817730715, 4.5682858948046245, 4.509526442504903, 1.8110639355240001, 1.8110639355240001, 1.8110639355240001, 1.8110639355240001, 1.8110639355240001, 1.8110639355240001, 1.8110639355240001, 1.8110639355240001, 1.8110639355240001, 1.8110639355240001], "O35": 2.7377882557669486, "O46": 2.7207397532002116, "O22": [3.7152135634722216, 3.7202275173796506, 3.790450340790458, 3.815792818526433, 3.804862331176135, 3.8188047593662224, 3.816694892667479, 3.823952082401529, 3.81028176797307, 3.716472071975408, 3.8862607996141922, 3.8730870458244175, 3.7947130149087505, 3.8310593020249253, 3.746065243641452, 3.7370821672150747, 3.6665622081512854, 3.6409322749031454, 3.597535008065277, 3.5781929435260293, 3.5540058074977345, 3.525142459595572, 3.5113304935359055, 3.505820327370834, 3.5357786293036177, 3.534342035760901, 3.5525591467730733, 3.557757870920431, 3.5712135426257183, 3.5292315989717222, 3.5236482273706824, 3.5329096314310124, 3.530999080276053, 3.546035506683783, 3.5435383180276223, 3.56616060607697, 3.5607516087950897, 3.576348831960602, 3.5885651198459607, 3.6073189252527564, 3.6260907695501077, 3.6947583367917907, 3.7148942707939394, 3.6379152234080534, 3.6389551243199443, 3.576301720426886, 3.5701927961231115, 3.516190800345381, 1.05, 1.05, 1.05, 1.05, 1.05, 1.05, 1.05, 1.05, 1.05, 1.05], "O21": [4.553999999999999, 4.553999999999999, 4.553999999999999, 4.553999999999999, 4.553999999999999, 4.553999999999999, 4.553999999999999, 4.553999999999999, 4.553999999999999, 4.553999999999999, 4.553999999999999, 4.553999999999999, 4.553999999999999, 4.553999999999999, 4.553999999999999, 4.553999999999999, 4.553999999999999, 4.553999999999999, 4.553999999999999, 4.553999999999999, 4.553999999999999, 4.553999999999999, 4.553999999999999, 4.553999999999999, 4.553999999999999, 4.553999999999999, 4.553999999999999, 4.553999999999999, 4.553999999999999, 4.553999999999999, 4.553999999999999, 4.553999999999999, 4.553999999999999, 4.553999999999999, 4.553999999999999, 4.553999999999999, 4.553999999999999, 4.553999999999999, 4.553999999999999, 4.553999999999999, 4.553999999999999, 4.553999999999999, 4.553999999999999, 4.553999999999999, 4.553999999999999, 4.553999999999999, 4.553999999999999, 4.553, 4.408, 4.408, 4.408, 4.408, 4.408, 4.408, 4.408, 4.408, 4.408, 4.408], "mode": "1"}