{"O23": 3.9699379360284643, "O34": [4.596495326707174, 4.5951354564973315, 4.590373356161851, 4.583834235173275, 4.580791603132754, 4.580165622673102, 4.580750513706536, 4.583116550093473, 4.583545935884521, 4.582385839400763, 4.587782107158984, 4.58732748010517, 4.590597092067224, 4.592679105327714, 4.58139754132114, 4.566010271946615, 4.553486003476248, 4.545124956173993, 4.541545540372375, 4.53647864226765, 4.5330409225829795, 4.5269517224614, 4.528847226299632, 4.523910218776058, 4.519237241465203, 4.512180411012918, 4.511962758695835, 4.5127277518504, 4.5118194162714245, 4.512986221407579, 4.515502103727677, 4.51972981228153, 4.52829526369034, 4.534063703440725, 4.542851971669147, 4.55651827350795, 4.556109976613954, 4.557560621373983, 4.559552393333528, 4.56204089416397, 4.567814184056302, 4.570950477093397, 4.590656376142887, 4.620161957226131, 4.650693702925417, 4.679220131063445, 4.707783405638368, 4.72887213798046, 4.751883503965602, 4.816152335673188, 4.834338848658571, 4.8469526166787285, 4.853734997823985, 4.86736324401462, 4.875898351048501, 4.870695030981727, 4.937237628494935, 4.970766006446443, 4.9973294819198], "O35": 4.662042877125996, "O46": 3.701573353988623, "O22": [3.5962247131211136, 3.5949698126838068, 3.590575303744469, 3.584540944193999, 3.5817331760330546, 3.5811555156454107, 3.5816952583416777, 3.583878657959641, 3.584274899022251, 3.58320435157276, 3.5881840759027734, 3.587764541976292, 3.5907817692464428, 3.5927030697736226, 3.5822923412328525, 3.5680928309212914, 3.5565353235454764, 3.548819674037163, 3.545516557002728, 3.5408407779457383, 3.537668419360039, 3.532049250824609, 3.5337984387826196, 3.5292425239199527, 3.524930258507804, 3.5184181520167033, 3.5182173005046162, 3.5189232430550534, 3.5180850228285743, 3.519161761082721, 3.521483439872984, 3.525384807278958, 3.5332890827317516, 3.538612250717153, 3.5467221435313276, 3.559333529551662, 3.558956749512568, 3.5602954175196775, 3.562133442564241, 3.5644298534700445, 3.569757497209974, 3.572651696579359, 3.5908364771236623, 3.6180644922212446, 3.6462394612384723, 3.672563905208275, 3.6989223514008174, 3.7183832229213385, 3.7396183180273037, 3.798926172873512, 3.8157088503182077, 3.8273489486820154, 3.833607790888837, 3.8461840588154117, 3.854060332206616, 3.849258661738377, 3.910664768081792, 3.9416050562423774, 3.9661180698716385, 3.9867671134783644], "O21": [4.553999999999999, 4.553999999999999, 4.553999999999999, 4.553999999999999, 4.553999999999999, 4.553999999999999, 4.553999999999999, 4.553999999999999, 4.553999999999999, 4.553999999999999, 4.553999999999999, 4.553999999999999, 4.553999999999999, 4.553999999999999, 4.553999999999999, 4.553999999999999, 4.553999999999999, 4.553999999999999, 4.553999999999999, 4.553999999999999, 4.553999999999999, 4.553999999999999, 4.553999999999999, 4.553999999999999, 4.553999999999999, 4.553999999999999, 4.553999999999999, 4.553999999999999, 4.553999999999999, 4.553999999999999, 4.553999999999999, 4.553999999999999, 4.553999999999999, 4.553999999999999, 4.553999999999999, 4.553999999999999, 4.553999999999999, 4.553999999999999, 4.553999999999999, 4.553999999999999, 4.553999999999999, 4.553999999999999, 4.553999999999999, 4.553999999999999, 4.553999999999999, 4.553999999999999, 4.553999999999999, 4.553999999999999, 4.553999999999999, 4.553999999999999, 4.553999999999999, 4.553999999999999, 4.553999999999999, 4.553999999999999, 4.553999999999999, 4.553999999999999, 4.553999999999999, 4.553999999999999, 4.553999999999999], "mode": "1"}