{"O23": 3.9745344741010187, "O34": [4.443176849457171, 4.446814239207461, 4.447236548196878, 4.450372117781642, 4.454802358420636, 4.454107843946087, 4.4626630307034665, 4.4726416419912525, 4.483058579708502, 4.5034369292938665, 4.516319334676762, 4.53206067465311, 4.5480428434669, 4.5494407448735075, 4.547529562208469, 4.548684036486812, 4.549102818369094, 4.549184367545003, 4.553409211206769, 4.553783890200703, 4.560173082954757, 4.573043054763443, 4.582318341873928, 4.583215036645443, 4.601860468548233, 4.611547338950522, 4.61254557807555, 4.603351698556598, 4.594766067979788, 4.590797681721283, 4.5822168864093085, 4.566836726758499, 4.571451407283562, 4.575138918284603, 4.579919327391999, 4.578550022141592, 4.581660481061997, 4.594269713879662, 4.601907832466252, 4.600498554325615, 4.601930571045869, 4.584279943285902, 4.57891109048997, 4.582761683761181, 4.572197223365011, 4.56278625020143, 4.5535164382556665, 4.548527576629557, 4.554684133890749, 4.557340111423584, 4.564297548616929, 4.570390514487525, 4.563005025475979, 4.572945640571562, 4.57451761220951, 4.579666884627856, 4.5872628551705725, 4.583894859809541, 4.57837050825031, 4.5807912683085625], "O35": 4.5569649033258415, "O46": 3.628590219858146, "O22": [3.454741045962561, 3.4580976618772685, 3.458487372403804, 3.4613809041648835, 3.465469169997172, 3.4648282658053464, 3.4727230689456525, 3.481931421020815, 3.491544264659977, 3.5103495885954272, 3.522237587929148, 3.5367638377705912, 3.551512326625166, 3.5528023225922563, 3.5510386660721194, 3.5521040252999825, 3.55249048098039, 3.552565735291992, 3.55646445894983, 3.5568102160889556, 3.5627062205186912, 3.5745827460385153, 3.583142064249066, 3.5839695422339206, 3.601175714175351, 3.6101148451423946, 3.611036029168243, 3.6025518346139616, 3.594628937643787, 3.590966875179918, 3.5830484402355407, 3.56885549084085, 3.573113959455734, 3.5765168277105763, 3.580928232148997, 3.5796646249715582, 3.582534984386147, 3.594170897624381, 3.6012194220240885, 3.5999189275047057, 3.601240405389485, 3.584952247641488, 3.579997822084781, 3.5835511841225376, 3.5738022052309457, 3.5651176747125337, 3.5565634090331395, 3.551959642739155, 3.5576409690476902, 3.5600919289579136, 3.566512314457403, 3.5721349580598316, 3.5653195624998504, 3.574492851347752, 3.5759434808869663, 3.580695275700047, 3.587704905506502, 3.584596889152577, 3.579498967941172, 3.581732867054285], "O21": [4.553999999999999, 4.553999999999999, 4.553999999999999, 4.553999999999999, 4.553999999999999, 4.553999999999999, 4.553999999999999, 4.553999999999999, 4.553999999999999, 4.553999999999999, 4.553999999999999, 4.553999999999999, 4.553999999999999, 4.553999999999999, 4.553999999999999, 4.553999999999999, 4.553999999999999, 4.553999999999999, 4.553999999999999, 4.553999999999999, 4.553999999999999, 4.553999999999999, 4.553999999999999, 4.553999999999999, 4.553999999999999, 4.553999999999999, 4.553999999999999, 4.553999999999999, 4.553999999999999, 4.553999999999999, 4.553999999999999, 4.553999999999999, 4.553999999999999, 4.553999999999999, 4.553999999999999, 4.553999999999999, 4.553999999999999, 4.553999999999999, 4.553999999999999, 4.553999999999999, 4.553999999999999, 4.553999999999999, 4.553999999999999, 4.553999999999999, 4.553999999999999, 4.553999999999999, 4.553999999999999, 4.553999999999999, 4.553999999999999, 4.553999999999999, 4.553999999999999, 4.553999999999999, 4.553999999999999, 4.553999999999999, 4.553999999999999, 4.553999999999999, 4.553999999999999, 4.553999999999999, 4.553999999999999, 4.553999999999999, 4.553999999999999], "mode": "1"}