{"O23": 5.0, "O34": [1.8110639355240001, 1.8110639355240001, 1.8110639355240001, 1.8110639355240001, 1.8110639355240001, 1.8110639355240001, 1.8110639355240001, 1.8110639355240001, 1.8110639355240001, 1.8110639355240001, 1.8110639355240001, 1.8110639355240001, 1.8110639355240001, 1.8110639355240001, 1.8110639355240001, 1.8110639355240001, 1.8110639355240001, 1.8110639355240001, 1.8110639355240001, 1.8110639355240001, 1.8110639355240001, 1.8110639355240001, 1.8110639355240001, 1.8110639355240001, 1.8110639355240001, 1.8110639355240001, 1.8110639355240001, 1.8110639355240001, 1.8110639355240001, 1.8110639355240001, 1.8110639355240001, 1.8110639355240001, 1.8110639355240001, 1.8110639355240001, 1.8110639355240001, 1.8110639355240001, 1.8110639355240001, 1.8110639355240001, 1.8110639355240001, 1.8110639355240001, 1.8110639355240001, 1.8110639355240001, 1.8110639355240001, 1.8110639355240001, 1.8110639355240001, 1.8110639355240001, 1.8110639355240001, 1.81501494804, 3.904212759928831, 3.9050375236174037, 3.9050375236174037, 3.9050375236174037, 3.9050375236174037, 3.9050375236174037, 3.9050375236174037, 3.9050375236174037, 3.9050375236174037, 3.9050375236174037, 3.9657988871550645], "O35": 2.2438211430267416, "O46": 2.1797936429450564, "O22": [1.05, 1.05, 1.05, 1.05, 1.05, 1.05, 1.05, 1.05, 1.05, 1.05, 1.05, 1.05, 1.05, 1.05, 1.05, 1.05, 1.05, 1.05, 1.05, 1.05, 1.05, 1.05, 1.05, 1.05, 1.05, 1.05, 1.05, 1.05, 1.05, 1.05, 1.05, 1.05, 1.05, 1.05, 1.05, 1.05, 1.05, 1.05, 1.05, 1.05, 1.05, 1.05, 1.05, 1.05, 1.05, 1.05, 1.05, 1.05, 2.9573801458220124, 2.9581412451577966, 2.9581412451577966, 2.9581412451577966, 2.9581412451577966, 2.9581412451577966, 2.9581412451577966, 2.9581412451577966, 2.9581412451577966, 2.9581412451577966, 3.014212376889977], "O21": [4.408, 4.408, 4.408, 4.408, 4.408, 4.408, 4.408, 4.408, 4.408, 4.408, 4.408, 4.408, 4.408, 4.408, 4.408, 4.408, 4.408, 4.408, 4.408, 4.408, 4.408, 4.408, 4.408, 4.408, 4.408, 4.408, 4.408, 4.408, 4.408, 4.408, 4.408, 4.408, 4.408, 4.408, 4.408, 4.408, 4.408, 4.408, 4.408, 4.408, 4.408, 4.408, 4.408, 4.408, 4.408, 4.408, 4.408, 4.43, 4.553999999999999, 4.553999999999999, 4.553999999999999, 4.553999999999999, 4.553999999999999, 4.553999999999999, 4.553999999999999, 4.553999999999999, 4.553999999999999, 4.553999999999999, 4.553999999999999], "mode": "1"}