{"O23": 5.0, "O34": [4.137258501814169, 4.132136492732879, 4.126385176791491, 4.119737191414075, 4.120677805347739, 4.0996583347491375, 4.0914623473046365, 4.083013418084214, 4.078756725376553, 4.0381269817249485, 3.9969595467029118, 4.010281078667004, 4.017024659072763, 4.027250314033909, 4.05434046113951, 4.050430155144243, 4.062692306601312, 4.075753645864859, 4.092786504439407, 4.035052402355688, 4.0024450358131585, 4.018557752879948, 4.033926746417145, 4.042648066746963, 3.990158825879133, 4.080975583408785, 4.105417272390731, 4.12618368847202, 4.138145756438098, 4.1865826306060265, 4.163631733152597, 4.142892658041357, 4.167028440780898, 4.19638517868028, 4.212964061958101, 4.560917879319389, 4.5770873872142195, 4.591718422654921, 4.605441796831405, 4.661821569165585, 4.702437222260031, 4.70219399688973, 4.701716234580072, 4.70016074033937, 4.699406798490103, 4.708047174818766, 4.708010004589984, 4.707795905190755, 4.706868389133545, 4.706530315246227, 4.700721050263677, 4.695322927717123, 4.700796553882469, 4.707114997320701, 4.713943812949104, 4.711142064033492, 4.7184790322724615, 4.726280577802621, 4.7351042649106505, 4.737388663013631, 3.7005108364012314, 3.7005108364012314, 3.7005108364012314, 3.7005108364012314, 3.7005108364012314, 3.7005108364012314, 3.7005108364012314, 3.7005108364012314, 3.7005108364012314, 3.7005108364012314, 4.797048205106045, 4.797295040598415, 4.797295040598415, 4.797295040598415, 4.797295040598415, 4.797295040598415, 4.797295040598415, 4.797295040598415, 4.797295040598415, 4.797295040598415, 3.5278904747352695, 3.527454271022874, 3.527454271022874, 3.527454271022874, 3.527454271022874, 3.527454271022874, 3.527454271022874, 3.527454271022874, 3.527454271022874, 3.527454271022874, 4.559505334202773, 4.559746773194771, 4.559746773194771, 4.559746773194771, 4.559746773194771, 4.559746773194771, 4.559746773194771, 4.559746773194771, 4.559746773194771, 4.559746773194771, 3.355918970670788, 3.355490584209569, 3.355490584209569, 3.355490584209569, 3.355490584209569, 3.355490584209569, 3.355490584209569, 3.355490584209569, 3.355490584209569, 3.355490584209569, 4.441203758226852, 4.441442509642935, 4.441442509642935, 4.441442509642935, 4.441442509642935, 4.441442509642935, 4.441442509642935, 4.441442509642935, 4.441442509642935, 4.441442509642935, 3.425949297956956, 3.4255177281505578, 3.4255177281505578, 3.4255177281505578, 3.4255177281505578, 3.4255177281505578, 3.4255177281505578, 3.4255177281505578, 3.4255177281505578, 3.4255177281505578, 4.66017938098894, 4.66042310709454, 4.66042310709454, 4.66042310709454, 4.66042310709454, 4.66042310709454, 4.66042310709454, 4.66042310709454, 4.66042310709454, 4.66042310709454, 3.492682315055422, 3.4918131480311567, 3.4918131480311567, 3.4918131480311567, 3.4918131480311567, 3.4918131480311567, 3.4918131480311567, 3.4918131480311567, 3.4918131480311567, 3.4918131480311567, 4.594020146855121, 4.5942623699548415, 4.5942623699548415, 4.5942623699548415, 4.5942623699548415, 4.5942623699548415, 4.5942623699548415, 4.5942623699548415, 4.5942623699548415, 4.5942623699548415, 3.6075679722800142, 3.606688361092669, 3.606688361092669, 3.606688361092669, 3.606688361092669, 3.606688361092669, 3.606688361092669, 3.606688361092669, 3.606688361092669, 3.606688361092669, 4.74597895306576, 4.746224628366555, 4.746224628366555, 4.746224628366555, 4.746224628366555, 4.746224628366555, 4.746224628366555, 4.746224628366555, 4.746224628366555, 4.746224628366555, 5.0, 5.0, 5.0, 5.0, 5.0, 5.0, 5.0, 5.0, 5.0, 5.0, 5.0, 5.0, 5.0, 5.0, 5.0, 5.0, 5.0, 5.0, 5.0, 5.0, 5.0, 5.0, 5.0, 5.0, 5.0, 4.860087427303303, 4.861950167999565, 4.863476602931972, 4.8634779108889665, 4.862116937325883, 4.6995912552788734, 4.67417216887828, 4.663257034027138, 4.668857398418857, 4.723888973070748, 4.808101397965557, 4.922210045406837, 5.0, 5.0, 5.0, 4.920414919681004, 4.923516452394968, 4.91731804293344, 4.914031358435945, 4.902971412349156, 4.932616234383087, 4.940792128173936, 4.947715240354379, 4.93508131534597, 4.93733127741449, 4.9910836479088925, 5.0, 5.0, 5.0, 5.0, 5.0, 5.0, 5.0, 5.0, 5.0], "O35": 4.2807149427330105, "O46": 4.283852105762258,