{"O23": 5.0, "O34": [4.687994882641354, 4.6853173713606235, 4.6853173713606235, 4.6853173713606235, 4.6853173713606235, 4.6853173713606235, 4.6853173713606235, 4.6853173713606235, 4.6853173713606235, 4.641263802901939, 4.646927954852851, 4.544746349437929, 3.634482237950184, 3.634482237950184, 3.634482237950184, 3.634482237950184, 3.634482237950184, 3.634482237950184, 3.634482237950184, 3.634482237950184, 2.738091374197894, 2.7282761759835923, 2.7282761759835923, 2.7282761759835923, 2.7282761759835923, 2.7282761759835923, 2.7282761759835923, 2.7282761759835923, 2.7282761759835923, 2.735497065192552, 2.7350430659541796, 2.761478596204447, 2.904074672541645, 2.904074672541645, 2.904074672541645, 2.904074672541645, 2.904074672541645, 2.904074672541645, 2.904074672541645, 2.904278605374749, 4.289909048947554, 4.289909048947554, 4.289909048947554, 4.289909048947554, 4.289909048947554, 4.289909048947554, 4.289909048947554, 4.289909048947554, 4.635442729053048, 4.638358706244159, 4.637881825866735, 4.637881825866735, 4.637881825866735, 4.637881825866735, 4.637881825866735, 4.637881825866735, 4.637881825866735, 4.637881825866735, 4.616536008600053, 4.610753123754152], "O35": 3.6850299650886136, "O46": 3.6699642640789603, "O22": [3.680661324736017, 3.678190493289925, 3.678190493289925, 3.678190493289925, 3.678190493289925, 3.678190493289925, 3.678190493289925, 3.678190493289925, 3.678190493289925, 3.637537464843839, 3.6427643951116866, 3.548470292342341, 2.7131511574462412, 2.7131511574462412, 2.7131511574462412, 2.7131511574462412, 2.7131511574462412, 2.7131511574462412, 2.7131511574462412, 2.7131511574462412, 1.8855211828640681, 1.8764588947740073, 1.8764588947740073, 1.8764588947740073, 1.8764588947740073, 1.8764588947740073, 1.8764588947740073, 1.8764588947740073, 1.8764588947740073, 1.883125879673268, 1.8827067060813583, 1.9071144037875916, 2.038772134590932, 2.038772134590932, 2.038772134590932, 2.038772134590932, 2.038772134590932, 2.038772134590932, 2.038772134590932, 2.038772134590932, 3.3133041437549666, 3.3133041437549666, 3.3133041437549666, 3.3133041437549666, 3.3133041437549666, 3.3133041437549666, 3.3133041437549666, 3.3133041437549666, 3.632165725639837, 3.634856615568755, 3.6344165460754745, 3.6344165460754745, 3.6344165460754745, 3.6344165460754745, 3.6344165460754745, 3.6344165460754745, 3.6344165460754745, 3.6344165460754745, 3.6147184342786693, 3.609381936229451], "O21": [4.553999999999999, 4.553999999999999, 4.553999999999999, 4.553999999999999, 4.553999999999999, 4.553999999999999, 4.553999999999999, 4.553999999999999, 4.553999999999999, 4.553999999999999, 4.553999999999999, 4.553999999999999, 4.531000000000001, 4.531000000000001, 4.531000000000001, 4.531000000000001, 4.531000000000001, 4.531000000000001, 4.531000000000001, 4.531000000000001, 4.531000000000001, 4.531000000000001, 4.531000000000001, 4.531000000000001, 4.531000000000001, 4.531000000000001, 4.531000000000001, 4.531000000000001, 4.531000000000001, 4.531000000000001, 4.531000000000001, 4.531000000000001, 4.531000000000001, 4.531000000000001, 4.531000000000001, 4.531000000000001, 4.531000000000001, 4.531000000000001, 4.531000000000001, 4.532, 4.553999999999999, 4.553999999999999, 4.553999999999999, 4.553999999999999, 4.553999999999999, 4.553999999999999, 4.553999999999999, 4.553999999999999, 4.553999999999999, 4.553999999999999, 4.553999999999999, 4.553999999999999, 4.553999999999999, 4.553999999999999, 4.553999999999999, 4.553999999999999, 4.553999999999999, 4.553999999999999, 4.553999999999999, 4.553999999999999], "mode": "1"}