{"O21": [4.553999999999999, 4.553999999999999, 4.553999999999999, 4.553999999999999, 4.553999999999999, 4.553999999999999, 4.553999999999999, 4.553999999999999, 4.553999999999999, 4.553999999999999, 4.553999999999999, 4.553999999999999, 4.553999999999999, 4.553999999999999, 4.553999999999999, 4.553999999999999, 4.553999999999999, 4.553999999999999, 4.553999999999999, 4.553999999999999, 4.531000000000001, 4.531000000000001, 4.531000000000001, 4.531000000000001, 4.531000000000001, 4.531000000000001, 4.531000000000001, 4.531000000000001, 4.531000000000001, 4.531000000000001, 4.531000000000001, 4.531000000000001, 4.531000000000001, 4.531000000000001, 4.531000000000001, 4.531000000000001, 4.531000000000001, 4.531000000000001, 4.531000000000001, 4.532, 4.553999999999999, 4.553999999999999, 4.553999999999999, 4.553999999999999, 4.553999999999999, 4.553999999999999, 4.553999999999999, 4.553999999999999, 4.553999999999999, 4.553999999999999, 4.553999999999999, 4.553999999999999, 4.553999999999999, 4.553999999999999, 4.553999999999999, 4.553999999999999, 4.553999999999999, 4.553999999999999, 4.553999999999999, 4.553999999999999, 4.553999999999999, 4.553999999999999, 4.553999999999999, 4.553999999999999, 4.553999999999999, 4.553999999999999], "O22": [4.309667819333762, 4.308808042709004, 4.314832281233089, 4.31470440753536, 4.313208138716653, 4.311099098499291, 4.311888730403967, 4.310516313066536, 4.309470293668885, 4.298820725872866, 4.2984475545411165, 4.299932698374786, 4.301425886082354, 4.3021933556872725, 4.303733368929742, 4.305150006815494, 4.306730678782426, 4.299876720476631, 4.3010664107342365, 4.301860711751979, 1.6017618420542836, 1.6131491756701783, 1.5885140942912264, 1.5988987398805172, 1.6078704663562435, 1.6170976864799107, 1.5735952528792598, 1.5779116805886688, 1.580197016274055, 1.5055055012897287, 1.5052766321832003, 1.5064949203801126, 1.507383689633168, 1.461335762052763, 1.459195504205441, 1.4713826238685521, 1.4861061116882055, 1.5128764358541305, 1.5162929959610347, 1.519908146471042, 3.678578409149788, 3.671415729722141, 3.6297730584801116, 3.630181493813927, 3.627431844495176, 3.6258041969977466, 3.7064194703096707, 3.7187766799681485, 3.73032985125591, 3.801642342872998, 3.8541355987847465, 3.861475260933783, 3.874976646416654, 3.964190701172273, 3.8823357230168307, 3.929775913486786, 3.9680467940994006, 3.9916465378136485, 3.9424465880780755, 3.968704471939107, 3.992538969617646, 4.030914607432191, 4.133962352494604, 4.155012105998962, 4.17924340007823, 4.194335093819806], "I23": [], "IGen": {"displaySize": "1920x1080", "device": ""}}