{"O21": [4.408, 4.408, 4.408, 4.408, 4.408, 4.408, 4.408, 4.408, 4.408, 4.408, 4.408, 4.408, 4.408, 4.408, 4.409, 4.531000000000001, 4.531000000000001, 4.531000000000001, 4.531000000000001, 4.531000000000001, 4.531000000000001, 4.531000000000001, 4.531000000000001, 4.531000000000001, 4.532, 4.553999999999999, 4.553999999999999, 4.553999999999999, 4.553999999999999, 4.553999999999999, 4.553999999999999, 4.553999999999999, 4.553999999999999, 4.553999999999999, 4.553999999999999, 4.531000000000001, 4.531000000000001, 4.531000000000001, 4.531000000000001, 4.531000000000001, 4.531000000000001, 4.531000000000001, 4.531000000000001, 4.531000000000001, 4.53, 4.408, 4.408, 4.408, 4.408, 4.408, 4.408, 4.408, 4.408, 4.408, 4.408, 4.408, 4.408, 4.408, 4.408, 4.408, 4.408, 4.408, 4.408, 4.408, 4.416, 4.531000000000001, 4.531000000000001, 4.531000000000001, 4.531000000000001, 4.531000000000001, 4.531000000000001, 4.531000000000001, 4.531000000000001, 4.531000000000001, 4.532, 4.553999999999999, 4.553999999999999, 4.553999999999999, 4.553999999999999, 4.553999999999999, 4.553999999999999, 4.553999999999999, 4.553999999999999, 4.553999999999999, 4.553, 4.531000000000001, 4.531000000000001, 4.531000000000001, 4.531000000000001, 4.531000000000001, 4.531000000000001, 4.531000000000001, 4.531000000000001, 4.531000000000001, 4.5280000000000005, 4.408, 4.408, 4.408, 4.408, 4.408, 4.408, 4.408, 4.408, 4.408, 4.408, 4.408, 4.408, 4.408, 4.408, 4.408, 4.408, 4.408, 4.408, 4.408, 4.422, 4.531000000000001, 4.531000000000001, 4.531000000000001, 4.531000000000001, 4.531000000000001, 4.531000000000001, 4.531000000000001, 4.531000000000001, 4.531000000000001, 4.533, 4.553999999999999, 4.553999999999999, 4.553999999999999, 4.553999999999999, 4.553999999999999, 4.553999999999999, 4.553999999999999, 4.553999999999999, 4.553999999999999, 4.553, 4.531000000000001, 4.531000000000001, 4.531000000000001, 4.531000000000001, 4.531000000000001, 4.531000000000001, 4.531000000000001, 4.531000000000001, 4.531000000000001, 4.527, 4.408, 4.408, 4.408, 4.408, 4.408, 4.408, 4.408, 4.408, 4.408, 4.408, 4.408, 4.408, 4.408, 4.408, 4.408, 4.408, 4.408, 4.408, 4.408, 4.408, 4.408, 4.408, 4.408, 4.408, 4.408, 4.408, 4.408, 4.408, 4.408, 4.408, 4.408, 4.408, 4.408, 4.408, 4.408], "O22": [1.1458471857474315, 1.1431620253778279, 1.1422322917224783, 1.1411090795744943, 1.1391718611676422, 1.1391718611676422, 1.1391718611676422, 1.1391718611676422, 1.1391718611676422, 1.136147960178686, 1.1345204787976175, 1.1331763277754832, 1.1270624615653102, 1.120220948100932, 1.1111579816805879, 2.4405223101752584, 2.4405223101752584, 2.4405223101752584, 2.4405223101752584, 2.4405223101752584, 2.4405223101752584, 2.4405223101752584, 2.4405223101752584, 2.4405223101752584, 2.463515994075251, 3.779756682794114, 3.779756682794114, 3.779756682794114, 3.779756682794114, 3.779756682794114, 3.779756682794114, 3.779756682794114, 3.779756682794114, 3.779756682794114, 3.7953208381507997, 2.4173660437654627, 2.4173660437654627, 2.4173660437654627, 2.4173660437654627, 2.4173660437654627, 2.4173660437654627, 2.4173660437654627, 2.4173660437654627, 2.4173660437654627, 2.4579302540296966, 1.1142012049842558, 1.1130987385839632, 1.1115307304873925, 1.110304996307875, 1.1213767405062391, 1.1299324388819643, 1.1274568489085155, 1.1251242967078634, 1.1229428395126249, 1.1200909127780805, 1.119713227176928, 1.1193850689993936, 1.1196254903759733, 1.1212299577193556, 1.122628494277337, 1.1264945755632207, 1.1307136911018634, 1.1298149577624832, 1.129809148629839, 1.1284537792143792, 2.1249887825395466, 2.1249887825395466, 2.1249887825395466, 2.1249887825395466, 2.1249887825395466, 2.1249887825395466, 2.1249887825395466, 2.1249887825395466, 2.1249887825395466, 2.1513537256541198, 4.204076614742359, 4.204076614742359, 4.204076614742359, 4.204076614742359, 4.204076614742359, 4.204076614742359, 4.204076614742359, 4.204076614742359, 4.204076614742359, 4.227533839050712, 2.6772777983589275, 2.6772777983589275, 2.6772777983589275, 2.6772777983589275, 2.6772777983589275, 2.6772777983589275, 2.6772777983589275, 2.6772777983589275, 2.6772777983589275, 2.664674734966508, 1.1061384804162089, 1.112509714636852, 1.1111542818911861, 1.1091859920048117, 1.0970045537962032, 1.1043324851313272, 1.1173885397015753, 1.123192125072309, 1.1254015107435893, 1.1217049000028345, 1.1237105462213448, 1.124885500681102, 1.1264882679516826, 1.1279367589937406, 1.129000978315828, 1.128413900970066, 1.1269984831236441, 1.1246801583559562, 1.1274726199053704, 1.1329286133509735, 2.072568182427421, 2.072568182427421, 2.072568182427421, 2.072568182427421, 2.072568182427421, 2.072568182427421, 2.072568182427421, 2.072568182427421, 2.072568182427421, 2.0578243564819423, 4.151561187004807, 4.151561187004807, 4.151561187004807, 4.151561187004807, 4.151561187004807, 4.151561187004807, 4.151561187004807, 4.151561187004807, 4.151561187004807, 4.149800183380586, 2.44176297410862, 2.44176297410862, 2.44176297410862, 2.44176297410862, 2.44176297410862, 2.44176297410862, 2.44176297410862, 2.44176297410862, 2.44176297410862, 2.4434184981708897, 1.116093753292764, 1.1181602588026451, 1.1197878762208717, 1.120909271680843, 1.1213125786143843, 1.1195750255236856, 1.1173877537439107, 1.1153833170708387, 1.1176569460101518, 1.11792571342105, 1.1198311555395952, 1.1213156027278868, 1.119737028383317, 1.1168805933789012, 1.1151288456245312, 1.114456427117381, 1.1137837858107789, 1.1127475190380816, 1.1122263000055872, 1.1064456726468228, 1.1028737761178515, 1.0988061058015588, 1.0977684164834993, 1.0963533168772364, 1.0962652396710058, 1.0938694039847792, 1.0950245365840932, 1.0963020444332265, 1.0964125151003892, 1.0920143032382152, 1.0866192221659567, 1.080780922055675, 1.0766457880695732, 1.076111713851264], "I23": [], "IGen": {"displaySize": "1920x1080", "device": ""}}