{"O21": [4.553999999999999, 4.553999999999999, 4.553999999999999, 4.553999999999999, 4.553999999999999, 4.553999999999999, 4.553999999999999, 4.553999999999999, 4.553999999999999, 4.553999999999999, 4.553999999999999, 4.553999999999999, 4.553999999999999, 4.553999999999999, 4.553999999999999, 4.553999999999999, 4.553999999999999, 4.553999999999999, 4.553999999999999, 4.553, 4.531000000000001, 4.531000000000001, 4.531000000000001, 4.531000000000001, 4.531000000000001, 4.531000000000001, 4.531000000000001, 4.531000000000001, 4.531000000000001, 4.531000000000001, 4.531000000000001, 4.531000000000001, 4.531000000000001, 4.531000000000001, 4.531000000000001, 4.531000000000001, 4.531000000000001, 4.531000000000001, 4.531000000000001, 4.529, 4.408, 4.408, 4.408, 4.408, 4.408, 4.408, 4.408, 4.408, 4.408, 4.408, 4.408, 4.408, 4.408, 4.408, 4.408, 4.408, 4.408, 4.408, 4.408, 4.408, 4.408, 4.408, 4.408, 4.408, 4.408, 4.408, 4.408, 4.408, 4.408, 4.408, 4.408, 4.408, 4.408, 4.408, 4.408, 4.408, 4.408, 4.408, 4.408, 4.408, 4.408, 4.408, 4.408, 4.408, 4.408, 4.408, 4.408, 4.408, 4.408, 4.408, 4.408, 4.408, 4.408, 4.408, 4.408, 4.408, 4.408, 4.408, 4.408, 4.408, 4.408, 4.408, 4.408, 4.408, 4.408, 4.408, 4.408, 4.408, 4.408, 4.408, 4.408, 4.408, 4.408, 4.408, 4.408, 4.408, 4.408, 4.408, 4.408, 4.408, 4.408, 4.408, 4.408, 4.408, 4.408, 4.408, 4.408, 4.408, 4.408, 4.408, 4.408, 4.408, 4.408, 4.408, 4.408, 4.408, 4.408, 4.408, 4.408, 4.408, 4.408, 4.408, 4.408, 4.408, 4.408, 4.408, 4.408, 4.408, 4.408, 4.408, 4.408, 4.408, 4.408, 4.408, 4.408, 4.408, 4.408, 4.408, 4.408, 4.408, 4.408, 4.408, 4.408, 4.408, 4.408, 4.408, 4.408, 4.408, 4.408, 4.408, 4.408, 4.408, 4.408, 4.408, 4.408, 4.408, 4.408, 4.408, 4.408], "O22": [3.5340412891921336, 3.5827914599133446, 3.6123526601952185, 3.6445497074010205, 3.6724673590401156, 3.65993850667363, 3.651424430413132, 3.6412740927050598, 3.6355102852575403, 3.6312541796765427, 3.6548790304079626, 3.675310048336302, 3.699720777076877, 3.716222964940422, 3.726331332206481, 3.7496721565113837, 3.78570670426368, 3.7505718526771625, 3.7435325681661973, 3.7413328268305155, 2.35450161943248, 2.342025124061162, 2.3120795555756035, 2.2860414707694034, 2.3556409655883277, 2.3974125994114606, 2.395491146588567, 2.3884439803273154, 2.3441754569618274, 2.3957317009343333, 2.362445864681206, 2.3565765002620083, 2.3575250047950744, 2.3694796218550143, 2.4171955049406852, 2.469382686700846, 2.530690956471167, 2.50064562829148, 2.4411510509662797, 2.4353134897279864, 1.1178557715618083, 1.1137904293332463, 1.1250183757631114, 1.1314624343922204, 1.1384341568841392, 1.143191040020505, 1.1469344046810648, 1.1494390771679777, 1.150717235443192, 1.1483176067786411, 1.1521105837536623, 1.1536841783293883, 1.1541807000900595, 1.151421751780262, 1.1477364575172357, 1.1475916406544144, 1.1472786311672851, 1.148394545127821, 1.1478192104147145, 1.1475991659460256, 1.1478712352706915, 1.1454040819996827, 1.142935794773759, 1.1395606284310333, 1.1354075717849705, 1.129513767637874, 1.1250864452517928, 1.1220783337902847, 1.1198145804139155, 1.115298201382938, 1.1034546323830208, 1.1027746016011104, 1.0909155748074544, 1.089075163449108, 1.0821349950920998, 1.0966883784889423, 1.107882516902426, 1.1101848348793135, 1.1122176200660383, 1.1131586240691365, 1.1131100491803856, 1.113438150940844, 1.1113521829820536, 1.106305469180394, 1.1040231868239356, 1.1040671775105813, 1.101580728029308, 1.1000874418486113, 1.0939519327870593, 1.0907795232008601, 1.0845311753488311, 1.0815866076454022, 1.0769723450730435, 1.0822364351395022, 1.0775801707787884, 1.0703342870532846, 1.0683040726384665, 1.0676045673457688, 1.0664404777933414, 1.0661663812843394, 1.060003356140537, 1.0595741309229727, 1.056325226687614, 1.0553302150679935, 1.0506776730862502, 1.05, 1.05, 1.05, 1.05, 1.05, 1.05, 1.05, 1.05, 1.05, 1.05, 1.05, 1.05, 1.05, 1.05, 1.05, 1.05, 1.05, 1.05, 1.05, 1.05, 1.05, 1.05, 1.05, 1.05, 1.05, 1.05, 1.05, 1.05, 1.05, 1.05, 1.05, 1.05, 1.05, 1.05, 1.05, 1.05, 1.05, 1.05, 1.05, 1.05, 1.05, 1.05, 1.05, 1.05, 1.05, 1.05, 1.05, 1.05, 1.05, 1.05, 1.05, 1.05, 1.05, 1.05, 1.05, 1.05, 1.05, 1.05, 1.05, 1.05, 1.05, 1.05, 1.05, 1.05, 1.05, 1.05, 1.05, 1.05, 1.05, 1.05, 1.05, 1.05, 1.05, 1.05, 1.05], "I23": [[50, 12], [60, 12]], "IGen": {"displaySize": "1920x1080", "device": ""}}