{"O21": [4.559, 4.559, 4.559, 4.559, 4.559, 4.559, 4.559, 4.559, 4.559, 4.559, 4.559, 4.559, 4.559, 4.559, 4.559, 4.559, 4.559, 4.559, 4.559, 4.559, 4.559, 4.559, 4.559, 4.559, 4.559, 4.559, 4.559, 4.559, 4.559, 4.559, 4.559, 4.559, 4.559, 4.559, 4.559, 4.559, 4.559, 4.559, 4.559, 4.559, 4.559, 4.559, 4.559, 4.559, 4.559, 4.559, 4.559, 4.559, 4.559, 4.559, 4.559, 4.559, 4.559, 4.559, 4.559, 4.559, 4.559, 4.559, 4.559, 4.559, 4.559, 4.559, 4.559, 4.559, 4.559, 4.559, 4.559, 4.559, 4.559, 4.559, 4.559, 4.559, 4.559, 4.559, 4.559, 4.559, 4.559, 4.559, 4.559, 4.559, 4.559, 4.559, 4.559, 4.559, 4.559, 4.559, 4.559, 4.559, 4.559, 4.559, 4.559, 4.559, 4.559, 4.559, 4.559, 4.559, 4.559, 4.559, 4.559, 4.559, 4.559, 4.559, 4.559, 4.559, 4.559, 4.559, 4.559, 4.559, 4.559, 4.559, 4.559, 4.559, 4.559, 4.559, 4.559, 4.559, 4.559, 4.559, 4.559, 4.559, 4.559, 4.559, 4.559, 4.559, 4.559, 4.559, 4.559, 4.559, 4.559, 4.559, 4.559, 4.559, 4.559, 4.559, 4.559, 4.559, 4.559, 4.559, 4.559, 4.559, 4.559, 4.559, 4.559, 4.559, 4.559, 4.559, 4.559, 4.559, 4.559, 4.559, 4.559, 4.559, 4.559, 4.559, 4.559, 4.559, 4.559, 4.559, 4.559, 4.559, 4.559, 4.559, 4.559, 4.559, 4.559, 4.559, 4.559, 4.559, 4.559, 4.559, 4.559, 4.559, 4.559, 4.559, 4.559, 4.559, 4.559, 4.559, 4.559], "O22": [4.3699793135454055, 4.377296777213543, 4.379102380133233, 4.382879420760921, 4.383915684507878, 4.385538561241271, 4.388685223329543, 4.387864570070405, 4.388689051643508, 4.390099845552947, 4.3958991834153816, 4.396384123221715, 4.396517916281212, 4.399678418043158, 4.40357343405256, 4.39884083763287, 4.416185416101119, 4.423770642660044, 4.424727188520679, 4.425006992687713, 4.424875405592031, 4.424089969430772, 4.422045609045759, 4.42279336527806, 4.423537186187865, 4.425053102162227, 4.426053654804353, 4.426327866238775, 4.42650363450586, 4.426620916099432, 4.427153833885273, 4.427182094868149, 4.425951765300384, 4.425964528042682, 4.426435522114321, 4.421806028417987, 4.411541980005256, 4.404777507159203, 4.402279187613779, 4.396480594593611, 4.393226736143171, 4.393063193461046, 4.391217860709962, 4.380362168997633, 4.355235288203017, 4.277956659783119, 4.214898367493986, 4.171856123131446, 4.1408824671548, 4.102806975013534, 4.105989208627116, 4.126321152502325, 4.129223681190554, 4.103858111301018, 4.126727450897262, 4.069217528964379, 3.992143534113673, 3.9338638110989352, 3.9714350100473657, 4.025291583578074, 4.072200465807303, 4.027456487158395, 4.003742358417512, 4.011900847324469, 4.003154309761592, 3.9569103472005103, 3.966135936117039, 3.946327274416021, 3.935708808558895, 3.9337188473652422, 3.925827919062602, 3.9428522705588476, 3.9617224838680536, 3.967975122335715, 3.9862393854693723, 4.019049610500533, 4.0799345457010165, 4.096586359246403, 4.042108779448666, 3.9610085892576077, 3.899542040493068, 3.8950179167495897, 3.881985401456027, 3.909474795043554, 3.9661112337941025, 4.020338803593779, 4.019120489795828, 4.027620847574156, 4.031340065502728, 4.038326501064258, 4.017808049505237, 4.043599146949913, 4.03616105533981, 4.119153555271531, 4.1728432328709095, 4.2077562736236995, 4.198546870755817, 4.2167124590529985, 4.2218569899332, 4.3158956634875905, 4.378344750130473, 4.406024638857723, 4.409808440420917, 4.409441311595284, 4.409561426522602, 4.410235358198241, 4.4092331796715, 4.411593978436437, 4.411928183822768, 4.414511409348995, 4.41074613509389, 4.370835703244914, 4.332356495067251, 4.277517050866363, 4.244418747604497, 4.251345419610628, 4.250728352292438, 4.224434247241725, 4.1902717383707495, 4.125036002966302, 4.021028866637523, 3.9973646291567384, 3.952391027453593, 3.9825081351977265, 4.002309373242062, 4.002548531355997, 4.011009541515836, 4.003047920640742, 3.950797513087, 3.9815816554721954, 4.022104770406412, 4.027828000330482, 4.059956117768445, 4.110146676060773, 4.126777418596101, 4.115595898466906, 4.147929276214045, 4.16672737162661, 4.167627486765122, 4.144286296676409, 4.183905317560595, 4.227212479977733, 4.243134883775537, 4.271942406353138, 4.318810526352534, 4.288973242147106, 4.265342110182804, 4.298749123202372, 4.305874626287603, 4.298412854017827, 4.308430445720151, 4.2822415788338315, 4.276706857193752, 4.249334115745797, 4.296487497798147, 4.341801047456888, 4.370887607996141, 4.392511391410555, 4.40965224671209, 4.423601197619317, 4.430248191899586, 4.431246454665025, 4.42648533330646, 4.418642666189479, 4.415554932677022, 4.42077239013499, 4.4162802316857945, 4.41283073340855, 4.412022396363674, 4.4160568207383575, 4.417610639153401, 4.420708697193585, 4.420618201548671, 4.418239837398014, 4.417303191197264, 4.415526865796904, 4.411570518985134, 4.402206833327194, 4.377188085801679], "I23": [], "IGen": {"displaySize": "1920x1080", "device": ""}}