{"O21": [4.553999999999999, 4.553999999999999, 4.553999999999999, 4.553999999999999, 4.553999999999999, 4.553999999999999, 4.553999999999999, 4.553999999999999, 4.553999999999999, 4.553999999999999, 4.553999999999999, 4.553999999999999, 4.553999999999999, 4.553999999999999, 4.553999999999999, 4.553999999999999, 4.553999999999999, 4.553999999999999, 4.553999999999999, 4.553999999999999, 4.553999999999999, 4.553999999999999, 4.553999999999999, 4.553999999999999, 4.553999999999999, 4.553999999999999, 4.553999999999999, 4.553999999999999, 4.553999999999999, 4.553999999999999, 4.531000000000001, 4.531000000000001, 4.531000000000001, 4.531000000000001, 4.531000000000001, 4.531000000000001, 4.531000000000001, 4.531000000000001, 4.531000000000001, 4.531000000000001, 4.531000000000001, 4.531000000000001, 4.531000000000001, 4.531000000000001, 4.531000000000001, 4.531000000000001, 4.531000000000001, 4.531000000000001, 4.531000000000001, 4.531000000000001, 4.531000000000001, 4.531000000000001, 4.531000000000001, 4.531000000000001, 4.529, 4.408, 4.408, 4.408, 4.408, 4.408, 4.408, 4.408, 4.408, 4.408, 4.408, 4.408, 4.408, 4.408, 4.408, 4.408, 4.408, 4.408, 4.408, 4.408, 4.408, 4.408, 4.408, 4.408, 4.408, 4.408, 4.408, 4.408, 4.408, 4.408, 4.408, 4.408, 4.408, 4.408, 4.408, 4.408, 4.408, 4.408, 4.408, 4.408, 4.408, 4.408, 4.408, 4.408, 4.408, 4.408, 4.408, 4.408, 4.408, 4.408, 4.408, 4.408, 4.408, 4.408, 4.408, 4.408, 4.408, 4.408, 4.408, 4.408, 4.408, 4.408, 4.408, 4.408, 4.408, 4.408, 4.408, 4.408, 4.408, 4.408, 4.408, 4.408, 4.408, 4.408, 4.408, 4.408, 4.408, 4.408, 4.408, 4.408, 4.408, 4.408, 4.408, 4.408, 4.408, 4.408, 4.408, 4.408, 4.408, 4.408, 4.408, 4.408, 4.408, 4.408, 4.408, 4.408, 4.408, 4.408, 4.408, 4.408, 4.408, 4.408, 4.408, 4.408, 4.408, 4.408, 4.408, 4.408, 4.408, 4.408, 4.408, 4.408, 4.408, 4.408, 4.408, 4.408, 4.408, 4.408, 4.408, 4.408, 4.408, 4.408, 4.408, 4.408, 4.408, 4.408, 4.408, 4.408, 4.408, 4.408, 4.408, 4.408, 4.408, 4.408, 4.408, 4.408, 4.408, 4.408, 4.408, 4.408, 4.408, 4.408, 4.408, 4.408, 4.408, 4.408, 4.408, 4.408, 4.408, 4.408, 4.408, 4.408, 4.408, 4.408, 4.408, 4.408, 4.408, 4.408, 4.408, 4.408, 4.408, 4.408, 4.408, 4.408, 4.408, 4.408, 4.408, 4.408, 4.408, 4.408, 4.408, 4.408, 4.408, 4.408, 4.408, 4.408, 4.408, 4.408, 4.408, 4.408, 4.408, 4.408, 4.408, 4.408, 4.408, 4.408], "O22": [4.139698101822592, 4.095112942794292, 4.148565662734594, 4.11258860621492, 4.114626779192599, 4.078895730252185, 4.059849533210611, 4.080376667176885, 3.9662151500899148, 3.9990238446835815, 4.029733510704778, 4.053798548202175, 4.064403886180069, 4.136392724425097, 4.16071743918088, 4.197172817819022, 4.213122770787306, 4.204886369375078, 4.26868501456281, 4.306143581188609, 4.307505114534871, 4.30968037548605, 4.314505760189725, 4.321955112657439, 4.328414620717463, 4.338095662914121, 4.346827989407381, 4.353283573557969, 4.353864437756239, 4.351350397524912, 2.834873234443851, 2.822711068828779, 2.8084001294584207, 2.8078033878360933, 2.806046866910135, 2.8037414698425542, 2.8011562804249897, 2.798951478514338, 2.7940799169464494, 2.7749711683846017, 2.7679821524306676, 2.758201718708114, 2.756824813074032, 2.7422756356340448, 2.727779102166125, 2.7163581135314243, 2.703481020123509, 2.6864340451665756, 2.67972689403098, 2.6716868104329365, 2.6759158001758947, 2.719314508831344, 2.7129814676949557, 2.691771463899421, 2.655098775605358, 1.0746973275158251, 1.074744706718276, 1.0745489765104603, 1.0744533127393243, 1.0748499423359743, 1.0767093499927198, 1.0790741428665709, 1.081096310342498, 1.0829409444414178, 1.0816242264327607, 1.0851488052423002, 1.0870331137807092, 1.086819770836753, 1.0900498747782015, 1.0938445310874727, 1.095254234408031, 1.0959934926962174, 1.096547852856327, 1.0984350190261933, 1.0913169537408507, 1.0759579812815463, 1.0607831101583722, 1.0514694452678128, 1.05, 1.05, 1.05, 1.05, 1.05, 1.05, 1.05, 1.05, 1.05, 1.05, 1.05, 1.05, 1.05, 1.05, 1.05, 1.05, 1.05, 1.05, 1.05, 1.0524756854623787, 1.0571606294873037, 1.0628790625310012, 1.0720607460073603, 1.078588749339129, 1.094525686367203, 1.106447530738154, 1.1122790531532525, 1.1123409216115154, 1.10992754792789, 1.1069355590199497, 1.1057488155981052, 1.1050244963054814, 1.1032401573787822, 1.098258539225066, 1.0934626308166333, 1.085760126775488, 1.0738029142346242, 1.0634097600197991, 1.0575904202917772, 1.0536808241584792, 1.0507605792921983, 1.05, 1.05, 1.05, 1.05, 1.05, 1.05, 1.05, 1.05, 1.05, 1.05, 1.05, 1.05, 1.05, 1.05, 1.05, 1.05, 1.05, 1.05, 1.05, 1.05, 1.05, 1.05, 1.05, 1.05, 1.05, 1.05, 1.05, 1.05, 1.05, 1.05, 1.05, 1.05, 1.05, 1.05, 1.05, 1.05, 1.05, 1.05, 1.05, 1.05, 1.05, 1.05, 1.05, 1.05, 1.05, 1.05, 1.05, 1.05, 1.05, 1.05, 1.05, 1.05, 1.05, 1.05, 1.05, 1.05, 1.05, 1.05, 1.05, 1.05, 1.05, 1.0525981854598834, 1.055898730542941, 1.0567884928775633, 1.0568268624589379, 1.0566684841933398, 1.0505811936475489, 1.05, 1.05, 1.05, 1.05, 1.05, 1.05, 1.05, 1.05, 1.05, 1.05, 1.05, 1.05, 1.05, 1.05, 1.05, 1.05, 1.05, 1.05, 1.05, 1.05, 1.05, 1.05, 1.05, 1.05, 1.05, 1.05, 1.05, 1.05, 1.05, 1.05, 1.05, 1.05, 1.05, 1.05, 1.05, 1.05, 1.05, 1.05, 1.05, 1.05, 1.05, 1.05, 1.05, 1.05, 1.05, 1.05, 1.05, 1.05, 1.05, 1.05, 1.05, 1.05, 1.05, 1.05], "I23": [[50, 12], [60, 12]], "IGen": {"displaySize": "1920x1080", "device": ""}}