{"O23": 3.536925587835908, "O34": [5.0, 5.0, 5.0, 5.0, 5.0, 5.0, 5.0, 5.0, 5.0, 5.0, 5.0, 5.0, 5.0, 5.0, 5.0, 5.0, 5.0, 5.0, 5.0, 5.0, 5.0, 5.0, 5.0, 5.0, 5.0, 5.0, 5.0, 5.0, 5.0, 5.0, 3.629802720540533, 3.629802720540533, 3.629802720540533, 3.629802720540533, 3.629802720540533, 3.6177645622210415, 3.6177645622210415, 3.6177645622210415, 3.6177645622210415, 3.6177645622210415, 3.608420877447534, 3.608420877447534, 3.608420877447534, 3.608420877447534, 3.589965519856138, 3.589965519856138, 3.589965519856138, 3.589965519856138, 3.589965519856138, 3.55036279391845, 3.55036279391845, 3.55036279391845, 3.55036279391845, 3.55036279391845, 3.5732173543565864, 1.8315983718461295, 1.8315983718461295, 1.8315983718461295, 1.8315983718461295, 1.8315983718461295, 1.8363395066639927, 1.8363395066639927, 1.8363395066639927, 1.8363395066639927, 1.8363395066639927, 1.8425599065976075, 1.8425599065976075, 1.8425599065976075, 1.8425599065976075, 1.8423848345540648, 1.8445838639860541, 1.8445838639860541, 1.8445838639860541, 1.8445838639860541, 1.8495946251676403, 1.8595377055723907, 1.8595377055723907, 1.8595377055723907, 1.8595377055723907, 1.8674008764087746, 1.8706128687935175, 1.8706128687935175, 1.8706128687935175, 1.8706128687935175, 1.8755095069173873, 1.8727504529317451, 1.8727504529317451, 1.8727504529317451, 1.8727504529317451, 1.874195808956032, 1.8705952397353953, 1.8705952397353953, 1.8705952397353953, 1.8705952397353953, 1.8748201443619288, 1.8690080786997327, 1.8690080786997327, 1.8690080786997327, 1.8690080786997327, 1.8616344081616973, 1.8595377055723907, 1.8595377055723907, 1.8595377055723907, 1.8595377055723907, 1.8534282562688136, 1.8517252182417692, 1.8517252182417692, 1.8517252182417692, 1.8517252182417692, 1.849242470796109, 1.8547267269688485, 1.8547267269688485, 1.8547267269688485, 1.8547267269688485, 1.8544290365644114, 1.8582475882449883, 1.8582475882449883, 1.8582475882449883, 1.8582475882449883, 1.861497228069967, 1.8612306963033136, 1.8612306963033136, 1.8612306963033136, 1.8612306963033136, 1.8637380025233963, 1.861065327193651, 1.861065327193651, 1.861065327193651, 1.861065327193651, 1.8650397408407313, 1.8645062365803382, 1.8645062365803382, 1.8645062365803382, 1.8645062365803382, 1.8615660535059941, 1.8580998358603253, 1.8580998358603253, 1.8580998358603253, 1.8580998358603253, 1.8542429696293037, 1.8567115792154165, 1.8567115792154165, 1.8567115792154165, 1.8567115792154165, 1.8558450563204656, 1.8577671610265472, 1.8577671610265472, 1.8577671610265472, 1.8577671610265472, 1.8596340841874943, 1.8605135126004801, 1.8605135126004801, 1.8605135126004801, 1.8605135126004801, 1.8600481896949639, 1.860476693037306, 1.860476693037306, 1.860476693037306, 1.860476693037306, 1.864515274184181, 1.866489950451288, 1.866489950451288, 1.866489950451288, 1.866489950451288, 1.8664943066785036, 1.8613592607315386, 1.8613592607315386, 1.8613592607315386, 1.8613592607315386, 1.8603480682398696, 1.8566934010349883, 1.8566934010349883, 1.8566934010349883, 1.8566934010349883, 1.854847794861082, 1.8513889016978098, 1.8513889016978098, 1.8513889016978098, 1.8513889016978098, 1.8486565819742973, 1.844376096508531, 1.844376096508531, 1.844376096508531, 1.844376096508531, 1.8366714001268396, 1.834516759098263, 1.834516759098263, 1.834516759098263, 1.834516759098263, 1.8330664629473536, 1.8307862576131384, 1.8307862576131384, 1.8307862576131384, 1.8307862576131384, 1.8280419854234367, 1.8271008987988957, 1.8271008987988957, 1.8271008987988957, 1.8271008987988957, 1.8245739204841922, 1.8267643220886642, 1.8267643220886642, 1.8267643220886642, 1.8267643220886642, 1.826661648736837, 1.841860002245727, 1.841860002245727, 1.841860002245727, 1.841860002245727, 1.8458334002113528, 1.8608634656820204, 1.8608634656820204, 1.8608634656820204, 1.8608634656820204, 1.8703387231917479, 1.8719782794802342, 1.8719782794802342, 1.8719782794802342, 1.8719782794802342, 1.8835418860677744, 1.8750737225643448, 1.8750737225643448, 1.8750737225643448, 1.8750737225643448, 1.8844582257777522, 1.8749479882022506, 1.8749479882022506, 1.8749479882022506, 1.8749479882022506, 1.8685769606769915, 1.8685769606769915, 1.8685769606769915, 1.8685769606769915, 1.8685769606769915, 1.8513803132402975, 1.8513803132402975, 1.8513803132402975, 1.8513803132402975, 1.8513803132402975, 1.8373326475905198], "O35": 1.9916131950771394, "O46": 1.6573794291050465,