{"O23": 4.594340904953616, "O34": [5.0, 5.0, 5.0, 5.0, 3.6392686884577667, 3.63419654352892, 3.63419654352892, 3.63419654352892, 3.63419654352892, 5.0, 5.0, 5.0, 5.0, 5.0, 3.5419797129808166, 3.5369584017623317, 3.5369584017623317, 3.5369584017623317, 3.5369584017623317, 5.0, 5.0, 5.0, 5.0, 5.0, 3.492564330034937, 3.487568838466127, 3.487568838466127, 3.487568838466127, 3.487568838466127, 5.0, 5.0, 5.0, 5.0, 5.0, 5.0, 5.0, 5.0, 5.0, 5.0, 5.0, 5.0, 5.0, 5.0, 5.0, 5.0, 5.0, 5.0, 5.0, 5.0, 5.0, 5.0, 5.0, 5.0, 5.0, 5.0, 5.0, 5.0, 5.0, 5.0], "O35": 4.468692803933949, "O46": 4.116648045068383, "O22": [4.306352039490904, 4.306352039490904, 4.306352039490904, 4.306352039490904, 2.7128873782443654, 2.7128873782443654, 2.7128873782443654, 2.7128873782443654, 2.7128873782443654, 4.263623265367382, 4.263623265367382, 4.263623265367382, 4.263623265367382, 4.263623265367382, 2.6231082383033115, 2.6231082383033115, 2.6231082383033115, 2.6231082383033115, 2.6231082383033115, 4.298978716427737, 4.298978716427737, 4.298978716427737, 4.298978716427737, 4.298978716427737, 2.5775072793150033, 2.5775072793150033, 2.5775072793150033, 2.5775072793150033, 2.5775072793150033, 4.338015633538819, 4.338015633538819, 4.338015633538819, 4.338015633538819, 4.338015633538819, 4.330369075488262, 4.330369075488262, 4.330369075488262, 4.330369075488262, 4.330369075488262, 4.327108719317372, 4.327108719317372, 4.327108719317372, 4.327108719317372, 4.327108719317372, 4.310834584390531, 4.310834584390531, 4.310834584390531, 4.310834584390531, 4.310834584390531, 4.307152075408862, 4.307152075408862, 4.307152075408862, 4.307152075408862, 4.307152075408862, 4.303423208135549, 4.303423208135549, 4.303423208135549, 4.303423208135549, 4.303423208135549], "O21": [4.553999999999999, 4.553999999999999, 4.553999999999999, 4.553999999999999, 4.553999999999999, 4.531000000000001, 4.531000000000001, 4.531000000000001, 4.531000000000001, 4.532, 4.553999999999999, 4.553999999999999, 4.553999999999999, 4.553999999999999, 4.553999999999999, 4.531000000000001, 4.531000000000001, 4.531000000000001, 4.531000000000001, 4.531000000000001, 4.553999999999999, 4.553999999999999, 4.553999999999999, 4.553999999999999, 4.553999999999999, 4.531000000000001, 4.531000000000001, 4.531000000000001, 4.531000000000001, 4.531000000000001, 4.553999999999999, 4.553999999999999, 4.553999999999999, 4.553999999999999, 4.553999999999999, 4.553999999999999, 4.553999999999999, 4.553999999999999, 4.553999999999999, 4.553999999999999, 4.553999999999999, 4.553999999999999, 4.553999999999999, 4.553999999999999, 4.553999999999999, 4.553999999999999, 4.553999999999999, 4.553999999999999, 4.553999999999999, 4.553999999999999, 4.553999999999999, 4.553999999999999, 4.553999999999999, 4.553999999999999, 4.553999999999999, 4.553999999999999, 4.553999999999999, 4.553999999999999, 4.553999999999999], "mode": "0"}