{"O23": 5.0, "O34": [4.676594593635586, 4.676749498258941, 4.676749498258941, 4.676749498258941, 4.676749498258941, 4.676749498258941, 4.676749498258941, 4.684678860603101, 4.684678860603101, 4.684678860603101, 4.684678860603101, 4.684678860603101, 4.684678860603101, 4.672858375630611, 4.672858375630611, 4.677764151482013, 4.677764151482013, 4.677764151482013, 4.677764151482013, 4.669571103200465, 4.669571103200465, 4.661745051211378, 4.661745051211378, 4.661745051211378, 4.661745051211378, 4.66871470927046, 4.66871470927046, 4.666592780789921, 4.666592780789921, 4.666592780789921, 4.666592780789921, 4.656660067403066, 4.656660067403066, 4.642494228209907, 4.642494228209907, 4.642494228209907, 4.642494228209907, 4.642494228209907, 4.642494228209907, 4.6496080655099155, 4.6496080655099155, 4.6496080655099155, 4.6496080655099155, 4.6496080655099155, 4.6496080655099155, 4.656973693272571, 4.656973693272571, 1.894352405486991, 1.8681230608873536, 1.8681230608873536, 1.8681230608873536, 1.8681230608873536, 1.8681230608873536, 1.8681230608873536, 1.8681230608873536, 1.8681230608873536, 1.8681230608873536], "O35": 2.775470880706465, "O46": 2.8341248762298488, "O22": [3.6701410357001865, 3.6702839830772094, 3.6702839830772094, 3.6702839830772094, 3.6702839830772094, 3.6702839830772094, 3.6702839830772094, 3.6776012698309213, 3.6776012698309213, 3.6776012698309213, 3.6776012698309213, 3.6776012698309213, 3.6776012698309213, 3.6666932201848668, 3.6666932201848668, 3.6712203141800845, 3.6712203141800845, 3.6712203141800845, 3.6712203141800845, 3.6636596956762206, 3.6636596956762206, 3.6564377446455953, 3.6564377446455953, 3.6564377446455953, 3.6564377446455953, 3.6628694076696955, 3.6628694076696955, 3.6609112730191327, 3.6609112730191327, 3.6609112730191327, 3.6609112730191327, 3.6517452759389784, 3.6517452759389784, 3.638672912363658, 3.638672912363658, 3.638672912363658, 3.638672912363658, 3.638672912363658, 3.638672912363658, 3.645237625285594, 3.645237625285594, 3.645237625285594, 3.645237625285594, 3.645237625285594, 3.645237625285594, 3.6520346927068017, 3.6520346927068017, 1.102829896856468, 1.102829896856468, 1.102829896856468, 1.102829896856468, 1.102829896856468, 1.102829896856468, 1.102829896856468, 1.102829896856468, 1.102829896856468, 1.102829896856468], "O21": [4.553999999999999, 4.553999999999999, 4.553999999999999, 4.553999999999999, 4.553999999999999, 4.553999999999999, 4.553999999999999, 4.553999999999999, 4.553999999999999, 4.553999999999999, 4.553999999999999, 4.553999999999999, 4.553999999999999, 4.553999999999999, 4.553999999999999, 4.553999999999999, 4.553999999999999, 4.553999999999999, 4.553999999999999, 4.553999999999999, 4.553999999999999, 4.553999999999999, 4.553999999999999, 4.553999999999999, 4.553999999999999, 4.553999999999999, 4.553999999999999, 4.553999999999999, 4.553999999999999, 4.553999999999999, 4.553999999999999, 4.553999999999999, 4.553999999999999, 4.553999999999999, 4.553999999999999, 4.553999999999999, 4.553999999999999, 4.553999999999999, 4.553999999999999, 4.553999999999999, 4.553999999999999, 4.553999999999999, 4.553999999999999, 4.553999999999999, 4.553999999999999, 4.553999999999999, 4.553999999999999, 4.553, 4.408, 4.408, 4.408, 4.408, 4.408, 4.408, 4.408, 4.408, 4.408, 4.408], "mode": "0"}