{"O23": 5.0, "O34": [1.8561238069178536, 1.8561238069178536, 1.8561238069178536, 1.8561238069178536, 1.8561238069178536, 1.8561238069178536, 1.8561238069178536, 1.8561238069178536, 1.8561238069178536, 1.8561238069178536, 1.8561238069178536, 1.8561238069178536, 1.8561238069178536, 1.8561238069178536, 3.534210168847972, 3.559814141786897, 3.559814141786897, 3.559814141786897, 3.559814141786897, 3.559814141786897, 3.559814141786897, 3.559814141786897, 3.559814141786897, 3.559814141786897, 3.559814141786897, 3.559814141786897, 3.559814141786897, 3.559814141786897, 3.559814141786897, 4.6580874298500925, 4.663694839766645, 4.663694839766645, 4.663694839766645, 4.663694839766645, 4.671261241126089, 4.671261241126089, 4.671261241126089, 4.671261241126089, 4.671261241126089, 4.674288092067664, 4.674288092067664, 4.674288092067664, 4.674288092067664, 4.674288092067664, 4.682402737629039, 4.682402737629039, 4.682402737629039, 4.682402737629039, 4.682402737629039, 4.694633109233763, 4.694633109233763, 4.694633109233763, 4.694633109233763, 4.694633109233763, 4.681384046117002, 4.681384046117002, 4.681384046117002, 4.681384046117002, 4.681384046117002, 4.664238811676803, 4.664238811676803, 4.664238811676803, 4.664238811676803, 4.664238811676803, 4.658644241871728, 4.658644241871728, 4.658644241871728, 4.658644241871728, 4.658644241871728, 4.656411691515678, 4.656411691515678, 4.656411691515678, 4.656411691515678, 4.656411691515678, 4.64391909273856, 4.64391909273856, 4.64391909273856, 4.64391909273856, 4.64391909273856, 4.651799732510981, 4.651799732510981, 4.651799732510981, 4.651799732510981, 4.651799732510981, 4.667426045732012, 4.667426045732012, 4.667426045732012, 4.667426045732012, 4.667426045732012, 3.554752451900874, 3.5501616829845966, 3.549724466897332, 3.549724466897332, 3.549724466897332, 3.549724466897332, 3.549724466897332, 3.549724466897332, 3.549724466897332, 3.549724466897332, 3.549724466897332, 3.549724466897332, 3.549724466897332, 3.549724466897332, 3.549724466897332, 1.8697196339328723, 1.8504144158627416, 1.8475276542821615, 1.8475276542821615, 1.8475276542821615, 1.8475276542821615, 1.8475276542821615, 1.8475276542821615, 1.8475276542821615, 1.8475276542821615, 1.8475276542821615, 1.8475276542821615, 1.8475276542821615, 1.8475276542821615, 1.8475276542821615, 3.5217849468147002, 3.5480150381227307, 3.5486707904054313, 3.5486707904054313, 3.5486707904054313, 3.5486707904054313, 3.5486707904054313, 3.5486707904054313, 3.5486707904054313, 3.5486707904054313, 3.5486707904054313, 3.5486707904054313, 3.5486707904054313, 3.5486707904054313, 4.737900110589254, 4.737900110589254, 4.743303630090677, 4.743549244613468, 4.743549244613468, 4.731651425548608, 4.731651425548608, 4.731651425548608, 4.731651425548608, 4.731651425548608, 4.722092605557715, 4.722092605557715, 4.722092605557715, 4.722092605557715, 4.722092605557715, 4.703461269278313, 4.703461269278313, 4.703461269278313, 4.703461269278313, 4.703461269278313, 4.696330697311485, 4.696330697311485, 4.696330697311485, 4.696330697311485, 4.696330697311485, 4.703622205871962, 4.703622205871962, 4.703622205871962, 4.703622205871962, 4.703622205871962, 4.716154499794067, 4.716154499794067, 4.716154499794067, 4.716154499794067, 4.716154499794067, 4.724493606508458, 4.724493606508458, 4.724493606508458, 4.724493606508458, 4.724493606508458, 4.743697395511218, 4.743697395511218, 4.743697395511218, 4.743697395511218, 4.743697395511218, 3.579420197106271, 3.579420197106271, 3.5754751653143333, 3.5743793231499064, 3.5743793231499064, 3.5743793231499064, 3.5743793231499064, 3.5743793231499064, 3.5743793231499064, 3.5743793231499064, 3.5743793231499064, 3.5743793231499064, 3.5743793231499064, 3.5743793231499064, 3.5743793231499064, 1.8627321594185566, 1.8627321594185566, 1.8459676280719841, 1.8405597147343802, 1.8405597147343802, 1.8405597147343802, 1.8405597147343802, 1.8405597147343802, 1.8405597147343802, 1.8405597147343802, 1.8405597147343802, 1.8405597147343802, 1.8405597147343802, 1.8405597147343802, 1.8405597147343802, 3.444383774509558, 3.444383774509558, 3.46931806098854, 3.4710526200479475, 3.4710526200479475, 3.4710526200479475, 3.4710526200479475, 3.4710526200479475, 3.4710526200479475, 3.4710526200479475, 3.4710526200479475, 3.4710526200479475, 3.4710526200479475, 3.4710526200479475, 3.4710526200479475, 4.652456541697835, 4.652456541697835, 4.6575736630351985, 4.658061007924471, 4.658061007924471, 4.658061007924471, 4.658061007924471, 4.658061007924471, 4.658061007924471, 4.658061007924471], "O35": 3.2093039004044828, "O46": 3.157805316990862,