{"O23": 3.585138116644481, "O34": [4.697590412791753, 4.697590412791753, 4.684375001428097, 4.684375001428097, 4.684375001428097, 4.684375001428097, 4.69977474595942, 4.69977474595942, 4.69977474595942, 4.69977474595942, 4.687216360722615, 4.687216360722615, 4.687216360722615, 4.670814106499593, 4.653452380737646, 4.653452380737646, 4.653452380737646, 4.648185677368879, 4.636079542688891, 4.636079542688891, 4.636079542688891, 4.634285239659554, 4.623632249712148, 4.623632249712148, 4.623632249712148, 4.620114547685601, 4.620114547685601, 4.620114547685601, 4.620114547685601, 4.573278913335816, 4.573278913335816, 4.573278913335816, 4.573278913335816, 4.55799643449133, 4.55799643449133, 4.55799643449133, 2.8141546943724247, 2.8139528099521263, 2.8212258894059863, 2.8212258894059863, 2.8212258894059863, 2.8212258894059863, 2.8213300759686555, 2.8213300759686555, 2.8213300759686555, 2.8213300759686555, 2.818543315223354, 2.818543315223354, 2.818543315223354, 2.818543315223354, 2.8317870117955497, 2.8317870117955497, 2.8317870117955497, 2.8317870117955497, 2.828346717316099, 2.828346717316099, 2.828346717316099, 2.828346717316099, 2.823121641607267], "O35": 3.203499910146393, "O46": 2.536769486639149, "O22": [3.6895161660986475, 3.6895161660986475, 3.6773208658564593, 3.6773208658564593, 3.6773208658564593, 3.6773208658564593, 3.6915318883547044, 3.6915318883547044, 3.6915318883547044, 3.6915318883547044, 3.67994289772055, 3.67994289772055, 3.67994289772055, 3.664806750279197, 3.6487851938884694, 3.6487851938884694, 3.6487851938884694, 3.6439250327401522, 3.6327533829797196, 3.6327533829797196, 3.6327533829797196, 3.6310975840366444, 3.621266909280435, 3.621266909280435, 3.621266909280435, 3.618020742271644, 3.618020742271644, 3.618020742271644, 3.618020742271644, 3.5748003984464223, 3.5748003984464223, 3.5748003984464223, 3.5748003984464223, 3.560697589776694, 3.560697589776694, 3.560697589776694, 1.9555633940064527, 1.9555633940064527, 1.962278565709938, 1.962278565709938, 1.962278565709938, 1.962278565709938, 1.9623747602671349, 1.9623747602671349, 1.9623747602671349, 1.9623747602671349, 1.9598017680401214, 1.9598017680401214, 1.9598017680401214, 1.9598017680401214, 1.9720295591752723, 1.9720295591752723, 1.9720295591752723, 1.9720295591752723, 1.9688531648726082, 1.9688531648726082, 1.9688531648726082, 1.9688531648726082, 1.9640288974118838], "O21": [4.553999999999999, 4.553999999999999, 4.553999999999999, 4.553999999999999, 4.553999999999999, 4.553999999999999, 4.553999999999999, 4.553999999999999, 4.553999999999999, 4.553999999999999, 4.553999999999999, 4.553999999999999, 4.553999999999999, 4.553999999999999, 4.553999999999999, 4.553999999999999, 4.553999999999999, 4.553999999999999, 4.553999999999999, 4.553999999999999, 4.553999999999999, 4.553999999999999, 4.553999999999999, 4.553999999999999, 4.553999999999999, 4.553999999999999, 4.553999999999999, 4.553999999999999, 4.553999999999999, 4.553999999999999, 4.553999999999999, 4.553999999999999, 4.553999999999999, 4.553999999999999, 4.553999999999999, 4.553999999999999, 4.532, 4.531000000000001, 4.531000000000001, 4.531000000000001, 4.531000000000001, 4.531000000000001, 4.531000000000001, 4.531000000000001, 4.531000000000001, 4.531000000000001, 4.531000000000001, 4.531000000000001, 4.531000000000001, 4.531000000000001, 4.531000000000001, 4.531000000000001, 4.531000000000001, 4.531000000000001, 4.531000000000001, 4.531000000000001, 4.531000000000001, 4.531000000000001, 4.531000000000001], "mode": "0"}