{"O23": 5.0, "O34": [5.0, 5.0, 5.0, 5.0, 5.0, 5.0, 5.0, 5.0, 5.0, 5.0, 5.0, 5.0, 5.0, 5.0, 5.0, 5.0, 5.0, 5.0, 5.0, 5.0, 5.0, 5.0, 5.0, 5.0, 5.0, 5.0, 5.0, 5.0, 5.0, 5.0, 5.0, 4.687161129037123, 4.687161129037123, 4.687161129037123, 4.687161129037123, 4.687161129037123, 4.687161129037123, 4.687161129037123, 4.687161129037123, 2.7574802876835927, 2.752868879194261, 2.7335867710174875, 2.7335867710174875, 2.7335867710174875, 2.7335867710174875, 2.717962393843338, 2.717962393843338, 2.717962393843338, 2.717962393843338, 2.717962393843338, 2.717962393843338, 2.717962393843338, 2.717962393843338, 2.6829775152076323, 2.6829775152076323, 2.6829775152076323, 2.6829775152076323, 2.665895880497115, 2.665895880497115], "O35": 3.1321716221451177, "O46": 3.1603212098713382, "O22": [4.253162941272981, 4.25791543846648, 4.25791543846648, 4.25791543846648, 4.25791543846648, 4.2700049751765015, 4.2700049751765015, 4.2700049751765015, 4.2700049751765015, 4.280230174655576, 4.280230174655576, 4.280230174655576, 4.280230174655576, 4.300829983869992, 4.300829983869992, 4.300829983869992, 4.300829983869992, 4.311767643224637, 4.311767643224637, 4.311767643224637, 4.311767643224637, 4.315470213168544, 4.315470213168544, 4.315470213168544, 4.315470213168544, 4.3249007655343075, 4.3249007655343075, 4.3249007655343075, 4.3249007655343075, 4.329102150866719, 4.329102150866719, 3.6798919294253594, 3.6798919294253594, 3.6798919294253594, 3.6798919294253594, 3.6798919294253594, 3.6798919294253594, 3.6798919294253594, 3.6798919294253594, 1.8991651261248625, 1.8991651261248625, 1.8813621214920047, 1.8813621214920047, 1.8813621214920047, 1.8813621214920047, 1.8669362684334698, 1.8669362684334698, 1.8669362684334698, 1.8669362684334698, 1.8669362684334698, 1.8669362684334698, 1.8669362684334698, 1.8669362684334698, 1.8346350308965034, 1.8346350308965034, 1.8346350308965034, 1.8346350308965034, 1.8188637044886138, 1.8188637044886138], "O21": [4.553999999999999, 4.553999999999999, 4.553999999999999, 4.553999999999999, 4.553999999999999, 4.553999999999999, 4.553999999999999, 4.553999999999999, 4.553999999999999, 4.553999999999999, 4.553999999999999, 4.553999999999999, 4.553999999999999, 4.553999999999999, 4.553999999999999, 4.553999999999999, 4.553999999999999, 4.553999999999999, 4.553999999999999, 4.553999999999999, 4.553999999999999, 4.553999999999999, 4.553999999999999, 4.553999999999999, 4.553999999999999, 4.553999999999999, 4.553999999999999, 4.553999999999999, 4.553999999999999, 4.553999999999999, 4.553999999999999, 4.553999999999999, 4.553999999999999, 4.553999999999999, 4.553999999999999, 4.553999999999999, 4.553999999999999, 4.553999999999999, 4.553999999999999, 4.553999999999999, 4.531000000000001, 4.531000000000001, 4.531000000000001, 4.531000000000001, 4.531000000000001, 4.531000000000001, 4.531000000000001, 4.531000000000001, 4.531000000000001, 4.531000000000001, 4.531000000000001, 4.531000000000001, 4.531000000000001, 4.531000000000001, 4.531000000000001, 4.531000000000001, 4.531000000000001, 4.531000000000001, 4.531000000000001, 4.531000000000001], "mode": "0"}