{"O23": 5.0, "O34": [2.7577667058062554, 2.7650648557840976, 2.7650648557840976, 2.7650648557840976, 2.7650648557840976, 2.7467906411200467, 2.7467906411200467, 2.7467906411200467, 2.7467906411200467, 2.7527599228659714, 2.7527599228659714, 2.7527599228659714, 2.7527599228659714, 2.750150009359606, 2.750150009359606, 2.750150009359606, 2.750150009359606, 2.748155619454364, 2.748155619454364, 2.748155619454364, 2.748155619454364, 2.7476854629248395, 2.7476854629248395, 4.645804943918709, 4.651405932853525, 4.651405932853525, 4.651405932853525, 4.651405932853525, 4.651405932853525, 4.651405932853525, 4.651405932853525, 4.651405932853525, 4.651405932853525, 4.651405932853525, 4.651405932853525, 5.0, 5.0, 5.0, 5.0, 5.0, 5.0, 5.0, 5.0, 5.0, 5.0, 5.0, 5.0, 5.0, 5.0, 5.0, 5.0, 5.0, 5.0, 5.0, 5.0, 5.0, 5.0, 5.0, 5.0], "O35": 3.7547522783028766, "O46": 3.7640562871271572, "O22": [1.9036872473091695, 1.9104255664118142, 1.9104255664118142, 1.9104255664118142, 1.9104255664118142, 1.8935531411902904, 1.8935531411902904, 1.8935531411902904, 1.8935531411902904, 1.8990645276840938, 1.8990645276840938, 1.8990645276840938, 1.8990645276840938, 1.8966548169917148, 1.8966548169917148, 1.8966548169917148, 1.8966548169917148, 1.8948134139460917, 1.8948134139460917, 1.8948134139460917, 1.8948134139460917, 1.8943793224662306, 1.8943793224662306, 3.6468967134098755, 3.6468967134098755, 3.6468967134098755, 3.6468967134098755, 3.6468967134098755, 3.6468967134098755, 3.6468967134098755, 3.6468967134098755, 3.6468967134098755, 3.6468967134098755, 3.6468967134098755, 3.6468967134098755, 4.2039445518102205, 4.2039445518102205, 4.229818492054354, 4.229818492054354, 4.229818492054354, 4.229818492054354, 4.230097426774822, 4.230097426774822, 4.230097426774822, 4.230097426774822, 4.236367422559676, 4.236367422559676, 4.236367422559676, 4.236367422559676, 4.238845077166202, 4.238845077166202, 4.238845077166202, 4.238845077166202, 4.2454550226692795, 4.2454550226692795, 4.2454550226692795, 4.2454550226692795, 4.2640194226433685, 4.2640194226433685], "O21": [4.531000000000001, 4.531000000000001, 4.531000000000001, 4.531000000000001, 4.531000000000001, 4.531000000000001, 4.531000000000001, 4.531000000000001, 4.531000000000001, 4.531000000000001, 4.531000000000001, 4.531000000000001, 4.531000000000001, 4.531000000000001, 4.531000000000001, 4.531000000000001, 4.531000000000001, 4.531000000000001, 4.531000000000001, 4.531000000000001, 4.531000000000001, 4.531000000000001, 4.531000000000001, 4.531000000000001, 4.553999999999999, 4.553999999999999, 4.553999999999999, 4.553999999999999, 4.553999999999999, 4.553999999999999, 4.553999999999999, 4.553999999999999, 4.553999999999999, 4.553999999999999, 4.553999999999999, 4.553999999999999, 4.553999999999999, 4.553999999999999, 4.553999999999999, 4.553999999999999, 4.553999999999999, 4.553999999999999, 4.553999999999999, 4.553999999999999, 4.553999999999999, 4.553999999999999, 4.553999999999999, 4.553999999999999, 4.553999999999999, 4.553999999999999, 4.553999999999999, 4.553999999999999, 4.553999999999999, 4.553999999999999, 4.553999999999999, 4.553999999999999, 4.553999999999999, 4.553999999999999, 4.553999999999999, 4.553999999999999], "mode": "0"}