{"O23": 3.529749080146328, "O34": [1.8513980388057878, 1.8513980388057878, 1.8513980388057878, 1.8513980388057878, 1.8513980388057878, 1.852992256533105, 1.852992256533105, 1.852992256533105, 1.852992256533105, 1.852992256533105, 1.8606249395122074, 1.8606249395122074, 1.8606249395122074, 1.8606249395122074, 1.8643579849885066, 1.860383749136437, 1.860383749136437, 1.860383749136437, 1.860383749136437, 1.860836038169253, 1.8581193042623878, 1.8581193042623878, 1.8581193042623878, 1.8581193042623878, 1.8600995884630476, 1.8578032597066998, 1.8578032597066998, 1.8578032597066998, 1.8578032597066998, 1.8578161872361436, 1.8526941955597938, 1.8526941955597938, 1.8526941955597938, 1.8526941955597938, 1.842933851729884, 1.8456222517043641, 1.8456222517043641, 1.8456222517043641, 1.8456222517043641, 1.8459795579856701, 1.848087896671602, 1.848087896671602, 1.848087896671602, 1.848087896671602, 1.8483311329095207, 1.8488762729902124, 1.8488762729902124, 1.8488762729902124, 1.8488762729902124, 1.8489667628600392, 1.8480898050376788, 1.8480898050376788, 1.8480898050376788, 1.8480898050376788, 1.8521037405526732, 1.8545399292100704, 1.8545399292100704, 1.8545399292100704, 1.8545399292100704, 1.854106363247855, 1.8568775793813965, 1.8568775793813965, 1.8568775793813965, 1.8568775793813965, 1.8569855697121183, 1.8596122704355544, 1.8596122704355544, 1.8596122704355544, 1.8596122704355544, 1.8617314263238829, 1.863883675642565, 1.863883675642565, 1.863883675642565, 1.863883675642565, 1.8686038594473382, 1.865653221840546, 1.865653221840546, 1.865653221840546, 1.865653221840546, 1.866022830078546, 1.8636842689865134, 1.8636842689865134, 1.8636842689865134, 1.8636842689865134, 1.8626473001487538, 1.8647057726569134, 1.8647057726569134, 1.8647057726569134, 1.8647057726569134, 1.8633758739213098, 1.8745203911571955, 1.8745203911571955, 1.8745203911571955, 1.8745203911571955, 1.8750475195466483, 1.869821453723772, 1.869821453723772, 1.869821453723772, 1.869821453723772, 1.873776170354315, 1.8669787103390065, 1.8669787103390065, 1.8669787103390065, 1.8669787103390065, 1.8701160809763415, 1.8682109039801347, 1.8682109039801347, 1.8682109039801347, 1.8682109039801347, 1.867043506550381, 1.8632463002138542, 1.8632463002138542, 1.8632463002138542, 1.8632463002138542, 1.8489198909530975, 1.8483320865088246, 1.8483320865088246, 1.8483320865088246, 1.8483320865088246, 1.8483311329095207, 1.848744986873691, 1.848744986873691, 1.848744986873691, 1.848744986873691, 1.8511931097955074, 1.8521928220560944, 1.8521928220560944, 1.8521928220560944, 1.8521928220560944, 1.8500927297450902, 1.849194926008635, 1.849194926008635, 1.849194926008635, 1.849194926008635, 1.8495507031752632, 1.8497582185115167, 1.8497582185115167, 1.8497582185115167, 1.8497582185115167, 1.85070184627333, 1.8489344291862104, 1.8489344291862104, 1.8489344291862104, 1.8489344291862104, 1.8485681717905267, 1.8520416803575017, 1.8520416803575017, 1.8520416803575017, 1.8520416803575017, 1.851003661965366, 1.8519483699359172, 1.8519483699359172, 1.8519483699359172, 1.8519483699359172, 1.8535264280347472, 1.8541697047084438, 1.8541697047084438, 1.8541697047084438, 1.8541697047084438, 1.855061652258986, 1.8493449858286546, 1.8493449858286546, 1.8493449858286546, 1.8493449858286546, 1.8512141129767208, 1.8493937276182626, 1.8493937276182626, 1.8493937276182626, 1.8493937276182626, 1.845239972180295, 1.845239972180295, 1.845239972180295, 1.845239972180295, 1.845239972180295, 1.8417143967788525, 1.8417143967788525, 1.8417143967788525, 1.8417143967788525, 1.8417143967788525, 1.834115955793401], "O35": 1.8529613297114802, "O46": 1.6039278003446262, "O22": [1.0873445352098496, 1.0873445352098496, 1.0873445352098496, 1.0873445352098496, 1.0873445352098496, 1.088820589347809, 1.088820589347809, 1.088820589347809, 1.088820589347809, 1.088820589347809, 1.09588753704384, 1.09588753704384, 1.09588753704384, 1.09588753704384, 1.0993438887880616, 1.0956642237246543, 1.0956642237246543, 1.0956642237246543, 1.0956642237246543, 1.0960829890457282, 1.093567619748141, 1.093567619748141, 1.093567619748141, 1.093567619748141, 1.0954011250709295, 1.0932750004489016, 1.0932750004489016, 1.0932750004489016, 1.0932750004489016, 1.093286969788473, 1.0885446206858869, 1.0885446206858869, 1.0885446206858869, 1.0885446206858869, 1.0795077145900747, 1.0819968500693917, 1.0819968500693917, 1.0819968500693917, 1.0819968500693917, 1.08232767277071, 1.0842797411665537, 1.0842797411665537, 1.0842797411665537, 1.0842797411665537, 1.0845049487083651, 1.085009682947663, 1.085009682947663, 1.085009682947663, 1.085009682947663, 1.0850934656986089, 1.0842815080843318, 1.0842815080843318, 1.0842815080843318, 1.0842815080843318, 1.0879979302673795, 1.090253548359553, 1.090253548359553, 1.090253548359553, 1.090253548359553, 1.0898521183530736, 1.0924179316488383, 1.0924179316488383, 1.0924179316488383, 1.0924179316488383, 1.0925179177246358, 1.09494992710803, 1.09494992710803, 1.09494992710803, 1.09494992710803, 1.0969120109340655, 1.0989047353018386, 1.0989047353018386, 1.0989047353018386, 1.0989047353018386, 1.1032750585754916, 1.100543122545365, 1.100543122545365, 1.100543122545365, 1.100543122545365, 1.1008853353810244, 1.0987201086885738, 1.0987201086885738, 1.0987201086885738, 1.0987201086885738, 1.097760000092563, 1.0996658983970924, 1.0996658983970924, 1.0996658983970924, 1.0996658983970924, 1.0984345718987614, 1.1087530563188732, 1.1087530563188732, 1.1087530563188732, 1.1087530563188732, 1.1092411138954232, 1.1044024046332412, 1.1044024046332412, 1.1044024046332412, 1.1044024046332412, 1.1080639972419202, 1.1017703656938043, 1.1017703656938043, 1.1017703656938043, 1.1017703656938043, 1.1046751940821722, 1.1029112290097676, 1.1029112290097676, 1.1029112290097676, 1.1029112290097676, 1.1018303592030247, 1.098314602208434, 1.098314602208434, 1.098314602208434, 1.098314602208434, 1.0850500679424493, 1.0845058316267862, 1.0845058316267862, 1.0845058316267862, 1.0845058316267862, 1.0845049487083651, 1.084888127772214, 1.084888127772214, 1.084888127772214, 1.084888127772214, 1.087154795559845, 1.088080409040189, 1.088080409040189, 1.088080409040189, 1.088080409040189, 1.0861359757970768, 1.085304717370099, 1.085304717370099, 1.085304717370099, 1.085304717370099, 1.0856341242948835, 1.0858262585721021, 1.0858262585721021, 1.0858262585721021, 1.0858262585721021, 1.0866999445427519, 1.0850635286001609, 1.0850635286001609, 1.0850635286001609, 1.0850635286001609, 1.0847244182420248, 1.0879404699805466, 1.0879404699805466, 1.0879404699805466, 1.0879404699805466, 1.086979389623243, 1.0878540757374426, 1.0878540757374426, 1.0878540757374426, 1.0878540757374426, 1.089315168000316, 1.0899107649377933, 1.0899107649377933, 1.0899107649377933, 1.0899107649377933, 1.0907366012399877, 1.085443654740124, 1.085443654740124, 1.085443654740124, 1.085443654740124, 1.0871742419830086, 1.0854887837830458, 1.0854887837830458, 1.0854887837830458, 1.0854887837830458, 1.0816429051447491, 1.0816429051447491, 1.0816429051447491, 1.0816429051447491, 1.0816429051447491, 1.0783786457711286, 1.0783786457711286, 1.0783786457711286, 1.0783786457711286, 1.0783786457711286, 1.0713434020484973],