{"O23": 2.0062846216631454, "O34": [2.783828094330654, 2.8016616458437165, 2.8016616458437165, 2.8016616458437165, 2.8016616458437165, 2.7981469942099833, 2.7981469942099833, 2.7981469942099833, 2.7981469942099833, 2.7902346584461295, 2.7902346584461295, 2.7902346584461295, 2.7902346584461295, 2.7884531804404666, 2.7884531804404666, 2.7884531804404666, 2.7884531804404666, 2.7722471721219057, 2.7722471721219057, 2.7722471721219057, 2.7722471721219057, 2.767736347234371, 2.767736347234371, 2.767736347234371, 2.767736347234371, 2.752979708520293, 2.752979708520293, 2.752979708520293, 2.752979708520293, 2.7999865891257842, 2.7999865891257842, 2.7999865891257842, 2.7999865891257842, 2.8469067470747977, 2.8469067470747977, 2.8469067470747977, 2.8469067470747977, 2.858238859604516, 2.858238859604516, 2.858238859604516, 2.858238859604516, 2.8511207181580795, 2.8511207181580795, 2.8511207181580795, 2.8511207181580795, 2.865327632302388, 2.865327632302388, 2.865327632302388, 2.865327632302388, 2.8836105676779265, 2.8836105676779265, 2.8836105676779265, 2.8836105676779265, 2.8446420654304783, 2.8446420654304783, 2.8446420654304783], "O35": 2.8256206940030735, "O46": 1.6929831637809922, "O22": [1.9277495031779273, 1.9442150679023174, 1.9442150679023174, 1.9442150679023174, 1.9442150679023174, 1.9409700202786555, 1.9409700202786555, 1.9409700202786555, 1.9409700202786555, 1.9336646287224404, 1.9336646287224404, 1.9336646287224404, 1.9336646287224404, 1.9320198054024285, 1.9320198054024285, 1.9320198054024285, 1.9320198054024285, 1.9170569373109085, 1.9170569373109085, 1.9170569373109085, 1.9170569373109085, 1.912892131490167, 1.912892131490167, 1.912892131490167, 1.912892131490167, 1.8992674538883374, 1.8992674538883374, 1.8992674538883374, 1.8992674538883374, 1.94266850244193, 1.94266850244193, 1.94266850244193, 1.94266850244193, 1.9859894807127048, 1.9859894807127048, 1.9859894807127048, 1.9859894807127048, 1.9964523227431032, 1.9964523227431032, 1.9964523227431032, 1.9964523227431032, 1.9898802039692396, 1.9898802039692396, 1.9898802039692396, 1.9898802039692396, 2.0029973256040203, 2.0029973256040203, 2.0029973256040203, 2.0029973256040203, 2.019877802583453, 2.019877802583453, 2.019877802583453, 2.019877802583453, 1.9838985196291892, 1.9838985196291892, 1.9838985196291892], "O21": [4.531000000000001, 4.531000000000001, 4.531000000000001, 4.531000000000001, 4.531000000000001, 4.531000000000001, 4.531000000000001, 4.531000000000001, 4.531000000000001, 4.531000000000001, 4.531000000000001, 4.531000000000001, 4.531000000000001, 4.531000000000001, 4.531000000000001, 4.531000000000001, 4.531000000000001, 4.531000000000001, 4.531000000000001, 4.531000000000001, 4.531000000000001, 4.531000000000001, 4.531000000000001, 4.531000000000001, 4.531000000000001, 4.531000000000001, 4.531000000000001, 4.531000000000001, 4.531000000000001, 4.531000000000001, 4.531000000000001, 4.531000000000001, 4.531000000000001, 4.531000000000001, 4.531000000000001, 4.531000000000001, 4.531000000000001, 4.531000000000001, 4.531000000000001, 4.531000000000001, 4.531000000000001, 4.531000000000001, 4.531000000000001, 4.531000000000001, 4.531000000000001, 4.531000000000001, 4.531000000000001, 4.531000000000001, 4.531000000000001, 4.531000000000001, 4.531000000000001, 4.531000000000001, 4.531000000000001, 4.531000000000001, 4.531000000000001, 4.531000000000001, 4.531000000000001], "mode": "0"}