{"O23": 2.279663330119395, "O34": [5.0, 5.0, 5.0, 5.0, 5.0, 5.0, 5.0, 5.0, 5.0, 5.0, 5.0, 5.0, 5.0, 5.0, 5.0, 5.0, 5.0, 5.0, 5.0, 5.0, 5.0, 5.0, 5.0, 5.0, 5.0, 5.0, 5.0, 5.0, 5.0, 5.0, 5.0, 5.0, 5.0, 5.0, 5.0, 5.0, 5.0, 5.0, 5.0, 3.5929519637833507, 3.587904019448204, 3.587904019448204, 3.587904019448204, 3.587904019448204, 3.5938357785958503, 3.5938357785958503, 3.5938357785958503, 3.5938357785958503, 3.5938357785958503, 3.591832736788802, 3.591832736788802, 3.591832736788802, 3.591832736788802, 3.591832736788802, 3.599304096993832, 3.599304096993832, 3.599304096993832, 3.599304096993832, 3.599304096993832, 3.6199851044306577, 3.6199851044306577, 3.6199851044306577, 3.6199851044306577, 3.6199851044306577, 3.639261760136754, 3.639261760136754, 3.639261760136754, 3.639261760136754, 3.639261760136754, 3.6459742605499463, 3.6459742605499463, 3.6459742605499463, 3.6459742605499463, 3.6459742605499463, 3.664427070110648, 3.664427070110648, 3.664427070110648, 3.664427070110648, 3.664427070110648, 1.887488359582874, 1.8656073619510702, 1.8656073619510702, 1.8656073619510702, 1.8656073619510702, 1.859934378540168, 1.859934378540168, 1.859934378540168, 1.859934378540168, 1.859934378540168, 1.858059522733262, 1.858059522733262, 1.858059522733262, 1.858059522733262, 1.858059522733262, 1.8521834768971843, 1.8521834768971843, 1.8521834768971843, 1.8521834768971843, 1.8521834768971843, 1.8502196363329744, 1.8502196363329744, 1.8502196363329744, 1.8502196363329744, 1.8502196363329744, 1.8465441980472121, 1.8465441980472121, 1.8465441980472121, 1.8465441980472121, 1.8465441980472121, 1.8468129746311868, 1.8468129746311868, 1.8468129746311868, 1.8468129746311868, 1.8468129746311868, 1.8487608133651052, 1.8487608133651052, 1.8487608133651052, 1.8487608133651052, 1.8487608133651052, 1.8526419596844321, 1.8526419596844321, 1.8526419596844321, 1.8526419596844321, 1.8526419596844321, 1.8561386767988026, 1.8561386767988026, 1.8561386767988026, 1.8561386767988026, 1.8561386767988026, 1.8583570146947357, 1.8583570146947357, 1.8583570146947357, 1.8583570146947357, 1.8583570146947357, 1.863192800052856, 1.863192800052856, 1.863192800052856, 1.863192800052856, 1.8665014500924446, 1.8677822770290395, 1.8677822770290395, 1.8677822770290395, 1.8677822770290395, 1.869158151934019, 1.8702192513719431, 1.8702192513719431, 1.8702192513719431, 1.8702192513719431, 1.8722278218743997, 1.8733546674626675, 1.8733546674626675, 1.8733546674626675, 1.8733546674626675, 1.87377209264662, 1.87377209264662, 1.87377209264662, 1.87377209264662, 1.87377209264662, 1.8705053281652144, 1.8705053281652144, 1.8705053281652144, 1.8705053281652144, 1.8705053281652144, 1.8664243523443016, 1.8664243523443016, 1.8664243523443016, 1.8664243523443016, 1.8664243523443016, 1.8640020528618977, 1.8640020528618977, 1.8640020528618977, 1.8640020528618977, 1.8640020528618977, 1.8577640708274463, 1.8577640708274463, 1.8577640708274463, 1.8577640708274463, 1.8577640708274463, 5.0, 5.0, 5.0, 5.0, 5.0, 5.0, 5.0, 5.0, 5.0, 5.0, 5.0, 5.0, 5.0, 5.0, 5.0, 5.0, 5.0, 5.0, 5.0, 5.0, 5.0, 5.0, 5.0, 5.0, 5.0, 5.0, 5.0, 5.0, 5.0, 5.0, 5.0, 5.0, 5.0, 5.0, 5.0, 5.0, 5.0, 5.0, 5.0, 5.0, 5.0, 5.0, 5.0, 5.0, 5.0, 5.0, 5.0, 5.0, 5.0, 5.0, 5.0, 5.0, 5.0, 5.0, 5.0, 5.0, 5.0, 5.0, 5.0, 5.0, 5.0, 5.0, 5.0, 5.0, 5.0, 5.0, 5.0, 5.0, 5.0, 5.0, 5.0, 5.0, 5.0, 5.0, 5.0, 5.0, 5.0, 5.0, 5.0, 5.0, 5.0, 5.0, 5.0, 5.0, 5.0, 5.0, 5.0, 5.0, 5.0, 5.0, 5.0, 5.0, 5.0, 5.0, 5.0, 5.0, 5.0, 5.0, 5.0, 5.0, 5.0, 5.0, 5.0, 5.0, 5.0, 5.0, 5.0, 5.0, 5.0, 5.0, 5.0, 5.0, 5.0, 5.0, 5.0, 5.0, 5.0, 5.0], "O35": 3.137712850137096, "O46": 1.9625122315335237, "O22": [4.225156814182257, 4.225156814182257, 4.225156814182257, 4.225156814182257, 4.249630225829879, 4.249630225829879, 4.249630225829879, 4.249630225829879, 4.249630225829879, 4.259843808949736, 4.259843808949736, 4.259843808949736, 4.259843808949736, 4.259843808949736, 4.279937058297207, 4.279937058297207, 4.279937058297207, 4.279937058297207, 4.279937058297207, 4.300818776431076, 4.300818776431076, 4.300818776431076, 4.300818776431076, 4.300818776431076, 4.286972019451989, 4.286972019451989, 4.286972019451989, 4.286972019451989, 4.286972019451989, 4.281270494889336, 4.281270494889336, 4.281270494889336, 4.281270494889336, 4.281270494889336, 4.276145172461602, 4.276145172461602, 4.276145172461602, 4.276145172461602, 4.276145172461602, 2.670145888925868, 2.670145888925868, 2.670145888925868, 2.670145888925868, 2.670145888925868, 2.675622631127416, 2.675622631127416, 2.675622631127416, 2.675622631127416, 2.675622631127416, 2.67377323985527, 2.67377323985527, 2.67377323985527, 2.67377323985527, 2.67377323985527, 2.6806714824708844, 2.6806714824708844, 2.6806714824708844, 2.6806714824708844, 2.6806714824708844, 2.6997660787585187, 2.6997660787585187, 2.6997660787585187, 2.6997660787585187, 2.6997660787585187, 2.7175640491720974, 2.7175640491720974, 2.7175640491720974, 2.7175640491720974, 2.7175640491720974, 2.7237616430689138, 2.7237616430689138, 2.7237616430689138, 2.7237616430689138, 2.7237616430689138, 2.740798963422408, 2.740798963422408, 2.740798963422408, 2.740798963422408, 2.740798963422408, 1.1005006617958282, 1.1005006617958282, 1.1005006617958282, 1.1005006617958282, 1.1005006617958282, 1.0952481605252968, 1.0952481605252968, 1.0952481605252968, 1.0952481605252968, 1.0952481605252968, 1.0935122692323815, 1.0935122692323815, 1.0935122692323815, 1.0935122692323815, 1.0935122692323815, 1.088071756545462, 1.088071756545462, 1.088071756545462, 1.088071756545462, 1.088071756545462, 1.086253476055022, 1.086253476055022, 1.086253476055022, 1.086253476055022, 1.086253476055022, 1.0828504616501808, 1.0828504616501808, 1.0828504616501808, 1.0828504616501808, 1.0828504616501808, 1.0830993164848526, 1.0830993164848526, 1.0830993164848526, 1.0830993164848526, 1.0830993164848526, 1.0849027812023828, 1.0849027812023828, 1.0849027812023828, 1.0849027812023828, 1.0849027812023828, 1.0884962565392233, 1.0884962565392233, 1.0884962565392233, 1.0884962565392233, 1.0884962565392233, 1.0917337966051124, 1.0917337966051124, 1.0917337966051124, 1.0917337966051124, 1.0917337966051124, 1.0937877110576848, 1.0937877110576848, 1.0937877110576848, 1.0937877110576848, 1.0937877110576848, 1.0982650674851213, 1.0982650674851213, 1.0982650674851213, 1.0982650674851213, 1.101328480028032, 1.102514371934373, 1.102514371934373, 1.102514371934373, 1.102514371934373, 1.1037882668434624, 1.104770717476959, 1.104770717476959, 1.104770717476959, 1.104770717476959, 1.1066304125178137, 1.1076737361899216, 1.1076737361899216, 1.1076737361899216, 1.1076737361899216, 1.108060221774358, 1.108060221774358, 1.108060221774358, 1.108060221774358, 1.108060221774358, 1.1050355902275544, 1.1050355902275544, 1.1050355902275544, 1.1050355902275544, 1.1050355902275544, 1.101257096773271, 1.101257096773271, 1.101257096773271, 1.101257096773271, 1.101257096773271, 1.0990143383889466, 1.0990143383889466, 1.0990143383889466, 1.0990143383889466, 1.0990143383889466, 1.093238716253592, 1.093238716253592, 1.093238716253592, 1.093238716253592, 1.093238716253592, 4.3404605107672705, 4.3404605107672705, 4.3404605107672705, 4.3404605107672705, 4.3404605107672705, 4.33779922539802, 4.33779922539802, 4.33779922539802, 4.33779922539802, 4.33779922539802, 4.339773460425047, 4.339773460425047, 4.339773460425047, 4.339773460425047, 4.339773460425047, 4.345326096419426, 4.345326096419426, 4.345326096419426, 4.345326096419426, 4.345326096419426, 4.356177780442242, 4.356177780442242, 4.356177780442242, 4.356177780442242, 4.356177780442242, 4.331439873143029, 4.331439873143029, 4.331439873143029, 4.331439873143029, 4.331439873143029, 4.311241984677773, 4.311241984677773, 4.311241984677773, 4.311241984677773, 4.311241984677773, 4.2965417204717875, 4.2965417204717875, 4.2965417204717875, 4.2965417204717875, 4.2965417204717875, 4.277920424481608, 4.277920424481608, 4.277920424481608, 4.277920424481608, 4.277920424481608, 4.245202314407118, 4.245202314407118, 4.245202314407118, 