{"O23": 3.9873683289397492, "O34": [4.601767854556675, 4.600907068789955, 4.600907068789955, 4.600907068789955, 4.600907068789955, 4.614914850766415, 4.614914850766415, 4.614914850766415, 4.614914850766415, 4.614914850766415, 4.614914850766415, 4.614914850766415, 4.614914850766415, 4.6159811685126355, 4.6159811685126355, 4.6159811685126355, 4.6159811685126355, 4.627415675233061, 4.627415675233061, 2.764694462282096, 2.7600792843701734, 2.7606753817518994, 2.7606753817518994, 2.7606753817518994, 2.7606753817518994, 2.776955478738977, 2.776955478738977, 2.776955478738977, 2.776955478738977, 2.7808542764475863, 2.7808542764475863, 2.7808542764475863, 2.7808542764475863, 2.778685187670207, 2.778685187670207, 2.778685187670207, 2.778685187670207, 2.7843789091681876, 2.7843789091681876, 2.7843789091681876, 2.7843789091681876, 2.797827404282299, 2.797827404282299, 2.797827404282299, 2.797827404282299, 2.8056514794428558, 2.8056514794428558, 2.8056514794428558, 2.8056514794428558, 2.7993497544381074, 2.7993497544381074, 2.7993497544381074, 2.7993497544381074, 2.799248433588591, 2.799248433588591, 2.799248433588591, 2.799248433588591, 2.800938124029573, 2.800938124029573], "O35": 2.958034672052781, "O46": 2.495568093835576, "O22": [3.601090249152538, 3.6002959083196666, 3.6002959083196666, 3.6002959083196666, 3.6002959083196666, 3.6132224152765238, 3.6132224152765238, 3.6132224152765238, 3.6132224152765238, 3.6132224152765238, 3.6132224152765238, 3.6132224152765238, 3.6132224152765238, 3.614206422865156, 3.614206422865156, 3.614206422865156, 3.614206422865156, 3.624758288315247, 3.624758288315247, 1.905822431206585, 1.905822431206585, 1.9063728027920581, 1.9063728027920581, 1.9063728027920581, 1.9063728027920581, 1.9214040763139772, 1.9214040763139772, 1.9214040763139772, 1.9214040763139772, 1.9250038027045053, 1.9250038027045053, 1.9250038027045053, 1.9250038027045053, 1.9230011016928348, 1.9230011016928348, 1.9230011016928348, 1.9230011016928348, 1.9282580657798247, 1.9282580657798247, 1.9282580657798247, 1.9282580657798247, 1.9406749456472399, 1.9406749456472399, 1.9406749456472399, 1.9406749456472399, 1.9478988469475658, 1.9478988469475658, 1.9478988469475658, 1.9478988469475658, 1.9420805184522578, 1.9420805184522578, 1.9420805184522578, 1.9420805184522578, 1.9419869697833672, 1.9419869697833672, 1.9419869697833672, 1.9419869697833672, 1.94354704643438, 1.94354704643438], "O21": [4.553999999999999, 4.553999999999999, 4.553999999999999, 4.553999999999999, 4.553999999999999, 4.553999999999999, 4.553999999999999, 4.553999999999999, 4.553999999999999, 4.553999999999999, 4.553999999999999, 4.553999999999999, 4.553999999999999, 4.553999999999999, 4.553999999999999, 4.553999999999999, 4.553999999999999, 4.553999999999999, 4.553999999999999, 4.553999999999999, 4.531000000000001, 4.531000000000001, 4.531000000000001, 4.531000000000001, 4.531000000000001, 4.531000000000001, 4.531000000000001, 4.531000000000001, 4.531000000000001, 4.531000000000001, 4.531000000000001, 4.531000000000001, 4.531000000000001, 4.531000000000001, 4.531000000000001, 4.531000000000001, 4.531000000000001, 4.531000000000001, 4.531000000000001, 4.531000000000001, 4.531000000000001, 4.531000000000001, 4.531000000000001, 4.531000000000001, 4.531000000000001, 4.531000000000001, 4.531000000000001, 4.531000000000001, 4.531000000000001, 4.531000000000001, 4.531000000000001, 4.531000000000001, 4.531000000000001, 4.531000000000001, 4.531000000000001, 4.531000000000001, 4.531000000000001, 4.531000000000001, 4.531000000000001], "mode": "0"}