{"O23": 5.0, "O34": [1.8507294900690228, 1.8592809332631568, 1.8592809332631568, 1.8592809332631568, 1.8592809332631568, 1.863806614465979, 1.863806614465979, 1.863806614465979, 1.863806614465979, 1.8666005345976822, 1.8666005345976822, 1.8666005345976822, 1.8666005345976822, 1.8750096568915509, 1.8750096568915509, 1.8750096568915509, 1.8750096568915509, 1.8769278369412534, 1.8769278369412534, 1.8769278369412534, 1.8769278369412534, 1.8770140669169944, 1.8770140669169944, 1.8770140669169944, 1.8770140669169944, 1.8779780141732567, 1.8779780141732567, 1.8779780141732567, 1.8779780141732567, 1.878115447453041, 1.878115447453041, 1.878115447453041, 1.878115447453041, 1.877186446464187, 1.877186446464187, 1.877186446464187, 1.877186446464187, 1.8744105745606185, 1.8744105745606185, 1.8744105745606185, 1.8744105745606185, 1.8801006264372424, 1.8801006264372424, 1.8801006264372424, 1.8801006264372424, 1.882164721980571, 1.882164721980571, 5.0, 5.0, 5.0, 5.0, 5.0, 5.0, 5.0, 5.0, 5.0, 5.0, 5.0, 5.0], "O35": 2.2588069144643472, "O46": 2.3242525026732603, "O22": [1.0867255393773354, 1.0946431486824757, 1.0946431486824757, 1.0946431486824757, 1.0946431486824757, 1.0988333859079469, 1.0988333859079469, 1.0988333859079469, 1.0988333859079469, 1.101420220379088, 1.101420220379088, 1.101420220379088, 1.101420220379088, 1.1092060576243927, 1.1092060576243927, 1.1092060576243927, 1.1092060576243927, 1.11098206196257, 1.11098206196257, 1.11098206196257, 1.11098206196257, 1.1110619005632376, 1.1110619005632376, 1.1110619005632376, 1.1110619005632376, 1.111954399945223, 1.111954399945223, 1.111954399945223, 1.111954399945223, 1.112081646655533, 1.112081646655533, 1.112081646655533, 1.112081646655533, 1.1112215033198583, 1.1112215033198583, 1.1112215033198583, 1.1112215033198583, 1.108651379340242, 1.108651379340242, 1.108651379340242, 1.108651379340242, 1.1139196839599805, 1.1139196839599805, 1.1139196839599805, 1.1139196839599805, 1.1158307885197076, 1.1158307885197076, 4.2367357132173815, 4.2367357132173815, 4.2367357132173815, 4.2367357132173815, 4.2367357132173815, 4.2367357132173815, 4.2367357132173815, 4.2367357132173815, 4.2367357132173815, 4.2367357132173815, 4.2367357132173815, 4.2367357132173815], "O21": [4.408, 4.408, 4.408, 4.408, 4.408, 4.408, 4.408, 4.408, 4.408, 4.408, 4.408, 4.408, 4.408, 4.408, 4.408, 4.408, 4.408, 4.408, 4.408, 4.408, 4.408, 4.408, 4.408, 4.408, 4.408, 4.408, 4.408, 4.408, 4.408, 4.408, 4.408, 4.408, 4.408, 4.408, 4.408, 4.408, 4.408, 4.408, 4.408, 4.408, 4.408, 4.408, 4.408, 4.408, 4.408, 4.408, 4.408, 4.419, 4.553999999999999, 4.553999999999999, 4.553999999999999, 4.553999999999999, 4.553999999999999, 4.553999999999999, 4.553999999999999, 4.553999999999999, 4.553999999999999, 4.553999999999999, 4.553999999999999, 4.553999999999999], "mode": "0"}