{"O23": 3.009214889839177, "O34": [5.0, 5.0, 5.0, 5.0, 5.0, 5.0, 5.0, 5.0, 5.0, 5.0, 3.5306502365772, 3.5271607136360084, 3.5271607136360084, 3.5271607136360084, 3.5271607136360084, 3.5271607136360084, 3.5271607136360084, 3.5271607136360084, 3.5271607136360084, 5.0, 5.0, 5.0, 5.0, 5.0, 5.0, 5.0, 5.0, 5.0, 5.0, 5.0, 3.494580327016356, 3.4904523713133484, 3.4904523713133484, 3.4904523713133484, 3.4904523713133484, 3.4904523713133484, 3.4904523713133484, 3.4904523713133484, 3.4904523713133484, 5.0, 5.0, 5.0, 5.0, 5.0, 5.0, 5.0, 5.0, 5.0, 5.0, 5.0, 3.5516770968680813, 3.547306035383739, 3.547306035383739, 3.547306035383739, 3.547306035383739, 3.547306035383739, 3.547306035383739, 3.547306035383739, 3.547306035383739], "O35": 3.829155229188805, "O46": 2.636294626103597, "O22": [4.261321701397852, 4.261321701397852, 4.261321701397852, 4.261321701397852, 4.261321701397852, 4.261321701397852, 4.261321701397852, 4.261321701397852, 4.261321701397852, 4.261321701397852, 2.614062117126876, 2.614062117126876, 2.614062117126876, 2.614062117126876, 2.614062117126876, 2.614062117126876, 2.614062117126876, 2.614062117126876, 2.614062117126876, 4.280290522431104, 4.280290522431104, 4.280290522431104, 4.280290522431104, 4.280290522431104, 4.280290522431104, 4.280290522431104, 4.280290522431104, 4.280290522431104, 4.280290522431104, 4.280290522431104, 2.5801696203913758, 2.5801696203913758, 2.5801696203913758, 2.5801696203913758, 2.5801696203913758, 2.5801696203913758, 2.5801696203913758, 2.5801696203913758, 2.5801696203913758, 4.269868208523513, 4.269868208523513, 4.269868208523513, 4.269868208523513, 4.269868208523513, 4.269868208523513, 4.269868208523513, 4.269868208523513, 4.269868208523513, 4.269868208523513, 4.269868208523513, 2.632662119425239, 2.632662119425239, 2.632662119425239, 2.632662119425239, 2.632662119425239, 2.632662119425239, 2.632662119425239, 2.632662119425239, 2.632662119425239], "O21": [4.553999999999999, 4.553999999999999, 4.553999999999999, 4.553999999999999, 4.553999999999999, 4.553999999999999, 4.553999999999999, 4.553999999999999, 4.553999999999999, 4.553999999999999, 4.547, 4.531000000000001, 4.531000000000001, 4.531000000000001, 4.531000000000001, 4.531000000000001, 4.531000000000001, 4.531000000000001, 4.531000000000001, 4.531000000000001, 4.553, 4.553999999999999, 4.553999999999999, 4.553999999999999, 4.553999999999999, 4.553999999999999, 4.553999999999999, 4.553999999999999, 4.553999999999999, 4.553999999999999, 4.55, 4.531000000000001, 4.531000000000001, 4.531000000000001, 4.531000000000001, 4.531000000000001, 4.531000000000001, 4.531000000000001, 4.531000000000001, 4.531000000000001, 4.551, 4.553999999999999, 4.553999999999999, 4.553999999999999, 4.553999999999999, 4.553999999999999, 4.553999999999999, 4.553999999999999, 4.553999999999999, 4.553999999999999, 4.551, 4.531000000000001, 4.531000000000001, 4.531000000000001, 4.531000000000001, 4.531000000000001, 4.531000000000001, 4.531000000000001, 4.531000000000001], "mode": "0"}