{"O23": 2.9473709878135113, "O34": [5.0, 5.0, 5.0, 5.0, 5.0, 5.0, 5.0, 5.0, 5.0, 5.0, 5.0, 5.0, 5.0, 5.0, 5.0, 5.0, 5.0, 5.0, 5.0, 5.0, 5.0, 5.0, 5.0, 5.0, 5.0, 5.0, 5.0, 5.0, 5.0, 5.0, 5.0, 5.0, 5.0, 5.0, 5.0, 5.0, 5.0, 5.0, 5.0, 5.0, 5.0, 5.0, 5.0, 5.0, 5.0, 5.0, 5.0, 5.0, 5.0, 5.0, 5.0, 5.0, 5.0, 5.0, 5.0, 5.0, 5.0, 5.0, 5.0], "O35": 5.000000000000002, "O46": 3.106616820822634, "O22": [4.27234906938773, 4.27234906938773, 4.27234906938773, 4.27234906938773, 4.286509354450166, 4.286509354450166, 4.286509354450166, 4.286509354450166, 4.286509354450166, 4.289985169640353, 4.289985169640353, 4.289985169640353, 4.289985169640353, 4.289985169640353, 4.319868427069049, 4.319868427069049, 4.319868427069049, 4.319868427069049, 4.319868427069049, 4.325628332823621, 4.325628332823621, 4.325628332823621, 4.325628332823621, 4.325628332823621, 4.3209074802014245, 4.3209074802014245, 4.3209074802014245, 4.3209074802014245, 4.3209074802014245, 4.334326986433128, 4.334326986433128, 4.334326986433128, 4.334326986433128, 4.334326986433128, 4.32937389135439, 4.32937389135439, 4.32937389135439, 4.32937389135439, 4.32937389135439, 4.312577866399454, 4.312577866399454, 4.312577866399454, 4.312577866399454, 4.312577866399454, 4.295306993827906, 4.295306993827906, 4.295306993827906, 4.295306993827906, 4.295306993827906, 4.30504576704346, 4.30504576704346, 4.30504576704346, 4.30504576704346, 4.30504576704346, 4.269874646027056, 4.269874646027056, 4.269874646027056, 4.269874646027056, 4.269874646027056], "O21": [4.553999999999999, 4.553999999999999, 4.553999999999999, 4.553999999999999, 4.553999999999999, 4.553999999999999, 4.553999999999999, 4.553999999999999, 4.553999999999999, 4.553999999999999, 4.553999999999999, 4.553999999999999, 4.553999999999999, 4.553999999999999, 4.553999999999999, 4.553999999999999, 4.553999999999999, 4.553999999999999, 4.553999999999999, 4.553999999999999, 4.553999999999999, 4.553999999999999, 4.553999999999999, 4.553999999999999, 4.553999999999999, 4.553999999999999, 4.553999999999999, 4.553999999999999, 4.553999999999999, 4.553999999999999, 4.553999999999999, 4.553999999999999, 4.553999999999999, 4.553999999999999, 4.553999999999999, 4.553999999999999, 4.553999999999999, 4.553999999999999, 4.553999999999999, 4.553999999999999, 4.553999999999999, 4.553999999999999, 4.553999999999999, 4.553999999999999, 4.553999999999999, 4.553999999999999, 4.553999999999999, 4.553999999999999, 4.553999999999999, 4.553999999999999, 4.553999999999999, 4.553999999999999, 4.553999999999999, 4.553999999999999, 4.553999999999999, 4.553999999999999, 4.553999999999999, 4.553999999999999, 4.553999999999999, 4.553999999999999], "mode": "0"}