{"O23": 1.6209074300357935, "O34": [4.857791495280589, 4.857791495280589, 4.857791495280589, 4.857791495280589, 4.850002844142761, 4.850002844142761, 4.850002844142761, 4.850002844142761, 4.850002844142761, 4.854865745501107, 4.854865745501107, 4.854865745501107, 4.854865745501107, 4.854865745501107, 4.841780143154979, 4.841780143154979, 4.841780143154979, 4.841780143154979, 4.841780143154979, 4.812372851661994, 4.812372851661994, 4.812372851661994, 4.812372851661994, 4.812372851661994, 4.775977620298715, 4.775977620298715, 4.775977620298715, 4.775977620298715, 4.775977620298715, 4.747279167517403, 4.747279167517403, 4.747279167517403, 4.747279167517403, 4.747279167517403, 4.713074828796532, 4.713074828796532, 4.713074828796532, 4.713074828796532, 4.713074828796532, 4.71119038303966, 4.71119038303966, 4.71119038303966, 4.71119038303966, 4.71119038303966, 4.688671239789457, 4.688671239789457, 4.688671239789457, 4.688671239789457, 4.688671239789457, 4.695967670052502, 4.695967670052502, 4.695967670052502, 4.695967670052502, 4.695967670052502, 4.701657464443932, 4.701657464443932, 4.701657464443932, 4.701657464443932, 4.701657464443932, 3.470950061231424, 3.465965863167091, 3.465965863167091, 3.465965863167091, 3.465965863167091, 3.4616135239086083, 3.4616135239086083, 3.4616135239086083, 3.4616135239086083, 3.4616135239086083, 3.465744334508589, 3.465744334508589, 3.465744334508589, 3.465744334508589, 3.465744334508589, 3.4846325918294014, 3.4846325918294014, 3.4846325918294014, 3.4846325918294014, 3.4846325918294014, 3.527625778052719, 3.527625778052719, 3.527625778052719, 3.527625778052719, 3.527625778052719, 3.5567914429745024, 3.5567914429745024, 3.5567914429745024, 3.5567914429745024, 3.5567914429745024, 3.567156683765281, 3.567156683765281, 3.567156683765281, 3.567156683765281, 3.567156683765281, 3.5578435111823934, 3.5578435111823934, 3.5578435111823934, 3.5578435111823934, 3.5578435111823934, 3.5372314285932576, 3.5372314285932576, 3.5372314285932576, 3.5372314285932576, 3.5372314285932576, 3.5006512265725753, 3.5006512265725753, 3.5006512265725753, 3.5006512265725753, 3.5006512265725753, 3.4585317475976574, 3.4585317475976574, 3.4585317475976574, 3.4585317475976574, 3.4585317475976574, 3.462746903118517, 3.462746903118517, 3.462746903118517, 3.462746903118517, 3.462746903118517, 3.4667644575413528, 3.4667644575413528, 3.4667644575413528, 3.4667644575413528, 3.458724165070802, 3.461867981219071, 3.461867981219071, 3.461867981219071, 3.461867981219071, 3.461922388938227, 3.4614185425860535, 3.4614185425860535, 3.4614185425860535, 3.4614185425860535, 3.4589509806653993, 3.4589509806653993, 3.4589509806653993, 3.4589509806653993, 3.4589509806653993, 3.4469027752809813, 3.4469027752809813, 3.4469027752809813, 3.4469027752809813, 3.4469027752809813, 3.4583571142882534, 3.4583571142882534, 3.4583571142882534, 3.4583571142882534, 3.4583571142882534, 3.4687761936732464, 3.4687761936732464, 3.4687761936732464, 3.4687761936732464, 3.4687761936732464, 3.468625059373318, 3.468625059373318, 3.468625059373318, 3.468625059373318, 3.468625059373318, 3.5154425035012937, 3.5154425035012937, 3.5154425035012937, 3.5154425035012937, 3.5154425035012937, 3.5083587458864294, 3.5083587458864294, 3.5083587458864294, 3.5083587458864294, 3.5083587458864294, 3.512068466285124, 3.512068466285124, 3.512068466285124, 3.512068466285124, 3.512068466285124, 3.5247553773442446, 3.5247553773442446, 3.5247553773442446, 3.5247553773442446, 3.5247553773442446, 4.65984178262893, 4.65984178262893, 4.665206269371511, 4.665450109677993, 4.665450109677993, 4.6474215889061865, 4.6474215889061865, 4.6474215889061865, 4.6474215889061865, 4.6474215889061865, 4.631281907610193, 4.631281907610193, 4.631281907610193, 4.631281907610193, 4.631281907610193, 4.6699044003561845, 4.6699044003561845, 4.6699044003561845, 4.6699044003561845, 4.6699044003561845, 4.645155224383183, 4.645155224383183, 4.645155224383183, 4.645155224383183, 4.645155224383183, 4.668122732013284, 4.668122732013284, 4.668122732013284, 4.668122732013284, 4.668122732013284, 4.677835334076559, 4.677835334076559, 4.677835334076559, 4.677835334076559, 4.677835334076559, 4.674288092067664, 4.674288092067664, 4.674288092067664, 4.674288092067664, 4.674288092067664, 4.630743234872171, 4.630743234872171, 4.630743234872171, 4.630743234872171, 4.630743234872171, 4.611803613973294, 4.611803613973294, 4.611803613973294, 4.611803613973294, 4.611803613973294, 4.553347311450007, 4.553347311450007, 4.553347311450007, 4.553347311450007, 4.553347311450007, 4.514518020781935, 4.514518020781935, 4.514518020781935, 4.514518020781935, 4.514518020781935], "O35": 4.001634489860296, "O46": 1.8813265547511167,