{"O23": 2.1617079157758265, "O34": [5.0, 5.0, 5.0, 5.0, 5.0, 3.5007058289583974, 3.5007058289583974, 3.5007058289583974, 3.5007058289583974, 3.5007058289583974, 3.5007058289583974, 3.5007058289583974, 3.5007058289583974, 3.5007058289583974, 3.5004883350773306, 1.8807821635133726, 1.8807821635133726, 1.8807821635133726, 1.8807821635133726, 1.8807821635133726, 1.8729754361924535, 1.8729754361924535, 1.8729754361924535, 1.8729754361924535, 1.8729754361924535, 1.8693887422326532, 1.8693887422326532, 1.8693887422326532, 1.8693887422326532, 1.862691646639544, 1.8578026789053512, 1.8578026789053512, 1.8578026789053512, 1.8578026789053512, 1.8517933106525404, 1.8517902170776424, 1.8517902170776424, 1.8517902170776424, 1.8517902170776424, 1.84821874570024, 1.8491272522591782, 1.8491272522591782, 1.8491272522591782, 1.8491272522591782, 1.8492690010878636, 1.8466361843523114, 1.8466361843523114, 1.8466361843523114, 1.8466361843523114, 1.8466361843523114, 1.8445887047584348, 1.8445887047584348, 1.8445887047584348, 1.8445887047584348, 1.8445887047584348, 1.846890760062356, 1.846890760062356, 1.846890760062356, 1.846890760062356], "O35": 1.9978737987298039, "O46": 1.36938477566182, "O22": [4.295591155926428, 4.295591155926428, 4.295591155926428, 4.295591155926428, 4.295591155926428, 2.589636549644345, 2.589636549644345, 2.589636549644345, 2.589636549644345, 2.589636549644345, 2.589636549644345, 2.589636549644345, 2.589636549644345, 2.589636549644345, 2.589636549644345, 1.1145507054347497, 1.1145507054347497, 1.1145507054347497, 1.1145507054347497, 1.1145507054347497, 1.1073226135822305, 1.1073226135822305, 1.1073226135822305, 1.1073226135822305, 1.1073226135822305, 1.104001765764369, 1.104001765764369, 1.104001765764369, 1.104001765764369, 1.0978010596166878, 1.0932744626966113, 1.0932744626966113, 1.0932744626966113, 1.0932744626966113, 1.0877105094648214, 1.0877076451860277, 1.0877076451860277, 1.0877076451860277, 1.0877076451860277, 1.08440089165112, 1.085242059606228, 1.085242059606228, 1.085242059606228, 1.085242059606228, 1.0853733019964904, 1.0829356299204558, 1.0829356299204558, 1.0829356299204558, 1.0829356299204558, 1.0829356299204558, 1.081039909734221, 1.081039909734221, 1.081039909734221, 1.081039909734221, 1.081039909734221, 1.0831713364515, 1.0831713364515, 1.0831713364515, 1.0831713364515], "O21": [4.553999999999999, 4.553999999999999, 4.553999999999999, 4.553999999999999, 4.553999999999999, 4.531000000000001, 4.531000000000001, 4.531000000000001, 4.531000000000001, 4.531000000000001, 4.531000000000001, 4.531000000000001, 4.531000000000001, 4.531000000000001, 4.53, 4.408, 4.408, 4.408, 4.408, 4.408, 4.408, 4.408, 4.408, 4.408, 4.408, 4.408, 4.408, 4.408, 4.408, 4.408, 4.408, 4.408, 4.408, 4.408, 4.408, 4.408, 4.408, 4.408, 4.408, 4.408, 4.408, 4.408, 4.408, 4.408, 4.408, 4.408, 4.408, 4.408, 4.408, 4.408, 4.408, 4.408, 4.408, 4.408, 4.408, 4.408, 4.408, 4.408, 4.408], "mode": "0"}