{"O23": 5.0, "O34": [5.0, 5.0, 5.0, 5.0, 5.0, 5.0, 5.0, 5.0, 5.0, 3.5316531711017802, 3.52663725552485, 3.52663725552485, 3.52663725552485, 3.52663725552485, 3.52663725552485, 3.52663725552485, 3.52663725552485, 3.52663725552485, 3.52663725552485, 5.0, 5.0, 5.0, 5.0, 5.0, 5.0, 5.0, 5.0, 5.0, 5.0, 3.624923311397292, 3.619858661960498, 3.619858661960498, 3.619858661960498, 3.619858661960498, 3.619858661960498, 3.619858661960498, 3.619858661960498, 3.619858661960498, 3.619858661960498, 5.0, 5.0, 5.0, 5.0, 5.0, 5.0, 5.0, 5.0, 5.0, 5.0, 3.539333676032458, 3.5343137473742803, 3.5343137473742803, 3.5343137473742803, 3.5343137473742803, 3.5343137473742803, 3.5343137473742803, 3.5343137473742803, 3.5343137473742803, 3.5343137473742803, 3.5343137473742803], "O35": 3.813074497129796, "O46": 3.933007773284847, "O22": [4.3197543005840755, 4.3197543005840755, 4.3197543005840755, 4.3197543005840755, 4.3197543005840755, 4.3197543005840755, 4.3197543005840755, 4.3197543005840755, 4.3197543005840755, 2.6135788127551436, 2.6135788127551436, 2.6135788127551436, 2.6135788127551436, 2.6135788127551436, 2.6135788127551436, 2.6135788127551436, 2.6135788127551436, 2.6135788127551436, 2.6135788127551436, 4.271133295388655, 4.271133295388655, 4.271133295388655, 4.271133295388655, 4.271133295388655, 4.271133295388655, 4.271133295388655, 4.271133295388655, 4.271133295388655, 4.271133295388655, 2.6996493355133606, 2.6996493355133606, 2.6996493355133606, 2.6996493355133606, 2.6996493355133606, 2.6996493355133606, 2.6996493355133606, 2.6996493355133606, 2.6996493355133606, 2.6996493355133606, 4.3316489610024345, 4.3316489610024345, 4.3316489610024345, 4.3316489610024345, 4.3316489610024345, 4.3316489610024345, 4.3316489610024345, 4.3316489610024345, 4.3316489610024345, 4.3316489610024345, 2.6206664516536806, 2.6206664516536806, 2.6206664516536806, 2.6206664516536806, 2.6206664516536806, 2.6206664516536806, 2.6206664516536806, 2.6206664516536806, 2.6206664516536806, 2.6206664516536806, 2.6206664516536806], "O21": [4.553999999999999, 4.553999999999999, 4.553999999999999, 4.553999999999999, 4.553999999999999, 4.553999999999999, 4.553999999999999, 4.553999999999999, 4.553999999999999, 4.553999999999999, 4.531000000000001, 4.531000000000001, 4.531000000000001, 4.531000000000001, 4.531000000000001, 4.531000000000001, 4.531000000000001, 4.531000000000001, 4.531000000000001, 4.531000000000001, 4.553999999999999, 4.553999999999999, 4.553999999999999, 4.553999999999999, 4.553999999999999, 4.553999999999999, 4.553999999999999, 4.553999999999999, 4.553999999999999, 4.553999999999999, 4.531000000000001, 4.531000000000001, 4.531000000000001, 4.531000000000001, 4.531000000000001, 4.531000000000001, 4.531000000000001, 4.531000000000001, 4.531000000000001, 4.532, 4.553999999999999, 4.553999999999999, 4.553999999999999, 4.553999999999999, 4.553999999999999, 4.553999999999999, 4.553999999999999, 4.553999999999999, 4.553999999999999, 4.553999999999999, 4.531000000000001, 4.531000000000001, 4.531000000000001, 4.531000000000001, 4.531000000000001, 4.531000000000001, 4.531000000000001, 4.531000000000001, 4.531000000000001, 4.531000000000001], "mode": "0"}