{"O23": 3.757872679451733, "O34": [5.0, 5.0, 5.0, 5.0, 5.0, 5.0, 5.0, 5.0, 5.0, 5.0, 5.0, 5.0, 5.0, 5.0, 5.0, 5.0, 5.0, 5.0, 5.0, 5.0, 5.0, 5.0, 5.0, 5.0, 5.0, 5.0, 5.0, 5.0, 5.0, 5.0, 5.0, 5.0, 5.0, 5.0, 5.0, 5.0, 5.0, 5.0, 5.0, 3.6530258717399215, 3.6479465386516052, 3.6479465386516052, 3.6479465386516052, 3.6479465386516052, 3.604389097053045, 3.604389097053045, 3.604389097053045, 3.604389097053045, 3.604389097053045, 3.60000509705377, 3.60000509705377, 3.60000509705377, 3.60000509705377, 3.60000509705377, 3.5574061309967253, 3.5574061309967253, 3.5574061309967253, 3.5574061309967253, 3.5574061309967253, 3.5419300967404976, 3.5419300967404976, 3.5419300967404976, 3.5419300967404976, 3.5419300967404976, 3.527489772323086, 3.527489772323086, 3.527489772323086, 3.527489772323086, 3.527489772323086, 3.5558555876190976, 3.5558555876190976, 3.5558555876190976, 3.5558555876190976, 3.5558555876190976, 3.541598387086887, 1.8501336369075945, 1.8501336369075945, 1.8501336369075945, 1.8501336369075945, 1.8501336369075945, 1.8518079740104623, 1.8518079740104623, 1.8518079740104623, 1.8518079740104623, 1.8518079740104623, 1.8522375018491748, 1.8522375018491748, 1.8522375018491748, 1.8522375018491748, 1.8521777934680785, 1.8519051527164514, 1.8519051527164514, 1.8519051527164514, 1.8519051527164514, 1.8532389601029666, 1.8560299453405387, 1.8560299453405387, 1.8560299453405387, 1.8560299453405387, 1.8571895880263003, 1.8571895880263003, 1.8571895880263003, 1.8571895880263003, 1.8571895880263003, 1.8573196073853138, 1.8573196073853138, 1.8573196073853138, 1.8573196073853138, 1.8573196073853138, 1.860258193570591, 3.554691091354637, 3.554691091354637, 3.554691091354637, 3.554691091354637, 3.554691091354637, 3.5786609933316496, 3.5786609933316496, 3.5786609933316496, 3.5786609933316496, 3.5786609933316496, 3.5793568353449734, 3.5793568353449734, 3.5793568353449734, 3.5793568353449734, 3.5851309185973697, 3.575180350944984, 3.575180350944984, 3.575180350944984, 3.575180350944984, 3.6009488253621496, 3.5736411887208797, 3.5736411887208797, 3.5736411887208797, 3.5736411887208797, 3.556001222996228, 3.556001222996228, 3.556001222996228, 3.556001222996228, 3.556001222996228, 3.521629016227862, 3.521629016227862, 3.521629016227862, 3.521629016227862, 3.521629016227862, 3.486540278928315, 5.0, 5.0, 5.0, 5.0, 5.0, 5.0, 5.0, 5.0, 5.0, 5.0, 5.0, 5.0, 5.0, 5.0, 5.0, 5.0, 5.0, 5.0, 5.0, 5.0, 5.0, 5.0, 5.0, 5.0, 5.0, 5.0, 5.0, 5.0, 5.0, 5.0, 5.0, 5.0, 5.0, 5.0], "O35": 3.3532262439899445, "O46": 2.7510348526128787, "O22": [4.299143498962643, 4.299143498962643, 4.299143498962643, 4.299143498962643, 4.300297733363516, 4.300297733363516, 4.300297733363516, 4.300297733363516, 4.300297733363516, 4.276776358050431, 4.276776358050431, 4.276776358050431, 4.276776358050431, 4.276776358050431, 4.257190303743486, 4.257190303743486, 4.257190303743486, 4.257190303743486, 4.257190303743486, 4.243151921043066, 4.243151921043066, 4.243151921043066, 4.243151921043066, 4.243151921043066, 4.259193824264236, 4.259193824264236, 4.259193824264236, 4.259193824264236, 4.259193824264236, 4.246169856924773, 4.246169856924773, 4.246169856924773, 4.246169856924773, 4.246169856924773, 4.272579885652239, 4.272579885652239, 4.272579885652239, 4.272579885652239, 4.272579885652239, 2.725582630476474, 2.725582630476474, 2.725582630476474, 2.725582630476474, 2.725582630476474, 2.6853664192891156, 2.6853664192891156, 2.6853664192891156, 2.6853664192891156, 2.6853664192891156, 2.6813187097968743, 2.6813187097968743, 2.6813187097968743, 2.6813187097968743, 2.6813187097968743, 2.6419874508330823, 2.6419874508330823, 2.6419874508330823, 2.6419874508330823, 2.6419874508330823, 2.627698561514757, 2.627698561514757, 2.627698561514757, 2.627698561514757, 2.627698561514757, 2.614365934182398, 2.614365934182398, 2.614365934182398, 2.614365934182398, 2.614365934182398, 2.6405558474688506, 2.6405558474688506, 2.6405558474688506, 2.6405558474688506, 2.6405558474688506, 2.6277956519684644, 1.086173850916298, 1.086173850916298, 1.086173850916298, 1.086173850916298, 1.086173850916298, 1.0877240859730777, 1.0877240859730777, 1.0877240859730777, 1.0877240859730777, 1.0877240859730777, 1.0881217771622023, 1.0881217771622023, 1.0881217771622023, 1.0881217771622023, 1.0880664943727327, 1.0878140617829304, 1.0878140617829304, 1.0878140617829304, 1.0878140617829304, 1.0890490072225472, 1.0916331243342257, 1.0916331243342257, 1.0916331243342257, 1.0916331243342257, 1.0927068141794347, 1.0927068141794347, 1.0927068141794347, 1.0927068141794347, 1.0927068141794347, 1.0928271964895786, 1.0928271964895786, 1.0928271964895786, 1.0928271964895786, 1.0928271964895786, 1.0943769329707873, 2.6394806780837876, 2.6394806780837876, 2.6394806780837876, 2.6394806780837876, 2.6394806780837876, 2.661611882412365, 2.661611882412365, 2.661611882412365, 2.661611882412365, 2.661611882412365, 2.662254347358281, 2.662254347358281, 2.662254347358281, 2.662254347358281, 2.6675855087619262, 2.6583982352340048, 2.6583982352340048, 2.6583982352340048, 2.6583982352340048, 2.682190046026929, 2.6569771399909308, 2.6569771399909308, 2.6569771399909308, 2.6569771399909308, 2.640690311359935, 2.640690311359935, 2.640690311359935, 2.640690311359935, 2.640690311359935, 2.6089547484884497, 2.6089547484884497, 2.6089547484884497, 2.6089547484884497, 2.6089547484884497, 2.576357110743973, 4.286268033402598, 4.286268033402598, 4.286268033402598, 4.286268033402598, 4.286268033402598, 4.3092312249998175, 4.3092312249998175, 4.3092312249998175, 4.3092312249998175, 4.3092312249998175, 4.330194716753027, 4.330194716753027, 4.330194716753027, 4.330194716753027, 4.349575332915811, 4.363308784796377, 4.363308784796377, 4.363308784796377, 4.363308784796377, 4.361387415877821, 4.361387415877821, 4.361387415877821, 4.361387415877821, 4.361387415877821, 4.36573463645942, 4.36573463645942, 4.36573463645942, 4.36573463645942, 4.36573463645942, 4.366500409749771, 4.366500409749771, 4.366500409749771, 4.366500409749771, 4.366500409749771],