{"O23": 2.195053940640312, "O34": [4.599205752781973, 4.599205752781973, 4.581424420069696, 4.581424420069696, 4.581424420069696, 4.581424420069696, 4.581424420069696, 4.581424420069696, 4.581424420069696, 4.581424420069696, 4.581424420069696, 4.581424420069696, 4.581424420069696, 4.540714076382513, 4.540714076382513, 4.540714076382513, 3.616825667509466, 3.616825667509466, 3.644635704640211, 3.644635704640211, 3.644635704640211, 3.644635704640211, 3.6584370139925477, 3.6584370139925477, 3.6584370139925477, 3.6584370139925477, 3.6584370139925477, 3.6584370139925477, 3.6584370139925477, 3.6911925019571186, 3.6911925019571186, 3.6911925019571186, 3.6911925019571186, 3.714298835253326, 3.714298835253326, 3.714298835253326, 2.8287586291587594, 2.8287586291587594, 2.8287586291587594, 2.8287586291587594, 2.8287586291587594, 2.8287586291587594, 2.8287586291587594, 2.8287586291587594, 2.8287586291587594, 2.8287586291587594, 2.8287586291587594, 2.8285564082115764, 1.8707415876291855, 1.8707415876291855, 1.8705547442885455, 1.8705547442885455, 1.8705547442885455, 1.8705547442885455, 1.8705547442885455, 1.8705547442885455, 1.8705547442885455, 1.8705547442885455, 1.8705547442885455, 1.8705547442885455, 1.8705547442885455], "O35": 2.5059818843534796, "O46": 1.6209005298430403, "O22": [3.59872591863465, 3.59872591863465, 3.5823171451833127, 3.5823171451833127, 3.5823171451833127, 3.5823171451833127, 3.5823171451833127, 3.5823171451833127, 3.5823171451833127, 3.5823171451833127, 3.5823171451833127, 3.5823171451833127, 3.5823171451833127, 3.544749274568765, 3.544749274568765, 3.544749274568765, 2.6968489978237193, 2.6968489978237193, 2.7225257659104685, 2.7225257659104685, 2.7225257659104685, 2.7225257659104685, 2.7352683961294564, 2.7352683961294564, 2.7352683961294564, 2.7352683961294564, 2.7352683961294564, 2.7352683961294564, 2.7352683961294564, 2.7655112564349094, 2.7655112564349094, 2.7655112564349094, 2.7655112564349094, 2.7868451352281136, 2.7868451352281136, 2.7868451352281136, 1.9692334795340536, 1.9692334795340536, 1.9692334795340536, 1.9692334795340536, 1.9692334795340536, 1.9692334795340536, 1.9692334795340536, 1.9692334795340536, 1.9692334795340536, 1.9692334795340536, 1.9692334795340536, 1.9692334795340536, 1.1052543381146533, 1.1052543381146533, 1.1050813436225109, 1.1050813436225109, 1.1050813436225109, 1.1050813436225109, 1.1050813436225109, 1.1050813436225109, 1.1050813436225109, 1.1050813436225109, 1.1050813436225109, 1.1050813436225109, 1.1050813436225109], "O21": [4.553999999999999, 4.553999999999999, 4.553999999999999, 4.553999999999999, 4.553999999999999, 4.553999999999999, 4.553999999999999, 4.553999999999999, 4.553999999999999, 4.553999999999999, 4.553999999999999, 4.553999999999999, 4.553999999999999, 4.553999999999999, 4.553999999999999, 4.553999999999999, 4.531000000000001, 4.531000000000001, 4.531000000000001, 4.531000000000001, 4.531000000000001, 4.531000000000001, 4.531000000000001, 4.531000000000001, 4.531000000000001, 4.531000000000001, 4.531000000000001, 4.531000000000001, 4.531000000000001, 4.531000000000001, 4.531000000000001, 4.531000000000001, 4.531000000000001, 4.531000000000001, 4.531000000000001, 4.531000000000001, 4.531000000000001, 4.531000000000001, 4.531000000000001, 4.531000000000001, 4.531000000000001, 4.531000000000001, 4.531000000000001, 4.531000000000001, 4.531000000000001, 4.531000000000001, 4.531000000000001, 4.53, 4.408, 4.408, 4.408, 4.408, 4.408, 4.408, 4.408, 4.408, 4.408, 4.408, 4.408, 4.408, 4.408], "mode": "0"}