{"O23": 3.9388799963136254, "O34": [5.0, 5.0, 5.0, 5.0, 5.0, 5.0, 5.0, 5.0, 5.0, 5.0, 3.9146018377542777, 3.9146018377542777, 3.9146018377542777, 3.9146018377542777, 3.9146018377542777, 3.9146018377542777, 3.9146018377542777, 3.9146018377542777, 3.9146018377542777, 3.9148287392292422, 5.0, 5.0, 5.0, 5.0, 5.0, 5.0, 5.0, 5.0, 5.0, 5.0, 3.913010457330083, 3.913010457330083, 3.913010457330083, 3.913010457330083, 3.913010457330083, 3.913010457330083, 3.913010457330083, 3.913010457330083, 3.913010457330083, 3.9132373226339796, 5.0, 5.0, 5.0, 5.0, 5.0, 5.0, 5.0, 5.0, 5.0, 5.0, 3.9258254552011467, 3.9258254552011467, 3.9258254552011467, 3.9258254552011467, 3.9258254552011467, 3.9258254552011467, 3.9258254552011467, 3.9258254552011467, 3.9258254552011467, 3.9258254552011467], "O35": 4.158873739336307, "O46": 3.35916380631548, "O22": [4.332590011454122, 4.332590011454122, 4.332590011454122, 4.332590011454122, 4.332590011454122, 4.332590011454122, 4.332590011454122, 4.332590011454122, 4.332590011454122, 4.332590011454122, 2.9717831746171526, 2.9717831746171526, 2.9717831746171526, 2.9717831746171526, 2.9717831746171526, 2.9717831746171526, 2.9717831746171526, 2.9717831746171526, 2.9717831746171526, 2.9717831746171526, 4.271242791997718, 4.271242791997718, 4.271242791997718, 4.271242791997718, 4.271242791997718, 4.271242791997718, 4.271242791997718, 4.271242791997718, 4.271242791997718, 4.271242791997718, 2.9703138667590676, 2.9703138667590676, 2.9703138667590676, 2.9703138667590676, 2.9703138667590676, 2.9703138667590676, 2.9703138667590676, 2.9703138667590676, 2.9703138667590676, 2.9703138667590676, 4.30490446434633, 4.30490446434633, 4.30490446434633, 4.30490446434633, 4.30490446434633, 4.30490446434633, 4.30490446434633, 4.30490446434633, 4.30490446434633, 4.30490446434633, 2.9821458440707307, 2.9821458440707307, 2.9821458440707307, 2.9821458440707307, 2.9821458440707307, 2.9821458440707307, 2.9821458440707307, 2.9821458440707307, 2.9821458440707307, 2.9821458440707307], "O21": [4.553999999999999, 4.553999999999999, 4.553999999999999, 4.553999999999999, 4.553999999999999, 4.553999999999999, 4.553999999999999, 4.553999999999999, 4.553999999999999, 4.553, 4.531000000000001, 4.531000000000001, 4.531000000000001, 4.531000000000001, 4.531000000000001, 4.531000000000001, 4.531000000000001, 4.531000000000001, 4.531000000000001, 4.532, 4.553999999999999, 4.553999999999999, 4.553999999999999, 4.553999999999999, 4.553999999999999, 4.553999999999999, 4.553999999999999, 4.553999999999999, 4.553999999999999, 4.553999999999999, 4.531000000000001, 4.531000000000001, 4.531000000000001, 4.531000000000001, 4.531000000000001, 4.531000000000001, 4.531000000000001, 4.531000000000001, 4.531000000000001, 4.532, 4.553999999999999, 4.553999999999999, 4.553999999999999, 4.553999999999999, 4.553999999999999, 4.553999999999999, 4.553999999999999, 4.553999999999999, 4.553999999999999, 4.553, 4.531000000000001, 4.531000000000001, 4.531000000000001, 4.531000000000001, 4.531000000000001, 4.531000000000001, 4.531000000000001, 4.531000000000001, 4.531000000000001, 4.531000000000001], "mode": "0"}