{"O23": 5.0, "O34": [4.772669556749853, 4.772669556749853, 4.772669556749853, 4.772669556749853, 4.780710956697357, 4.780710956697357, 4.780710956697357, 4.780710956697357, 4.780710956697357, 4.760944869303564, 4.760944869303564, 4.760944869303564, 4.760944869303564, 4.760944869303564, 4.736661500867531, 4.736661500867531, 4.736661500867531, 4.736661500867531, 4.736661500867531, 4.720869366977845, 4.720869366977845, 4.720869366977845, 4.720869366977845, 4.720869366977845, 4.709438181405155, 4.709438181405155, 4.709438181405155, 4.709438181405155, 4.709438181405155, 4.666953035762269, 4.666953035762269, 4.666953035762269, 4.666953035762269, 4.666953035762269, 4.64863688871123, 4.64863688871123, 4.64863688871123, 4.64863688871123, 4.64863688871123, 4.649394087792787, 4.649394087792787, 4.649394087792787, 4.649394087792787, 4.649394087792787, 4.662864712864858, 4.662864712864858, 4.662864712864858, 4.662864712864858, 4.662864712864858, 4.643251738152811, 4.643251738152811, 4.643251738152811, 4.643251738152811, 4.643251738152811, 4.653101133676253, 4.653101133676253, 4.653101133676253, 4.653101133676253, 4.653101133676253, 3.5875867052691492, 3.582541564293746, 3.582541564293746, 3.582541564293746, 3.582541564293746, 3.582541564293746, 3.582541564293746, 3.582541564293746, 3.582541564293746, 3.582541564293746, 4.804529042449719, 4.809965879485569, 4.8102130084417425, 4.8102130084417425, 4.8102130084417425, 4.8102130084417425, 4.8102130084417425, 4.8102130084417425, 4.8102130084417425, 4.8102130084417425, 3.400903184322493, 3.39638581185912, 3.3959555859102273, 3.3959555859102273, 3.3959555859102273, 3.3959555859102273, 3.3959555859102273, 3.3959555859102273, 3.3959555859102273, 3.3959555859102273, 4.454841663411744, 4.460103640653742, 4.460342821437468, 4.460342821437468, 4.460342821437468, 4.460342821437468, 4.460342821437468, 4.460342821437468, 4.460342821437468, 4.460342821437468, 3.277651226335186, 3.2731926533491995, 3.2727680273505344, 3.2727680273505344, 3.2727680273505344, 3.2727680273505344, 3.2727680273505344, 3.2727680273505344, 3.2727680273505344, 3.2727680273505344, 4.346641375410082, 4.351849247525074, 4.352085968984846, 4.352085968984846, 4.352085968984846, 4.352085968984846, 4.352085968984846, 4.352085968984846, 4.352085968984846, 4.352085968984846, 3.3218133018403138, 3.3173336605727166, 3.3169070280710407, 3.3169070280710407, 3.3169070280710407, 3.3169070280710407, 3.3169070280710407, 3.3169070280710407, 3.3169070280710407, 3.3169070280710407, 4.575264601508137, 4.5805867957650825, 4.580828713685852, 4.580828713685852, 4.580828713685852, 4.580828713685852, 4.580828713685852, 4.580828713685852, 4.580828713685852, 3.3712929123563695, 3.3712929123563695, 3.367218546591935, 3.36636078537837, 3.36636078537837, 3.36636078537837, 3.36636078537837, 3.36636078537837, 3.36636078537837, 3.36636078537837, 4.492941990109682, 4.492941990109682, 4.498223019269682, 4.498463066049682, 4.498463066049682, 4.498463066049682, 4.498463066049682, 4.498463066049682, 4.498463066049682, 4.498463066049682, 3.475886608716372, 3.475886608716372, 3.471767096933318, 3.4708998312947803, 3.4708998312947803, 3.4708998312947803, 3.4708998312947803, 3.4708998312947803, 3.4708998312947803, 3.4708998312947803, 4.7405168192567855, 4.7405168192567855, 4.74592164723305, 4.746167321231971, 4.746167321231971, 4.746167321231971, 4.746167321231971, 4.746167321231971, 4.746167321231971, 4.746167321231971, 5.0, 5.0, 5.0, 5.0, 5.0, 5.0, 5.0, 5.0, 5.0, 5.0, 5.0, 5.0, 5.0, 5.0, 5.0, 5.0, 5.0, 5.0, 5.0, 5.0, 5.0, 5.0, 5.0, 5.0, 5.0, 5.0, 5.0, 5.0, 5.0, 5.0, 5.0, 5.0, 5.0, 5.0, 5.0, 5.0, 5.0, 5.0, 5.0, 5.0, 5.0, 5.0, 5.0, 5.0, 5.0, 5.0, 5.0, 5.0, 5.0, 5.0, 5.0, 5.0, 5.0, 5.0, 5.0, 5.0, 5.0, 5.0, 5.0, 5.0], "O35": 4.282095585293903, "O46": 4.286298938857928, "O22": [3.758799874134671, 3.758799874134671, 3.758799874134671, 3.758799874134671, 3.7662205501945185, 3.7662205501945185, 3.7662205501945185, 3.7662205501945185, 3.7662205501945185, 3.7479802273057765, 3.7479802273057765, 3.7479802273057765, 3.7479802273057765, 3.7479802273057765, 3.7255713169192624, 3.7255713169192624, 3.7255713169192624, 3.7255713169192624, 3.7255713169192624, 3.7109981939986088, 3.7109981939986088, 3.7109981939986088, 3.7109981939986088, 3.7109981939986088, 3.700449393333463, 3.700449393333463, 3.700449393333463, 3.700449393333463, 3.700449393333463, 3.6612437195416523, 3.6612437195416523, 3.6612437195416523, 3.6612437195416523, 3.6612437195416523, 3.644341414617434, 3.644341414617434, 3.644341414617434, 3.644341414617434, 3.644341414617434, 3.645040164727333, 3.645040164727333, 3.645040164727333, 3.645040164727333, 3.645040164727333, 3.657470978470719, 3.657470978470719, 3.657470978470719, 3.657470978470719, 3.657470978470719, 3.6393719493391976, 3.6393719493391976, 3.6393719493391976, 3.6393719493391976, 3.6393719493391976, 3.6484610599470426, 3.6484610599470426, 3.6484610599470426, 3.6484610599470426, 3.6484610599470426, 2.665194780204607, 2.665194780204607, 2.665194780204607, 2.665194780204607, 2.665194780204607, 2.665194780204607, 2.665194780204607, 2.665194780204607, 2.665194780204607, 2.665194780204607, 3.793445308386519, 3.793445308386519, 3.793445308386519, 3.793445308386519, 3.793445308386519, 3.793445308386519, 3.793445308386519, 3.793445308386519, 3.793445308386519, 3.793445308386519, 2.4929215512021137, 2.4929215512021137, 2.4929215512021137, 2.4929215512021137, 2.4929215512021137, 2.4929215512021137, 2.4929215512021137, 2.4929215512021137, 2.4929215512021137, 2.4929215512021137, 3.470581959006285, 3.470581959006285, 3.470581959006285, 3.470581959006285, 3.470581959006285, 3.470581959006285, 3.470581959006285, 3.470581959006285, 3.470581959006285, 3.470581959006285, 2.379183537928729, 2.379183537928729, 2.379183537928729, 2.379183537928729, 2.379183537928729, 2.379183537928729, 2.379183537928729, 2.379183537928729, 2.379183537928729, 2.379183537928729, 3.3706815637325707, 3.3706815637325707, 3.3706815637325707, 3.3706815637325707, 3.3706815637325707, 3.3706815637325707, 3.3706815637325707, 3.3706815637325707, 3.3706815637325707, 3.3706815637325707, 2.41993669765135, 2.41993669765135, 2.41993669765135, 2.41993669765135, 2.41993669765135, 2.41993669765135, 2.41993669765135, 2.41993669765135, 2.41993669765135, 2.41993669765135, 3.5817674219845985, 3.5817674219845985, 3.5817674219845985, 3.5817674219845985, 3.5817674219845985, 3.5817674219845985, 3.5817674219845985, 3.5817674219845985, 3.5817674219845985, 2.4655969264179927, 2.4655969264179927, 2.4655969264179927, 2.4655969264179927, 2.4655969264179927, 2.4655969264179927, 2.4655969264179927, 2.4655969264179927, 2.4655969264179927, 2.4655969264179927, 3.505759662942925, 3.505759662942925, 3.505759662942925, 3.505759662942925, 3.505759662942925, 3.505759662942925, 3.505759662942925, 3.505759662942925, 3.505759662942925, 3.505759662942925, 2.5621169283649916, 2.5621169283649916, 2.5621169283649916, 2.5621169283649916, 2.5621169283649916, 2.5621169283649916, 2.5621169283649916, 2.5621169283649916, 2.5621169283649916, 2.5621169283649916, 3.7343433732860785, 3.7343433732860785, 3.7343433732860785, 3.7343433732860785, 3.7343433732860785, 3.7343433732860785, 3.7343433732860785, 3.7343433732860785, 3.7343433732860785, 3.7343433732860785, 4.2866226479274445, 4.2866226479274445, 4.2866226479274445, 4.2866226479274445, 4.2866226479274445, 4.2678768961871745, 4.2678768961871745, 4.2678768961871745, 4.2678768961871745, 4.2678768961871745, 4.274478107143385, 4.274478107143385, 4.274478107143385, 4.274478107143385, 4.274478107143385, 4.308995493027413, 4.308995493027413, 4.308995493027413, 4.308995493027413, 4.308995493027413, 4.291726407515046, 4.291726407515046, 4.291726407515046, 4.291726407515046, 4.291726407515046, 4.278092682841786, 4.278092682841786, 4.278092682841786, 4.278092682841786, 4.278092682841786, 4.289430488598219, 4.289430488598219, 4.289430488598219, 4.289430488598219, 4.289430488598219, 4.275354977268041, 4.275354977268041, 4.275354977268041, 