{"O23": 5.0, "O34": [4.623289482914643, 4.623289482914643, 4.623289482914643, 4.623289482914643, 4.623289482914643, 4.623289482914643, 4.623289482914643, 4.623289482914643, 4.623289482914643, 4.623289482914643, 4.623289482914643, 3.5173705177035086, 3.5123620648453753, 3.5123620648453753, 3.5123620648453753, 3.5123620648453753, 3.5123620648453753, 3.5123620648453753, 3.5123620648453753, 2.863534002370366, 2.863534002370366, 2.863534002370366, 2.863534002370366, 2.863534002370366, 2.863534002370366, 2.863534002370366, 2.863534002370366, 2.863534002370366, 2.863534002370366, 2.863534002370366, 2.863534002370366, 3.670003160628913, 3.670003160628913, 3.670003160628913, 3.670003160628913, 3.670003160628913, 3.670003160628913, 3.670003160628913, 3.670003160628913, 4.632371026587399, 4.637721655070441, 4.637721655070441, 4.637721655070441, 4.637721655070441, 4.637721655070441, 4.637721655070441, 4.637721655070441, 5.0, 5.0, 5.0, 5.0, 5.0, 5.0, 5.0, 5.0, 5.0, 5.0, 5.0, 5.0], "O35": 3.8964834683047167, "O46": 3.858962948428538, "O22": [3.6209506010026526, 3.6209506010026526, 3.6209506010026526, 3.6209506010026526, 3.6209506010026526, 3.6209506010026526, 3.6209506010026526, 3.6209506010026526, 3.6209506010026526, 3.6209506010026526, 3.6209506010026526, 2.6003986519826947, 2.6003986519826947, 2.6003986519826947, 2.6003986519826947, 2.6003986519826947, 2.6003986519826947, 2.6003986519826947, 2.6003986519826947, 2.001341282514921, 2.001341282514921, 2.001341282514921, 2.001341282514921, 2.001341282514921, 2.001341282514921, 2.001341282514921, 2.001341282514921, 2.001341282514921, 2.001341282514921, 2.001341282514921, 2.001341282514921, 2.7459473198375792, 2.7459473198375792, 2.7459473198375792, 2.7459473198375792, 2.7459473198375792, 2.7459473198375792, 2.7459473198375792, 2.7459473198375792, 3.6342687390267883, 3.6342687390267883, 3.6342687390267883, 3.6342687390267883, 3.6342687390267883, 3.6342687390267883, 3.6342687390267883, 3.6342687390267883, 4.248066784843711, 4.248066784843711, 4.2504451965511425, 4.2504451965511425, 4.2504451965511425, 4.2504451965511425, 4.2504451965511425, 4.2504451965511425, 4.2504451965511425, 4.2504451965511425, 4.2504451965511425, 4.2504451965511425], "O21": [4.553999999999999, 4.553999999999999, 4.553999999999999, 4.553999999999999, 4.553999999999999, 4.553999999999999, 4.553999999999999, 4.553999999999999, 4.553999999999999, 4.553999999999999, 4.553999999999999, 4.553999999999999, 4.531000000000001, 4.531000000000001, 4.531000000000001, 4.531000000000001, 4.531000000000001, 4.531000000000001, 4.531000000000001, 4.531000000000001, 4.531000000000001, 4.531000000000001, 4.531000000000001, 4.531000000000001, 4.531000000000001, 4.531000000000001, 4.531000000000001, 4.531000000000001, 4.531000000000001, 4.531000000000001, 4.531000000000001, 4.531000000000001, 4.531000000000001, 4.531000000000001, 4.531000000000001, 4.531000000000001, 4.531000000000001, 4.531000000000001, 4.531000000000001, 4.532, 4.553999999999999, 4.553999999999999, 4.553999999999999, 4.553999999999999, 4.553999999999999, 4.553999999999999, 4.553999999999999, 4.553999999999999, 4.553999999999999, 4.553999999999999, 4.553999999999999, 4.553999999999999, 4.553999999999999, 4.553999999999999, 4.553999999999999, 4.553999999999999, 4.553999999999999, 4.553999999999999, 4.553999999999999, 4.553999999999999], "mode": "0"}