{"O23": 1.7740381726089227, "O34": [1.8448677790769703, 1.8448677790769703, 1.8448677790769703, 1.8448677790769703, 1.8448677790769703, 1.8482116535531414, 1.8482116535531414, 1.8482116535531414, 1.8482116535531414, 1.8482116535531414, 1.8487841424888862, 1.8487841424888862, 1.8487841424888862, 1.8487841424888862, 1.8500643383217192, 1.8483705355450184, 1.8483705355450184, 1.8483705355450184, 1.8483705355450184, 1.8505793802293558, 1.852023909390499, 1.852023909390499, 1.852023909390499, 1.852023909390499, 1.8521687792269528, 1.8538520998869246, 1.8538520998869246, 1.8538520998869246, 1.8538520998869246, 1.8527743286644358, 1.8527743286644358, 1.8527743286644358, 1.8527743286644358, 1.8527743286644358, 1.8533419763317693, 1.8533419763317693, 1.8533419763317693, 1.8533419763317693, 1.8533419763317693, 1.8600544375586783, 3.514756985174907, 3.514756985174907, 3.514756985174907, 3.514756985174907, 3.514756985174907, 3.534107092334341, 3.534107092334341, 3.534107092334341, 3.534107092334341, 3.534107092334341, 3.5604988679965057, 3.5604988679965057, 3.5604988679965057, 3.5604988679965057, 3.5665217379416174, 3.6121106264000993, 3.6121106264000993, 3.6121106264000993, 3.6121106264000993, 3.6384373601634064, 3.6561850181928737, 3.6561850181928737, 3.6561850181928737, 3.6561850181928737, 3.682263100537055, 3.682263100537055, 3.682263100537055, 3.682263100537055, 3.682263100537055, 3.709315934128868, 3.709315934128868, 3.709315934128868, 3.709315934128868, 3.709315934128868, 3.7361116788940096, 5.0, 5.0, 5.0, 5.0, 5.0, 5.0, 5.0, 5.0, 5.0, 5.0, 5.0, 5.0, 5.0, 5.0, 5.0, 5.0, 5.0, 5.0, 5.0, 5.0, 5.0, 5.0, 5.0, 5.0, 5.0, 5.0, 5.0, 5.0, 5.0, 5.0, 5.0, 5.0, 5.0, 5.0, 5.0, 3.599976839128525, 3.599976839128525, 3.599976839128525, 3.599976839128525, 3.599976839128525, 3.5781471995686305, 3.5781471995686305, 3.5781471995686305, 3.5781471995686305, 3.5781471995686305, 3.5482734506297877, 3.5482734506297877, 3.5482734506297877, 3.5482734506297877, 3.537418600337456, 3.534072011502857, 3.534072011502857, 3.534072011502857, 3.534072011502857, 3.5351690957761295, 3.534842911551946, 3.534842911551946, 3.534842911551946, 3.534842911551946, 3.4911489646240463, 3.4911489646240463, 3.4911489646240463, 3.4911489646240463, 3.4911489646240463, 3.487309917579494, 3.487309917579494, 3.487309917579494, 3.487309917579494, 3.487309917579494, 3.5265606408406307, 1.838237492582469, 1.838237492582469, 1.838237492582469, 1.838237492582469, 1.838237492582469, 1.8387122650104404, 1.8387122650104404, 1.8387122650104404, 1.8387122650104404, 1.8387122650104404, 1.8429569988030934, 1.8429569988030934, 1.8429569988030934, 1.8429569988030934, 1.8441826911440151, 1.849233290084206, 1.849233290084206, 1.849233290084206, 1.849233290084206, 1.8529378039604136, 1.853496436616199, 1.853496436616199, 1.853496436616199, 1.853496436616199, 1.8562367392227948, 1.8562367392227948, 1.8562367392227948, 1.8562367392227948, 1.8562367392227948, 1.8615099349034023, 1.8615099349034023, 1.8615099349034023, 1.8615099349034023, 1.8615099349034023, 1.8624096411272206], "O35": 2.397521151161579, "O46": 1.4971786260176425, "O22": [1.0812982990342606, 1.0812982990342606, 1.0812982990342606, 1.0812982990342606, 1.0812982990342606, 1.0843943251747272, 1.0843943251747272, 1.0843943251747272, 1.0843943251747272, 1.0843943251747272, 1.0849243811690008, 1.0849243811690008, 1.0849243811690008, 1.0849243811690008, 1.0861096887490587, 1.0845414308162833, 1.0845414308162833, 1.0845414308162833, 1.0845414308162833, 1.0865865556951242, 1.087924016199529, 1.087924016199529, 1.087924016199529, 1.087924016199529, 1.0880581482681284, 1.0896167010197937, 1.0896167010197937, 1.0896167010197937, 1.0896167010197937, 1.088618814316197, 1.088618814316197, 1.088618814316197, 1.088618814316197, 1.088618814316197, 1.0891443878773948, 1.0891443878773948, 1.0891443878773948, 1.0891443878773948, 1.0891443878773948, 1.094522845998788, 2.6026098613240745, 2.6026098613240745, 2.6026098613240745, 2.6026098613240745, 2.6026098613240745, 2.6204756488327594, 2.6204756488327594, 2.6204756488327594, 2.6204756488327594, 2.6204756488327594, 2.644842948304133, 2.644842948304133, 2.644842948304133, 2.644842948304133, 2.6504038123213305, 2.692495640921839, 2.692495640921839, 2.692495640921839, 2.692495640921839, 2.7168028877674275, 2.7331891477771904, 2.7331891477771904, 2.7331891477771904, 2.7331891477771904, 2.7572668169061685, 2.7572668169061685, 2.7572668169061685, 2.7572668169061685, 2.7572668169061685, 2.7822444654781817, 2.7822444654781817, 2.7822444654781817, 2.7822444654781817, 2.7822444654781817, 2.8067790004078073, 4.347158126615385, 4.347158126615385, 4.347158126615385, 4.347158126615385, 4.347158126615385, 4.353312281500157, 4.353312281500157, 4.353312281500157, 4.353312281500157, 4.353312281500157, 4.350643810201175, 4.350643810201175, 4.350643810201175, 4.350643810201175, 4.335941595736242, 4.336114824880964, 4.336114824880964, 4.336114824880964, 4.336114824880964, 4.340540806304845, 4.33275998499073, 4.33275998499073, 4.33275998499073, 4.33275998499073, 4.3381117165094505, 4.3381117165094505, 4.3381117165094505, 4.3381117165094505, 4.3381117165094505, 4.325612242012482, 4.325612242012482, 4.325612242012482, 4.325612242012482, 4.325612242012482, 4.318225231555025, 2.6812926194975444, 2.6812926194975444, 2.6812926194975444, 2.6812926194975444, 2.6812926194975444, 2.6611375010501455, 2.6611375010501455, 2.6611375010501455, 2.6611375010501455, 2.6611375010501455, 2.6335553256011095, 2.6335553256011095, 2.6335553256011095, 2.6335553256011095, 2.6235331356895237, 2.620443259002782, 2.620443259002782, 2.620443259002782, 2.620443259002782, 2.6214561874761966, 2.621155024387541, 2.621155024387541, 2.621155024387541, 2.621155024387541, 2.580812779003695, 2.580812779003695, 2.580812779003695, 2.580812779003695, 2.580812779003695, 2.5772682198873715, 2.5772682198873715, 2.5772682198873715, 2.5772682198873715, 2.5772682198873715, 2.613910799012189, 1.075159450087615, 1.075159450087615, 1.075159450087615, 1.075159450087615, 1.075159450087615, 1.075599032332178, 1.075599032332178, 1.075599032332178, 1.075599032332178, 1.075599032332178, 1.0795291459997292, 1.0795291459997292, 1.0795291459997292, 1.0795291459997292, 1.0806639898925563, 1.0853402378962635, 1.0853402378962635, 1.0853402378962635, 1.0853402378962635, 1.08877017280566, 1.089287399548935, 1.089287399548935, 1.089287399548935, 1.089287399548935, 1.0918245906316946, 1.0918245906316946, 1.0918245906316946, 1.0918245906316946, 1.0918245906316946, 1.0967069364814857, 1.0967069364814857, 1.0967069364814857, 1.0967069364814857, 1.0967069364814857, 1.0975399563832589],