{"O23": 5.0, "O34": [3.631067714348313, 3.631067714348313, 3.631067714348313, 3.631067714348313, 3.6308472574242323, 1.8584545708043168, 1.8584545708043168, 1.8584545708043168, 1.8584545708043168, 1.859357929089151, 3.5844482601325183, 3.5844482601325183, 3.5844482601325183, 3.5844482601325183, 3.584228862839078, 1.8405503954463796, 1.8405503954463796, 1.8405503954463796, 1.8405503954463796, 1.8412714497083986, 3.3578801964105747, 3.3578801964105747, 3.3578801964105747, 3.3578801964105747, 3.3578801964105747, 1.8386918045592968, 1.8386918045592968, 1.8386918045592968, 1.8386918045592968, 1.8386918045592968, 3.3740842802369646, 3.3742989009686912, 3.3742989009686912, 3.3742989009686912, 3.3742989009686912, 1.844965755053373, 1.844965755053373, 1.844965755053373, 1.844965755053373, 1.844965755053373, 3.5893645341943436, 3.589584048220991, 3.589584048220991, 3.589584048220991, 3.589584048220991, 1.8784813065652588, 1.8783001825654975, 1.8783001825654975, 1.8783001825654975, 1.8783001825654975, 3.5634280786883057, 3.563647003182362, 3.563647003182362, 3.563647003182362, 3.563647003182362, 1.8644526279790306, 1.8630064247168057, 1.8630064247168057, 1.8630064247168057], "O35": 1.6773966856171474, "O46": 1.8173655448753607, "O22": [2.7099985571731895, 2.7099985571731895, 2.7099985571731895, 2.7099985571731895, 2.7099985571731895, 1.0938780362979346, 1.0938780362979346, 1.0938780362979346, 1.0938780362979346, 1.0938780362979346, 2.666955216072922, 2.666955216072922, 2.666955216072922, 2.666955216072922, 2.666955216072922, 1.0773009203425712, 1.0773009203425712, 1.0773009203425712, 1.0773009203425712, 1.0773009203425712, 2.457766871566164, 2.457766871566164, 2.457766871566164, 2.457766871566164, 2.457766871566164, 1.0755800884118734, 1.0755800884118734, 1.0755800884118734, 1.0755800884118734, 1.0755800884118734, 2.47292612026625, 2.47292612026625, 2.47292612026625, 2.47292612026625, 2.47292612026625, 1.081389013020758, 1.081389013020758, 1.081389013020758, 1.081389013020758, 1.081389013020758, 2.6716970450417374, 2.6716970450417374, 2.6716970450417374, 2.6716970450417374, 2.6716970450417374, 1.1122526891815916, 1.1122526891815916, 1.1122526891815916, 1.1122526891815916, 1.1122526891815916, 2.647749594443904, 2.647749594443904, 2.647749594443904, 2.647749594443904, 2.647749594443904, 1.098092506309018, 1.098092506309018, 1.098092506309018, 1.098092506309018], "O21": [4.531000000000001, 4.531000000000001, 4.531000000000001, 4.531000000000001, 4.53, 4.408, 4.408, 4.408, 4.408, 4.413, 4.531000000000001, 4.531000000000001, 4.531000000000001, 4.531000000000001, 4.53, 4.408, 4.408, 4.408, 4.408, 4.412, 4.531000000000001, 4.531000000000001, 4.531000000000001, 4.531000000000001, 4.531000000000001, 4.408, 4.408, 4.408, 4.408, 4.408, 4.53, 4.531000000000001, 4.531000000000001, 4.531000000000001, 4.531000000000001, 4.408, 4.408, 4.408, 4.408, 4.408, 4.53, 4.531000000000001, 4.531000000000001, 4.531000000000001, 4.531000000000001, 4.409, 4.408, 4.408, 4.408, 4.408, 4.53, 4.531000000000001, 4.531000000000001, 4.531000000000001, 4.531000000000001, 4.416, 4.408, 4.408, 4.408], "mode": "0"}