{"O23": 3.090336943456296, "O34": [4.546682834864007, 4.577207396464029, 4.577207396464029, 4.577207396464029, 4.577207396464029, 4.577207396464029, 4.577207396464029, 4.577207396464029, 4.577207396464029, 4.577207396464029, 4.577207396464029, 4.577207396464029, 4.577207396464029, 4.5971512279549485, 4.5971512279549485, 2.858836930768777, 2.854172563203531, 2.8293522139839395, 2.8293522139839395, 2.8293522139839395, 2.8293522139839395, 2.8110151457309436, 2.8110151457309436, 2.8110151457309436, 2.8110151457309436, 2.806090034524866, 2.806090034524866, 2.806090034524866, 2.806090034524866, 2.8151141052135125, 2.8151141052135125, 2.8151141052135125, 2.8151141052135125, 2.8160659426952743, 2.8160659426952743, 2.8160659426952743, 2.8160659426952743, 2.7504737817176577, 2.7504737817176577, 4.708406620941861, 4.714040336494649, 4.714040336494649, 4.714040336494649, 4.714040336494649, 4.714040336494649, 4.714040336494649, 4.714040336494649, 5.0, 5.0, 5.0, 5.0, 5.0, 5.0, 5.0, 5.0, 5.0, 5.0, 5.0, 5.0], "O35": 3.677154229687916, "O46": 2.5796186318338, "O22": [3.55025729847751, 3.578425637943445, 3.578425637943445, 3.578425637943445, 3.578425637943445, 3.578425637943445, 3.578425637943445, 3.578425637943445, 3.578425637943445, 3.578425637943445, 3.578425637943445, 3.578425637943445, 3.578425637943445, 3.596829984680638, 3.596829984680638, 1.9926979462505732, 1.9926979462505732, 1.969781531297678, 1.969781531297678, 1.969781531297678, 1.969781531297678, 1.9528510738980898, 1.9528510738980898, 1.9528510738980898, 1.9528510738980898, 1.9483037610827427, 1.9483037610827427, 1.9483037610827427, 1.9483037610827427, 1.9566356079329088, 1.9566356079329088, 1.9566356079329088, 1.9566356079329088, 1.9575144312929993, 1.9575144312929993, 1.9575144312929993, 1.9575144312929993, 1.896953753225115, 1.896953753225115, 3.7046963033639626, 3.7046963033639626, 3.7046963033639626, 3.7046963033639626, 3.7046963033639626, 3.7046963033639626, 3.7046963033639626, 3.7046963033639626, 4.156478545394112, 4.156478545394112, 4.156478545394112, 4.156478545394112, 4.156478545394112, 4.156478545394112, 4.156478545394112, 4.156478545394112, 4.156478545394112, 4.156478545394112, 4.156478545394112, 4.156478545394112], "O21": [4.553999999999999, 4.553999999999999, 4.553999999999999, 4.553999999999999, 4.553999999999999, 4.553999999999999, 4.553999999999999, 4.553999999999999, 4.553999999999999, 4.553999999999999, 4.553999999999999, 4.553999999999999, 4.553999999999999, 4.553999999999999, 4.553999999999999, 4.553999999999999, 4.531000000000001, 4.531000000000001, 4.531000000000001, 4.531000000000001, 4.531000000000001, 4.531000000000001, 4.531000000000001, 4.531000000000001, 4.531000000000001, 4.531000000000001, 4.531000000000001, 4.531000000000001, 4.531000000000001, 4.531000000000001, 4.531000000000001, 4.531000000000001, 4.531000000000001, 4.531000000000001, 4.531000000000001, 4.531000000000001, 4.531000000000001, 4.531000000000001, 4.531000000000001, 4.531000000000001, 4.553999999999999, 4.553999999999999, 4.553999999999999, 4.553999999999999, 4.553999999999999, 4.553999999999999, 4.553999999999999, 4.553999999999999, 4.553999999999999, 4.553999999999999, 4.553999999999999, 4.553999999999999, 4.553999999999999, 4.553999999999999, 4.553999999999999, 4.553999999999999, 4.553999999999999, 4.553999999999999, 4.553999999999999], "mode": "0"}