{"O23": 2.184813362154604, "O34": [5.0, 5.0, 5.0, 5.0, 5.0, 3.6539361394746814, 3.6539361394746814, 3.6539361394746814, 3.6539361394746814, 3.6539361394746814, 3.6539361394746814, 3.6539361394746814, 3.6539361394746814, 3.6539361394746814, 3.6537151627657942, 1.8703916437936656, 1.8703916437936656, 1.8703916437936656, 1.8703916437936656, 1.8703916437936656, 1.8737974842800225, 1.8737974842800225, 1.8737974842800225, 1.8737974842800225, 1.8737974842800225, 1.8721713005412295, 1.8721713005412295, 1.8721713005412295, 1.8721713005412295, 1.870414302135891, 1.8613148938600446, 1.8613148938600446, 1.8613148938600446, 1.8613148938600446, 1.857849616881176, 1.8504345718103845, 1.8504345718103845, 1.8504345718103845, 1.8504345718103845, 1.8488238281230722, 1.8440292522991364, 1.8440292522991364, 1.8440292522991364, 1.8440292522991364, 1.833510742783714, 1.8320923399815374, 1.8320923399815374, 1.8320923399815374, 1.8320923399815374, 1.8235696826889354, 1.8235696826889354, 1.8235696826889354, 1.8235696826889354, 1.8235696826889354, 1.8235696826889354, 1.8236931758751067, 1.8236931758751067, 1.8236931758751067, 1.8236931758751067, 1.8236931758751067], "O35": 1.9857843820842525, "O46": 1.3523815315931391, "O22": [4.336223270155822, 4.336223270155822, 4.336223270155822, 4.336223270155822, 4.336223270155822, 2.731112777399446, 2.731112777399446, 2.731112777399446, 2.731112777399446, 2.731112777399446, 2.731112777399446, 2.731112777399446, 2.731112777399446, 2.731112777399446, 2.731112777399446, 1.104930332153848, 1.104930332153848, 1.104930332153848, 1.104930332153848, 1.104930332153848, 1.1080837313771628, 1.1080837313771628, 1.1080837313771628, 1.1080837313771628, 1.1080837313771628, 1.1065780805519352, 1.1065780805519352, 1.1065780805519352, 1.1065780805519352, 1.1049513110573113, 1.096526351901232, 1.096526351901232, 1.096526351901232, 1.096526351901232, 1.0933179216246212, 1.0864524804917368, 1.0864524804917368, 1.0864524804917368, 1.0864524804917368, 1.084961125299714, 1.0805219239513575, 1.0805219239513575, 1.0805219239513575, 1.0805219239513575, 1.0707830474921602, 1.0694697768581867, 1.0694697768581867, 1.0694697768581867, 1.0694697768581867, 1.0615788198404619, 1.0615788198404619, 1.0615788198404619, 1.0615788198404619, 1.0615788198404619, 1.0615788198404619, 1.0616931596983965, 1.0616931596983965, 1.0616931596983965, 1.0616931596983965, 1.0616931596983965], "O21": [4.559, 4.559, 4.559, 4.559, 4.559, 4.531000000000001, 4.531000000000001, 4.531000000000001, 4.531000000000001, 4.531000000000001, 4.531000000000001, 4.531000000000001, 4.531000000000001, 4.531000000000001, 4.53, 4.408, 4.408, 4.408, 4.408, 4.408, 4.408, 4.408, 4.408, 4.408, 4.408, 4.408, 4.408, 4.408, 4.408, 4.408, 4.408, 4.408, 4.408, 4.408, 4.408, 4.408, 4.408, 4.408, 4.408, 4.408, 4.408, 4.408, 4.408, 4.408, 4.408, 4.408, 4.408, 4.408, 4.408, 4.408, 4.408, 4.408, 4.408, 4.408, 4.408, 4.408, 4.408, 4.408, 4.408, 4.408], "mode": "0"}