{"O23": 3.0514022966709105, "O34": [5.0, 5.0, 5.0, 5.0, 5.0, 5.0, 5.0, 5.0, 5.0, 5.0, 3.460219462570795, 3.460219462570795, 3.460219462570795, 3.460219462570795, 3.460219462570795, 3.460219462570795, 3.460219462570795, 3.460219462570795, 3.460219462570795, 3.4604360362224185, 5.0, 5.0, 5.0, 5.0, 5.0, 5.0, 5.0, 5.0, 5.0, 5.0, 3.688204047274699, 3.688204047274699, 3.688204047274699, 3.688204047274699, 3.688204047274699, 3.688204047274699, 3.688204047274699, 3.688204047274699, 3.688204047274699, 3.6884258028714063, 5.0, 5.0, 5.0, 5.0, 5.0, 5.0, 5.0, 5.0, 5.0, 5.0, 3.593389876785706, 3.593389876785706, 3.593389876785706, 3.593389876785706, 3.593389876785706, 3.593389876785706, 3.593389876785706, 3.593389876785706, 3.593389876785706, 3.593389876785706], "O35": 3.8662585743803413, "O46": 2.680668263463098, "O22": [4.296226338970583, 4.296226338970583, 4.296226338970583, 4.296226338970583, 4.296226338970583, 4.296226338970583, 4.296226338970583, 4.296226338970583, 4.296226338970583, 4.296226338970583, 2.552255835784732, 2.552255835784732, 2.552255835784732, 2.552255835784732, 2.552255835784732, 2.552255835784732, 2.552255835784732, 2.552255835784732, 2.552255835784732, 2.552255835784732, 4.312049887498808, 4.312049887498808, 4.312049887498808, 4.312049887498808, 4.312049887498808, 4.312049887498808, 4.312049887498808, 4.312049887498808, 4.312049887498808, 4.312049887498808, 2.7627520419305385, 2.7627520419305385, 2.7627520419305385, 2.7627520419305385, 2.7627520419305385, 2.7627520419305385, 2.7627520419305385, 2.7627520419305385, 2.7627520419305385, 2.7627520419305385, 4.3006501728765025, 4.3006501728765025, 4.3006501728765025, 4.3006501728765025, 4.3006501728765025, 4.3006501728765025, 4.3006501728765025, 4.3006501728765025, 4.3006501728765025, 4.3006501728765025, 2.675210933821342, 2.675210933821342, 2.675210933821342, 2.675210933821342, 2.675210933821342, 2.675210933821342, 2.675210933821342, 2.675210933821342, 2.675210933821342, 2.675210933821342], "O21": [4.553999999999999, 4.553999999999999, 4.553999999999999, 4.553999999999999, 4.553999999999999, 4.553999999999999, 4.553999999999999, 4.553999999999999, 4.553999999999999, 4.553999999999999, 4.531000000000001, 4.531000000000001, 4.531000000000001, 4.531000000000001, 4.531000000000001, 4.531000000000001, 4.531000000000001, 4.531000000000001, 4.531000000000001, 4.532, 4.553999999999999, 4.553999999999999, 4.553999999999999, 4.553999999999999, 4.553999999999999, 4.553999999999999, 4.553999999999999, 4.553999999999999, 4.553999999999999, 4.553, 4.531000000000001, 4.531000000000001, 4.531000000000001, 4.531000000000001, 4.531000000000001, 4.531000000000001, 4.531000000000001, 4.531000000000001, 4.531000000000001, 4.532, 4.553999999999999, 4.553999999999999, 4.553999999999999, 4.553999999999999, 4.553999999999999, 4.553999999999999, 4.553999999999999, 4.553999999999999, 4.553999999999999, 4.553, 4.531000000000001, 4.531000000000001, 4.531000000000001, 4.531000000000001, 4.531000000000001, 4.531000000000001, 4.531000000000001, 4.531000000000001, 4.531000000000001, 4.531000000000001], "mode": "0"}