{"O23": 3.7496287194674522, "O34": [5.0, 5.0, 5.0, 5.0, 5.0, 5.0, 5.0, 5.0, 5.0, 5.0, 5.0, 5.0, 5.0, 5.0, 5.0, 5.0, 5.0, 5.0, 5.0, 5.0, 5.0, 5.0, 5.0, 5.0, 5.0, 5.0, 5.0, 5.0, 5.0, 5.0, 5.0, 5.0, 5.0, 5.0, 5.0, 5.0, 5.0, 5.0, 5.0, 3.586215706440332, 3.581171281814927, 3.581171281814927, 3.581171281814927, 3.581171281814927, 3.570249484320678, 3.570249484320678, 3.570249484320678, 3.570249484320678, 3.570249484320678, 3.577502345366093, 3.577502345366093, 3.577502345366093, 3.577502345366093, 3.577502345366093, 3.57819783253704, 3.57819783253704, 3.57819783253704, 3.57819783253704, 3.57819783253704, 3.579071283448945, 3.579071283448945, 3.579071283448945, 3.579071283448945, 3.579071283448945, 3.587678239608967, 3.587678239608967, 3.587678239608967, 3.587678239608967, 3.587678239608967, 3.603466748843918, 3.603466748843918, 3.603466748843918, 3.603466748843918, 3.603466748843918, 1.8734824380074375, 1.8514599462077816, 1.8514599462077816, 1.8514599462077816, 1.8514599462077816, 1.8508401811238067, 1.8508401811238067, 1.8508401811238067, 1.8508401811238067, 1.8508401811238067, 1.8511766051051477, 1.8511766051051477, 1.8511766051051477, 1.8511766051051477, 1.8511766051051477, 1.8518488067804797, 1.8518488067804797, 1.8518488067804797, 1.8518488067804797, 1.8518488067804797, 1.8538071989835367, 1.8538071989835367, 1.8538071989835367, 1.8538071989835367, 1.8538071989835367, 1.854128205992981, 1.854128205992981, 1.854128205992981, 1.854128205992981, 1.854128205992981, 1.8558303566938585, 1.8558303566938585, 1.8558303566938585, 1.8558303566938585, 1.8558303566938585, 3.545092735949873, 3.571824199448175, 3.571824199448175, 3.571824199448175, 3.571824199448175, 3.5804752165442935, 3.5804752165442935, 3.5804752165442935, 3.5804752165442935, 3.5804752165442935, 3.584824059172239, 3.584824059172239, 3.584824059172239, 3.584824059172239, 3.584824059172239, 3.5881385188289543, 3.5881385188289543, 3.5881385188289543, 3.5881385188289543, 3.5881385188289543, 3.5798909788738187, 3.5798909788738187, 3.5798909788738187, 3.5798909788738187, 3.5798909788738187, 3.5803475454882236, 3.5803475454882236, 3.5803475454882236, 3.5803475454882236, 3.5803475454882236, 3.5716496146676406, 3.5716496146676406, 3.5716496146676406, 3.5716496146676406, 3.5716496146676406, 5.0, 5.0, 5.0, 5.0, 5.0, 5.0, 5.0, 5.0, 5.0, 5.0, 5.0, 5.0, 5.0, 5.0, 5.0, 5.0, 5.0, 5.0, 5.0, 5.0, 5.0, 5.0, 5.0, 5.0, 5.0, 5.0, 5.0, 5.0, 5.0, 5.0, 5.0, 5.0, 5.0], "O35": 3.3510369701402074, "O46": 2.7117163455801103, "O22": [4.311803190670721, 4.311803190670721, 4.311803190670721, 4.311803190670721, 4.291296203541786, 4.291296203541786, 4.291296203541786, 4.291296203541786, 4.291296203541786, 4.281520344668721, 4.281520344668721, 4.281520344668721, 4.281520344668721, 4.281520344668721, 4.285929483994629, 4.285929483994629, 4.285929483994629, 4.285929483994629, 4.285929483994629, 4.2700774864539985, 4.2700774864539985, 4.2700774864539985, 4.2700774864539985, 4.2700774864539985, 4.293642331102747, 4.293642331102747, 4.293642331102747, 4.293642331102747, 4.293642331102747, 4.3095780605994, 4.3095780605994, 4.3095780605994, 4.3095780605994, 4.3095780605994, 4.328519504359663, 4.328519504359663, 4.328519504359663, 4.328519504359663, 4.328519504359663, 2.6639296101778087, 2.6639296101778087, 2.6639296101778087, 2.6639296101778087, 2.6639296101778087, 2.6538456084905104, 2.6538456084905104, 2.6538456084905104, 2.6538456084905104, 2.6538456084905104, 2.660542112711379, 2.660542112711379, 2.660542112711379, 2.660542112711379, 2.660542112711379, 2.6611842500343803, 2.6611842500343803, 2.6611842500343803, 2.6611842500343803, 2.6611842500343803, 2.66199069974873, 2.66199069974873, 2.66199069974873, 2.66199069974873, 2.66199069974873, 2.669937428342248, 2.669937428342248, 2.669937428342248, 2.669937428342248, 2.669937428342248, 2.6845148231208102, 2.6845148231208102, 2.6845148231208102, 2.6845148231208102, 2.6845148231208102, 1.0874018540285515, 1.0874018540285515, 1.0874018540285515, 1.0874018540285515, 1.0874018540285515, 1.0868280259992373, 1.0868280259992373, 1.0868280259992373, 1.0868280259992373, 1.0868280259992373, 1.0871395141989093, 1.0871395141989093, 1.0871395141989093, 1.0871395141989093, 1.0871395141989093, 1.087761892213791, 1.087761892213791, 1.087761892213791, 1.087761892213791, 1.087761892213791, 1.0895751281761927, 1.0895751281761927, 1.0895751281761927, 1.0895751281761927, 1.0895751281761927, 1.0898723421115823, 1.0898723421115823, 1.0898723421115823, 1.0898723421115823, 1.0898723421115823, 1.0914483292194972, 1.0914483292194972, 1.0914483292194972, 1.0914483292194972, 1.0914483292194972, 2.6552995294234942, 2.6552995294234942, 2.6552995294234942, 2.6552995294234942, 2.6552995294234942, 2.6632869391003386, 2.6632869391003386, 2.6632869391003386, 2.6632869391003386, 2.6632869391003386, 2.6673021880940224, 2.6673021880940224, 2.6673021880940224, 2.6673021880940224, 2.6673021880940224, 2.670362400187169, 2.670362400187169, 2.670362400187169, 2.670362400187169, 2.670362400187169, 2.6627475174842585, 2.6627475174842585, 2.6627475174842585, 2.6627475174842585, 2.6627475174842585, 2.6631690615123773, 2.6631690615123773, 2.6631690615123773, 2.6631690615123773, 2.6631690615123773, 2.655138336797242, 2.655138336797242, 2.655138336797242, 2.655138336797242, 2.655138336797242, 4.292356566546027, 4.292356566546027, 4.292356566546027, 4.292356566546027, 4.293389604034511, 4.293389604034511, 4.293389604034511, 4.293389604034511, 4.293389604034511, 4.290351003259188, 4.290351003259188, 4.290351003259188, 4.290351003259188, 4.290351003259188, 4.2861466171298614, 4.2861466171298614, 4.2861466171298614, 4.2861466171298614, 4.2861466171298614, 4.278400410588451, 4.278400410588451, 4.278400410588451, 4.278400410588451, 4.278400410588451, 4.282443601061081, 4.282443601061081, 4.282443601061081, 4.282443601061081, 4.282443601061081, 4.277166604695132, 4.277166604695132, 4.277166604695132, 4.277166604695132],