{"O23": 4.594340904953616, "O34": [5.0, 5.0, 5.0, 5.0, 5.0, 5.0, 5.0, 5.0, 5.0, 5.0, 5.0, 5.0, 5.0, 5.0, 5.0, 5.0, 5.0, 5.0, 5.0, 5.0, 5.0, 5.0, 5.0, 5.0, 5.0, 5.0, 5.0, 5.0, 5.0, 5.0, 3.6341617930701138, 3.6341617930701138, 3.6341617930701138, 3.6341617930701138, 3.634602847571171, 5.0, 5.0, 5.0, 5.0, 5.0, 3.422049345622622, 3.422049345622622, 3.422049345622622, 3.422049345622622, 3.4222650516916846, 5.0, 5.0, 5.0, 5.0, 5.0, 3.660417214958786, 3.660417214958786, 3.660417214958786, 3.660417214958786, 3.6606383389784103, 5.0, 5.0, 5.0, 5.0, 5.0], "O35": 4.2337513685527455, "O46": 3.9508462961947877, "O22": [4.253596100297127, 4.253596100297127, 4.253596100297127, 4.253596100297127, 4.253596100297127, 4.27150944043535, 4.27150944043535, 4.27150944043535, 4.27150944043535, 4.27150944043535, 4.2652999191034855, 4.2652999191034855, 4.2652999191034855, 4.2652999191034855, 4.257641242105706, 4.286656461895405, 4.286656461895405, 4.286656461895405, 4.286656461895405, 4.298112824644363, 4.298112824644363, 4.298112824644363, 4.298112824644363, 4.298112824644363, 4.316445466209433, 4.316445466209433, 4.316445466209433, 4.316445466209433, 4.316445466209433, 4.3163542720721, 2.712855293444641, 2.712855293444641, 2.712855293444641, 2.712855293444641, 2.712855293444641, 4.284078444824288, 4.284078444824288, 4.284078444824288, 4.284078444824288, 4.284078444824288, 2.5170136951103212, 2.5170136951103212, 2.5170136951103212, 2.5170136951103212, 2.5170136951103212, 4.410468941639787, 4.410468941639787, 4.410468941639787, 4.410468941639787, 4.410468941639787, 2.7370966986497383, 2.7370966986497383, 2.7370966986497383, 2.7370966986497383, 2.7370966986497383, 4.324284267132658, 4.324284267132658, 4.324284267132658, 4.324284267132658, 4.324284267132658], "O21": [4.553999999999999, 4.553999999999999, 4.553999999999999, 4.553999999999999, 4.553999999999999, 4.553999999999999, 4.553999999999999, 4.553999999999999, 4.553999999999999, 4.553999999999999, 4.553999999999999, 4.553999999999999, 4.553999999999999, 4.553999999999999, 4.553999999999999, 4.553999999999999, 4.553999999999999, 4.553999999999999, 4.553999999999999, 4.553999999999999, 4.553999999999999, 4.553999999999999, 4.553999999999999, 4.553999999999999, 4.553999999999999, 4.553999999999999, 4.553999999999999, 4.553999999999999, 4.553999999999999, 4.553, 4.531000000000001, 4.531000000000001, 4.531000000000001, 4.531000000000001, 4.533, 4.553999999999999, 4.553999999999999, 4.553999999999999, 4.553999999999999, 4.553999999999999, 4.531000000000001, 4.531000000000001, 4.531000000000001, 4.531000000000001, 4.532, 4.553999999999999, 4.553999999999999, 4.553999999999999, 4.553999999999999, 4.553, 4.531000000000001, 4.531000000000001, 4.531000000000001, 4.531000000000001, 4.532, 4.553999999999999, 4.553999999999999, 4.553999999999999, 4.553999999999999, 4.553999999999999], "mode": "0"}