{"O23": 5.0, "O34": [4.627835928152579, 4.627835928152579, 4.627835928152579, 4.627835928152579, 4.5928240595759355, 4.5928240595759355, 4.5928240595759355, 4.5928240595759355, 4.5928240595759355, 4.591540441239797, 4.591540441239797, 4.591540441239797, 4.591540441239797, 4.591540441239797, 4.556527380846255, 4.556527380846255, 4.556527380846255, 4.556527380846255, 4.556527380846255, 4.609936149565609, 4.609936149565609, 4.609936149565609, 4.609936149565609, 4.609936149565609, 4.606492232260701, 4.606492232260701, 4.606492232260701, 4.606492232260701, 4.606492232260701, 4.62069980458789, 4.62069980458789, 4.62069980458789, 4.62069980458789, 4.62069980458789, 4.627788622601, 4.627788622601, 4.627788622601, 4.627788622601, 4.627788622601, 4.6099754740504215, 4.6099754740504215, 4.6099754740504215, 4.6099754740504215, 4.6099754740504215, 4.576574985935943, 4.576574985935943, 4.576574985935943, 4.576574985935943, 4.576574985935943, 4.579482870778292, 4.579482870778292, 4.579482870778292, 4.579482870778292, 4.579482870778292, 4.587150718153311, 4.587150718153311, 4.587150718153311, 4.587150718153311, 4.587150718153311, 3.4069756460281293, 3.402024874740849, 3.402024874740849, 3.402024874740849, 3.402024874740849, 1.8637801338587459, 1.8426864849261124, 1.8416047593398237, 1.8416047593398237, 1.8416047593398237, 3.4303462823981645, 3.4565427732770813, 3.4569757731263198, 3.4569757731263198, 3.4569757731263198, 4.664220473537831, 4.669831089658871, 4.669831089658871, 4.669831089658871, 4.669831089658871, 3.482805015830572, 3.4782485706825272, 3.4778146235255702, 3.4778146235255702, 3.4778146235255702, 1.8741805136872456, 1.8534202546353984, 1.8519760627013568, 1.8519760627013568, 1.8519760627013568, 3.4493236624314165, 3.475355559759124, 3.4760063571923165, 3.4760063571923165, 3.4760063571923165, 4.589954789518583, 4.595284329546068, 4.595526581365499, 4.595526581365499, 4.595526581365499, 3.3662082584081507, 3.361707437759005, 3.3612787881733723, 3.3612787881733723, 3.3612787881733723, 1.8422939979776267, 1.823055480210661, 1.8201786925071899, 1.8201786925071899, 1.8201786925071899, 3.4002663948137326, 3.4261641121415174, 3.4268115550747122, 3.4268115550747122, 3.4268115550747122, 4.498678522198613, 4.503962419888844, 4.504202597056582, 4.504202597056582, 4.504202597056582, 3.4230834987519994, 3.418555544786166, 3.4181243110751343, 3.4181243110751343, 3.4181243110751343, 1.8770979671079646, 1.8581359852276567, 1.8548853597624608, 1.8548853597624608, 1.8548853597624608, 3.5008141057595834, 3.5267687321340824, 3.527641156550032, 3.527641156550032, 4.5513236885522055, 4.5513236885522055, 4.556633911250108, 4.556875285009104, 4.556875285009104, 3.422778771313501, 3.422778771313501, 3.4186821825889075, 3.417819742857414, 3.417819742857414, 1.8818039825837136, 1.8818039825837136, 1.8631921639415565, 1.8595782185741474, 1.8595782185741474, 3.4207521398266736, 3.4207521398266736, 3.446273326674583, 3.4473547328969523, 3.4473547328969523, 4.529729703754797, 4.529729703754797, 4.535029128465823, 4.535270011407233, 4.535270011407233, 3.5081237077383176, 3.5081237077383176, 3.503990281381792, 3.5031200863593654, 3.5031200863593654, 1.8793647015534487, 1.8793647015534487, 1.8613005190475511, 1.857145757071195, 1.857145757071195, 3.4825638726705077, 3.4825638726705077, 3.5080336172721833, 3.509339758020987, 3.509339758020987, 4.762023705514134, 4.762023705514134, 4.767439287923995, 4.767685450760807, 4.767685450760807, 5.0, 5.0, 5.0, 5.0, 5.0, 5.0, 5.0, 5.0, 5.0, 5.0, 5.0, 5.0, 5.0, 5.0, 5.0, 5.0, 5.0, 5.0, 5.0, 5.0, 5.0, 5.0, 5.0, 5.0, 5.0, 5.0, 5.0, 5.0, 5.0, 5.0, 5.0, 5.0, 5.0, 5.0, 5.0, 5.0, 5.0, 5.0, 5.0, 5.0, 5.0, 5.0, 5.0, 5.0, 5.0, 5.0, 5.0, 5.0, 5.0, 5.0, 5.0, 5.0, 5.0, 5.0, 5.0, 5.0, 5.0, 5.0], "O35": 3.65512648331711, "O46": 3.584489970850332, "O22": [3.6251461014820228, 3.6251461014820228, 3.6251461014820228, 3.6251461014820228, 3.592836834855147, 3.592836834855147, 3.592836834855147, 3.592836834855147, 3.592836834855147, 3.591652300331414, 3.591652300331414, 3.591652300331414, 3.591652300331414, 3.591652300331414, 3.559341933885207, 3.559341933885207, 3.559341933885207, 3.559341933885207, 3.559341933885207, 3.6086280251142213, 3.6086280251142213, 3.6086280251142213, 3.6086280251142213, 3.6086280251142213, 3.60544994730893, 3.60544994730893, 3.60544994730893, 3.60544994730893, 3.60544994730893, 3.6185608225949744, 3.6185608225949744, 3.6185608225949744, 3.6185608225949744, 3.6185608225949744, 3.6251024474943594, 3.6251024474943594, 3.6251024474943594, 3.6251024474943594, 3.6251024474943594, 3.6086643141018246, 3.6086643141018246, 3.6086643141018246, 3.6086643141018246, 3.6086643141018246, 3.577842043830927, 3.577842043830927, 3.577842043830927, 3.577842043830927, 3.577842043830927, 3.580525466067762, 3.580525466067762, 3.580525466067762, 3.580525466067762, 3.580525466067762, 3.58760142446031, 3.58760142446031, 3.58760142446031, 3.58760142446031, 3.58760142446031, 2.49852527337705, 2.49852527337705, 2.49852527337705, 2.49852527337705, 2.49852527337705, 1.0782771346708686, 1.0782771346708686, 1.0782771346708686, 1.0782771346708686, 1.0782771346708686, 2.549260965219847, 2.549260965219847, 2.549260965219847, 2.549260965219847, 2.549260965219847, 3.6638996135139568, 3.6638996135139568, 3.6638996135139568, 3.6638996135139568, 3.6638996135139568, 2.56850129655707, 2.56850129655707, 2.56850129655707, 2.56850129655707, 2.56850129655707, 1.0878797159121305, 1.0878797159121305, 1.0878797159121305, 1.0878797159121305, 1.0878797159121305, 2.5668317398046017, 2.5668317398046017, 2.5668317398046017, 2.5668317398046017, 2.5668317398046017, 3.5953307462233117, 3.5953307462233117, 3.5953307462233117, 3.5953307462233117, 3.5953307462233117, 2.4609047621092306, 2.4609047621092306, 2.4609047621092306, 2.4609047621092306, 2.4609047621092306, 1.0584391702155842, 1.0584391702155842, 1.0584391702155842, 1.0584391702155842, 1.0584391702155842, 2.5214106021373404, 2.5214106021373404, 2.5214106021373404, 2.5214106021373404, 2.5214106021373404, 3.5110561536803218, 3.5110561536803218, 3.5110561536803218, 3.5110561536803218, 3.5110561536803218, 2.5133897444721214, 2.5133897444721214, 2.5133897444721214, 2.5133897444721214, 2.5133897444721214, 1.09057337556226, 1.09057337556226, 1.09057337556226, 1.09057337556226, 1.09057337556226, 2.6145057059370713, 2.6145057059370713, 2.6145057059370713, 2.6145057059370713, 3.559662982969847, 3.559662982969847, 3.559662982969847, 3.559662982969847, 3.559662982969847, 2.513108539256313, 2.513108539256313, 2.513108539256313, 2.513108539256313, 2.513108539256313, 1.0949183991742517, 1.0949183991742517, 1.0949183991742517, 1.0949183991742517, 1.0949183991742517, 2.54037794152731, 2.54037794152731, 2.54037794152731, 2.54037794152731, 2.54037794152731, 3.5397254425377693, 3.5397254425377693, 3.5397254425377693, 3.5397254425377693, 3.5397254425377693, 2.591865612737463, 2.591865612737463, 2.591865612737463, 2.591865612737463, 2.591865612737463, 1.0926662319794345, 1.0926662319794345, 1.0926662319794345, 1.0926662319794345, 1.0926662319794345, 2.597608182086809, 2.597608182086809, 2.597608182086809, 2.597608182086809, 2.597608182086809, 3.75420049638526, 3.75420049638526, 3.75420049638526, 3.75420049638526, 3.75420049638526, 4.408904906753061, 4.408904906753061, 4.408904906753061, 4.408904906753061, 4.408904906753061, 4.395652841731854, 4.395652841731854, 4.395652841731854, 4.395652841731854, 4.395652841731854, 4.3829984271165205, 4.3829984271165205, 4.3829984271165205, 4.3829984271165205, 4.3829984271165205, 4.352524199280112, 4.352524199280112, 4.352524199280112, 4.352524199280112, 4.352524199280112, 4.318490062928927, 4.318490062928927, 4.318490062928927, 4.318490062928927, 4.318490062928927, 4.29546275619177, 4.29546275619177, 4.29546275619177, 4.29546275619177, 4.29546275619177, 4.278025780313498, 4.278025780313498, 4.278025780313498, 4.278025780313498, 4.278025780313498, 4.272774352214009, 4.272774352214009, 4.272774352214009, 4.272774352214009, 