{"O23": 4.111381238443072, "O34": [2.6600819238225664, 2.6963718639831233, 2.6963718639831233, 2.6963718639831233, 2.6963718639831233, 2.739843556263527, 2.739843556263527, 2.739843556263527, 2.739843556263527, 2.740783588941919, 2.740783588941919, 2.740783588941919, 2.740783588941919, 2.732686748238607, 2.732686748238607, 2.732686748238607, 2.732686748238607, 2.7719164888475727, 2.7719164888475727, 2.7719164888475727, 2.7719164888475727, 2.797319726235583, 2.797319726235583, 2.797319726235583, 2.797319726235583, 2.8000695562452336, 2.8000695562452336, 2.8000695562452336, 2.8000695562452336, 2.8073425161294594, 2.8073425161294594, 2.8073425161294594, 2.8073425161294594, 2.8452573118625533, 2.8452573118625533, 2.8452573118625533, 2.8452573118625533, 2.8877154886856484, 2.8877154886856484, 2.8877154886856484, 2.8877154886856484, 2.88881465151856, 2.88881465151856, 2.88881465151856, 2.88881465151856, 2.889437927076056, 2.889437927076056, 2.889437927076056, 2.889437927076056, 2.8964229389639966, 2.8964229389639966, 2.8964229389639966, 2.8964229389639966, 2.894157417012451, 2.894157417012451, 2.894157417012451, 2.894157417012451, 2.8738342190718447, 2.8738342190718447, 2.8738342190718447], "O35": 2.8317755540721303, "O46": 2.460082351958504, "O22": [1.81349572829725, 1.8470019179151862, 1.8470019179151862, 1.8470019179151862, 1.8470019179151862, 1.8871389574946267, 1.8871389574946267, 1.8871389574946267, 1.8871389574946267, 1.8880068815812998, 1.8880068815812998, 1.8880068815812998, 1.8880068815812998, 1.8805311382014231, 1.8805311382014231, 1.8805311382014231, 1.8805311382014231, 1.9167516202879469, 1.9167516202879469, 1.9167516202879469, 1.9167516202879469, 1.940206210873281, 1.940206210873281, 1.940206210873281, 1.940206210873281, 1.9427451052697116, 1.9427451052697116, 1.9427451052697116, 1.9427451052697116, 1.9494601665755824, 1.9494601665755824, 1.9494601665755824, 1.9494601665755824, 1.9844665713681466, 1.9844665713681466, 1.9844665713681466, 1.9844665713681466, 2.023667840843171, 2.023667840843171, 2.023667840843171, 2.023667840843171, 2.0246826884328217, 2.0246826884328217, 2.0246826884328217, 2.0246826884328217, 2.0252581533942218, 2.0252581533942218, 2.0252581533942218, 2.0252581533942218, 2.0317073547917834, 2.0317073547917834, 2.0317073547917834, 2.0317073547917834, 2.0296156178598332, 2.0296156178598332, 2.0296156178598332, 2.0296156178598332, 2.010851384002514, 2.010851384002514, 2.010851384002514], "O21": [4.531000000000001, 4.531000000000001, 4.531000000000001, 4.531000000000001, 4.531000000000001, 4.531000000000001, 4.531000000000001, 4.531000000000001, 4.531000000000001, 4.531000000000001, 4.531000000000001, 4.531000000000001, 4.531000000000001, 4.531000000000001, 4.531000000000001, 4.531000000000001, 4.531000000000001, 4.531000000000001, 4.531000000000001, 4.531000000000001, 4.531000000000001, 4.531000000000001, 4.531000000000001, 4.531000000000001, 4.531000000000001, 4.531000000000001, 4.531000000000001, 4.531000000000001, 4.531000000000001, 4.531000000000001, 4.531000000000001, 4.531000000000001, 4.531000000000001, 4.531000000000001, 4.531000000000001, 4.531000000000001, 4.531000000000001, 4.531000000000001, 4.531000000000001, 4.531000000000001, 4.531000000000001, 4.531000000000001, 4.531000000000001, 4.531000000000001, 4.531000000000001, 4.531000000000001, 4.531000000000001, 4.531000000000001, 4.531000000000001, 4.531000000000001, 4.531000000000001, 4.531000000000001, 4.531000000000001, 4.531000000000001, 4.531000000000001, 4.531000000000001, 4.531000000000001, 4.531000000000001, 4.531000000000001, 4.531000000000001, 4.531000000000001], "mode": "0"}