{"O23": 3.9275251454188056, "O34": [5.0, 5.0, 5.0, 5.0, 5.0, 5.0, 5.0, 5.0, 5.0, 5.0, 5.0, 5.0, 5.0, 5.0, 5.0, 5.0, 5.0, 5.0, 5.0, 5.0, 5.0, 5.0, 5.0, 5.0, 5.0, 5.0, 5.0, 5.0, 5.0, 5.0, 5.0, 5.0, 5.0, 5.0, 5.0, 5.0, 5.0, 5.0, 5.0, 5.0, 5.0, 5.0, 5.0, 5.0, 5.0, 5.0, 5.0, 5.0, 5.0, 5.0, 5.0, 5.0, 5.0, 5.0, 5.0, 5.0, 5.0, 5.0, 5.0, 5.0], "O35": 5.0, "O46": 3.8717356049016045, "O22": [4.29933591864661, 4.29933591864661, 4.29933591864661, 4.29933591864661, 4.29933591864661, 4.29272560823782, 4.29272560823782, 4.29272560823782, 4.29272560823782, 4.29272560823782, 4.292401636074874, 4.292401636074874, 4.292401636074874, 4.292401636074874, 4.271696317796787, 4.290969665330864, 4.290969665330864, 4.290969665330864, 4.290969665330864, 4.2965809249803755, 4.306700374993704, 4.306700374993704, 4.306700374993704, 4.306700374993704, 4.317397734159222, 4.324530965435624, 4.324530965435624, 4.324530965435624, 4.324530965435624, 4.335571446394857, 4.321949802111937, 4.321949802111937, 4.321949802111937, 4.321949802111937, 4.328853952436058, 4.32254917036365, 4.32254917036365, 4.32254917036365, 4.32254917036365, 4.314345828228442, 4.317946526508502, 4.317946526508502, 4.317946526508502, 4.317946526508502, 4.311336734112384, 4.325844614411079, 4.325844614411079, 4.325844614411079, 4.325844614411079, 4.319107286781005, 4.319107286781005, 4.319107286781005, 4.319107286781005, 4.319107286781005, 4.336463591398316, 4.336463591398316, 4.336463591398316, 4.336463591398316, 4.336463591398316, 4.35384114092117], "O21": [4.553999999999999, 4.553999999999999, 4.553999999999999, 4.553999999999999, 4.553999999999999, 4.553999999999999, 4.553999999999999, 4.553999999999999, 4.553999999999999, 4.553999999999999, 4.553999999999999, 4.553999999999999, 4.553999999999999, 4.553999999999999, 4.553999999999999, 4.553999999999999, 4.553999999999999, 4.553999999999999, 4.553999999999999, 4.553999999999999, 4.553999999999999, 4.553999999999999, 4.553999999999999, 4.553999999999999, 4.553999999999999, 4.553999999999999, 4.553999999999999, 4.553999999999999, 4.553999999999999, 4.553999999999999, 4.553999999999999, 4.553999999999999, 4.553999999999999, 4.553999999999999, 4.553999999999999, 4.553999999999999, 4.553999999999999, 4.553999999999999, 4.553999999999999, 4.553999999999999, 4.553999999999999, 4.553999999999999, 4.553999999999999, 4.553999999999999, 4.553999999999999, 4.553999999999999, 4.553999999999999, 4.553999999999999, 4.553999999999999, 4.553999999999999, 4.553999999999999, 4.553999999999999, 4.553999999999999, 4.553999999999999, 4.553999999999999, 4.553999999999999, 4.553999999999999, 4.553999999999999, 4.553999999999999, 4.553999999999999], "mode": "0"}