{"O23": 2.1403222635600283, "O34": [5.0, 5.0, 5.0, 5.0, 5.0, 3.6054076328840305, 3.6054076328840305, 3.6054076328840305, 3.6054076328840305, 3.6051877591973343, 1.86399712008339, 1.86399712008339, 1.86399712008339, 1.86399712008339, 1.8652627060048903, 3.628973848298898, 3.628973848298898, 3.628973848298898, 3.628973848298898, 3.6291942576307306, 5.0, 5.0, 5.0, 5.0, 5.0, 3.5550224959498786, 3.5550224959498786, 3.5550224959498786, 3.5550224959498786, 3.5545850390209304, 1.8701656872967407, 1.8701656872967407, 1.8701656872967407, 1.8701656872967407, 1.8721560117810991, 3.5558168803019266, 3.5558168803019266, 3.5558168803019266, 3.5558168803019266, 3.5560356268222533, 5.0, 5.0, 5.0, 5.0, 5.0, 3.4847286537908357, 3.4847286537908357, 3.4847286537908357, 3.4847286537908357, 3.4840772616008264, 1.8428556036620307, 1.8428556036620307, 1.8428556036620307, 1.8428556036620307, 1.8444784486369175, 3.603122013867393, 3.603122013867393, 3.603122013867393, 3.603122013867393], "O35": 2.7579793747015713, "O46": 1.7917038827846636, "O22": [4.284083635420797, 4.284083635420797, 4.284083635420797, 4.284083635420797, 4.284083635420797, 2.686306824661367, 2.686306824661367, 2.686306824661367, 2.686306824661367, 2.686306824661367, 1.0990097712285125, 1.0990097712285125, 1.0990097712285125, 1.0990097712285125, 1.0990097712285125, 2.7080653086592523, 2.7080653086592523, 2.7080653086592523, 2.7080653086592523, 2.7080653086592523, 4.306124663536665, 4.306124663536665, 4.306124663536665, 4.306124663536665, 4.306124663536665, 2.63978666109614, 2.63978666109614, 2.63978666109614, 2.63978666109614, 2.63978666109614, 1.10472112357677, 1.10472112357677, 1.10472112357677, 1.10472112357677, 1.10472112357677, 2.640520109335831, 2.640520109335831, 2.640520109335831, 2.640520109335831, 2.640520109335831, 4.285109016611003, 4.285109016611003, 4.285109016611003, 4.285109016611003, 4.285109016611003, 2.574884961232933, 2.574884961232933, 2.574884961232933, 2.574884961232933, 2.574884961232933, 1.079435266277424, 1.079435266277424, 1.079435266277424, 1.079435266277424, 1.079435266277424, 2.684196532282074, 2.684196532282074, 2.684196532282074, 2.684196532282074], "O21": [4.553999999999999, 4.553999999999999, 4.553999999999999, 4.553999999999999, 4.553999999999999, 4.531000000000001, 4.531000000000001, 4.531000000000001, 4.531000000000001, 4.53, 4.408, 4.408, 4.408, 4.408, 4.415, 4.531000000000001, 4.531000000000001, 4.531000000000001, 4.531000000000001, 4.532, 4.553999999999999, 4.553999999999999, 4.553999999999999, 4.553999999999999, 4.553999999999999, 4.531000000000001, 4.531000000000001, 4.531000000000001, 4.531000000000001, 4.529, 4.408, 4.408, 4.408, 4.408, 4.419, 4.531000000000001, 4.531000000000001, 4.531000000000001, 4.531000000000001, 4.532, 4.553999999999999, 4.553999999999999, 4.553999999999999, 4.553999999999999, 4.553, 4.531000000000001, 4.531000000000001, 4.531000000000001, 4.531000000000001, 4.5280000000000005, 4.408, 4.408, 4.408, 4.408, 4.417, 4.531000000000001, 4.531000000000001, 4.531000000000001, 4.531000000000001, 4.531000000000001], "mode": "0"}