{"O23": 5.0, "O34": [5.0, 5.0, 5.0, 5.0, 5.0, 5.0, 5.0, 5.0, 5.0, 5.0, 5.0, 5.0, 5.0, 5.0, 5.0, 5.0, 5.0, 5.0, 5.0, 5.0, 5.0, 5.0, 5.0, 5.0, 5.0, 5.0, 5.0, 5.0, 5.0, 5.0, 5.0, 5.0, 5.0, 5.0, 5.0, 5.0, 5.0, 5.0, 5.0, 5.0, 5.0, 5.0, 5.0, 5.0, 5.0, 5.0, 5.0, 5.0, 5.0, 5.0, 5.0, 5.0, 5.0, 5.0, 5.0, 5.0, 5.0, 5.0, 5.0, 5.0], "O35": 5.0, "O46": 4.9522177313124995, "O22": [4.528496571269615, 4.528496571269615, 4.528496571269615, 4.528496571269615, 4.528496571269615, 4.5261052823384516, 4.5261052823384516, 4.5261052823384516, 4.5261052823384516, 4.5261052823384516, 4.520960017290962, 4.520960017290962, 4.520960017290962, 4.520960017290962, 4.516699782119835, 4.515093176135278, 4.515093176135278, 4.515093176135278, 4.515093176135278, 4.512325641482555, 4.511764967077436, 4.511764967077436, 4.511764967077436, 4.511764967077436, 4.50811689552431, 4.507660762878978, 4.507660762878978, 4.507660762878978, 4.507660762878978, 4.504712256927795, 4.500728848390998, 4.500728848390998, 4.500728848390998, 4.500728848390998, 4.502248813299167, 4.504148066915623, 4.504148066915623, 4.504148066915623, 4.504148066915623, 4.503095117275371, 4.505728283077724, 4.505728283077724, 4.505728283077724, 4.505728283077724, 4.504755151366695, 4.509153581786727, 4.509153581786727, 4.509153581786727, 4.509153581786727, 4.509964358599946, 4.509964358599946, 4.509964358599946, 4.509964358599946, 4.509964358599946, 4.517122343670146, 4.517122343670146, 4.517122343670146, 4.517122343670146, 4.517122343670146, 4.519868519672478], "O21": [4.559, 4.559, 4.559, 4.559, 4.559, 4.559, 4.559, 4.559, 4.559, 4.559, 4.559, 4.559, 4.559, 4.559, 4.559, 4.559, 4.559, 4.559, 4.559, 4.559, 4.559, 4.559, 4.559, 4.559, 4.559, 4.559, 4.559, 4.559, 4.559, 4.559, 4.559, 4.559, 4.559, 4.559, 4.559, 4.559, 4.559, 4.559, 4.559, 4.559, 4.559, 4.559, 4.559, 4.559, 4.559, 4.559, 4.559, 4.559, 4.559, 4.559, 4.559, 4.559, 4.559, 4.559, 4.559, 4.559, 4.559, 4.559, 4.559, 4.559], "mode": "0"}