{"O23": 2.9375671327363313, "O34": [5.0, 5.0, 5.0, 5.0, 5.0, 5.0, 5.0, 5.0, 5.0, 5.0, 5.0, 5.0, 5.0, 5.0, 5.0, 5.0, 5.0, 5.0, 5.0, 5.0, 5.0, 5.0, 5.0, 5.0, 5.0, 5.0, 5.0, 5.0, 5.0, 5.0, 5.0, 5.0, 5.0, 5.0, 5.0, 5.0, 5.0, 5.0, 5.0, 5.0, 5.0, 5.0, 5.0, 5.0, 5.0, 5.0, 5.0, 5.0, 5.0, 5.0, 5.0, 5.0, 5.0, 5.0, 5.0, 5.0, 5.0, 5.0, 5.0, 5.0, 5.0, 5.0, 5.0, 5.0, 5.0, 5.0, 5.0, 5.0, 5.0, 5.0, 5.0, 5.0, 5.0, 5.0, 5.0, 5.0, 5.0, 5.0, 5.0, 5.0, 5.0, 5.0, 5.0, 5.0, 5.0, 5.0, 5.0, 5.0, 5.0, 5.0, 5.0, 5.0, 5.0, 5.0, 5.0, 5.0, 5.0, 5.0, 5.0, 5.0, 3.514535408333463, 3.514099811697857, 3.514099811697857, 3.514099811697857, 3.514099811697857, 3.503250210556268, 3.503250210556268, 3.503250210556268, 3.503250210556268, 3.503250210556268, 3.5042298582524456, 3.5042298582524456, 3.5042298582524456, 3.5042298582524456, 3.5042298582524456, 3.5064505051540205, 3.5064505051540205, 3.5064505051540205, 3.5064505051540205, 3.5064505051540205, 3.52692519329258, 3.52692519329258, 3.52692519329258, 3.52692519329258, 3.52692519329258, 3.533984315816559, 3.533984315816559, 3.533984315816559, 3.533984315816559, 3.533984315816559, 3.561348371957389, 3.561348371957389, 3.561348371957389, 3.561348371957389, 3.561348371957389, 3.573550171689717, 3.573550171689717, 3.573550171689717, 3.573550171689717, 3.573550171689717, 3.5763551098891786, 3.5763551098891786, 3.5763551098891786, 3.5763551098891786, 3.5763551098891786, 3.5548871638940467, 3.5548871638940467, 3.5548871638940467, 3.5548871638940467, 3.5548871638940467, 3.5544685004197105, 3.5544685004197105, 3.5544685004197105, 3.5544685004197105, 3.5544685004197105, 3.5361771774510853, 3.5361771774510853, 3.5361771774510853, 3.5361771774510853, 3.5361771774510853, 3.5161247985064605, 3.5161247985064605, 3.5161247985064605, 3.5161247985064605, 3.5161247985064605, 3.5086922918840395, 3.5086922918840395, 3.5086922918840395, 3.5086922918840395, 3.5086922918840395, 3.53314557920503, 3.53314557920503, 3.53314557920503, 3.53314557920503, 3.53314557920503, 3.5230482565013927, 3.5230482565013927, 3.5230482565013927, 3.5230482565013927, 3.5230482565013927, 3.519002103932988, 3.519002103932988, 3.519002103932988, 3.519002103932988, 3.519002103932988, 3.541333962959223, 3.541333962959223, 3.541333962959223, 3.541333962959223, 3.541333962959223, 3.554176338817565, 3.554176338817565, 3.554176338817565, 3.554176338817565, 3.554176338817565, 3.533948360545846, 3.533948360545846, 3.533948360545846, 3.533948360545846, 3.533948360545846, 1.878802707853116, 1.8735532495807405, 1.8735532495807405, 1.8735532495807405, 1.8735532495807405, 1.869713150273888, 1.869713150273888, 1.869713150273888, 1.869713150273888, 1.869713150273888, 1.868639790649934, 1.868639790649934, 1.868639790649934, 1.868639790649934, 1.868639790649934, 1.8687063822902692, 1.8687063822902692, 1.8687063822902692, 1.8687063822902692, 1.8687063822902692, 1.8660025287969928, 1.8660025287969928, 1.8660025287969928, 1.8660025287969928, 1.8660025287969928, 1.8589590356372276, 1.8589590356372276, 1.8589590356372276, 1.8589590356372276, 1.8589590356372276, 1.8611948121939161, 1.8611948121939161, 1.8611948121939161, 1.8611948121939161, 1.8611948121939161, 1.8589765201629, 1.8589765201629, 1.8589765201629, 1.8589765201629, 1.8589765201629, 1.855954327461065, 1.855954327461065, 1.855954327461065, 1.855954327461065, 1.855954327461065, 1.8530167953293564, 1.8530167953293564, 1.8530167953293564, 1.8530167953293564, 1.8530167953293564, 1.855954327461065, 1.855954327461065, 1.855954327461065, 1.855954327461065, 1.855954327461065, 1.8559191120499763, 1.8559191120499763, 1.8559191120499763, 1.8559191120499763, 1.8559191120499763, 1.8584515165329138, 1.8584515165329138, 1.8584515165329138, 1.8584515165329138, 1.8584515165329138, 1.857839571710976, 1.857839571710976, 1.857839571710976, 1.857839571710976, 1.857839571710976, 1.8577500059211562, 1.8577500059211562, 1.8577500059211562, 1.8577500059211562, 1.8577500059211562, 1.8621507916404276, 1.8621507916404276, 1.8621507916404276, 1.8621507916404276, 1.8621507916404276, 1.8587141393480033, 1.8587141393480033, 1.8587141393480033, 1.8587141393480033, 1.8587141393480033, 1.855842498106081, 1.855842498106081, 1.855842498106081, 1.855842498106081, 1.855842498106081, 1.8577418232991176, 1.8577418232991176, 1.8577418232991176, 1.8577418232991176, 1.8577418232991176, 1.8602030804004297, 1.8602030804004297, 1.8602030804004297, 1.8602030804004297], "O35": 2.4045850047323847, "O46": 1.8675306956444575,