{"O23": 5.0, "O34": [3.6249385541090944, 3.6249385541090944, 3.6249385541090944, 3.6249385541090944, 3.6249385541090944, 3.6249385541090944, 3.6249385541090944, 3.6249385541090944, 3.6249385541090944, 3.6249385541090944, 1.856911287080503, 1.8567306547169091, 1.8567306547169091, 1.8567306547169091, 1.8567306547169091, 1.8567306547169091, 1.8567306547169091, 1.8567306547169091, 1.8567306547169091, 1.8567306547169091, 3.482973263655455, 3.4831903594210023, 3.4831903594210023, 3.4831903594210023, 3.4831903594210023, 3.4831903594210023, 3.4831903594210023, 3.4831903594210023, 3.4831903594210023, 3.4831903594210023, 1.849678485152387, 1.8491371073028104, 1.8491371073028104, 1.8491371073028104, 1.8491371073028104, 1.8491371073028104, 1.8491371073028104, 1.8491371073028104, 1.8491371073028104, 1.8491371073028104, 3.6555250267540935, 3.655746044600977, 3.655746044600977, 3.655746044600977, 3.655746044600977, 3.655746044600977, 3.655746044600977, 3.655746044600977, 3.655746044600977, 3.655746044600977, 1.8458074292575875, 1.8449056150855196, 1.8449056150855196, 1.8449056150855196, 1.8449056150855196, 1.8449056150855196, 1.8449056150855196, 1.8449056150855196, 1.8449056150855196], "O35": 2.28078978417822, "O46": 2.2699103687961655, "O22": [2.7043395562416532, 2.7043395562416532, 2.7043395562416532, 2.7043395562416532, 2.7043395562416532, 2.7043395562416532, 2.7043395562416532, 2.7043395562416532, 2.7043395562416532, 2.7043395562416532, 1.0922818970562798, 1.0922818970562798, 1.0922818970562798, 1.0922818970562798, 1.0922818970562798, 1.0922818970562798, 1.0922818970562798, 1.0922818970562798, 1.0922818970562798, 1.0922818970562798, 2.573464667272243, 2.573464667272243, 2.573464667272243, 2.573464667272243, 2.573464667272243, 2.573464667272243, 2.573464667272243, 2.573464667272243, 2.573464667272243, 2.573464667272243, 1.0852511841929664, 1.0852511841929664, 1.0852511841929664, 1.0852511841929664, 1.0852511841929664, 1.0852511841929664, 1.0852511841929664, 1.0852511841929664, 1.0852511841929664, 1.0852511841929664, 2.7327838472354347, 2.7327838472354347, 2.7327838472354347, 2.7327838472354347, 2.7327838472354347, 2.7327838472354347, 2.7327838472354347, 2.7327838472354347, 2.7327838472354347, 2.7327838472354347, 1.0813333306337882, 1.0813333306337882, 1.0813333306337882, 1.0813333306337882, 1.0813333306337882, 1.0813333306337882, 1.0813333306337882, 1.0813333306337882, 1.0813333306337882], "O21": [4.531000000000001, 4.531000000000001, 4.531000000000001, 4.531000000000001, 4.531000000000001, 4.531000000000001, 4.531000000000001, 4.531000000000001, 4.531000000000001, 4.531000000000001, 4.409, 4.408, 4.408, 4.408, 4.408, 4.408, 4.408, 4.408, 4.408, 4.408, 4.53, 4.531000000000001, 4.531000000000001, 4.531000000000001, 4.531000000000001, 4.531000000000001, 4.531000000000001, 4.531000000000001, 4.531000000000001, 4.531000000000001, 4.4110000000000005, 4.408, 4.408, 4.408, 4.408, 4.408, 4.408, 4.408, 4.408, 4.408, 4.53, 4.531000000000001, 4.531000000000001, 4.531000000000001, 4.531000000000001, 4.531000000000001, 4.531000000000001, 4.531000000000001, 4.531000000000001, 4.531000000000001, 4.413, 4.408, 4.408, 4.408, 4.408, 4.408, 4.408, 4.408, 4.408], "mode": "0"}