{"O23": 3.9745344741010187, "O34": [5.0, 5.0, 5.0, 5.0, 5.0, 5.0, 5.0, 5.0, 5.0, 5.0, 5.0, 5.0, 5.0, 5.0, 5.0, 5.0, 5.0, 5.0, 5.0, 5.0, 5.0, 5.0, 5.0, 5.0, 5.0, 5.0, 5.0, 5.0, 5.0, 5.0, 5.0, 5.0, 5.0, 5.0, 5.0, 5.0, 5.0, 5.0, 5.0, 5.0, 5.0, 5.0, 5.0, 5.0, 5.0, 5.0, 5.0, 5.0, 5.0, 5.0, 5.0, 5.0, 5.0, 5.0, 5.0, 5.0, 5.0, 5.0, 5.0, 5.0], "O35": 5.0, "O46": 3.9201990277882643, "O22": [4.293998146112886, 4.293998146112886, 4.293998146112886, 4.293998146112886, 4.293998146112886, 4.3090164262644794, 4.3090164262644794, 4.3090164262644794, 4.3090164262644794, 4.3090164262644794, 4.305246940489036, 4.305246940489036, 4.305246940489036, 4.305246940489036, 4.312965849430158, 4.305503598950612, 4.305503598950612, 4.305503598950612, 4.305503598950612, 4.297064610612152, 4.291973478230194, 4.291973478230194, 4.291973478230194, 4.291973478230194, 4.297695392853735, 4.305922375475478, 4.305922375475478, 4.305922375475478, 4.305922375475478, 4.293737323655717, 4.300943605870737, 4.300943605870737, 4.300943605870737, 4.300943605870737, 4.303745032901689, 4.299409900060926, 4.299409900060926, 4.299409900060926, 4.299409900060926, 4.305656455286197, 4.307729023599433, 4.307729023599433, 4.307729023599433, 4.307729023599433, 4.316000102535084, 4.311709064138177, 4.311709064138177, 4.311709064138177, 4.311709064138177, 4.305253492930329, 4.305253492930329, 4.305253492930329, 4.305253492930329, 4.305253492930329, 4.297303608627272, 4.297303608627272, 4.297303608627272, 4.297303608627272, 4.297303608627272, 4.304956833438528], "O21": [4.553999999999999, 4.553999999999999, 4.553999999999999, 4.553999999999999, 4.553999999999999, 4.553999999999999, 4.553999999999999, 4.553999999999999, 4.553999999999999, 4.553999999999999, 4.553999999999999, 4.553999999999999, 4.553999999999999, 4.553999999999999, 4.553999999999999, 4.553999999999999, 4.553999999999999, 4.553999999999999, 4.553999999999999, 4.553999999999999, 4.553999999999999, 4.553999999999999, 4.553999999999999, 4.553999999999999, 4.553999999999999, 4.553999999999999, 4.553999999999999, 4.553999999999999, 4.553999999999999, 4.553999999999999, 4.553999999999999, 4.553999999999999, 4.553999999999999, 4.553999999999999, 4.553999999999999, 4.553999999999999, 4.553999999999999, 4.553999999999999, 4.553999999999999, 4.553999999999999, 4.553999999999999, 4.553999999999999, 4.553999999999999, 4.553999999999999, 4.553999999999999, 4.553999999999999, 4.553999999999999, 4.553999999999999, 4.553999999999999, 4.553999999999999, 4.553999999999999, 4.553999999999999, 4.553999999999999, 4.553999999999999, 4.553999999999999, 4.553999999999999, 4.553999999999999, 4.553999999999999, 4.553999999999999, 4.553999999999999], "mode": "0"}