{"O23": 5.0, "O34": [1.8575480675363203, 1.8560968885681435, 1.8560968885681435, 1.8560968885681435, 1.8560968885681435, 1.8560968885681435, 1.8560968885681435, 1.855522229277054, 1.855522229277054, 1.855522229277054, 1.855522229277054, 1.855522229277054, 1.855522229277054, 1.8556830782744453, 1.8556830782744453, 1.8551570558111778, 1.8551570558111778, 1.8551570558111778, 1.8551570558111778, 1.863225292433008, 1.863225292433008, 1.864692980902282, 1.864692980902282, 1.864692980902282, 1.864692980902282, 1.8698194165811468, 1.8698194165811468, 1.873885066098538, 1.873885066098538, 1.873885066098538, 1.873885066098538, 1.8762420538773237, 1.8762420538773237, 1.8816835498660318, 1.8816835498660318, 1.8816835498660318, 1.8816835498660318, 1.8816835498660318, 1.8816835498660318, 1.8898164817781555, 1.8898164817781555, 1.8898164817781555, 1.8898164817781555, 1.8898164817781555, 1.8898164817781555, 1.8876504023639953, 1.8876504023639953, 4.6496342672042, 4.679911201652034, 4.679911201652034, 4.679911201652034, 4.679911201652034, 4.679911201652034, 4.679911201652034, 4.679911201652034, 4.679911201652034, 4.679911201652034, 4.679911201652034, 4.679911201652034], "O35": 2.3100851955629973, "O46": 2.355370646509748, "O22": [1.0930387231496286, 1.0916951057226028, 1.0916951057226028, 1.0916951057226028, 1.0916951057226028, 1.0916951057226028, 1.0916951057226028, 1.0911630402399557, 1.0911630402399557, 1.0911630402399557, 1.0911630402399557, 1.0911630402399557, 1.0911630402399557, 1.091311967092366, 1.091311967092366, 1.0908249334706335, 1.0908249334706335, 1.0908249334706335, 1.0908249334706335, 1.0982951515265629, 1.0982951515265629, 1.0996540547686897, 1.0996540547686897, 1.0996540547686897, 1.0996540547686897, 1.1044005184838466, 1.1044005184838466, 1.1081648216218731, 1.1081648216218731, 1.1081648216218731, 1.1081648216218731, 1.1103471092130737, 1.1103471092130737, 1.1153852809340332, 1.1153852809340332, 1.1153852809340332, 1.1153852809340332, 1.1153852809340332, 1.1153852809340332, 1.1229153990583838, 1.1229153990583838, 1.1229153990583838, 1.1229153990583838, 1.1229153990583838, 1.1229153990583838, 1.1209098696832962, 1.1209098696832962, 3.673201631351221, 3.673201631351221, 3.673201631351221, 3.673201631351221, 3.673201631351221, 3.673201631351221, 3.673201631351221, 3.673201631351221, 3.673201631351221, 3.673201631351221, 3.673201631351221, 3.673201631351221], "O21": [4.408, 4.408, 4.408, 4.408, 4.408, 4.408, 4.408, 4.408, 4.408, 4.408, 4.408, 4.408, 4.408, 4.408, 4.408, 4.408, 4.408, 4.408, 4.408, 4.408, 4.408, 4.408, 4.408, 4.408, 4.408, 4.408, 4.408, 4.408, 4.408, 4.408, 4.408, 4.408, 4.408, 4.408, 4.408, 4.408, 4.408, 4.408, 4.408, 4.408, 4.408, 4.408, 4.408, 4.408, 4.408, 4.408, 4.408, 4.43, 4.553999999999999, 4.553999999999999, 4.553999999999999, 4.553999999999999, 4.553999999999999, 4.553999999999999, 4.553999999999999, 4.553999999999999, 4.553999999999999, 4.553999999999999, 4.553999999999999], "mode": "0"}