{"O23": 5.0, "O34": [3.6088937084935293, 3.6088937084935293, 3.6088937084935293, 3.6088937084935293, 3.609638834633078, 3.609638834633078, 3.609638834633078, 3.609638834633078, 3.609638834633078, 3.5816430711343945, 3.5816430711343945, 3.5816430711343945, 3.5816430711343945, 3.5816430711343945, 3.5831300042965513, 3.5831300042965513, 3.5831300042965513, 3.5831300042965513, 3.5831300042965513, 3.5743182274956062, 3.5743182274956062, 3.5743182274956062, 3.5743182274956062, 3.5743182274956062, 3.5292838900114902, 3.5292838900114902, 3.5292838900114902, 3.5292838900114902, 3.5292838900114902, 3.5304531410222033, 3.5304531410222033, 3.5304531410222033, 3.5304531410222033, 3.5304531410222033, 3.5521762330707283, 3.5521762330707283, 3.5521762330707283, 3.5521762330707283, 3.5521762330707283, 3.5885707684150803, 3.5885707684150803, 3.5885707684150803, 3.5885707684150803, 3.5885707684150803, 3.571267871268551, 3.571267871268551, 3.571267871268551, 3.571267871268551, 3.571267871268551, 3.5799650968286447, 3.5799650968286447, 3.5799650968286447, 3.5799650968286447, 3.5799650968286447, 3.5697347793817564, 3.5697347793817564, 3.5697347793817564, 3.5697347793817564, 3.5697347793817564, 3.573037037273382, 3.573037037273382, 3.573037037273382, 3.573037037273382, 3.573037037273382], "O35": 3.570511806600296, "O46": 3.6316089327877226, "O22": [2.6895254882876376, 2.6895254882876376, 2.6895254882876376, 2.6895254882876376, 2.6902134568434013, 2.6902134568434013, 2.6902134568434013, 2.6902134568434013, 2.6902134568434013, 2.6643652091985808, 2.6643652091985808, 2.6643652091985808, 2.6643652091985808, 2.6643652091985808, 2.665738081797984, 2.665738081797984, 2.665738081797984, 2.665738081797984, 2.665738081797984, 2.6576022440683778, 2.6576022440683778, 2.6576022440683778, 2.6576022440683778, 2.6576022440683778, 2.61602242761277, 2.61602242761277, 2.61602242761277, 2.61602242761277, 2.61602242761277, 2.617101987014152, 2.617101987014152, 2.617101987014152, 2.617101987014152, 2.617101987014152, 2.637158731060726, 2.637158731060726, 2.637158731060726, 2.637158731060726, 2.637158731060726, 2.6707614925122303, 2.6707614925122303, 2.6707614925122303, 2.6707614925122303, 2.6707614925122303, 2.6547858764002643, 2.6547858764002643, 2.6547858764002643, 2.6547858764002643, 2.6547858764002643, 2.6628159499544557, 2.6628159499544557, 2.6628159499544557, 2.6628159499544557, 2.6628159499544557, 2.6533703858474174, 2.6533703858474174, 2.6533703858474174, 2.6533703858474174, 2.6533703858474174, 2.6564193321558047, 2.6564193321558047, 2.6564193321558047, 2.6564193321558047, 2.6564193321558047], "O21": [4.531000000000001, 4.531000000000001, 4.531000000000001, 4.531000000000001, 4.531000000000001, 4.531000000000001, 4.531000000000001, 4.531000000000001, 4.531000000000001, 4.531000000000001, 4.531000000000001, 4.531000000000001, 4.531000000000001, 4.531000000000001, 4.531000000000001, 4.531000000000001, 4.531000000000001, 4.531000000000001, 4.531000000000001, 4.531000000000001, 4.531000000000001, 4.531000000000001, 4.531000000000001, 4.531000000000001, 4.531000000000001, 4.531000000000001, 4.531000000000001, 4.531000000000001, 4.531000000000001, 4.531000000000001, 4.531000000000001, 4.531000000000001, 4.531000000000001, 4.531000000000001, 4.531000000000001, 4.531000000000001, 4.531000000000001, 4.531000000000001, 4.531000000000001, 4.531000000000001, 4.531000000000001, 4.531000000000001, 4.531000000000001, 4.531000000000001, 4.531000000000001, 4.531000000000001, 4.531000000000001, 4.531000000000001, 4.531000000000001, 4.531000000000001, 4.531000000000001, 4.531000000000001, 4.531000000000001, 4.531000000000001, 4.531000000000001, 4.531000000000001, 4.531000000000001, 4.531000000000001, 4.531000000000001, 4.531000000000001, 4.531000000000001, 4.531000000000001, 4.531000000000001, 4.531000000000001], "mode": "0"}