{"O23": 5.0, "O34": [5.0, 5.0, 5.0, 5.0, 5.0, 5.0, 5.0, 5.0, 5.0, 5.0, 5.0, 5.0, 5.0, 5.0, 5.0, 5.0, 5.0, 5.0, 5.0, 5.0, 5.0, 5.0, 5.0, 5.0, 5.0, 5.0, 5.0, 5.0, 5.0, 5.0, 5.0, 5.0, 5.0, 5.0, 5.0, 5.0, 5.0, 5.0, 5.0, 5.0, 5.0, 5.0, 5.0, 5.0, 5.0, 5.0, 5.0, 5.0, 5.0, 5.0, 5.0, 5.0, 5.0, 5.0, 5.0, 5.0, 5.0, 5.0, 5.0, 5.0, 5.0, 5.0, 5.0, 5.0, 5.0, 5.0, 5.0, 5.0, 5.0, 5.0, 5.0, 5.0, 5.0, 5.0, 5.0, 5.0, 5.0, 5.0, 5.0, 5.0, 5.0, 5.0, 5.0, 5.0, 5.0, 5.0, 5.0, 5.0, 5.0, 5.0, 5.0, 5.0, 5.0, 5.0, 5.0, 5.0, 5.0, 5.0, 5.0, 5.0, 5.0, 5.0, 5.0, 5.0, 5.0, 5.0, 5.0, 5.0, 5.0, 5.0, 5.0, 5.0, 5.0, 5.0, 5.0, 5.0, 5.0, 5.0, 5.0, 5.0, 5.0, 5.0, 5.0, 5.0, 5.0, 5.0, 5.0, 5.0, 5.0, 5.0, 5.0, 5.0, 5.0, 5.0, 5.0, 5.0, 5.0, 5.0, 5.0, 5.0, 5.0, 5.0, 5.0, 5.0, 5.0, 5.0, 5.0, 5.0, 5.0, 5.0, 5.0, 5.0, 5.0, 5.0, 5.0, 5.0, 5.0, 5.0, 5.0, 5.0, 5.0, 5.0, 5.0, 5.0, 5.0, 5.0, 5.0, 5.0, 5.0, 5.0, 5.0, 5.0, 5.0, 5.0, 5.0, 5.0, 5.0, 5.0, 5.0, 5.0, 5.0, 5.0, 5.0, 5.0, 5.0, 5.0, 5.0, 5.0, 5.0, 5.0, 5.0, 5.0, 5.0, 5.0, 5.0, 5.0, 5.0, 5.0, 5.0, 5.0, 5.0, 5.0, 5.0, 5.0, 5.0, 5.0, 5.0, 5.0, 5.0, 5.0, 5.0, 5.0, 5.0, 5.0, 5.0, 5.0, 5.0, 5.0, 5.0, 5.0, 5.0, 5.0, 5.0, 5.0, 5.0, 5.0, 5.0, 5.0, 5.0, 5.0, 5.0, 5.0, 5.0, 5.0, 5.0, 5.0, 5.0, 5.0, 5.0], "O35": 4.999999999999997, "O46": 4.897600240962499, "O22": [4.2945017347201375, 4.2945017347201375, 4.2945017347201375, 4.2945017347201375, 4.2945017347201375, 4.331965220817794, 4.331965220817794, 4.331965220817794, 4.331965220817794, 4.331965220817794, 4.315278891748668, 4.315278891748668, 4.315278891748668, 4.315278891748668, 4.322499558242546, 4.309229564117346, 4.309229564117346, 4.309229564117346, 4.309229564117346, 4.317671347080164, 4.301661483826343, 4.301661483826343, 4.301661483826343, 4.301661483826343, 4.2952467999072566, 4.29014369708759, 4.29014369708759, 4.29014369708759, 4.29014369708759, 4.2398618416208675, 4.263172339346924, 4.263172339346924, 4.263172339346924, 4.263172339346924, 4.2714249149027985, 4.258375830315787, 4.258375830315787, 4.258375830315787, 4.258375830315787, 4.262006602681976, 4.2796545801205905, 4.2796545801205905, 4.2796545801205905, 4.2796545801205905, 4.292325600315098, 4.310963083959043, 4.310963083959043, 4.310963083959043, 4.310963083959043, 4.320197431693979, 4.314725107043083, 4.314725107043083, 4.314725107043083, 4.314725107043083, 4.309358072941842, 4.3061503258724105, 4.3061503258724105, 4.3061503258724105, 4.3061503258724105, 4.325813286630125, 4.32066465560226, 4.32066465560226, 4.32066465560226, 4.32066465560226, 4.316420996054219, 4.31571400529883, 4.31571400529883, 4.31571400529883, 4.31571400529883, 4.29890369219719, 4.299042306800858, 4.299042306800858, 4.299042306800858, 4.299042306800858, 4.301019725611383, 4.3155770718791, 4.3155770718791, 4.3155770718791, 4.3155770718791, 4.3208460136393825, 4.320107408510572, 4.320107408510572, 4.320107408510572, 4.320107408510572, 4.325135932592181, 4.321464642883636, 4.321464642883636, 4.321464642883636, 4.321464642883636, 4.323547632077969, 4.320853521971225, 4.320853521971225, 4.320853521971225, 4.320853521971225, 4.325771663988067, 4.312612753821452, 4.312612753821452, 4.312612753821452, 4.312612753821452, 4.296987891652077, 4.277806914500511, 4.277806914500511, 4.277806914500511, 4.277806914500511, 4.266475302255989, 4.283638210971575, 4.283638210971575, 4.283638210971575, 4.283638210971575, 4.277604914824471, 4.292526007111994, 4.292526007111994, 4.292526007111994, 4.292526007111994, 4.287986421546746, 4.29290620899908, 4.29290620899908, 4.29290620899908, 4.29290620899908, 4.302748064710055, 4.309407847692173, 4.309407847692173, 4.309407847692173, 4.309407847692173, 4.33195246539945, 4.3196471528677876, 4.3196471528677876, 4.3196471528677876, 4.3196471528677876, 4.314363584254405, 4.3032111747506505, 4.3032111747506505, 4.3032111747506505, 4.3032111747506505, 4.291971822784015, 4.295744869044596, 4.295744869044596, 4.295744869044596, 4.295744869044596, 4.291617863334397, 4.302052513920105, 4.302052513920105, 4.302052513920105, 4.302052513920105, 4.293141533148013, 4.28914244306052, 4.28914244306052, 4.28914244306052, 4.28914244306052, 4.29595006722248, 4.314603243334606, 4.314603243334606, 4.314603243334606, 4.314603243334606, 4.327608929954336, 4.332117077772919, 4.332117077772919, 4.332117077772919, 4.332117077772919, 4.337195397907903, 4.329738337989317, 4.329738337989317, 4.329738337989317, 4.329738337989317, 4.3275135363074115, 4.309444289384379, 4.309444289384379, 4.309444289384379, 4.309444289384379, 4.317632486217459, 4.336379928820809, 4.336379928820809, 4.336379928820809, 4.336379928820809, 4.32567506291138, 4.326194264427482, 4.326194264427482, 4.326194264427482, 4.326194264427482, 4.319946010218687, 4.317072687249824, 4.317072687249824, 4.317072687249824, 4.317072687249824, 4.321956677849046, 4.323958038332403, 4.323958038332403, 4.323958038332403, 4.323958038332403, 4.343636415773921, 4.332268403790676, 4.332268403790676, 4.332268403790676, 4.332268403790676, 4.311829630700528, 4.31467807243451, 4.31467807243451, 4.31467807243451, 4.31467807243451, 4.311100164700186, 4.340284433077807, 4.340284433077807, 4.340284433077807, 4.340284433077807, 4.347987225616533, 4.348710283528039, 4.348710283528039, 4.348710283528039, 4.348710283528039, 4.352668056838847, 4.351700719199107, 4.351700719199107, 4.351700719199107, 4.351700719199107, 4.3659045812785005, 4.363343557047255, 4.363343557047255, 4.363343557047255, 4.363343557047255, 4.371425322188509, 4.364403350869044, 4.364403350869044, 4.364403350869044, 4.364403350869044, 4.346276994158933, 4.330924885947006, 4.330924885947006, 4.330924885947006, 4.330924885947006, 4.325004059357118, 4.325004059357118, 4.325004059357118, 4.325004059357118, 4.325004059357118, 4.316018360750672, 4.316018360750672, 4.316018360750672, 4.316018360750672, 4.316018360750672],