{"O23": 3.036488196844599, "O34": [5.0, 5.0, 5.0, 5.0, 5.0, 5.0, 5.0, 5.0, 5.0, 5.0, 5.0, 5.0, 5.0, 5.0, 5.0, 5.0, 5.0, 5.0, 5.0, 5.0, 5.0, 5.0, 5.0, 5.0, 5.0, 5.0, 5.0, 5.0, 5.0, 5.0, 5.0, 5.0, 5.0, 5.0, 5.0, 5.0, 5.0, 5.0, 5.0, 5.0, 5.0, 5.0, 5.0, 5.0, 5.0, 5.0, 5.0, 5.0, 5.0, 5.0, 5.0, 5.0, 5.0, 5.0, 5.0, 5.0, 5.0, 5.0, 5.0, 5.0], "O35": 5.0, "O46": 3.1783308793084495, "O22": [4.299507497592753, 4.299507497592753, 4.299507497592753, 4.299507497592753, 4.299507497592753, 4.2978645428204105, 4.2978645428204105, 4.2978645428204105, 4.2978645428204105, 4.2978645428204105, 4.2984574884855995, 4.2984574884855995, 4.2984574884855995, 4.2984574884855995, 4.292192359027667, 4.312125716053111, 4.312125716053111, 4.312125716053111, 4.312125716053111, 4.308857993607565, 4.309469543523758, 4.309469543523758, 4.309469543523758, 4.309469543523758, 4.323212988299773, 4.326579389258817, 4.326579389258817, 4.326579389258817, 4.326579389258817, 4.334032361223977, 4.3284695482986, 4.3284695482986, 4.3284695482986, 4.3284695482986, 4.334704436013941, 4.344631828573536, 4.344631828573536, 4.344631828573536, 4.344631828573536, 4.336404049734682, 4.337231017828994, 4.337231017828994, 4.337231017828994, 4.337231017828994, 4.342970545964115, 4.324180575361917, 4.324180575361917, 4.324180575361917, 4.324180575361917, 4.32015504670075, 4.32015504670075, 4.32015504670075, 4.32015504670075, 4.32015504670075, 4.325189193714452, 4.325189193714452, 4.325189193714452, 4.325189193714452, 4.325189193714452, 4.289515765491765], "O21": [4.553999999999999, 4.553999999999999, 4.553999999999999, 4.553999999999999, 4.553999999999999, 4.553999999999999, 4.553999999999999, 4.553999999999999, 4.553999999999999, 4.553999999999999, 4.553999999999999, 4.553999999999999, 4.553999999999999, 4.553999999999999, 4.553999999999999, 4.553999999999999, 4.553999999999999, 4.553999999999999, 4.553999999999999, 4.553999999999999, 4.553999999999999, 4.553999999999999, 4.553999999999999, 4.553999999999999, 4.553999999999999, 4.553999999999999, 4.553999999999999, 4.553999999999999, 4.553999999999999, 4.553999999999999, 4.553999999999999, 4.553999999999999, 4.553999999999999, 4.553999999999999, 4.553999999999999, 4.553999999999999, 4.553999999999999, 4.553999999999999, 4.553999999999999, 4.553999999999999, 4.553999999999999, 4.553999999999999, 4.553999999999999, 4.553999999999999, 4.553999999999999, 4.553999999999999, 4.553999999999999, 4.553999999999999, 4.553999999999999, 4.553999999999999, 4.553999999999999, 4.553999999999999, 4.553999999999999, 4.553999999999999, 4.553999999999999, 4.553999999999999, 4.553999999999999, 4.553999999999999, 4.553999999999999, 4.553999999999999], "mode": "0"}