{"O23": 5.0, "O34": [1.8711016187217844, 1.8711016187217844, 1.8691413803487105, 1.8691413803487105, 1.8691413803487105, 1.8691413803487105, 1.8691413803487105, 1.8691413803487105, 1.867195184732225, 1.867195184732225, 1.867195184732225, 1.867195184732225, 1.867195184732225, 1.867195184732225, 1.8703236387401498, 1.871470038067128, 1.871470038067128, 1.871470038067128, 1.871470038067128, 1.871470038067128, 1.8704919704224419, 1.868992707362853, 1.868992707362853, 1.868992707362853, 1.868992707362853, 1.868992707362853, 1.8706206657415267, 1.8719659457095097, 1.8719659457095097, 1.8719659457095097, 1.8719659457095097, 1.8719659457095097, 1.870634802060959, 1.8729334435932252, 1.8729334435932252, 1.8729334435932252, 1.8729334435932252, 1.8729334435932252, 1.8729334435932252, 1.869661973922326, 1.869661973922326, 1.869661973922326, 1.869661973922326, 1.869661973922326, 1.869661973922326, 1.8712074424685332, 1.8712074424685332, 1.8712074424685332, 4.659617278150639, 4.659860991486384, 4.659860991486384, 4.659860991486384, 4.659860991486384, 4.659860991486384, 4.659860991486384, 4.659860991486384, 4.659860991486384, 4.659860991486384, 4.659860991486384], "O35": 2.2757382918228015, "O46": 2.2825608962546013, "O22": [1.1055876836639584, 1.1055876836639584, 1.1037727383698603, 1.1037727383698603, 1.1037727383698603, 1.1037727383698603, 1.1037727383698603, 1.1037727383698603, 1.1019707949817221, 1.1019707949817221, 1.1019707949817221, 1.1019707949817221, 1.1019707949817221, 1.1019707949817221, 1.1048673676422107, 1.1059287957278132, 1.1059287957278132, 1.1059287957278132, 1.1059287957278132, 1.1059287957278132, 1.1050232225621124, 1.1036350850416996, 1.1036350850416996, 1.1036350850416996, 1.1036350850416996, 1.1036350850416996, 1.1051423789703094, 1.106387946642422, 1.106387946642422, 1.106387946642422, 1.106387946642422, 1.106387946642422, 1.1051554675042252, 1.1072837334789718, 1.1072837334789718, 1.1072837334789718, 1.1072837334789718, 1.1072837334789718, 1.1072837334789718, 1.1042547454918255, 1.1042547454918255, 1.1042547454918255, 1.1042547454918255, 1.1042547454918255, 1.1042547454918255, 1.1056856637432204, 1.1056856637432204, 1.1056856637432204, 3.654699117418016, 3.654699117418016, 3.654699117418016, 3.654699117418016, 3.654699117418016, 3.654699117418016, 3.654699117418016, 3.654699117418016, 3.654699117418016, 3.654699117418016, 3.654699117418016], "O21": [4.408, 4.408, 4.408, 4.408, 4.408, 4.408, 4.408, 4.408, 4.408, 4.408, 4.408, 4.408, 4.408, 4.408, 4.408, 4.408, 4.408, 4.408, 4.408, 4.408, 4.408, 4.408, 4.408, 4.408, 4.408, 4.408, 4.408, 4.408, 4.408, 4.408, 4.408, 4.408, 4.408, 4.408, 4.408, 4.408, 4.408, 4.408, 4.408, 4.408, 4.408, 4.408, 4.408, 4.408, 4.408, 4.408, 4.408, 4.408, 4.553, 4.553999999999999, 4.553999999999999, 4.553999999999999, 4.553999999999999, 4.553999999999999, 4.553999999999999, 4.553999999999999, 4.553999999999999, 4.553999999999999, 4.553999999999999], "mode": "0"}