{"O23": 5.0, "O34": [4.690227859483605, 4.690227859483605, 4.690227859483605, 4.690227859483605, 4.700843427549145, 4.700843427549145, 4.700843427549145, 4.700843427549145, 4.700843427549145, 4.695574501375845, 4.695574501375845, 4.695574501375845, 4.695574501375845, 4.695574501375845, 4.7142957499971825, 4.7142957499971825, 4.7142957499971825, 4.7142957499971825, 4.7142957499971825, 4.705136137403404, 4.705136137403404, 4.705136137403404, 4.705136137403404, 4.705136137403404, 4.688006108235144, 4.688006108235144, 4.688006108235144, 4.688006108235144, 4.688006108235144, 3.544339142644049, 3.539316598618213, 3.539316598618213, 3.539316598618213, 3.539316598618213, 3.539316598618213, 3.539316598618213, 3.539316598618213, 3.539316598618213, 3.539316598618213, 1.8926369464538597, 1.8703808965969193, 1.8703808965969193, 1.8703808965969193, 1.8703808965969193, 1.8703808965969193, 1.8703808965969193, 1.8703808965969193, 1.8703808965969193, 1.8703808965969193, 3.4739827514411776, 3.500517084655168, 3.500734579189709, 3.500734579189709, 3.500734579189709, 3.500734579189709, 3.500734579189709, 3.500734579189709, 3.500734579189709, 3.500734579189709, 4.770308765927283, 4.77597484239989, 4.77597484239989, 4.77597484239989, 4.77597484239989, 4.77597484239989, 4.77597484239989, 4.77597484239989, 4.77597484239989, 4.77597484239989, 3.3899193832198398, 3.38519238731862, 3.3849775238685647, 3.3849775238685647, 3.3849775238685647, 3.3849775238685647, 3.3849775238685647, 3.3849775238685647, 3.3849775238685647, 3.3849775238685647, 1.8504568225945914, 1.8301185438901613, 1.8283186962172029, 1.8283186962172029, 1.8283186962172029, 1.8283186962172029, 1.8283186962172029, 1.8283186962172029, 1.8283186962172029, 1.8283186962172029, 3.387214274444644, 3.4130762919955115, 3.413722842434283, 3.413722842434283, 3.413722842434283, 3.413722842434283, 3.413722842434283, 3.413722842434283, 3.413722842434283, 3.413722842434283, 4.509194065261356, 4.514483221207397, 4.514723637386762, 4.514723637386762, 4.514723637386762, 4.514723637386762, 4.514723637386762, 4.514723637386762, 4.514723637386762, 4.514723637386762, 3.3587337583237993, 3.3542365035141413, 3.3538081935322688, 3.3538081935322688, 3.3538081935322688, 3.3538081935322688, 3.3538081935322688, 3.3538081935322688, 3.3538081935322688, 3.3538081935322688, 1.857292081703294, 1.8378369478358456, 1.8351348459098111, 1.8351348459098111, 1.8351348459098111, 1.8351348459098111, 1.8351348459098111, 1.8351348459098111, 1.8351348459098111, 1.8351348459098111, 3.5617554310795816, 3.5878753533391134, 3.588753333919266, 3.588753333919266, 3.588753333919266, 3.588753333919266, 3.588753333919266, 3.588753333919266, 3.588753333919266, 4.639417490425835, 4.639417490425835, 4.644771764081705, 4.645015140156971, 4.645015140156971, 4.645015140156971, 4.645015140156971, 4.645015140156971, 4.645015140156971, 4.645015140156971, 3.4559802481479958, 3.4559802481479958, 3.4518693285933084, 3.4510038718449536, 3.4510038718449536, 3.4510038718449536, 3.4510038718449536, 3.4510038718449536, 3.4510038718449536, 3.4510038718449536, 1.8815343340078199, 1.8815343340078199, 1.8636459112043227, 1.8593093238580205, 1.8593093238580205, 1.8593093238580205, 1.8593093238580205, 1.8593093238580205, 1.8593093238580205, 1.8593093238580205, 3.3927503217954107, 3.3927503217954107, 3.4179805523910316, 3.4192744103702943, 3.4192744103702943, 3.4192744103702943, 3.4192744103702943, 3.4192744103702943, 3.4192744103702943, 3.4192744103702943, 4.573409408500343, 4.573409408500343, 4.578730675075346, 4.578972550828755, 4.578972550828755, 4.578972550828755, 4.578972550828755, 4.578972550828755, 4.578972550828755, 4.578972550828755, 3.4928340349876703, 3.4928340349876703, 3.4889244095605108, 3.4878384024974114, 3.4878384024974114, 3.4878384024974114, 3.4878384024974114, 3.4878384024974114, 3.4878384024974114, 3.4878384024974114, 4.613556378701911, 4.613556378701911, 4.618897720610923, 4.619140508879514, 4.619140508879514, 4.619140508879514, 4.619140508879514, 4.619140508879514, 4.619140508879514, 4.619140508879514, 5.0, 5.0, 5.0, 5.0, 5.0, 5.0, 5.0, 5.0, 5.0, 5.0, 5.0, 5.0, 5.0, 5.0, 5.0, 5.0, 5.0, 5.0, 5.0, 5.0, 5.0, 5.0, 5.0, 5.0, 5.0, 5.0, 5.0, 5.0, 5.0, 5.0], "O35": 3.3855053370368857, "O46": 3.353757078565164,