{"O23": 1.404719631613272, "O34": [5.0, 5.0, 5.0, 5.0, 5.0, 5.0, 5.0, 5.0, 5.0, 5.0, 5.0, 5.0, 5.0, 5.0, 5.0, 5.0, 5.0, 5.0, 5.0, 5.0, 5.0, 5.0, 5.0, 5.0, 5.0, 5.0, 5.0, 5.0, 5.0, 5.0, 5.0, 5.0, 5.0, 5.0, 5.0, 5.0, 5.0, 5.0, 5.0, 5.0, 5.0, 5.0, 5.0, 5.0, 5.0, 5.0, 5.0, 5.0, 5.0, 5.0, 5.0, 5.0, 5.0, 5.0, 5.0, 5.0, 5.0, 5.0, 5.0, 5.0, 5.0, 5.0, 5.0, 5.0, 5.0, 5.0, 5.0, 5.0, 5.0, 5.0, 5.0, 5.0, 5.0, 5.0, 5.0, 5.0, 5.0, 5.0, 5.0, 5.0, 5.0, 5.0, 5.0, 5.0, 5.0, 5.0, 5.0, 5.0, 5.0, 5.0, 5.0, 5.0, 5.0, 5.0, 5.0, 5.0, 5.0, 5.0, 5.0, 5.0, 5.0, 5.0, 5.0, 5.0, 5.0, 5.0, 5.0, 5.0, 5.0, 5.0, 5.0, 5.0, 5.0, 5.0, 5.0, 5.0, 5.0, 5.0, 5.0, 5.0, 5.0, 5.0, 5.0, 5.0, 5.0, 5.0, 5.0, 5.0, 5.0, 5.0, 5.0, 5.0, 5.0, 5.0, 5.0, 5.0, 5.0, 5.0, 5.0, 5.0, 5.0, 5.0, 5.0, 5.0, 5.0, 5.0, 5.0, 5.0, 5.0, 5.0, 5.0, 5.0, 5.0, 5.0, 5.0, 5.0, 5.0, 5.0, 5.0, 5.0, 5.0, 5.0, 5.0, 5.0, 5.0, 5.0, 5.0, 5.0, 5.0, 5.0, 5.0, 5.0, 5.0, 5.0, 5.0, 5.0, 5.0, 5.0, 5.0, 5.0], "O35": 4.999999999999998, "O46": 2.0041931700099536, "O22": [4.274482406707383, 4.274482406707383, 4.274482406707383, 4.274482406707383, 4.274482406707383, 4.268046565944549, 4.268046565944549, 4.268046565944549, 4.268046565944549, 4.268046565944549, 4.272748837254876, 4.272748837254876, 4.272748837254876, 4.272748837254876, 4.252525794916588, 4.274242594632039, 4.274242594632039, 4.274242594632039, 4.274242594632039, 4.289876819479032, 4.312350069924576, 4.312350069924576, 4.312350069924576, 4.312350069924576, 4.322333162152866, 4.332465687421653, 4.332465687421653, 4.332465687421653, 4.332465687421653, 4.348381570414525, 4.346288815973824, 4.346288815973824, 4.346288815973824, 4.346288815973824, 4.357619260845719, 4.3654078356981065, 4.3654078356981065, 4.3654078356981065, 4.3654078356981065, 4.370805933171391, 4.3629841761993955, 4.3629841761993955, 4.3629841761993955, 4.3629841761993955, 4.358491545520094, 4.343600011434251, 4.343600011434251, 4.343600011434251, 4.343600011434251, 4.337021733331353, 4.325131173538774, 4.325131173538774, 4.325131173538774, 4.325131173538774, 4.321845985328025, 4.3151738776842485, 4.3151738776842485, 4.3151738776842485, 4.3151738776842485, 4.287741581898311, 4.287144851922975, 4.287144851922975, 4.287144851922975, 4.287144851922975, 4.27570700364263, 4.279272482178571, 4.279272482178571, 4.279272482178571, 4.279272482178571, 4.282744998872846, 4.317807748740496, 4.317807748740496, 4.317807748740496, 4.317807748740496, 4.328488306979842, 4.322878212936121, 4.322878212936121, 4.322878212936121, 4.322878212936121, 4.3310566991296655, 4.332110874425228, 4.332110874425228, 4.332110874425228, 4.332110874425228, 4.342086456844261, 4.339004485128867, 4.339004485128867, 4.339004485128867, 4.339004485128867, 4.348714470274779, 4.342224793580417, 4.342224793580417, 4.342224793580417, 4.342224793580417, 4.3190658552003045, 4.307984926755181, 4.307984926755181, 4.307984926755181, 4.307984926755181, 4.310304074362434, 4.301636491001719, 4.301636491001719, 4.301636491001719, 4.301636491001719, 4.291748615450136, 4.29828429130166, 4.29828429130166, 4.29828429130166, 4.29828429130166, 4.290587795949828, 4.285917013107775, 4.285917013107775, 4.285917013107775, 4.285917013107775, 4.278386327119895, 4.281562618642001, 4.281562618642001, 4.281562618642001, 4.281562618642001, 4.2876441469254924, 4.293499892003229, 4.293499892003229, 4.293499892003229, 4.293499892003229, 4.300575081103083, 4.306143039830005, 4.306143039830005, 4.306143039830005, 4.306143039830005, 4.301876077571321, 4.300109888464553, 4.300109888464553, 4.300109888464553, 4.300109888464553, 4.3077306424725474, 4.311475857176821, 4.311475857176821, 4.311475857176821, 4.311475857176821, 4.315642465500348, 4.316187380546158, 4.316187380546158, 4.316187380546158, 4.316187380546158, 4.316447267330772, 4.32797031744727, 4.32797031744727, 4.32797031744727, 4.32797031744727, 4.328280529564096, 4.322979475125902, 4.322979475125902, 4.322979475125902, 4.322979475125902, 4.329738196856763, 4.322927392765784, 4.322927392765784, 4.322927392765784, 4.322927392765784, 4.322230239318688, 4.331170757492067, 4.331170757492067, 4.331170757492067, 4.331170757492067, 4.334220202658034, 4.328738554025801, 4.328738554025801, 4.328738554025801, 4.328738554025801, 4.317477750612174, 4.317477750612174, 4.317477750612174, 4.317477750612174, 4.317477750612174, 4.322930597822281, 4.322930597822281, 4.322930597822281, 4.322930597822281, 4.322930597822281, 4.3362664333592775], "O21": [4.553999999999999, 4.553999999999999, 4.553999999999999, 4.553999999999999, 4.553999999999999, 4.553999999999999, 4.553999999999999, 4.553999999999999, 4.553999999999999, 4.553999999999999, 4.553999999999999, 4.553999999999999, 4.553999999999999, 4.553999999999999, 4.553999999999999, 4.553999999999999, 4.553999999999999, 4.553999999999999, 4.553999999999999, 4.553999999999999, 4.553999999999999, 4.553999999999999, 4.553999999999999, 4.553999999999999, 4.553999999999999, 4.553999999999999, 4.553999999999999, 4.553999999999999, 4.553999999999999, 4.553999999999999, 4.553999999999999, 4.553999999999999, 4.553999999999999, 4.553999999999999, 4.553999999999999, 4.553999999999999, 4.553999999999999, 4.553999999999999, 4.553999999999999, 4.553999999999999, 4.553999999999999, 4.553999999999999, 4.553999999999999, 4.553999999999999, 4.553999999999999, 4.553999999999999, 4.553999999999999, 4.553999999999999, 4.553999999999999, 4.553999999999999, 4.553999999999999, 4.553999999999999, 4.553999999999999, 4.553999999999999, 4.553999999999999, 4.553999999999999, 4.553999999999999, 4.553999999999999, 4.553999999999999, 4.553999999999999, 4.553999999999999, 4.553999999999999, 4.553999999999999, 4.553999999999999, 4.553999999999999, 4.553999999999999, 4.553999999999999, 4.553999999999999, 4.553999999999999, 4.553999999999999, 4.553999999999999, 4.553999999999999, 4.553999999999999, 4.553999999999999, 4.553999999999999, 4.553999999999999, 4.553999999999999, 4.553999999999999, 4.553999999999999, 4.553999999999999, 4.553999999999999, 4.553999999999999, 4.553999999999999, 4.553999999999999, 4.553999999999999, 4.553999999999999, 4.553999999999999, 4.553999999999999, 4.553999999999999, 4.553999999999999, 4.553999999999999, 4.553999999999999, 4.553999999999999, 4.553999999999999, 4.553999999999999, 4.553999999999999, 4.553999999999999, 4.553999999999999, 4.553999999999999, 4.553999999999999, 4.553999999999999, 4.553999999999999, 4.553999999999999, 4.553999999999999, 4.553999999999999, 4.553999999999999, 4.553999999999999, 4.553999999999999, 4.553999999999999, 4.553999999999999, 4.553999999999999, 4.553999999999999, 4.553999999999999, 4.553999999999999, 4.553999999999999, 4.553999999999999, 4.553999999999999, 4.553999999999999, 4.553999999999999, 4.553999999999999, 4.553999999999999, 4.553999999999999, 4.553999999999999, 4.553999999999999, 4.553999999999999, 4.553999999999999, 4.553999999999999, 4.553999999999999, 4.553999999999999, 4.553999999999999, 4.553999999999999, 4.553999999999999, 4.553999999999999, 4.553999999999999, 4.553999999999999, 4.553999999999999, 4.553999999999999, 4.553999999999999, 4.553999999999999, 4.553999999999999, 4.553999999999999, 4.553999999999999, 4.553999999999999, 4.553999999999999, 4.553999999999999, 4.553999999999999, 4.553999999999999, 4.553999999999999, 4.553999999999999, 4.553999999999999, 4.553999999999999, 4.553999999999999, 4.553999999999999, 4.553999999999999, 4.553999999999999, 4.553999999999999, 4.553999999999999, 4.553999999999999, 4.553999999999999, 4.553999999999999, 4.553999999999999, 4.553999999999999, 4.553999999999999, 4.553999999999999, 4.553999999999999, 4.553999999999999, 4.553999999999999, 4.553999999999999, 4.553999999999999, 4.553999999999999, 4.553999999999999, 4.553999999999999, 4.553999999999999, 4.553999999999999, 4.553999999999999, 4.553999999999999, 4.553999999999999, 4.553999999999999, 4.553999999999999, 4.553999999999999], "mode": "0"}