{"O23": 5.0, "O34": [4.652484579711043, 4.652484579711043, 4.652484579711043, 4.652484579711043, 4.652484579711043, 4.652484579711043, 4.652484579711043, 4.652484579711043, 4.652484579711043, 4.652484579711043, 4.652484579711043, 4.652484579711043, 3.6651461511737256, 3.6651461511737256, 3.6651461511737256, 3.6651461511737256, 3.6651461511737256, 3.6651461511737256, 3.6651461511737256, 3.6651461511737256, 2.868081188173151, 2.868081188173151, 2.868081188173151, 2.868081188173151, 2.868081188173151, 2.868081188173151, 2.868081188173151, 2.868081188173151, 2.868081188173151, 2.868081188173151, 2.868081188173151, 2.868081188173151, 3.590419366902566, 3.590419366902566, 3.5831211511939602, 3.5831211511939602, 3.5831211511939602, 3.5831211511939602, 3.5809039727919427, 3.5809039727919427, 3.5809039727919427, 3.5809039727919427, 3.5725410612342894, 3.5725410612342894, 3.5725410612342894, 3.5538096084914375, 3.544316486629769, 3.544316486629769, 3.544316486629769, 3.544316486629769, 3.53932587615025, 3.53932587615025, 3.53932587615025, 3.53932587615025, 3.5392768742075282, 3.5392768742075282, 3.5392768742075282, 3.5392768742075282, 3.5319227110708438], "O35": 3.486387041220431, "O46": 3.457352489915323, "O22": [3.6478920984130916, 3.6478920984130916, 3.6478920984130916, 3.6478920984130916, 3.6478920984130916, 3.6478920984130916, 3.6478920984130916, 3.6478920984130916, 3.6478920984130916, 3.6478920984130916, 3.6478920984130916, 3.6478920984130916, 2.7414628847830813, 2.7414628847830813, 2.7414628847830813, 2.7414628847830813, 2.7414628847830813, 2.7414628847830813, 2.7414628847830813, 2.7414628847830813, 2.00553966005597, 2.00553966005597, 2.00553966005597, 2.00553966005597, 2.00553966005597, 2.00553966005597, 2.00553966005597, 2.00553966005597, 2.00553966005597, 2.00553966005597, 2.00553966005597, 2.00553966005597, 2.6724682875958017, 2.6724682875958017, 2.665729907804508, 2.665729907804508, 2.665729907804508, 2.665729907804508, 2.6636828060560314, 2.6636828060560314, 2.6636828060560314, 2.6636828060560314, 2.655961401744835, 2.655961401744835, 2.655961401744835, 2.638666812537891, 2.6299018947740156, 2.6299018947740156, 2.6299018947740156, 2.6299018947740156, 2.6252941070428646, 2.6252941070428646, 2.6252941070428646, 2.6252941070428646, 2.625248863970618, 2.625248863970618, 2.625248863970618, 2.625248863970618, 2.6184588284001875], "O21": [4.553999999999999, 4.553999999999999, 4.553999999999999, 4.553999999999999, 4.553999999999999, 4.553999999999999, 4.553999999999999, 4.553999999999999, 4.553999999999999, 4.553999999999999, 4.553999999999999, 4.553999999999999, 4.531000000000001, 4.531000000000001, 4.531000000000001, 4.531000000000001, 4.531000000000001, 4.531000000000001, 4.531000000000001, 4.531000000000001, 4.531000000000001, 4.531000000000001, 4.531000000000001, 4.531000000000001, 4.531000000000001, 4.531000000000001, 4.531000000000001, 4.531000000000001, 4.531000000000001, 4.531000000000001, 4.531000000000001, 4.531000000000001, 4.531000000000001, 4.531000000000001, 4.531000000000001, 4.531000000000001, 4.531000000000001, 4.531000000000001, 4.531000000000001, 4.531000000000001, 4.531000000000001, 4.531000000000001, 4.531000000000001, 4.531000000000001, 4.531000000000001, 4.531000000000001, 4.531000000000001, 4.531000000000001, 4.531000000000001, 4.531000000000001, 4.531000000000001, 4.531000000000001, 4.531000000000001, 4.531000000000001, 4.531000000000001, 4.531000000000001, 4.531000000000001, 4.531000000000001, 4.531000000000001], "mode": "0"}