{"O23": 4.102920416346157, "O34": [2.800148552005675, 2.800148552005675, 2.7770717647568945, 2.7770717647568945, 2.7770717647568945, 2.7770717647568945, 2.768384549143132, 2.768384549143132, 2.768384549143132, 2.768384549143132, 2.7677519530191534, 2.7677519530191534, 2.7677519530191534, 2.7480356267668262, 2.760905967151074, 2.760905967151074, 2.760905967151074, 2.7535098085333436, 2.7574204342780537, 2.7574204342780537, 2.7574204342780537, 2.7599994729215362, 2.767610028657674, 2.767610028657674, 2.767610028657674, 2.780188928118595, 2.7832941715727615, 2.7832941715727615, 2.7832941715727615, 2.792804828278255, 2.825834824756344, 2.825834824756344, 2.825834824756344, 2.836890177575656, 2.8480069143434483, 2.8480069143434483, 2.8480069143434483, 2.8535852614334307, 2.8636510237051636, 2.8636510237051636, 2.8636510237051636, 2.8788012777901932, 2.861691950829266, 2.861691950829266, 2.861691950829266, 2.872294036872576, 2.855059036460395, 2.855059036460395, 2.855059036460395, 2.855059036460395, 2.865433476862026, 2.865433476862026, 2.865433476862026, 2.865433476862026, 2.8383987897316145, 2.8383987897316145, 2.8383987897316145, 2.8383987897316145, 2.8154942549069895], "O35": 2.8196347557724466, "O46": 2.450112928583633, "O22": [1.9428180413758795, 1.9428180413758795, 1.921511442194136, 1.921511442194136, 1.921511442194136, 1.921511442194136, 1.9134906107372966, 1.9134906107372966, 1.9134906107372966, 1.9134906107372966, 1.9129065401770307, 1.9129065401770307, 1.9129065401770307, 1.894702625729754, 1.9065857003078348, 1.9065857003078348, 1.9065857003078348, 1.8997568906709599, 1.903367537785486, 1.903367537785486, 1.903367537785486, 1.9057487419825228, 1.9127755026347777, 1.9127755026347777, 1.9127755026347777, 1.9243894923150549, 1.9272565368878714, 1.9272565368878714, 1.9272565368878714, 1.9360376444222325, 1.9665339560771489, 1.9665339560771489, 1.9665339560771489, 1.9767412682473595, 1.9870052556892341, 1.9870052556892341, 1.9870052556892341, 1.9921556955776627, 2.00144932730683, 2.00144932730683, 2.00144932730683, 2.0154374265951467, 1.9996405321706368, 1.9996405321706368, 1.9996405321706368, 2.009429347025143, 1.993516419384017, 1.993516419384017, 1.993516419384017, 1.993516419384017, 2.003095050975558, 2.003095050975558, 2.003095050975558, 2.003095050975558, 1.9781341568752775, 1.9781341568752775, 1.9781341568752775, 1.9781341568752775, 1.9569865968752027], "O21": [4.531000000000001, 4.531000000000001, 4.531000000000001, 4.531000000000001, 4.531000000000001, 4.531000000000001, 4.531000000000001, 4.531000000000001, 4.531000000000001, 4.531000000000001, 4.531000000000001, 4.531000000000001, 4.531000000000001, 4.531000000000001, 4.531000000000001, 4.531000000000001, 4.531000000000001, 4.531000000000001, 4.531000000000001, 4.531000000000001, 4.531000000000001, 4.531000000000001, 4.531000000000001, 4.531000000000001, 4.531000000000001, 4.531000000000001, 4.531000000000001, 4.531000000000001, 4.531000000000001, 4.531000000000001, 4.531000000000001, 4.531000000000001, 4.531000000000001, 4.531000000000001, 4.531000000000001, 4.531000000000001, 4.531000000000001, 4.531000000000001, 4.531000000000001, 4.531000000000001, 4.531000000000001, 4.531000000000001, 4.531000000000001, 4.531000000000001, 4.531000000000001, 4.531000000000001, 4.531000000000001, 4.531000000000001, 4.531000000000001, 4.531000000000001, 4.531000000000001, 4.531000000000001, 4.531000000000001, 4.531000000000001, 4.531000000000001, 4.531000000000001, 4.531000000000001, 4.531000000000001, 4.531000000000001], "mode": "0"}