{"O23": 5.0, "O34": [5.0, 5.0, 5.0, 5.0, 5.0, 5.0, 5.0, 5.0, 5.0, 5.0, 3.520384004125877, 3.520384004125877, 3.520384004125877, 3.520384004125877, 3.520384004125877, 3.520384004125877, 3.520384004125877, 3.520384004125877, 3.520384004125877, 3.52060194527939, 5.0, 5.0, 5.0, 5.0, 5.0, 5.0, 5.0, 5.0, 5.0, 5.0, 3.5899716162389477, 3.5899716162389477, 3.5899716162389477, 3.5899716162389477, 3.5899716162389477, 3.5899716162389477, 3.5899716162389477, 3.5899716162389477, 3.5899716162389477, 3.5901911390747703, 5.0, 5.0, 5.0, 5.0, 5.0, 5.0, 5.0, 5.0, 5.0, 5.0, 3.6004677048084885, 3.6004677048084885, 3.6004677048084885, 3.6004677048084885, 3.6004677048084885, 3.6004677048084885, 3.6004677048084885, 3.6004677048084885, 3.6004677048084885, 3.6004677048084885], "O35": 3.8630061486384064, "O46": 3.976873427078805, "O22": [4.289191739470593, 4.289191739470593, 4.289191739470593, 4.289191739470593, 4.289191739470593, 4.289191739470593, 4.289191739470593, 4.289191739470593, 4.289191739470593, 4.289191739470593, 2.6078052395231226, 2.6078052395231226, 2.6078052395231226, 2.6078052395231226, 2.6078052395231226, 2.6078052395231226, 2.6078052395231226, 2.6078052395231226, 2.6078052395231226, 2.6078052395231226, 4.369370421743556, 4.369370421743556, 4.369370421743556, 4.369370421743556, 4.369370421743556, 4.369370421743556, 4.369370421743556, 4.369370421743556, 4.369370421743556, 4.369370421743556, 2.6720548832592175, 2.6720548832592175, 2.6720548832592175, 2.6720548832592175, 2.6720548832592175, 2.6720548832592175, 2.6720548832592175, 2.6720548832592175, 2.6720548832592175, 2.6720548832592175, 4.28498087007915, 4.28498087007915, 4.28498087007915, 4.28498087007915, 4.28498087007915, 4.28498087007915, 4.28498087007915, 4.28498087007915, 4.28498087007915, 4.28498087007915, 2.6817458315578846, 2.6817458315578846, 2.6817458315578846, 2.6817458315578846, 2.6817458315578846, 2.6817458315578846, 2.6817458315578846, 2.6817458315578846, 2.6817458315578846, 2.6817458315578846], "O21": [4.553999999999999, 4.553999999999999, 4.553999999999999, 4.553999999999999, 4.553999999999999, 4.553999999999999, 4.553999999999999, 4.553999999999999, 4.553999999999999, 4.553999999999999, 4.531000000000001, 4.531000000000001, 4.531000000000001, 4.531000000000001, 4.531000000000001, 4.531000000000001, 4.531000000000001, 4.531000000000001, 4.531000000000001, 4.532, 4.553999999999999, 4.553999999999999, 4.553999999999999, 4.553999999999999, 4.553999999999999, 4.553999999999999, 4.553999999999999, 4.553999999999999, 4.553999999999999, 4.553, 4.531000000000001, 4.531000000000001, 4.531000000000001, 4.531000000000001, 4.531000000000001, 4.531000000000001, 4.531000000000001, 4.531000000000001, 4.531000000000001, 4.532, 4.553999999999999, 4.553999999999999, 4.553999999999999, 4.553999999999999, 4.553999999999999, 4.553999999999999, 4.553999999999999, 4.553999999999999, 4.553999999999999, 4.553, 4.531000000000001, 4.531000000000001, 4.531000000000001, 4.531000000000001, 4.531000000000001, 4.531000000000001, 4.531000000000001, 4.531000000000001, 4.531000000000001, 4.531000000000001], "mode": "0"}