{"O23": 5.0, "O34": [4.654498647134806, 4.654498647134806, 4.654498647134806, 4.654498647134806, 4.654498647134806, 4.654498647134806, 4.654498647134806, 4.654498647134806, 4.654498647134806, 4.654498647134806, 4.654498647134806, 4.654498647134806, 3.60927441473705, 3.60927441473705, 3.60927441473705, 3.60927441473705, 3.60927441473705, 3.60927441473705, 3.60927441473705, 3.60927441473705, 2.824690206089631, 2.824690206089631, 2.824690206089631, 2.824690206089631, 2.824690206089631, 2.824690206089631, 2.824690206089631, 2.824690206089631, 2.824690206089631, 2.824690206089631, 2.824690206089631, 2.824690206089631, 3.626918065750976, 3.626918065750976, 3.613235155959128, 3.613235155959128, 3.613235155959128, 3.613235155959128, 3.6021540772192786, 3.6021540772192786, 3.6021540772192786, 3.6021540772192786, 3.5988114599355683, 3.5988114599355683, 3.5988114599355683, 3.566167969653155, 3.5777817768921314, 3.5777817768921314, 3.5777817768921314, 3.5777817768921314, 3.5838936914149677, 3.5838936914149677, 3.5838936914149677, 3.5838936914149677, 3.5848550319646866, 3.5848550319646866, 3.5848550319646866, 3.5848550319646866, 3.5901807927565668], "O35": 3.492739834673106, "O46": 3.4039961047923297, "O22": [3.649750697912186, 3.649750697912186, 3.649750697912186, 3.649750697912186, 3.649750697912186, 3.649750697912186, 3.649750697912186, 3.649750697912186, 3.649750697912186, 3.649750697912186, 3.649750697912186, 3.649750697912186, 2.6898769910877993, 2.6898769910877993, 2.6898769910877993, 2.6898769910877993, 2.6898769910877993, 2.6898769910877993, 2.6898769910877993, 2.6898769910877993, 1.965477139507118, 1.965477139507118, 1.965477139507118, 1.965477139507118, 1.965477139507118, 1.965477139507118, 1.965477139507118, 1.965477139507118, 1.965477139507118, 1.965477139507118, 1.965477139507118, 1.965477139507118, 2.7061672223146847, 2.7061672223146847, 2.6935339093915327, 2.6935339093915327, 2.6935339093915327, 2.6935339093915327, 2.683302844700161, 2.683302844700161, 2.683302844700161, 2.683302844700161, 2.680216634912195, 2.680216634912195, 2.680216634912195, 2.650077181103379, 2.66080010943596, 2.66080010943596, 2.66080010943596, 2.66080010943596, 2.666443187545892, 2.666443187545892, 2.666443187545892, 2.666443187545892, 2.6673307850068904, 2.6673307850068904, 2.6673307850068904, 2.6673307850068904, 2.672248014138793], "O21": [4.553999999999999, 4.553999999999999, 4.553999999999999, 4.553999999999999, 4.553999999999999, 4.553999999999999, 4.553999999999999, 4.553999999999999, 4.553999999999999, 4.553999999999999, 4.553999999999999, 4.553999999999999, 4.531000000000001, 4.531000000000001, 4.531000000000001, 4.531000000000001, 4.531000000000001, 4.531000000000001, 4.531000000000001, 4.531000000000001, 4.531000000000001, 4.531000000000001, 4.531000000000001, 4.531000000000001, 4.531000000000001, 4.531000000000001, 4.531000000000001, 4.531000000000001, 4.531000000000001, 4.531000000000001, 4.531000000000001, 4.531000000000001, 4.531000000000001, 4.531000000000001, 4.531000000000001, 4.531000000000001, 4.531000000000001, 4.531000000000001, 4.531000000000001, 4.531000000000001, 4.531000000000001, 4.531000000000001, 4.531000000000001, 4.531000000000001, 4.531000000000001, 4.531000000000001, 4.531000000000001, 4.531000000000001, 4.531000000000001, 4.531000000000001, 4.531000000000001, 4.531000000000001, 4.531000000000001, 4.531000000000001, 4.531000000000001, 4.531000000000001, 4.531000000000001, 4.531000000000001, 4.531000000000001], "mode": "0"}