{"O23": 5.0, "O34": [4.641814861219203, 4.641814861219203, 4.641814861219203, 4.641814861219203, 4.641814861219203, 4.641814861219203, 4.641814861219203, 4.641814861219203, 3.5437040410890726, 3.5437040410890726, 3.5437040410890726, 3.5437040410890726, 3.5437040410890726, 3.5437040410890726, 3.5437040410890726, 3.5437040410890726, 4.737323525956053, 4.737323525956053, 4.737323525956053, 4.737323525956053, 4.737323525956053, 4.737323525956053, 4.737323525956053, 4.737323525956053, 3.5719089957104444, 3.5719089957104444, 3.5719089957104444, 3.5719089957104444, 3.5719089957104444, 3.5719089957104444, 3.5719089957104444, 3.5719089957104444, 4.54690418666834, 4.54690418666834, 4.54690418666834, 4.54690418666834, 3.5792911604856656, 3.5790718853938155, 3.5790718853938155, 3.5790718853938155, 3.5790718853938155, 3.5790718853938155, 3.5790718853938155, 3.5790718853938155, 4.71988615853056, 4.71988615853056, 4.71988615853056, 4.71988615853056, 4.71988615853056, 4.71988615853056, 4.71988615853056, 4.71988615853056, 3.615312487938741, 3.615312487938741, 3.615312487938741, 3.615312487938741, 3.615312487938741, 3.615312487938741, 3.615312487938741], "O35": 3.809050904272367, "O46": 3.8668522277917754, "O22": [3.638045986405905, 3.638045986405905, 3.638045986405905, 3.638045986405905, 3.638045986405905, 3.638045986405905, 3.638045986405905, 3.638045986405905, 2.629336429073977, 2.629336429073977, 2.629336429073977, 2.629336429073977, 2.629336429073977, 2.629336429073977, 2.629336429073977, 2.629336429073977, 3.7261822396140025, 3.7261822396140025, 3.7261822396140025, 3.7261822396140025, 3.7261822396140025, 3.7261822396140025, 3.7261822396140025, 3.7261822396140025, 2.6553778210831087, 2.6553778210831087, 2.6553778210831087, 2.6553778210831087, 2.6553778210831087, 2.6553778210831087, 2.6553778210831087, 2.6553778210831087, 3.5504615639096415, 3.5504615639096415, 3.5504615639096415, 3.5504615639096415, 2.6619912555192515, 2.6619912555192515, 2.6619912555192515, 2.6619912555192515, 2.6619912555192515, 2.6619912555192515, 2.6619912555192515, 2.6619912555192515, 3.7100908804171135, 3.7100908804171135, 3.7100908804171135, 3.7100908804171135, 3.7100908804171135, 3.7100908804171135, 3.7100908804171135, 3.7100908804171135, 2.695451892141032, 2.695451892141032, 2.695451892141032, 2.695451892141032, 2.695451892141032, 2.695451892141032, 2.695451892141032], "O21": [4.553999999999999, 4.553999999999999, 4.553999999999999, 4.553999999999999, 4.553999999999999, 4.553999999999999, 4.553999999999999, 4.553999999999999, 4.531000000000001, 4.531000000000001, 4.531000000000001, 4.531000000000001, 4.531000000000001, 4.531000000000001, 4.531000000000001, 4.531000000000001, 4.553999999999999, 4.553999999999999, 4.553999999999999, 4.553999999999999, 4.553999999999999, 4.553999999999999, 4.553999999999999, 4.553999999999999, 4.531000000000001, 4.531000000000001, 4.531000000000001, 4.531000000000001, 4.531000000000001, 4.531000000000001, 4.531000000000001, 4.531000000000001, 4.553999999999999, 4.553999999999999, 4.553999999999999, 4.553999999999999, 4.532, 4.531000000000001, 4.531000000000001, 4.531000000000001, 4.531000000000001, 4.531000000000001, 4.531000000000001, 4.531000000000001, 4.553999999999999, 4.553999999999999, 4.553999999999999, 4.553999999999999, 4.553999999999999, 4.553999999999999, 4.553999999999999, 4.553999999999999, 4.531000000000001, 4.531000000000001, 4.531000000000001, 4.531000000000001, 4.531000000000001, 4.531000000000001, 4.531000000000001], "mode": "0"}