{"O23": 5.0, "O34": [2.740955038997595, 2.7534389198177953, 2.7534389198177953, 2.7534389198177953, 2.7534389198177953, 2.7538573807987614, 2.7538573807987614, 2.7538573807987614, 2.7538573807987614, 2.7679388378112706, 2.7679388378112706, 2.7679388378112706, 2.7679388378112706, 2.791529986210622, 2.791529986210622, 2.791529986210622, 2.791529986210622, 2.812608785834856, 2.812608785834856, 2.812608785834856, 2.812608785834856, 2.792994783461685, 2.792994783461685, 5.0, 5.0, 5.0, 5.0, 5.0, 5.0, 5.0, 5.0, 5.0, 5.0, 5.0, 5.0, 5.0, 5.0, 5.0, 5.0, 2.82153868817539, 2.816893809026501, 2.8210348543115473, 2.8210348543115473, 2.8210348543115473, 2.8210348543115473, 2.80359976583546, 2.80359976583546, 2.80359976583546, 2.80359976583546, 2.80359976583546, 2.80359976583546, 2.80359976583546, 2.80359976583546, 2.80964021423162, 2.80964021423162, 2.80964021423162, 2.80964021423162, 2.8276715767502827, 2.8276715767502827], "O35": 2.946499157654136, "O46": 2.9527006682531023, "O22": [1.888165179943051, 1.8996914397296134, 1.8996914397296134, 1.8996914397296134, 1.8996914397296134, 1.9000778011541268, 1.9000778011541268, 1.9000778011541268, 1.9000778011541268, 1.9130790892981835, 1.9130790892981835, 1.9130790892981835, 1.9130790892981835, 1.9348605937061925, 1.9348605937061925, 1.9348605937061925, 1.9348605937061925, 1.9543224680990219, 1.9543224680990219, 1.9543224680990219, 1.9543224680990219, 1.9362130284092751, 1.9362130284092751, 4.244214563574464, 4.244214563574464, 4.238457343905203, 4.238457343905203, 4.238457343905203, 4.238457343905203, 4.238457343905203, 4.238457343905203, 4.238457343905203, 4.238457343905203, 4.238457343905203, 4.238457343905203, 4.238457343905203, 4.238457343905203, 4.22765110151793, 4.22765110151793, 1.9582787931560848, 1.9582787931560848, 1.9621021846503486, 1.9621021846503486, 1.9621021846503486, 1.9621021846503486, 1.9460045174207887, 1.9460045174207887, 1.9460045174207887, 1.9460045174207887, 1.9460045174207887, 1.9460045174207887, 1.9460045174207887, 1.9460045174207887, 1.9515816114706455, 1.9515816114706455, 1.9515816114706455, 1.9515816114706455, 1.968229813395121, 1.968229813395121], "O21": [4.531000000000001, 4.531000000000001, 4.531000000000001, 4.531000000000001, 4.531000000000001, 4.531000000000001, 4.531000000000001, 4.531000000000001, 4.531000000000001, 4.531000000000001, 4.531000000000001, 4.531000000000001, 4.531000000000001, 4.531000000000001, 4.531000000000001, 4.531000000000001, 4.531000000000001, 4.531000000000001, 4.531000000000001, 4.531000000000001, 4.531000000000001, 4.531000000000001, 4.531000000000001, 4.532, 4.553999999999999, 4.553999999999999, 4.553999999999999, 4.553999999999999, 4.553999999999999, 4.553999999999999, 4.553999999999999, 4.553999999999999, 4.553999999999999, 4.553999999999999, 4.553999999999999, 4.553999999999999, 4.553999999999999, 4.553999999999999, 4.553999999999999, 4.553999999999999, 4.531000000000001, 4.531000000000001, 4.531000000000001, 4.531000000000001, 4.531000000000001, 4.531000000000001, 4.531000000000001, 4.531000000000001, 4.531000000000001, 4.531000000000001, 4.531000000000001, 4.531000000000001, 4.531000000000001, 4.531000000000001, 4.531000000000001, 4.531000000000001, 4.531000000000001, 4.531000000000001, 4.531000000000001], "mode": "0"}