{"O23": 5.0, "O34": [5.0, 5.0, 5.0, 5.0, 5.0, 5.0, 5.0, 5.0, 5.0, 5.0, 5.0, 5.0, 4.592873009142801, 4.592873009142801, 4.607118288591268, 4.607118288591268, 4.607118288591268, 4.607118288591268, 4.61098065183776, 4.61098065183776, 4.61098065183776, 4.61098065183776, 4.62092821066904, 4.62092821066904, 4.62092821066904, 4.611669442503458, 4.629672885877132, 4.629672885877132, 4.629672885877132, 4.640149012842499, 4.653906832520323, 4.653906832520323, 4.653906832520323, 4.6736321562685585, 4.6736321562685585, 4.6736321562685585, 4.6736321562685585, 4.680157240870143, 4.680157240870143, 4.680157240870143, 4.680157240870143, 4.696188244337588, 4.696188244337588, 4.695943705737842, 2.8824911197115233, 2.8824911197115233, 2.8741368447017757, 2.8741368447017757, 2.8741368447017757, 2.8741368447017757, 2.8741368447017757, 2.8741368447017757, 2.8741368447017757, 2.8741368447017757, 2.8741368447017757, 2.8741368447017757, 2.8741368447017757, 2.859767242822794, 2.859767242822794], "O35": 3.4051701685892035, "O46": 3.4473353627544028, "O22": [4.251716129279269, 4.251716129279269, 4.251716129279269, 4.251716129279269, 4.251716129279269, 4.251716129279269, 4.251716129279269, 4.251716129279269, 4.251716129279269, 4.251716129279269, 4.251716129279269, 4.251716129279269, 3.5928820059548756, 3.5928820059548756, 3.606027677710935, 3.606027677710935, 3.606027677710935, 3.606027677710935, 3.609591901187543, 3.609591901187543, 3.609591901187543, 3.609591901187543, 3.61877159777708, 3.61877159777708, 3.61877159777708, 3.6102275233971772, 3.6268412625607565, 3.6268412625607565, 3.6268412625607565, 3.636508726569428, 3.649204566073174, 3.649204566073174, 3.649204566073174, 3.667407271903856, 3.667407271903856, 3.667407271903856, 3.667407271903856, 3.6734286785504047, 3.6734286785504047, 3.6734286785504047, 3.6734286785504047, 3.6882222324617655, 3.6882222324617655, 3.6882222324617655, 2.0188442259045236, 2.0188442259045236, 2.0111307956437248, 2.0111307956437248, 2.0111307956437248, 2.0111307956437248, 2.0111307956437248, 2.0111307956437248, 2.0111307956437248, 2.0111307956437248, 2.0111307956437248, 2.0111307956437248, 2.0111307956437248, 1.9978634658228087, 1.9978634658228087], "O21": [4.553999999999999, 4.553999999999999, 4.553999999999999, 4.553999999999999, 4.553999999999999, 4.553999999999999, 4.553999999999999, 4.553999999999999, 4.553999999999999, 4.553999999999999, 4.553999999999999, 4.553999999999999, 4.553999999999999, 4.553999999999999, 4.553999999999999, 4.553999999999999, 4.553999999999999, 4.553999999999999, 4.553999999999999, 4.553999999999999, 4.553999999999999, 4.553999999999999, 4.553999999999999, 4.553999999999999, 4.553999999999999, 4.553999999999999, 4.553999999999999, 4.553999999999999, 4.553999999999999, 4.553999999999999, 4.553999999999999, 4.553999999999999, 4.553999999999999, 4.553999999999999, 4.553999999999999, 4.553999999999999, 4.553999999999999, 4.553999999999999, 4.553999999999999, 4.553999999999999, 4.553999999999999, 4.553999999999999, 4.553999999999999, 4.553, 4.531000000000001, 4.531000000000001, 4.531000000000001, 4.531000000000001, 4.531000000000001, 4.531000000000001, 4.531000000000001, 4.531000000000001, 4.531000000000001, 4.531000000000001, 4.531000000000001, 4.531000000000001, 4.531000000000001, 4.531000000000001, 4.531000000000001], "mode": "0"}