{"O23": 5.0, "O34": [2.675517352156182, 2.6639559086325733, 2.6639559086325733, 2.6639559086325733, 2.6639559086325733, 2.6540134852143207, 2.6540134852143207, 2.6540134852143207, 2.6540134852143207, 2.646713685252257, 2.646713685252257, 2.646713685252257, 2.646713685252257, 2.6339046321804136, 2.6339046321804136, 2.6339046321804136, 2.6339046321804136, 2.611035798436866, 2.611035798436866, 2.611035798436866, 2.611035798436866, 2.6243682519387876, 2.6243682519387876, 2.6243682519387876, 2.6243682519387876, 2.633932509361246, 2.633932509361246, 2.633932509361246, 2.633932509361246, 2.6384162893247827, 2.6384162893247827, 2.6384162893247827, 2.6384162893247827, 2.6457359576261332, 2.6457359576261332, 2.6457359576261332, 2.6457359576261332, 2.660783263440669, 2.660783263440669, 3.5286788239971885, 3.5286788239971885, 3.5062699106758273, 3.5062699106758273, 3.5062699106758273, 3.5062699106758273, 3.4937821361977246, 3.4937821361977246, 3.4937821361977246, 3.4937821361977246, 3.494269525440421, 3.494269525440421, 3.494269525440421, 3.494269525440421, 3.457125095631985, 3.457125095631985, 3.457125095631985, 3.457125095631985, 3.449982871159403, 3.449982871159403, 3.449982871159403, 3.449982871159403, 3.4547452878884712, 3.4547452878884712, 3.4547452878884712, 3.4547452878884712, 3.491112137516723, 3.491112137516723, 3.491112137516723, 3.491112137516723, 3.500703534030437, 3.500703534030437, 3.500703534030437, 3.500703534030437, 3.50169729750557, 3.50169729750557, 3.50169729750557, 3.50169729750557, 3.5243440974553204, 3.5243440974553204, 4.688594703095686, 4.694218061464811, 4.689457959857467, 4.689457959857467, 4.689457959857467, 4.689457959857467, 4.695873704500279, 4.695873704500279, 4.695873704500279, 4.695873704500279, 4.703450675865879, 4.703450675865879, 4.703450675865879, 4.703450675865879, 4.6976272318661865, 4.6976272318661865, 4.6976272318661865, 4.696632513031601, 4.699979491591731, 4.699979491591731, 4.699979491591731, 4.694675517898162, 4.700523313869288, 4.700523313869288, 4.700523313869288, 4.687345581759127, 4.689407319085675, 4.689407319085675, 4.689407319085675, 4.682830301226474, 4.682830301226474, 4.682830301226474, 4.682830301226474, 4.666953018604371, 4.666953018604371, 4.666953018604371, 4.666953018604371, 4.650556901960518, 4.650556901960518, 5.0, 5.0, 5.0, 5.0, 5.0, 5.0, 5.0, 5.0, 5.0, 5.0, 5.0, 5.0, 5.0, 5.0, 5.0, 5.0, 5.0, 5.0, 5.0, 5.0, 5.0, 5.0, 5.0, 5.0, 5.0, 5.0, 5.0, 5.0, 5.0, 5.0, 5.0, 5.0, 5.0, 5.0, 5.0, 5.0, 5.0, 5.0, 5.0, 5.0, 5.0, 5.0, 5.0, 5.0, 5.0, 5.0, 5.0, 5.0, 5.0, 5.0, 5.0, 5.0, 5.0, 5.0, 5.0, 5.0, 5.0, 5.0, 5.0, 5.0, 5.0, 5.0, 5.0, 5.0, 5.0, 5.0, 5.0, 5.0, 5.0, 5.0, 5.0, 5.0, 5.0, 5.0, 5.0, 5.0, 5.0, 5.0, 5.0, 5.0, 5.0, 5.0, 5.0, 5.0, 5.0, 5.0, 5.0, 5.0, 5.0, 5.0, 5.0, 5.0, 5.0, 5.0, 5.0, 5.0, 5.0, 5.0, 5.0, 5.0, 5.0, 5.0, 5.0, 5.0, 5.0, 5.0, 5.0, 5.0, 5.0, 5.0, 5.0, 5.0, 5.0, 5.0, 5.0, 5.0, 5.0, 5.0, 5.0, 5.0, 5.0, 5.0, 5.0, 5.0, 5.0, 5.0, 5.0, 5.0, 5.0, 5.0, 5.0, 5.0, 5.0, 5.0, 5.0, 5.0, 5.0, 5.0, 5.0, 5.0, 5.0, 5.0, 5.0, 5.0, 5.0, 5.0, 5.0, 5.0, 5.0, 5.0, 5.0, 5.0, 5.0, 5.0, 5.0, 5.0, 5.0, 5.0, 5.0, 5.0, 5.0, 5.0, 5.0, 5.0, 5.0, 5.0, 5.0, 5.0, 5.0, 5.0, 5.0, 5.0, 5.0, 5.0, 5.0, 5.0, 5.0, 5.0], "O35": 4.175249442735633, "O46": 4.091118275776725, "O22": [1.8277471265164817, 1.8170725451519156, 1.8170725451519156, 1.8170725451519156, 1.8170725451519156, 1.8078927911253202, 1.8078927911253202, 1.8078927911253202, 1.8078927911253202, 1.8011529486064346, 1.8011529486064346, 1.8011529486064346, 1.8011529486064346, 1.7893264600767607, 1.7893264600767607, 1.7893264600767607, 1.7893264600767607, 1.7682118625777763, 1.7682118625777763, 1.7682118625777763, 1.7682118625777763, 1.7805216022227384, 1.7805216022227384, 1.7805216022227384, 1.7805216022227384, 1.7893521988380494, 1.7893521988380494, 1.7893521988380494, 1.7893521988380494, 1.7934920343130787, 1.7934920343130787, 1.7934920343130787, 1.7934920343130787, 1.8002502210987383, 1.8002502210987383, 1.8002502210987383, 1.8002502210987383, 1.814143269134373, 1.814143269134373, 2.6154637753659804, 2.6154637753659804, 2.5947738184369937, 2.5947738184369937, 2.5947738184369937, 2.5947738184369937, 2.58324396366958, 2.58324396366958, 2.58324396366958, 2.58324396366958, 2.5836939659652933, 2.5836939659652933, 2.5836939659652933, 2.5836939659652933, 2.5493988334049944, 2.5493988334049944, 2.5493988334049944, 2.5493988334049944, 2.5428044789802304, 2.5428044789802304, 2.5428044789802304, 2.5428044789802304, 2.5472015773843006, 2.5472015773843006, 2.5472015773843006, 2.5472015773843006, 2.5807787768522563, 2.5807787768522563, 2.5807787768522563, 2.5807787768522563, 2.589634430757098, 2.589634430757098, 2.589634430757098, 2.589634430757098, 2.5905519640262593, 2.5905519640262593, 2.5905519640262593, 2.5905519640262593, 2.6114615596331587, 2.6114615596331587, 3.6864041300202772, 3.6864041300202772, 3.682011465525208, 3.682011465525208, 3.682011465525208, 3.682011465525208, 3.687931972276247, 3.687931972276247, 3.687931972276247, 3.687931972276247, 3.6949240694715018, 3.6949240694715018, 3.6949240694715018, 3.6949240694715018, 3.689550143071063, 3.689550143071063, 3.689550143071063, 3.688632207600836, 3.6917208294622186, 3.6917208294622186, 3.6917208294622186, 3.686826274923597, 3.692222673541885, 3.692222673541885, 3.692222673541885, 3.680062144053071, 3.681964733766392, 3.681964733766392, 3.681964733766392, 3.675895402643505, 3.675895402643505, 3.675895402643505, 3.675895402643505, 3.6612437037081897, 3.6612437037081897, 3.6612437037081897, 3.6612437037081897, 3.64611322007999, 3.64611322007999, 4.228441711405153, 4.228441711405153, 4.220542419054538, 4.220542419054538, 4.220542419054538, 4.220542419054538, 4.225313102698421, 4.225313102698421, 4.225313102698421, 4.225313102698421, 4.225803483873831, 4.225803483873831, 4.225803483873831, 4.225803483873831, 4.22863111533694, 4.22863111533694, 4.22863111533694, 4.22863111533694, 4.231138636104613, 4.231138636104613, 4.231138636104613, 4.231138636104613, 4.220665741409542, 4.220665741409542, 4.220665741409542, 4.220665741409542, 4.227687118325271, 4.227687118325271, 4.227687118325271, 4.227687118325271, 4.2198921835643635, 4.2198921835643635, 4.2198921835643635, 4.2198921835643635, 4.208535600869439, 4.208535600869439, 4.208535600869439, 4.208535600869439, 4.215187489023255, 4.215187489023255, 4.215187489023255, 4.215187489023255, 4.212287451379967, 4.212287451379967, 4.212287451379967, 4.212287451379967, 4.207147840594025, 4.207147840594025, 4.207147840594025, 4.207147840594025, 4.1887846819867915, 4.1887846819867915, 4.1887846819867915, 4.1887846819867915, 4.181254436582878, 4.181254436582878, 4.181254436582878, 4.181254436582878, 4.184064064050312, 4.184064064050312, 4.184064064050312, 4.184064064050312, 4.179215118952995, 4.179215118952995, 4.179215118952995, 4.179215118952995, 4.170219632709892, 4.170219632709892, 4.170219632709892, 4.170219632709892, 4.193239791185711, 4.193239791185711, 4.193239791185711, 4.193239791185711, 4.230187549093866, 4.230187549093866, 4.230187549093866, 4.230187549093866, 4.241254176572221, 4.241254176572221, 4.241254176572221, 4.231989678370022, 4.2405615894502, 4.2405615894502, 4.2405615894502, 4.244661310688828, 4.245535944910982, 4.245535944910982, 4.245535944910982, 4.237805022412279, 4.248287171784004, 4.248287171784004, 4.248287171784004, 4.244144827695502, 4.244144827695502, 4.244144827695502, 4.244144827695502, 4.220520962701179, 4.220520962701179, 4.220520962701179, 4.220520962701179, 4.2164592295662775, 4.2164592295662775, 4.2164592295662775, 4.2164592295662775, 4.215824826616975, 4.215824826616975, 4.215824826616975, 4.215824826616975, 4.213202029514599, 4.213202029514599, 4.213202029514599, 4.213202029514599, 4.228625999093588, 4.228625999093588, 4.228625999093588, 4.228625999093588, 4.224827939454306, 4.224827939454306, 4.224827939454306, 4.224827939454306, 4.227280199158706, 4.227280199158706, 4.227280199158706, 4.227280199158706, 4.222886473438002, 4.222886473438002, 