{"O23": 5.0, "O34": [3.553945465960994, 3.553945465960994, 3.553945465960994, 3.553945465960994, 3.582823768707945, 3.582823768707945, 3.582823768707945, 3.582823768707945, 3.582823768707945, 3.583303831440713, 3.583303831440713, 3.583303831440713, 3.583303831440713, 3.583303831440713, 3.5899803811639392, 3.5899803811639392, 3.5899803811639392, 3.5899803811639392, 3.5899803811639392, 3.5842092572058486, 3.5842092572058486, 3.5842092572058486, 3.5842092572058486, 3.5842092572058486, 3.5794942881345775, 3.5794942881345775, 3.5794942881345775, 3.5794942881345775, 3.5794942881345775, 3.549110258957704, 3.549110258957704, 3.549110258957704, 3.549110258957704, 3.549110258957704, 4.725782256353013, 4.731425055460895, 4.731425055460895, 4.731425055460895, 4.731425055460895, 4.737659552100956, 4.737659552100956, 4.737659552100956, 4.737659552100956, 4.737659552100956, 4.726336231039592, 4.726336231039592, 4.726336231039592, 4.726336231039592, 4.726336231039592, 4.700727565581872, 4.700727565581872, 4.700727565581872, 4.700727565581872, 4.700727565581872, 4.68776245654399, 4.68776245654399, 4.68776245654399, 4.68776245654399, 4.68776245654399, 4.655909566262939, 4.655909566262939, 4.655909566262939, 4.655909566262939, 4.655909566262939, 4.62163427648592, 4.62163427648592, 4.62163427648592, 4.62163427648592, 4.62163427648592, 4.628010160518902, 4.628010160518902, 4.628010160518902, 4.628010160518902, 4.628010160518902, 4.617287428979846, 4.617287428979846, 4.617287428979846, 4.617287428979846, 4.617287428979846, 4.614667965622322, 4.614667965622322, 4.614667965622322, 4.614667965622322, 4.614667965622322, 4.632873418135226, 4.632873418135226, 4.632873418135226, 4.632873418135226, 4.632873418135226, 3.4681547647133883, 3.4636053087209184, 3.463172027197826, 3.463172027197826, 3.463172027197826, 3.436093533209004, 3.436093533209004, 3.436093533209004, 3.436093533209004, 3.436093533209004, 3.4571700029922585, 3.4571700029922585, 3.4571700029922585, 3.4571700029922585, 3.4571700029922585, 3.450619188505141, 3.450619188505141, 3.450619188505141, 3.450619188505141, 3.450619188505141, 3.483446211278406, 3.483446211278406, 3.483446211278406, 3.483446211278406, 3.483446211278406, 3.515456551539429, 3.515456551539429, 3.515456551539429, 3.515456551539429, 3.515456551539429, 3.5479794171662475, 3.5479794171662475, 3.5479794171662475, 3.5479794171662475, 3.5457588971330063, 3.548930008966268, 3.548930008966268, 3.548930008966268, 3.548930008966268, 3.5406675481042362, 3.544984412999079, 3.544984412999079, 3.544984412999079, 3.544984412999079, 3.5278642572517924, 3.5278642572517924, 3.5278642572517924, 3.5278642572517924, 3.5278642572517924, 3.513694666789314, 3.513694666789314, 3.513694666789314, 3.513694666789314, 3.513694666789314, 3.517498906729341, 3.517498906729341, 3.517498906729341, 3.517498906729341, 3.517498906729341, 3.520539665648858, 3.520539665648858, 3.520539665648858, 3.520539665648858, 3.520539665648858, 3.533307523454847, 3.533307523454847, 3.533307523454847, 3.533307523454847, 3.533307523454847, 3.5592492445839845, 3.5592492445839845, 3.5592492445839845, 3.5592492445839845, 3.5592492445839845, 3.568054649190556, 3.568054649190556, 3.568054649190556, 3.568054649190556, 3.568054649190556, 3.5686827356101043, 3.5686827356101043, 3.5686827356101043, 3.5686827356101043, 3.5686827356101043, 3.575110766130736, 3.575110766130736, 3.575110766130736, 3.575110766130736, 3.575110766130736, 4.689398566238867, 4.689398566238867, 4.694777832734448, 4.6950223448478825, 4.6950223448478825, 4.702496623125601, 4.702496623125601, 4.702496623125601, 4.702496623125601, 4.702496623125601, 4.706137440212628, 4.706137440212628, 4.706137440212628, 4.706137440212628, 4.706137440212628, 4.711920454820693, 4.711920454820693, 4.711920454820693, 4.711920454820693, 4.711920454820693, 4.699766906183971, 4.699766906183971, 4.699766906183971, 4.699766906183971, 4.699766906183971, 4.698725844191743, 4.698725844191743, 4.698725844191743, 4.698725844191743, 4.698725844191743, 4.691290917547069, 4.691290917547069, 4.691290917547069, 4.691290917547069, 4.691290917547069, 4.683549715079915, 4.683549715079915, 4.683549715079915, 4.683549715079915, 4.683549715079915, 4.684341085314605, 4.684341085314605, 4.684341085314605, 4.684341085314605, 4.684341085314605, 3.4931772497954365, 3.4931772497954365, 3.489484693232255, 3.488181437974662, 3.488181437974662, 3.488181437974662, 3.488181437974662, 3.488181437974662], "O35": 3.9001049398134273, "O46": 3.9473436844725707,