{"O23": 5.0, "O34": [5.0, 5.0, 5.0, 5.0, 5.0, 5.0, 5.0, 5.0, 5.0, 5.0, 5.0, 5.0, 5.0, 5.0, 5.0, 5.0, 5.0, 5.0, 5.0, 5.0, 5.0, 5.0, 5.0, 5.0, 5.0, 5.0, 5.0, 5.0, 5.0, 5.0, 5.0, 4.640381474060981, 4.640381474060981, 4.640381474060981, 4.640381474060981, 4.640381474060981, 4.640381474060981, 4.640381474060981, 4.640381474060981, 2.7892357895329605, 2.7846077887218827, 2.7825388349901647, 2.7825388349901647, 2.7825388349901647, 2.7825388349901647, 2.776070596415765, 2.776070596415765, 2.776070596415765, 2.776070596415765, 2.776070596415765, 2.776070596415765, 2.776070596415765, 2.776070596415765, 2.7648615846887163, 2.7648615846887163, 2.7648615846887163, 2.7648615846887163, 2.7819776470757915, 2.7819776470757915], "O35": 3.196066512592681, "O46": 3.2082423777070104, "O22": [4.292923454233341, 4.300342111630453, 4.300342111630453, 4.300342111630453, 4.300342111630453, 4.297097549386417, 4.297097549386417, 4.297097549386417, 4.297097549386417, 4.291348527508584, 4.291348527508584, 4.291348527508584, 4.291348527508584, 4.285652325845497, 4.285652325845497, 4.285652325845497, 4.285652325845497, 4.284113811524989, 4.284113811524989, 4.284113811524989, 4.284113811524989, 4.282602722620315, 4.282602722620315, 4.282602722620315, 4.282602722620315, 4.271590877413947, 4.271590877413947, 4.271590877413947, 4.271590877413947, 4.267454333042037, 4.267454333042037, 3.636723243868667, 3.636723243868667, 3.636723243868667, 3.636723243868667, 3.636723243868667, 3.636723243868667, 3.636723243868667, 3.636723243868667, 1.9284693883031427, 1.9284693883031427, 1.9265591411178629, 1.9265591411178629, 1.9265591411178629, 1.9265591411178629, 1.92058707207589, 1.92058707207589, 1.92058707207589, 1.92058707207589, 1.92058707207589, 1.92058707207589, 1.92058707207589, 1.92058707207589, 1.9102378879577975, 1.9102378879577975, 1.9102378879577975, 1.9102378879577975, 1.9260410011433384, 1.9260410011433384], "O21": [4.553999999999999, 4.553999999999999, 4.553999999999999, 4.553999999999999, 4.553999999999999, 4.553999999999999, 4.553999999999999, 4.553999999999999, 4.553999999999999, 4.553999999999999, 4.553999999999999, 4.553999999999999, 4.553999999999999, 4.553999999999999, 4.553999999999999, 4.553999999999999, 4.553999999999999, 4.553999999999999, 4.553999999999999, 4.553999999999999, 4.553999999999999, 4.553999999999999, 4.553999999999999, 4.553999999999999, 4.553999999999999, 4.553999999999999, 4.553999999999999, 4.553999999999999, 4.553999999999999, 4.553999999999999, 4.553999999999999, 4.553999999999999, 4.553999999999999, 4.553999999999999, 4.553999999999999, 4.553999999999999, 4.553999999999999, 4.553999999999999, 4.553999999999999, 4.553999999999999, 4.531000000000001, 4.531000000000001, 4.531000000000001, 4.531000000000001, 4.531000000000001, 4.531000000000001, 4.531000000000001, 4.531000000000001, 4.531000000000001, 4.531000000000001, 4.531000000000001, 4.531000000000001, 4.531000000000001, 4.531000000000001, 4.531000000000001, 4.531000000000001, 4.531000000000001, 4.531000000000001, 4.531000000000001, 4.531000000000001], "mode": "0"}