{"O23": 3.312455478980073, "O34": [4.753981725892519, 4.751018190613249, 4.751018190613249, 4.751018190613249, 4.751018190613249, 4.739125439698165, 4.739125439698165, 4.739125439698165, 4.739125439698165, 4.727337014971293, 4.727337014971293, 4.727337014971293, 4.727337014971293, 4.733872663556074, 4.733872663556074, 4.733872663556074, 4.733872663556074, 4.6845227086009285, 4.6845227086009285, 4.6845227086009285, 4.6845227086009285, 4.639617700302997, 4.639617700302997, 4.639617700302997, 4.639617700302997, 4.61459255564561, 4.61459255564561, 4.61459255564561, 4.61459255564561, 4.592693737708221, 4.592693737708221, 4.592693737708221, 4.592693737708221, 4.574957450384683, 4.574957450384683, 4.574957450384683, 4.574957450384683, 4.590331831325265, 4.590331831325265, 4.590331831325265, 4.590331831325265, 4.594843340708949, 4.594843340708949, 4.594843340708949, 4.594843340708949, 4.583448576890232, 4.583448576890232, 5.0, 5.0, 5.0, 5.0, 5.0, 5.0, 5.0, 5.0, 5.0, 5.0, 5.0, 5.0], "O35": 4.746052941156147, "O46": 3.2897294862611157, "O22": [3.7415545760573683, 3.7388197990977647, 3.7388197990977647, 3.7388197990977647, 3.7388197990977647, 3.727845061791147, 3.727845061791147, 3.727845061791147, 3.727845061791147, 3.7169665976275565, 3.7169665976275565, 3.7169665976275565, 3.7169665976275565, 3.7229977528126335, 3.7229977528126335, 3.7229977528126335, 3.7229977528126335, 3.677457171361528, 3.677457171361528, 3.677457171361528, 3.677457171361528, 3.63601842658834, 3.63601842658834, 3.63601842658834, 3.63601842658834, 3.6129249984457767, 3.6129249984457767, 3.6129249984457767, 3.6129249984457767, 3.592716572665711, 3.592716572665711, 3.592716572665711, 3.592716572665711, 3.576349367503478, 3.576349367503478, 3.576349367503478, 3.576349367503478, 3.590536984252496, 3.590536984252496, 3.590536984252496, 3.590536984252496, 3.5947002456119415, 3.5947002456119415, 3.5947002456119415, 3.5947002456119415, 3.584185055268321, 3.584185055268321, 4.523360916388059, 4.523360916388059, 4.523360916388059, 4.523360916388059, 4.523360916388059, 4.523360916388059, 4.523360916388059, 4.523360916388059, 4.523360916388059, 4.523360916388059, 4.523360916388059, 4.523360916388059], "O21": [4.553999999999999, 4.553999999999999, 4.553999999999999, 4.553999999999999, 4.553999999999999, 4.553999999999999, 4.553999999999999, 4.553999999999999, 4.553999999999999, 4.553999999999999, 4.553999999999999, 4.553999999999999, 4.553999999999999, 4.553999999999999, 4.553999999999999, 4.553999999999999, 4.553999999999999, 4.553999999999999, 4.553999999999999, 4.553999999999999, 4.553999999999999, 4.553999999999999, 4.553999999999999, 4.553999999999999, 4.553999999999999, 4.553999999999999, 4.553999999999999, 4.553999999999999, 4.553999999999999, 4.553999999999999, 4.553999999999999, 4.553999999999999, 4.553999999999999, 4.553999999999999, 4.553999999999999, 4.553999999999999, 4.553999999999999, 4.553999999999999, 4.553999999999999, 4.553999999999999, 4.553999999999999, 4.553999999999999, 4.553999999999999, 4.553999999999999, 4.553999999999999, 4.553999999999999, 4.553999999999999, 4.553999999999999, 4.559, 4.559, 4.559, 4.559, 4.559, 4.559, 4.559, 4.559, 4.559, 4.559, 4.559, 4.559], "mode": "0"}