{"O23": 5.0, "O34": [3.6196721738773037, 3.6196721738773037, 3.6196721738773037, 3.6196721738773037, 1.887843089524179, 1.8657807749817295, 1.8657807749817295, 1.8657807749817295, 1.8657807749817295, 3.5705921284050817, 3.596513368438079, 3.596513368438079, 3.596513368438079, 3.596513368438079, 1.8983767409108288, 1.8762852160718018, 1.8762852160718018, 1.8762852160718018, 1.8762852160718018, 3.596734908216336, 3.6229473181785528, 3.6229473181785528, 3.6229473181785528, 3.6229473181785528, 1.871765731968904, 1.8499279775112714, 1.8499279775112714, 1.8499279775112714, 1.8499279775112714, 3.526168337812805, 3.5524086241518185, 3.5524086241518185, 3.5524086241518185, 3.5524086241518185, 1.8672982530345248, 1.8452929102623543, 1.8452929102623543, 1.8452929102623543, 1.8452929102623543, 3.4127558966790876, 3.4378193800651373, 3.4378193800651373, 3.4378193800651373, 3.4378193800651373, 1.8616863838192268, 1.8396966030167967, 1.8396966030167967, 1.8396966030167967, 1.8396966030167967, 3.425511455579202, 3.4508255913609127, 3.4508255913609127, 3.4508255913609127, 3.4508255913609127, 1.8847599102588266, 1.8628864168948993, 1.8628864168948993, 1.8628864168948993, 1.8628864168948993], "O35": 1.6406425759046652, "O46": 1.789799962590999, "O22": [2.6994771526701444, 2.6994771526701444, 2.6994771526701444, 2.6994771526701444, 1.1006612214340097, 1.1006612214340097, 1.1006612214340097, 1.1006612214340097, 1.1006612214340097, 2.6780948267986084, 2.6780948267986084, 2.6780948267986084, 2.6780948267986084, 2.6780948267986084, 1.1103870722210563, 1.1103870722210563, 1.1103870722210563, 1.1103870722210563, 1.1103870722210563, 2.702501065233743, 2.702501065233743, 2.702501065233743, 2.702501065233743, 2.702501065233743, 1.0859834350165425, 1.0859834350165425, 1.0859834350165425, 1.0859834350165425, 1.0859834350165425, 2.637373295747085, 2.637373295747085, 2.637373295747085, 2.637373295747085, 2.637373295747085, 1.0816919194504742, 1.0816919194504742, 1.0816919194504742, 1.0816919194504742, 1.0816919194504742, 2.5315740322719296, 2.5315740322719296, 2.5315740322719296, 2.5315740322719296, 2.5315740322719296, 1.076510411099668, 1.076510411099668, 1.076510411099668, 1.076510411099668, 1.076510411099668, 2.543582555293989, 2.543582555293989, 2.543582555293989, 2.543582555293989, 2.543582555293989, 1.0979813934797746, 1.0979813934797746, 1.0979813934797746, 1.0979813934797746, 1.0979813934797746], "O21": [4.531000000000001, 4.531000000000001, 4.531000000000001, 4.531000000000001, 4.53, 4.408, 4.408, 4.408, 4.408, 4.413, 4.531000000000001, 4.531000000000001, 4.531000000000001, 4.531000000000001, 4.53, 4.408, 4.408, 4.408, 4.408, 4.412, 4.531000000000001, 4.531000000000001, 4.531000000000001, 4.531000000000001, 4.529, 4.408, 4.408, 4.408, 4.408, 4.4110000000000005, 4.531000000000001, 4.531000000000001, 4.531000000000001, 4.531000000000001, 4.53, 4.408, 4.408, 4.408, 4.408, 4.415, 4.531000000000001, 4.531000000000001, 4.531000000000001, 4.531000000000001, 4.53, 4.408, 4.408, 4.408, 4.408, 4.414, 4.531000000000001, 4.531000000000001, 4.531000000000001, 4.531000000000001, 4.529, 4.408, 4.408, 4.408, 4.408], "mode": "0"}