{"O23": 3.009214889839177, "O34": [5.0, 5.0, 5.0, 5.0, 5.0, 5.0, 5.0, 5.0, 5.0, 5.0, 3.475328065978677, 3.4718586547293446, 3.4718586547293446, 3.4718586547293446, 3.4718586547293446, 3.4718586547293446, 3.4718586547293446, 3.4718586547293446, 3.4718586547293446, 5.0, 5.0, 5.0, 5.0, 5.0, 5.0, 5.0, 5.0, 5.0, 5.0, 5.0, 3.64480892590055, 3.640616120787733, 3.640616120787733, 3.640616120787733, 3.640616120787733, 3.640616120787733, 3.640616120787733, 3.640616120787733, 3.640616120787733, 5.0, 5.0, 5.0, 5.0, 5.0, 5.0, 5.0, 5.0, 5.0, 5.0, 5.0, 3.527027319103152, 3.522667458003703, 3.522667458003703, 3.522667458003703, 3.522667458003703, 3.522667458003703, 3.522667458003703, 3.522667458003703, 3.522667458003703], "O35": 3.831584966839544, "O46": 2.637209975803522, "O22": [4.25576589898984, 4.25576589898984, 4.25576589898984, 4.25576589898984, 4.25576589898984, 4.25576589898984, 4.25576589898984, 4.25576589898984, 4.25576589898984, 4.25576589898984, 2.5630022017952174, 2.5630022017952174, 2.5630022017952174, 2.5630022017952174, 2.5630022017952174, 2.5630022017952174, 2.5630022017952174, 2.5630022017952174, 2.5630022017952174, 4.297438939082133, 4.297438939082133, 4.297438939082133, 4.297438939082133, 4.297438939082133, 4.297438939082133, 4.297438939082133, 4.297438939082133, 4.297438939082133, 4.297438939082133, 4.297438939082133, 2.718814518712196, 2.718814518712196, 2.718814518712196, 2.718814518712196, 2.718814518712196, 2.718814518712196, 2.718814518712196, 2.718814518712196, 2.718814518712196, 4.229487381250919, 4.229487381250919, 4.229487381250919, 4.229487381250919, 4.229487381250919, 4.229487381250919, 4.229487381250919, 4.229487381250919, 4.229487381250919, 4.229487381250919, 4.229487381250919, 2.6099135328483736, 2.6099135328483736, 2.6099135328483736, 2.6099135328483736, 2.6099135328483736, 2.6099135328483736, 2.6099135328483736, 2.6099135328483736, 2.6099135328483736], "O21": [4.553999999999999, 4.553999999999999, 4.553999999999999, 4.553999999999999, 4.553999999999999, 4.553999999999999, 4.553999999999999, 4.553999999999999, 4.553999999999999, 4.553999999999999, 4.547, 4.531000000000001, 4.531000000000001, 4.531000000000001, 4.531000000000001, 4.531000000000001, 4.531000000000001, 4.531000000000001, 4.531000000000001, 4.531000000000001, 4.553, 4.553999999999999, 4.553999999999999, 4.553999999999999, 4.553999999999999, 4.553999999999999, 4.553999999999999, 4.553999999999999, 4.553999999999999, 4.553999999999999, 4.55, 4.531000000000001, 4.531000000000001, 4.531000000000001, 4.531000000000001, 4.531000000000001, 4.531000000000001, 4.531000000000001, 4.531000000000001, 4.531000000000001, 4.551, 4.553999999999999, 4.553999999999999, 4.553999999999999, 4.553999999999999, 4.553999999999999, 4.553999999999999, 4.553999999999999, 4.553999999999999, 4.553999999999999, 4.551, 4.531000000000001, 4.531000000000001, 4.531000000000001, 4.531000000000001, 4.531000000000001, 4.531000000000001, 4.531000000000001, 4.531000000000001], "mode": "0"}