{"O23": 4.594340904953616, "O34": [5.0, 5.0, 5.0, 5.0, 5.0, 5.0, 5.0, 5.0, 5.0, 5.0, 5.0, 5.0, 5.0, 5.0, 5.0, 5.0, 5.0, 5.0, 5.0, 5.0, 5.0, 5.0, 5.0, 5.0, 5.0, 5.0, 5.0, 5.0, 5.0, 5.0, 3.4857249800746706, 3.4857249800746706, 3.4857249800746706, 3.4857249800746706, 3.4857249800746706, 5.0, 5.0, 5.0, 5.0, 5.0, 3.4788333405432206, 3.4788333405432206, 3.4788333405432206, 3.4788333405432206, 3.4788333405432206, 5.0, 5.0, 5.0, 5.0, 5.0, 3.605815789486637, 3.6055959115204876, 3.6055959115204876, 3.6055959115204876, 3.6055959115204876, 5.0, 5.0, 5.0, 5.0], "O35": 4.184564444505724, "O46": 3.910045307515215, "O22": [4.308740580580832, 4.308740580580832, 4.308740580580832, 4.308740580580832, 4.308740580580832, 4.319534124124289, 4.319534124124289, 4.319534124124289, 4.319534124124289, 4.319534124124289, 4.320271368861838, 4.320271368861838, 4.320271368861838, 4.320271368861838, 4.32637905373443, 4.3178004993817165, 4.3178004993817165, 4.3178004993817165, 4.3178004993817165, 4.318582014115994, 4.318582014115994, 4.318582014115994, 4.318582014115994, 4.318582014115994, 4.319022899963478, 4.319022899963478, 4.319022899963478, 4.319022899963478, 4.319022899963478, 4.302221914689024, 2.575804860721326, 2.575804860721326, 2.575804860721326, 2.575804860721326, 2.575804860721326, 4.244308297322978, 4.244308297322978, 4.244308297322978, 4.244308297322978, 4.244308297322978, 2.5694418692174104, 2.5694418692174104, 2.5694418692174104, 2.5694418692174104, 2.5694418692174104, 4.271307262858766, 4.271307262858766, 4.271307262858766, 4.271307262858766, 4.271307262858766, 2.68648066070701, 2.68648066070701, 2.68648066070701, 2.68648066070701, 2.68648066070701, 4.398261432146909, 4.398261432146909, 4.398261432146909, 4.398261432146909], "O21": [4.553999999999999, 4.553999999999999, 4.553999999999999, 4.553999999999999, 4.553999999999999, 4.553999999999999, 4.553999999999999, 4.553999999999999, 4.553999999999999, 4.553999999999999, 4.553999999999999, 4.553999999999999, 4.553999999999999, 4.553999999999999, 4.553999999999999, 4.553999999999999, 4.553999999999999, 4.553999999999999, 4.553999999999999, 4.553999999999999, 4.553999999999999, 4.553999999999999, 4.553999999999999, 4.553999999999999, 4.553999999999999, 4.553999999999999, 4.553999999999999, 4.553999999999999, 4.553999999999999, 4.553999999999999, 4.531000000000001, 4.531000000000001, 4.531000000000001, 4.531000000000001, 4.531000000000001, 4.553999999999999, 4.553999999999999, 4.553999999999999, 4.553999999999999, 4.553999999999999, 4.531000000000001, 4.531000000000001, 4.531000000000001, 4.531000000000001, 4.531000000000001, 4.553999999999999, 4.553999999999999, 4.553999999999999, 4.553999999999999, 4.553999999999999, 4.532, 4.531000000000001, 4.531000000000001, 4.531000000000001, 4.531000000000001, 4.553, 4.553999999999999, 4.553999999999999, 4.553999999999999], "mode": "0"}