{"O23": 5.0, "O34": [1.8627815813314699, 1.8627815813314699, 1.8627815813314699, 1.8627815813314699, 1.8627815813314699, 1.8627815813314699, 1.8627815813314699, 1.8627815813314699, 1.8627815813314699, 1.8627815813314699, 1.8627815813314699, 1.8627815813314699, 1.8627815813314699, 1.8627815813314699, 3.495314030812228, 3.52190707498995, 3.52190707498995, 3.52190707498995, 3.52190707498995, 3.52190707498995, 3.52190707498995, 3.52190707498995, 3.52190707498995, 3.52190707498995, 5.0, 5.0, 5.0, 5.0, 5.0, 5.0, 5.0, 5.0, 5.0, 5.0, 3.603902359260621, 3.598848693318999, 3.598848693318999, 3.598848693318999, 3.598848693318999, 3.598848693318999, 3.598848693318999, 3.598848693318999, 3.598848693318999, 3.598848693318999, 1.8819507017531876, 1.85990472707125, 1.85990472707125, 1.85990472707125, 1.85990472707125, 1.8564549790438523, 1.8564549790438523, 1.8564549790438523, 1.8564549790438523, 1.8564549790438523, 1.8564549790438523, 1.8564549790438523, 1.8564549790438523, 1.8564549790438523, 1.8564549790438523, 1.859298883487663, 1.859298883487663, 1.859298883487663, 1.859298883487663, 1.859298883487663, 3.561137535051637, 3.586373255498542, 3.586373255498542, 3.586373255498542, 3.586373255498542, 3.586373255498542, 3.586373255498542, 3.586373255498542, 3.586373255498542, 3.586373255498542, 5.0, 5.0, 5.0, 5.0, 5.0, 5.0, 5.0, 5.0, 5.0, 5.0, 3.4849857137317777, 3.4802110966583224, 3.4802110966583224, 3.4802110966583224, 3.4802110966583224, 3.4802110966583224, 3.4802110966583224, 3.4802110966583224, 3.4802110966583224, 3.4802110966583224, 1.8756984124685374, 1.85402991581909, 1.85402991581909, 1.85402991581909, 1.85402991581909, 1.8549455881974768, 1.8549455881974768, 1.8549455881974768, 1.8549455881974768, 1.8549455881974768, 1.8549455881974768, 1.8549455881974768, 1.8549455881974768, 1.8549455881974768, 1.8549455881974768, 1.859991469823983, 1.859991469823983, 1.859991469823983, 1.859991469823983, 1.859991469823983, 3.6468143990373765, 3.6709429948054684, 3.6709429948054684, 3.6709429948054684, 3.6709429948054684, 3.6709429948054684, 3.6709429948054684, 3.6709429948054684, 3.6709429948054684, 3.6709429948054684, 5.0, 5.0, 5.0, 5.0, 5.0, 5.0, 5.0, 5.0, 5.0, 5.0, 3.557707341584996, 3.552896378523195, 3.552896378523195, 3.552896378523195, 3.552896378523195, 3.552896378523195, 3.552896378523195, 3.552896378523195, 3.552896378523195, 3.552896378523195, 1.8718563277765428, 1.8503783064758532, 1.8503783064758532, 1.8503783064758532, 1.8497990697196312, 1.8497990697196312, 1.8497990697196312, 1.8497990697196312, 1.8497990697196312, 1.8490436014971496, 1.8490436014971496, 1.8490436014971496, 1.8490436014971496, 1.8490436014971496, 1.8444828584498578, 1.8444828584498578, 1.8444828584498578, 1.8444828584498578, 1.8444828584498578, 1.8446014135995283, 1.8446014135995283, 1.8446014135995283, 1.8446014135995283, 1.8446014135995283, 1.8409769939510834, 1.8409769939510834, 1.8409769939510834, 1.8409769939510834, 1.8409769939510834, 1.8385961637697197, 1.8385961637697197, 1.8385961637697197, 1.8385961637697197, 1.8385961637697197], "O35": 2.2971064669613677, "O46": 2.3685957714460257, "O22": [1.0978843283395783, 1.0978843283395783, 1.0978843283395783, 1.0978843283395783, 1.0978843283395783, 1.0978843283395783, 1.0978843283395783, 1.0978843283395783, 1.0978843283395783, 1.0978843283395783, 1.0978843283395783, 1.0978843283395783, 1.0978843283395783, 1.0978843283395783, 2.6092114777518827, 2.6092114777518827, 2.6092114777518827, 2.6092114777518827, 2.6092114777518827, 2.6092114777518827, 2.6092114777518827, 2.6092114777518827, 2.6092114777518827, 2.6092114777518827, 4.397659907536081, 4.397659907536081, 4.397659907536081, 4.397659907536081, 4.397659907536081, 4.397659907536081, 4.397659907536081, 4.397659907536081, 4.397659907536081, 4.397659907536081, 2.6802510121748697, 2.6802510121748697, 2.6802510121748697, 2.6802510121748697, 2.6802510121748697, 2.6802510121748697, 2.6802510121748697, 2.6802510121748697, 2.6802510121748697, 2.6802510121748697, 1.0952207068264432, 1.0952207068264432, 1.0952207068264432, 1.0952207068264432, 1.0952207068264432, 1.0920266544937505, 1.0920266544937505, 1.0920266544937505, 1.0920266544937505, 1.0920266544937505, 1.0920266544937505, 1.0920266544937505, 1.0920266544937505, 1.0920266544937505, 1.0920266544937505, 1.0946597684344113, 1.0946597684344113, 1.0946597684344113, 1.0946597684344113, 1.0946597684344113, 2.6687325477373522, 2.6687325477373522, 2.6687325477373522, 2.6687325477373522, 2.6687325477373522, 2.6687325477373522, 2.6687325477373522, 2.6687325477373522, 2.6687325477373522, 2.6687325477373522, 4.269020272989161, 4.269020272989161, 4.269020272989161, 4.269020272989161, 4.269020272989161, 4.269020272989161, 4.269020272989161, 4.269020272989161, 4.269020272989161, 4.269020272989161, 2.5707139395883076, 2.5707139395883076, 2.5707139395883076, 2.5707139395883076, 2.5707139395883076, 2.5707139395883076, 2.5707139395883076, 2.5707139395883076, 2.5707139395883076, 2.5707139395883076, 1.0897813372159484, 1.0897813372159484, 1.0897813372159484, 1.0897813372159484, 1.0897813372159484, 1.0906291398591967, 1.0906291398591967, 1.0906291398591967, 1.0906291398591967, 1.0906291398591967, 1.0906291398591967, 1.0906291398591967, 1.0906291398591967, 1.0906291398591967, 1.0906291398591967, 1.095301020197017, 1.095301020197017, 1.095301020197017, 1.095301020197017, 1.095301020197017, 2.7468150606492134, 2.7468150606492134, 2.7468150606492134, 2.7468150606492134, 2.7468150606492134, 2.7468150606492134, 2.7468150606492134, 2.7468150606492134, 2.7468150606492134, 2.7468150606492134, 4.221880035467956, 4.221880035467956, 4.221880035467956, 4.221880035467956, 4.221880035467956, 4.221880035467956, 4.221880035467956, 4.221880035467956, 4.221880035467956, 4.221880035467956, 2.6378236351629676, 2.6378236351629676, 2.6378236351629676, 2.6378236351629676, 2.6378236351629676, 2.6378236351629676, 2.6378236351629676, 2.6378236351629676, 2.6378236351629676, 2.6378236351629676, 1.0864003855498505, 1.0864003855498505, 1.0864003855498505, 1.0864003855498505, 1.0858640818842789, 1.0858640818842789, 1.0858640818842789, 1.0858640818842789, 1.0858640818842789, 1.085164609047675, 1.085164609047675, 1.085164609047675, 1.085164609047675, 1.085164609047675, 1.0809419087654162, 1.0809419087654162, 1.0809419087654162, 1.0809419087654162, 1.0809419087654162, 1.081051676594646, 1.081051676594646, 1.081051676594646, 1.081051676594646, 1.081051676594646, 1.0776958993202388, 1.0776958993202388, 1.0776958993202388, 1.0776958993202388, 1.0776958993202388, 1.0754915365279027, 1.0754915365279027, 1.0754915365279027, 1.0754915365279027, 1.0754915365279027],