{"O23": 5.0, "O34": [5.0, 5.0, 5.0, 5.0, 5.0, 5.0, 5.0, 5.0, 5.0, 5.0, 5.0, 5.0, 5.0, 5.0, 5.0, 5.0, 5.0, 5.0, 5.0, 5.0, 5.0, 5.0, 5.0, 5.0, 5.0, 5.0, 5.0, 5.0, 5.0, 5.0, 5.0, 5.0, 5.0, 5.0, 5.0, 5.0, 5.0, 5.0, 5.0, 5.0, 5.0, 5.0, 5.0, 5.0, 5.0, 5.0, 5.0, 5.0, 5.0, 5.0, 5.0, 5.0, 5.0, 5.0, 5.0, 5.0, 5.0, 5.0, 5.0], "O35": 5.000000000000002, "O46": 4.9522177313124995, "O22": [4.492014835401942, 4.492014835401942, 4.492014835401942, 4.492014835401942, 4.497825208680402, 4.497825208680402, 4.497825208680402, 4.497825208680402, 4.497825208680402, 4.4956589909508615, 4.4956589909508615, 4.4956589909508615, 4.4956589909508615, 4.4956589909508615, 4.5040049083634885, 4.5040049083634885, 4.5040049083634885, 4.5040049083634885, 4.5040049083634885, 4.515465061169333, 4.515465061169333, 4.515465061169333, 4.515465061169333, 4.515465061169333, 4.519144864042443, 4.519144864042443, 4.519144864042443, 4.519144864042443, 4.519144864042443, 4.518039789413299, 4.518039789413299, 4.518039789413299, 4.518039789413299, 4.518039789413299, 4.518768975566256, 4.518768975566256, 4.518768975566256, 4.518768975566256, 4.518768975566256, 4.5115379809388045, 4.5115379809388045, 4.5115379809388045, 4.5115379809388045, 4.5115379809388045, 4.503801126574226, 4.503801126574226, 4.503801126574226, 4.503801126574226, 4.503801126574226, 4.500690627691781, 4.500690627691781, 4.500690627691781, 4.500690627691781, 4.500690627691781, 4.498747629760874, 4.498747629760874, 4.498747629760874, 4.498747629760874, 4.498747629760874], "O21": [4.559, 4.559, 4.559, 4.559, 4.559, 4.559, 4.559, 4.559, 4.559, 4.559, 4.559, 4.559, 4.559, 4.559, 4.559, 4.559, 4.559, 4.559, 4.559, 4.559, 4.559, 4.559, 4.559, 4.559, 4.559, 4.559, 4.559, 4.559, 4.559, 4.559, 4.559, 4.559, 4.559, 4.559, 4.559, 4.559, 4.559, 4.559, 4.559, 4.559, 4.559, 4.559, 4.559, 4.559, 4.559, 4.559, 4.559, 4.559, 4.559, 4.559, 4.559, 4.559, 4.559, 4.559, 4.559, 4.559, 4.559, 4.559, 4.559, 4.559], "mode": "0"}