{"O23": 5.0, "O34": [1.8643348573790657, 1.8643348573790657, 1.8643348573790657, 1.8643348573790657, 1.8705839347699578, 1.8705839347699578, 1.8705839347699578, 1.8705839347699578, 1.8705839347699578, 1.8705839347699578, 1.8705839347699578, 1.8705839347699578, 1.8705839347699578, 1.8705839347699578, 1.8764315385090746, 1.8764315385090746, 1.8764315385090746, 1.8764315385090746, 1.8764315385090746, 3.573013013530098, 3.5991610866225465, 3.5991610866225465, 3.5991610866225465, 3.5991610866225465, 3.616645727260208, 3.616645727260208, 3.616645727260208, 3.616645727260208, 3.616645727260208, 3.616645727260208, 3.616645727260208, 3.616645727260208, 3.616645727260208, 3.616645727260208, 3.6157940237680495, 3.6157940237680495, 3.6157940237680495, 3.6157940237680495, 3.6157940237680495, 5.0, 5.0, 5.0, 5.0, 5.0, 5.0, 5.0, 5.0, 5.0, 5.0, 5.0, 5.0, 5.0, 5.0, 5.0, 5.0, 5.0, 5.0, 5.0, 5.0, 5.0, 5.0, 5.0, 5.0, 5.0, 5.0, 5.0, 5.0, 5.0, 5.0, 5.0, 5.0, 5.0, 5.0, 5.0, 5.0, 5.0, 5.0, 5.0, 5.0, 5.0, 5.0, 5.0, 5.0, 5.0, 5.0, 5.0, 5.0, 5.0, 5.0, 5.0, 5.0, 5.0, 5.0, 5.0, 5.0, 5.0, 5.0, 5.0, 5.0, 5.0, 5.0, 5.0, 5.0, 5.0, 5.0, 5.0, 5.0, 5.0, 5.0, 5.0, 5.0, 5.0, 5.0, 5.0, 5.0, 5.0, 5.0, 5.0, 5.0, 5.0, 5.0, 5.0, 5.0, 5.0, 5.0, 5.0, 5.0, 5.0, 5.0, 5.0, 5.0, 5.0, 5.0, 5.0, 5.0, 5.0, 5.0, 5.0, 5.0, 5.0, 5.0, 5.0, 5.0, 5.0, 5.0, 5.0, 5.0, 5.0, 5.0, 5.0, 5.0, 5.0, 5.0, 5.0, 5.0, 5.0, 5.0, 5.0, 5.0, 5.0, 5.0, 5.0, 5.0, 5.0, 5.0, 5.0, 5.0, 5.0, 5.0, 5.0, 5.0, 5.0, 5.0, 5.0, 5.0, 5.0, 5.0, 5.0, 5.0, 5.0, 5.0, 5.0, 5.0, 5.0, 5.0, 5.0, 5.0, 5.0, 5.0, 5.0, 5.0, 5.0, 5.0, 5.0, 5.0, 5.0, 5.0, 5.0, 5.0, 5.0, 5.0, 5.0, 5.0, 5.0, 5.0, 5.0, 5.0, 5.0, 5.0, 5.0, 5.0, 5.0, 5.0, 5.0, 5.0, 5.0, 5.0, 5.0, 5.0, 5.0, 5.0, 5.0, 5.0, 5.0, 5.0, 5.0, 5.0, 5.0, 5.0, 5.0, 5.0, 5.0, 5.0, 5.0, 5.0, 5.0, 5.0, 5.0, 5.0, 5.0, 5.0, 5.0, 5.0, 5.0, 5.0, 5.0, 5.0, 5.0, 5.0, 5.0, 5.0, 5.0, 5.0, 5.0, 5.0, 5.0, 5.0, 5.0, 3.4204874775543024, 3.4204874775543024, 3.4163918778261233, 3.4155296463044014, 3.4383056071174893, 3.4383056071174893, 3.4383056071174893, 3.4383056071174893, 3.4383056071174893, 3.4383056071174893, 3.4383056071174893, 3.4383056071174893, 3.4383056071174893, 3.4383056071174893, 3.4298916505946044, 3.4298916505946044, 3.4298916505946044, 3.4298916505946044, 3.4298916505946044, 1.8612443153888871, 1.8612443153888871, 1.8612443153888871, 1.8437620092525397, 1.839076030288158, 1.839076030288158, 1.839076030288158, 1.839076030288158, 1.839076030288158, 1.839076030288158], "O35": 3.509672707561831, "O46": 3.537730112308873, "O22": [1.0993224753995192, 1.0993224753995192, 1.0993224753995192, 1.0993224753995192, 1.1051083705023024, 1.1051083705023024, 1.1051083705023024, 1.1051083705023024, 1.1051083705023024, 1.1051083705023024, 1.1051083705023024, 1.1051083705023024, 1.1051083705023024, 1.1051083705023024, 1.110522549223546, 1.110522549223546, 1.110522549223546, 1.110522549223546, 1.110522549223546, 2.6805394422251188, 2.6805394422251188, 2.6805394422251188, 2.6805394422251188, 2.6805394422251188, 2.6966828605392585, 2.6966828605392585, 2.6966828605392585, 2.6966828605392585, 2.6966828605392585, 2.6966828605392585, 2.6966828605392585, 2.6966828605392585, 2.6966828605392585, 2.6966828605392585, 2.6958964900305094, 2.6958964900305094, 2.6958964900305094, 2.6958964900305094, 2.6958964900305094, 4.268546248695768, 4.268546248695768, 4.268546248695768, 4.268546248695768, 4.268546248695768, 4.2686219886720815, 4.2686219886720815, 4.2686219886720815, 4.2686219886720815, 4.2686219886720815, 4.26361254970881, 4.26361254970881, 4.26361254970881, 4.26361254970881, 4.26361254970881, 4.245049500798067, 4.245049500798067, 4.245049500798067, 4.245049500798067, 4.245049500798067, 4.223836556649134, 4.223836556649134, 4.223836556649134, 4.223836556649134, 4.223836556649134, 4.2031308810748085, 4.2031308810748085, 4.2031308810748085, 4.2031308810748085, 4.2031308810748085, 4.190974444877888, 4.190974444877888, 4.190974444877888, 4.190974444877888, 4.190974444877888, 4.2037313146821536, 4.2037313146821536, 4.2037313146821536, 4.2037313146821536, 4.2037313146821536, 4.240868761008709, 4.240868761008709, 4.240868761008709, 4.240868761008709, 4.240868761008709, 4.261712806291794, 4.261712806291794, 4.261712806291794, 4.261712806291794, 4.261712806291794, 4.268450644173491, 4.268450644173491, 4.268450644173491, 4.268450644173491, 4.268450644173491, 4.2711276159636915, 4.2711276159636915, 4.2711276159636915, 4.2711276159636915, 4.2711276159636915, 4.272353942061584, 4.272353942061584, 4.272353942061584, 4.272353942061584, 4.272353942061584, 4.261354706287103, 4.261354706287103, 4.261354706287103, 4.261354706287103, 4.261354706287103, 4.261925998065914, 4.261925998065914, 4.261925998065914, 4.261925998065914, 4.261925998065914, 4.261047245437658, 4.261047245437658, 4.261047245437658, 4.261047245437658, 4.261047245437658, 4.2714710012638895, 4.2714710012638895, 4.2714710012638895, 4.2714710012638895, 4.27781813920142, 4.27486241595186, 4.27486241595186, 4.27486241595186, 4.27486241595186, 4.263745398111364, 4.2638601126148465, 4.2638601126148465, 4.2638601126148465, 4.2638601126148465, 4.244358628465221, 4.244358628465221, 4.244358628465221, 4.244358628465221, 4.244358628465221, 4.264402557891626, 4.264402557891626, 4.264402557891626, 4.264402557891626, 4.264402557891626, 4.26308816526585, 4.26308816526585, 4.26308816526585, 4.26308816526585, 4.26308816526585, 4.248623329493542, 4.248623329493542, 4.248623329493542, 4.248623329493542, 4.248623329493542, 4.254294760597351, 4.254294760597351, 4.254294760597351, 4.254294760597351, 4.254294760597351, 4.254426975770487, 4.254426975770487, 4.254426975770487, 4.254426975770487, 4.254426975770487, 4.241146353892466, 4.241146353892466, 4.241146353892466, 4.241146353892466, 4.241146353892466, 4.229455314160189, 4.229455314160189, 4.229455314160189, 4.229455314160189, 4.229455314160189, 4.247611213730518, 4.247611213730518, 4.247611213730518, 4.247611213730518, 4.247611213730518, 4.278137134823906, 4.278137134823906, 4.278137134823906, 4.278137134823906, 4.278137134823906, 4.28538501566263, 4.28538501566263, 4.28538501566263, 4.28538501566263, 4.28538501566263, 4.285626407487184, 4.285626407487184, 4.285626407487184, 4.285626407487184, 4.285626407487184, 4.293199738986394, 4.293199738986394, 4.293199738986394, 4.293199738986394, 4.293199738986394, 4.297197036919722, 4.297197036919722, 4.297197036919722, 4.297197036919722, 4.297197036919722, 4.280843011025453, 4.280843011025453, 4.280843011025453, 4.280843011025453, 4.280843011025453, 4.281584765982244, 4.281584765982244, 4.281584765982244, 4.281584765982244, 4.281584765982244, 4.288190232535052, 4.288190232535052, 4.288190232535052, 4.288190232535052, 4.288190232535052, 4.2942123745681435, 4.2942123745681435, 4.2942123745681435, 4.2942123745681435, 4.2942123745681435, 4.2962184497049325, 4.2962184497049325, 4.2962184497049325, 4.2962184497049325, 4.2962184497049325, 4.280513984930905, 4.280513984930905, 4.280513984930905, 4.280513984930905, 4.280513984930905, 4.284073080200676, 4.284073080200676, 4.284073080200676, 4.284073080200676, 4.284073080200676, 4.276147566486138, 4.276147566486138, 4.276147566486138, 4.276147566486138, 4.276147566486138, 4.253783904470166, 4.253783904470166, 4.253783904470166, 4.253783904470166, 4.253783904470166, 4.223847502874748, 4.223847502874748, 4.223847502874748, 4.223847502874748, 4.223847502874748, 4.235884645961387, 4.235884645961387, 4.235884645961387, 4.235884645961387, 4.235884645961387, 2.5109941128061966, 2.5109941128061966, 2.5109941128061966, 2.5109941128061966, 2.5320229615272933, 2.5320229615272933, 2.5320229615272933, 2.5320229615272933, 2.5320229615272933, 2.5320229615272933, 2.5320229615272933, 2.5320229615272933, 2.5320229615272933, 2.5320229615272933, 2.5242544278387404, 2.5242544278387404, 2.5242544278387404, 2.5242544278387404, 2.5242544278387404, 1.0759358352883994, 1.0759358352883994, 1.0759358352883994, 1.0759358352883994, 1.0759358352883994, 1.0759358352883994, 1.0759358352883994, 