{"O23": 1.404719631613272, "O34": [5.0, 5.0, 5.0, 5.0, 5.0, 5.0, 5.0, 5.0, 5.0, 5.0, 5.0, 5.0, 5.0, 5.0, 5.0, 5.0, 5.0, 5.0, 5.0, 5.0, 5.0, 5.0, 5.0, 5.0, 5.0, 5.0, 5.0, 5.0, 5.0, 5.0, 5.0, 5.0, 5.0, 5.0, 5.0, 5.0, 5.0, 5.0, 5.0, 5.0, 5.0, 5.0, 5.0, 5.0, 5.0, 5.0, 5.0, 5.0, 5.0, 5.0, 5.0, 5.0, 5.0, 5.0, 5.0, 5.0, 5.0, 5.0, 5.0, 5.0, 5.0, 5.0, 5.0, 5.0, 5.0, 5.0, 5.0, 5.0, 5.0, 5.0, 5.0, 5.0, 5.0, 5.0, 5.0, 5.0, 5.0, 5.0, 5.0, 5.0, 5.0, 5.0, 5.0, 5.0, 5.0, 5.0, 5.0, 5.0, 5.0, 5.0, 5.0, 5.0, 5.0, 5.0, 5.0, 5.0, 5.0, 5.0, 5.0, 5.0, 5.0, 5.0, 5.0, 5.0, 5.0, 5.0, 5.0, 5.0, 5.0, 5.0, 5.0, 5.0, 5.0, 5.0, 5.0, 5.0, 5.0, 5.0, 5.0, 5.0, 5.0, 5.0, 5.0, 5.0, 5.0, 5.0, 5.0, 5.0, 5.0, 5.0, 5.0, 5.0, 5.0, 5.0, 5.0, 5.0, 5.0, 5.0, 5.0, 5.0, 5.0, 5.0, 5.0, 5.0, 5.0, 5.0, 5.0, 5.0, 5.0, 5.0, 5.0, 5.0, 5.0, 5.0, 5.0, 5.0, 5.0, 5.0, 5.0, 5.0, 5.0, 5.0, 5.0, 5.0, 5.0, 5.0, 5.0, 5.0, 5.0, 5.0, 5.0, 5.0, 5.0, 5.0, 5.0, 5.0, 5.0, 5.0, 5.0, 5.0], "O35": 4.999999999999998, "O46": 2.0041931700099536, "O22": [4.278283116800036, 4.278283116800036, 4.278283116800036, 4.278283116800036, 4.278283116800036, 4.270087166853684, 4.270087166853684, 4.270087166853684, 4.270087166853684, 4.270087166853684, 4.271596299330622, 4.271596299330622, 4.271596299330622, 4.271596299330622, 4.2768763643148, 4.283068550961189, 4.283068550961189, 4.283068550961189, 4.283068550961189, 4.260448947602568, 4.272098147635086, 4.272098147635086, 4.272098147635086, 4.272098147635086, 4.286739881910375, 4.284785667272169, 4.284785667272169, 4.284785667272169, 4.284785667272169, 4.293881802233358, 4.298534122976655, 4.298534122976655, 4.298534122976655, 4.298534122976655, 4.3034231169212305, 4.335769972415373, 4.335769972415373, 4.335769972415373, 4.335769972415373, 4.342435192768858, 4.344098139357761, 4.344098139357761, 4.344098139357761, 4.344098139357761, 4.351106614520288, 4.3512821649545215, 4.3512821649545215, 4.3512821649545215, 4.3512821649545215, 4.365435998421141, 4.372021801853854, 4.372021801853854, 4.372021801853854, 4.372021801853854, 4.383144777861784, 4.3963764362926385, 4.3963764362926385, 4.3963764362926385, 4.3963764362926385, 4.3894982843232935, 4.386146028694772, 4.386146028694772, 4.386146028694772, 4.386146028694772, 4.393706356079339, 4.382032287917994, 4.382032287917994, 4.382032287917994, 4.382032287917994, 4.388589706505964, 4.389676147890045, 4.389676147890045, 4.389676147890045, 4.389676147890045, 4.388184549648543, 4.374235419156649, 4.374235419156649, 4.374235419156649, 4.374235419156649, 4.351459770486173, 4.342277140640882, 4.342277140640882, 4.342277140640882, 4.342277140640882, 4.333865119841772, 4.325429278638438, 4.325429278638438, 4.325429278638438, 4.325429278638438, 4.326349936859076, 4.322095346301589, 4.322095346301589, 4.322095346301589, 4.322095346301589, 4.297226985868265, 4.304499790661431, 4.304499790661431, 4.304499790661431, 4.304499790661431, 4.305876209226943, 4.30386740651129, 4.30386740651129, 4.30386740651129, 4.30386740651129, 4.305055561848841, 4.298766883605762, 4.298766883605762, 4.298766883605762, 4.298766883605762, 4.301677553314117, 4.291821395553766, 4.291821395553766, 4.291821395553766, 4.291821395553766, 4.288665822585826, 4.283938726051441, 4.283938726051441, 4.283938726051441, 4.283938726051441, 4.269967150481062, 4.259579500746648, 4.259579500746648, 4.259579500746648, 4.259579500746648, 4.249376647761896, 4.242136441046302, 4.242136441046302, 4.242136441046302, 4.242136441046302, 4.234143049623752, 4.234668861284607, 4.234668861284607, 4.234668861284607, 4.234668861284607, 4.231729117816883, 4.260950233239493, 4.260950233239493, 4.260950233239493, 4.260950233239493, 4.260255702417031, 4.252047849479352, 4.252047849479352, 4.252047849479352, 4.252047849479352, 4.261020399159538, 4.255232419398131, 4.255232419398131, 4.255232419398131, 4.255232419398131, 4.265035767112129, 4.275183347855964, 4.275183347855964, 4.275183347855964, 4.275183347855964, 4.2836735793959955, 4.289691405868776, 4.289691405868776, 4.289691405868776, 4.289691405868776, 4.272345555275601, 4.27345426005891, 4.27345426005891, 4.27345426005891, 4.27345426005891, 4.285594726655108, 4.309399748367213, 4.309399748367213, 4.309399748367213, 4.309399748367213, 4.324710172737271, 4.320385379561254, 4.320385379561254, 4.320385379561254, 4.320385379561254, 4.323329514447914, 4.323329514447914, 4.323329514447914, 4.323329514447914, 4.323329514447914, 4.328503602685074], "O21": [4.553999999999999, 4.553999999999999, 4.553999999999999, 4.553999999999999, 4.553999999999999, 4.553999999999999, 4.553999999999999, 4.553999999999999, 4.553999999999999, 4.553999999999999, 4.553999999999999, 4.553999999999999, 4.553999999999999, 4.553999999999999, 4.553999999999999, 4.553999999999999, 4.553999999999999, 4.553999999999999, 4.553999999999999, 4.553999999999999, 4.553999999999999, 4.553999999999999, 4.553999999999999, 4.553999999999999, 4.553999999999999, 4.553999999999999, 4.553999999999999, 4.553999999999999, 4.553999999999999, 4.553999999999999, 4.553999999999999, 4.553999999999999, 4.553999999999999, 4.553999999999999, 4.553999999999999, 4.553999999999999, 4.553999999999999, 4.553999999999999, 4.553999999999999, 4.553999999999999, 4.553999999999999, 4.553999999999999, 4.553999999999999, 4.553999999999999, 4.553999999999999, 4.553999999999999, 4.553999999999999, 4.553999999999999, 4.553999999999999, 4.553999999999999, 4.553999999999999, 4.553999999999999, 4.553999999999999, 4.553999999999999, 4.553999999999999, 4.553999999999999, 4.553999999999999, 4.553999999999999, 4.553999999999999, 4.553999999999999, 4.553999999999999, 4.553999999999999, 4.553999999999999, 4.553999999999999, 4.553999999999999, 4.553999999999999, 4.553999999999999, 4.553999999999999, 4.553999999999999, 4.553999999999999, 4.553999999999999, 4.553999999999999, 4.553999999999999, 4.553999999999999, 4.553999999999999, 4.553999999999999, 4.553999999999999, 4.553999999999999, 4.553999999999999, 4.553999999999999, 4.553999999999999, 4.553999999999999, 4.553999999999999, 4.553999999999999, 4.553999999999999, 4.553999999999999, 4.553999999999999, 4.553999999999999, 4.553999999999999, 4.553999999999999, 4.553999999999999, 4.553999999999999, 4.553999999999999, 4.553999999999999, 4.553999999999999, 4.553999999999999, 4.553999999999999, 4.553999999999999, 4.553999999999999, 4.553999999999999, 4.553999999999999, 4.553999999999999, 4.553999999999999, 4.553999999999999, 4.553999999999999, 4.553999999999999, 4.553999999999999, 4.553999999999999, 4.553999999999999, 4.553999999999999, 4.553999999999999, 4.553999999999999, 4.553999999999999, 4.553999999999999, 4.553999999999999, 4.553999999999999, 4.553999999999999, 4.553999999999999, 4.553999999999999, 4.553999999999999, 4.553999999999999, 4.553999999999999, 4.553999999999999, 4.553999999999999, 4.553999999999999, 4.553999999999999, 4.553999999999999, 4.553999999999999, 4.553999999999999, 4.553999999999999, 4.553999999999999, 4.553999999999999, 4.553999999999999, 4.553999999999999, 4.553999999999999, 4.553999999999999, 4.553999999999999, 4.553999999999999, 4.553999999999999, 4.553999999999999, 4.553999999999999, 4.553999999999999, 4.553999999999999, 4.553999999999999, 4.553999999999999, 4.553999999999999, 4.553999999999999, 4.553999999999999, 4.553999999999999, 4.553999999999999, 4.553999999999999, 4.553999999999999, 4.553999999999999, 4.553999999999999, 4.553999999999999, 4.553999999999999, 4.553999999999999, 4.553999999999999, 4.553999999999999, 4.553999999999999, 4.553999999999999, 4.553999999999999, 4.553999999999999, 4.553999999999999, 4.553999999999999, 4.553999999999999, 4.553999999999999, 4.553999999999999, 4.553999999999999, 4.553999999999999, 4.553999999999999, 4.553999999999999, 4.553999999999999, 4.553999999999999, 4.553999999999999, 4.553999999999999, 4.553999999999999, 4.553999999999999, 4.553999999999999, 4.553999999999999], "mode": "0"}