{"O23": 5.0, "O34": [5.0, 5.0, 5.0, 5.0, 5.0, 5.0, 5.0, 5.0, 5.0, 5.0, 5.0, 5.0, 4.681719564611308, 4.681719564611308, 4.669168599565815, 4.669168599565815, 4.669168599565815, 4.669168599565815, 4.679662282995273, 4.679662282995273, 4.679662282995273, 4.679662282995273, 4.67682640522056, 4.67682640522056, 4.67682640522056, 4.68578207052357, 4.687757400794414, 4.687757400794414, 4.687757400794414, 4.679241195118905, 4.682186890443953, 4.682186890443953, 4.682186890443953, 4.682160020796649, 4.682160020796649, 4.682160020796649, 4.682160020796649, 4.694265682497512, 4.694265682497512, 4.694265682497512, 4.694265682497512, 4.685836097510349, 4.685836097510349, 4.685836097510349, 2.765496466980525, 2.765496466980525, 2.749245608451824, 2.749245608451824, 2.749245608451824, 2.749245608451824, 2.749245608451824, 2.749245608451824, 2.749245608451824, 2.749245608451824, 2.749245608451824, 2.749245608451824, 2.749245608451824, 2.749245608451824, 2.7355794096508332], "O35": 3.303789588203678, "O46": 3.2874048655152586, "O22": [4.273829871722522, 4.273829871722522, 4.273829871722522, 4.273829871722522, 4.273829871722522, 4.273829871722522, 4.273829871722522, 4.273829871722522, 4.273829871722522, 4.273829871722522, 4.273829871722522, 4.273829871722522, 3.674870404923858, 3.674870404923858, 3.663288261708858, 3.663288261708858, 3.663288261708858, 3.663288261708858, 3.672971926980199, 3.672971926980199, 3.672971926980199, 3.672971926980199, 3.670354953511792, 3.670354953511792, 3.670354953511792, 3.678619321849134, 3.6804421743557674, 3.6804421743557674, 3.6804421743557674, 3.6725833433077466, 3.6753016573974437, 3.6753016573974437, 3.6753016573974437, 3.675276861845701, 3.675276861845701, 3.675276861845701, 3.675276861845701, 3.6864480751367528, 3.6864480751367528, 3.6864480751367528, 3.6864480751367528, 3.6786691784375387, 3.6786691784375387, 3.6786691784375387, 1.9108240693171576, 1.9108240693171576, 1.895819791412375, 1.895819791412375, 1.895819791412375, 1.895819791412375, 1.895819791412375, 1.895819791412375, 1.895819791412375, 1.895819791412375, 1.895819791412375, 1.895819791412375, 1.895819791412375, 1.895819791412375, 1.883201907603349], "O21": [4.553999999999999, 4.553999999999999, 4.553999999999999, 4.553999999999999, 4.553999999999999, 4.553999999999999, 4.553999999999999, 4.553999999999999, 4.553999999999999, 4.553999999999999, 4.553999999999999, 4.553999999999999, 4.553999999999999, 4.553999999999999, 4.553999999999999, 4.553999999999999, 4.553999999999999, 4.553999999999999, 4.553999999999999, 4.553999999999999, 4.553999999999999, 4.553999999999999, 4.553999999999999, 4.553999999999999, 4.553999999999999, 4.553999999999999, 4.553999999999999, 4.553999999999999, 4.553999999999999, 4.553999999999999, 4.553999999999999, 4.553999999999999, 4.553999999999999, 4.553999999999999, 4.553999999999999, 4.553999999999999, 4.553999999999999, 4.553999999999999, 4.553999999999999, 4.553999999999999, 4.553999999999999, 4.553999999999999, 4.553999999999999, 4.553999999999999, 4.531000000000001, 4.531000000000001, 4.531000000000001, 4.531000000000001, 4.531000000000001, 4.531000000000001, 4.531000000000001, 4.531000000000001, 4.531000000000001, 4.531000000000001, 4.531000000000001, 4.531000000000001, 4.531000000000001, 4.531000000000001, 4.531000000000001], "mode": "0"}