{"O23": 5.0, "O34": [5.0, 5.0, 5.0, 5.0, 5.0, 5.0, 5.0, 5.0, 4.662151880637753, 4.662151880637753, 4.662151880637753, 4.662151880637753, 4.662151880637753, 4.662151880637753, 4.662151880637753, 4.662151880637753, 5.0, 5.0, 5.0, 5.0, 5.0, 5.0, 5.0, 5.0, 4.68465743038924, 4.68465743038924, 4.68465743038924, 4.68465743038924, 4.68465743038924, 4.68465743038924, 4.68465743038924, 4.68465743038924, 5.0, 5.0, 5.0, 5.0, 4.710502604748853, 4.710502604748853, 4.710502604748853, 4.710502604748853, 4.710502604748853, 4.710502604748853, 4.710502604748853, 4.710502604748853, 5.0, 5.0, 5.0, 5.0, 5.0, 5.0, 5.0, 5.0, 4.654782588895669, 4.654782588895669, 4.654782588895669, 4.654782588895669, 4.654782588895669, 4.654782588895669, 4.654782588895669], "O35": 4.734952984544402, "O46": 4.653724522908302, "O22": [4.22737170659735, 4.22737170659735, 4.22737170659735, 4.22737170659735, 4.22737170659735, 4.22737170659735, 4.22737170659735, 4.22737170659735, 3.656813170492394, 3.656813170492394, 3.656813170492394, 3.656813170492394, 3.656813170492394, 3.656813170492394, 3.656813170492394, 3.656813170492394, 4.3574617074203585, 4.3574617074203585, 4.3574617074203585, 4.3574617074203585, 4.3574617074203585, 4.3574617074203585, 4.3574617074203585, 4.3574617074203585, 3.6775814938371902, 3.6775814938371902, 3.6775814938371902, 3.6775814938371902, 3.6775814938371902, 3.6775814938371902, 3.6775814938371902, 3.6775814938371902, 4.278783747591572, 4.278783747591572, 4.278783747591572, 4.278783747591572, 3.7014316527504407, 3.7014316527504407, 3.7014316527504407, 3.7014316527504407, 3.7014316527504407, 3.7014316527504407, 3.7014316527504407, 3.7014316527504407, 4.130083867422564, 4.130083867422564, 4.130083867422564, 4.130083867422564, 4.130083867422564, 4.130083867422564, 4.130083867422564, 4.130083867422564, 3.650012721918078, 3.650012721918078, 3.650012721918078, 3.650012721918078, 3.650012721918078, 3.650012721918078, 3.650012721918078], "O21": [4.553999999999999, 4.553999999999999, 4.553999999999999, 4.553999999999999, 4.553999999999999, 4.553999999999999, 4.553999999999999, 4.553999999999999, 4.553999999999999, 4.553999999999999, 4.553999999999999, 4.553999999999999, 4.553999999999999, 4.553999999999999, 4.553999999999999, 4.553999999999999, 4.553999999999999, 4.553999999999999, 4.553999999999999, 4.553999999999999, 4.553999999999999, 4.553999999999999, 4.553999999999999, 4.553999999999999, 4.553999999999999, 4.553999999999999, 4.553999999999999, 4.553999999999999, 4.553999999999999, 4.553999999999999, 4.553999999999999, 4.553999999999999, 4.553999999999999, 4.553999999999999, 4.553999999999999, 4.553999999999999, 4.553999999999999, 4.553999999999999, 4.553999999999999, 4.553999999999999, 4.553999999999999, 4.553999999999999, 4.553999999999999, 4.553999999999999, 4.553999999999999, 4.553999999999999, 4.553999999999999, 4.553999999999999, 4.553999999999999, 4.553999999999999, 4.553999999999999, 4.553999999999999, 4.553999999999999, 4.553999999999999, 4.553999999999999, 4.553999999999999, 4.553999999999999, 4.553999999999999, 4.553999999999999], "mode": "0"}