{"O23": 3.9337388676939646, "O34": [5.0, 5.0, 5.0, 5.0, 5.0, 5.0, 5.0, 5.0, 5.0, 5.0, 3.616032145713884, 3.616032145713884, 3.616032145713884, 3.616032145713884, 3.616032145713884, 3.616032145713884, 3.616032145713884, 3.616032145713884, 3.616032145713884, 3.616032145713884, 5.0, 5.0, 5.0, 5.0, 5.0, 5.0, 5.0, 5.0, 5.0, 5.0, 3.515147275744141, 3.515147275744141, 3.515147275744141, 3.515147275744141, 3.515147275744141, 3.515147275744141, 3.515147275744141, 3.515147275744141, 3.515147275744141, 3.515147275744141, 5.0, 5.0, 5.0, 5.0, 5.0, 5.0, 5.0, 5.0, 5.0, 5.0, 3.6420545366300727, 3.6418338349988946, 3.6418338349988946, 3.6418338349988946, 3.6418338349988946, 3.6418338349988946, 3.6418338349988946, 3.6418338349988946, 3.6418338349988946], "O35": 3.8711054602839226, "O46": 3.1906121784531214, "O22": [4.342813585075386, 4.342813585075386, 4.342813585075386, 4.342813585075386, 4.342813585075386, 4.342813585075386, 4.342813585075386, 4.342813585075386, 4.342813585075386, 4.342813585075386, 2.696116345974995, 2.696116345974995, 2.696116345974995, 2.696116345974995, 2.696116345974995, 2.696116345974995, 2.696116345974995, 2.696116345974995, 2.696116345974995, 2.696116345974995, 4.236966512256458, 4.236966512256458, 4.236966512256458, 4.236966512256458, 4.236966512256458, 4.236966512256458, 4.236966512256458, 4.236966512256458, 4.236966512256458, 4.236966512256458, 2.6029702132497317, 2.6029702132497317, 2.6029702132497317, 2.6029702132497317, 2.6029702132497317, 2.6029702132497317, 2.6029702132497317, 2.6029702132497317, 2.6029702132497317, 2.6029702132497317, 4.22721694179931, 4.22721694179931, 4.22721694179931, 4.22721694179931, 4.22721694179931, 4.22721694179931, 4.22721694179931, 4.22721694179931, 4.22721694179931, 4.22721694179931, 2.719938823769717, 2.719938823769717, 2.719938823769717, 2.719938823769717, 2.719938823769717, 2.719938823769717, 2.719938823769717, 2.719938823769717, 2.719938823769717], "O21": [4.553999999999999, 4.553999999999999, 4.553999999999999, 4.553999999999999, 4.553999999999999, 4.553999999999999, 4.553999999999999, 4.553999999999999, 4.553999999999999, 4.553999999999999, 4.531000000000001, 4.531000000000001, 4.531000000000001, 4.531000000000001, 4.531000000000001, 4.531000000000001, 4.531000000000001, 4.531000000000001, 4.531000000000001, 4.531000000000001, 4.553999999999999, 4.553999999999999, 4.553999999999999, 4.553999999999999, 4.553999999999999, 4.553999999999999, 4.553999999999999, 4.553999999999999, 4.553999999999999, 4.553999999999999, 4.531000000000001, 4.531000000000001, 4.531000000000001, 4.531000000000001, 4.531000000000001, 4.531000000000001, 4.531000000000001, 4.531000000000001, 4.531000000000001, 4.531000000000001, 4.553999999999999, 4.553999999999999, 4.553999999999999, 4.553999999999999, 4.553999999999999, 4.553999999999999, 4.553999999999999, 4.553999999999999, 4.553999999999999, 4.553999999999999, 4.532, 4.531000000000001, 4.531000000000001, 4.531000000000001, 4.531000000000001, 4.531000000000001, 4.531000000000001, 4.531000000000001, 4.531000000000001], "mode": "0"}