{"O23": 2.250179787116873, "O34": [4.644709185449797, 4.682385651463318, 4.682385651463318, 4.682385651463318, 4.682385651463318, 4.6888149435306055, 4.6888149435306055, 4.6888149435306055, 4.6888149435306055, 4.694958667643071, 4.694958667643071, 4.694958667643071, 4.694958667643071, 4.707750831530817, 4.707750831530817, 4.707750831530817, 4.707750831530817, 4.71025171496449, 4.71025171496449, 4.71025171496449, 4.71025171496449, 4.719227821152378, 4.719227821152378, 4.719227821152378, 4.719227821152378, 4.702050986776434, 4.702050986776434, 4.702050986776434, 4.702050986776434, 4.693659662633988, 4.693659662633988, 4.693659662633988, 4.693659662633988, 4.675752491532168, 4.675752491532168, 4.675752491532168, 4.675752491532168, 4.649285657375012, 4.649285657375012, 4.649285657375012, 4.649285657375012, 4.6208801918078555, 4.6208801918078555, 4.6208801918078555, 4.6208801918078555, 4.598080718343636, 4.598080718343636, 4.598080718343636, 4.598080718343636, 4.579934931346543, 4.579934931346543, 4.579934931346543, 4.579934931346543, 4.555293729149846, 4.555293729149846, 4.555293729149846, 4.555293729149846, 4.534066430708437, 4.534066430708437], "O35": 4.621615699921699, "O46": 2.4933142889401068, "O22": [3.6407168947884774, 3.675485075850407, 3.675485075850407, 3.675485075850407, 3.675485075850407, 3.6814180842863697, 3.6814180842863697, 3.6814180842863697, 3.6814180842863697, 3.6870875680500563, 3.6870875680500563, 3.6870875680500563, 3.6870875680500563, 3.698892291721949, 3.698892291721949, 3.698892291721949, 3.698892291721949, 3.701200129405173, 3.701200129405173, 3.701200129405173, 3.701200129405173, 3.7094833607745796, 3.7094833607745796, 3.7094833607745796, 3.7094833607745796, 3.6936324238146407, 3.6936324238146407, 3.6936324238146407, 3.6936324238146407, 3.685888834566403, 3.685888834566403, 3.685888834566403, 3.685888834566403, 3.6693639363195345, 3.6693639363195345, 3.6693639363195345, 3.6693639363195345, 3.644940104164421, 3.644940104164421, 3.644940104164421, 3.644940104164421, 3.6187272855409094, 3.6187272855409094, 3.6187272855409094, 3.6187272855409094, 3.5976877267554275, 3.5976877267554275, 3.5976877267554275, 3.5976877267554275, 3.580942631618328, 3.580942631618328, 3.580942631618328, 3.580942631618328, 3.5582035090251702, 3.5582035090251702, 3.5582035090251702, 3.5582035090251702, 3.53861476746428, 3.53861476746428], "O21": [4.553999999999999, 4.553999999999999, 4.553999999999999, 4.553999999999999, 4.553999999999999, 4.553999999999999, 4.553999999999999, 4.553999999999999, 4.553999999999999, 4.553999999999999, 4.553999999999999, 4.553999999999999, 4.553999999999999, 4.553999999999999, 4.553999999999999, 4.553999999999999, 4.553999999999999, 4.553999999999999, 4.553999999999999, 4.553999999999999, 4.553999999999999, 4.553999999999999, 4.553999999999999, 4.553999999999999, 4.553999999999999, 4.553999999999999, 4.553999999999999, 4.553999999999999, 4.553999999999999, 4.553999999999999, 4.553999999999999, 4.553999999999999, 4.553999999999999, 4.553999999999999, 4.553999999999999, 4.553999999999999, 4.553999999999999, 4.553999999999999, 4.553999999999999, 4.553999999999999, 4.553999999999999, 4.553999999999999, 4.553999999999999, 4.553999999999999, 4.553999999999999, 4.553999999999999, 4.553999999999999, 4.553999999999999, 4.553999999999999, 4.553999999999999, 4.553999999999999, 4.553999999999999, 4.553999999999999, 4.553999999999999, 4.553999999999999, 4.553999999999999, 4.553999999999999, 4.553999999999999, 4.553999999999999, 4.553999999999999], "mode": "0"}