{"O23": 5.0, "O34": [4.65128449536347, 4.65128449536347, 4.65128449536347, 4.65128449536347, 4.65128449536347, 4.65128449536347, 4.65128449536347, 4.65128449536347, 4.65128449536347, 4.65128449536347, 4.65128449536347, 4.65128449536347, 3.6344216593245657, 3.6344216593245657, 3.6344216593245657, 3.6344216593245657, 3.6344216593245657, 3.6344216593245657, 3.6344216593245657, 3.6344216593245657, 2.833889699308084, 2.833889699308084, 2.833889699308084, 2.833889699308084, 2.833889699308084, 2.833889699308084, 2.833889699308084, 2.833889699308084, 2.833889699308084, 2.833889699308084, 2.833889699308084, 2.833889699308084, 3.56497681304457, 3.56497681304457, 3.56497681304457, 3.56497681304457, 3.56497681304457, 3.56497681304457, 3.56497681304457, 3.56497681304457, 4.677863404381829, 4.677863404381829, 4.677863404381829, 4.677863404381829, 4.677863404381829, 4.677863404381829, 4.677863404381829, 4.677863404381829, 5.0, 5.0, 5.0, 5.0, 5.0, 5.0, 5.0, 5.0, 5.0, 5.0, 5.0], "O35": 3.8791794860296736, "O46": 3.8348359775847554, "O22": [3.646784649803898, 3.646784649803898, 3.646784649803898, 3.646784649803898, 3.646784649803898, 3.646784649803898, 3.646784649803898, 3.646784649803898, 3.646784649803898, 3.646784649803898, 3.646784649803898, 3.646784649803898, 2.713095225722249, 2.713095225722249, 2.713095225722249, 2.713095225722249, 2.713095225722249, 2.713095225722249, 2.713095225722249, 2.713095225722249, 1.9739709524702331, 1.9739709524702331, 1.9739709524702331, 1.9739709524702331, 1.9739709524702331, 1.9739709524702331, 1.9739709524702331, 1.9739709524702331, 1.9739709524702331, 1.9739709524702331, 1.9739709524702331, 1.9739709524702331, 2.6489773964518935, 2.6489773964518935, 2.6489773964518935, 2.6489773964518935, 2.6489773964518935, 2.6489773964518935, 2.6489773964518935, 2.6489773964518935, 3.671311905647035, 3.671311905647035, 3.671311905647035, 3.671311905647035, 3.671311905647035, 3.671311905647035, 3.671311905647035, 3.671311905647035, 4.252987890222244, 4.252987890222244, 4.252987890222244, 4.252987890222244, 4.252987890222244, 4.252987890222244, 4.252987890222244, 4.252987890222244, 4.252987890222244, 4.252987890222244, 4.252987890222244], "O21": [4.553999999999999, 4.553999999999999, 4.553999999999999, 4.553999999999999, 4.553999999999999, 4.553999999999999, 4.553999999999999, 4.553999999999999, 4.553999999999999, 4.553999999999999, 4.553999999999999, 4.553999999999999, 4.531000000000001, 4.531000000000001, 4.531000000000001, 4.531000000000001, 4.531000000000001, 4.531000000000001, 4.531000000000001, 4.531000000000001, 4.531000000000001, 4.531000000000001, 4.531000000000001, 4.531000000000001, 4.531000000000001, 4.531000000000001, 4.531000000000001, 4.531000000000001, 4.531000000000001, 4.531000000000001, 4.531000000000001, 4.531000000000001, 4.531000000000001, 4.531000000000001, 4.531000000000001, 4.531000000000001, 4.531000000000001, 4.531000000000001, 4.531000000000001, 4.531000000000001, 4.553999999999999, 4.553999999999999, 4.553999999999999, 4.553999999999999, 4.553999999999999, 4.553999999999999, 4.553999999999999, 4.553999999999999, 4.553999999999999, 4.553999999999999, 4.553999999999999, 4.553999999999999, 4.553999999999999, 4.553999999999999, 4.553999999999999, 4.553999999999999, 4.553999999999999, 4.553999999999999, 4.553999999999999], "mode": "0"}