{"O23": 5.0, "O34": [2.790149363691603, 2.8005040899340563, 2.8005040899340563, 2.8005040899340563, 2.8005040899340563, 2.8211849571025738, 2.8211849571025738, 2.8211849571025738, 2.8211849571025738, 2.8259962214066157, 2.8259962214066157, 2.8259962214066157, 2.8259962214066157, 2.8389390155510124, 2.8389390155510124, 2.8389390155510124, 2.8389390155510124, 2.8369881024343946, 2.8369881024343946, 2.8369881024343946, 2.8369881024343946, 2.8585072486492855, 2.8585072486492855, 4.6385426078273255, 4.643896322315068, 4.643896322315068, 4.643896322315068, 4.643896322315068, 4.643896322315068, 4.643896322315068, 4.643896322315068, 4.643896322315068, 4.643896322315068, 4.643896322315068, 4.643896322315068, 5.0, 5.0, 5.0, 5.0, 5.0, 5.0, 5.0, 5.0, 5.0, 5.0, 5.0, 5.0, 5.0, 5.0, 5.0, 5.0, 5.0, 5.0, 5.0, 5.0, 5.0], "O35": 3.766358476808859, "O46": 3.761837811019144, "O22": [1.9335858768092127, 1.943146306487147, 1.943146306487147, 1.943146306487147, 1.943146306487147, 1.962240773266259, 1.962240773266259, 1.962240773266259, 1.962240773266259, 1.9666829722161607, 1.9666829722161607, 1.9666829722161607, 1.9666829722161607, 1.9786329427278075, 1.9786329427278075, 1.9786329427278075, 1.9786329427278075, 1.9768316814271742, 1.9768316814271742, 1.9768316814271742, 1.9768316814271742, 1.9967001240397062, 1.9967001240397062, 3.639966777390612, 3.639966777390612, 3.639966777390612, 3.639966777390612, 3.639966777390612, 3.639966777390612, 3.639966777390612, 3.639966777390612, 3.639966777390612, 3.639966777390612, 3.639966777390612, 3.639966777390612, 4.249709861301346, 4.249709861301346, 4.242651726242767, 4.242651726242767, 4.242651726242767, 4.242651726242767, 4.252401244913198, 4.252401244913198, 4.252401244913198, 4.252401244913198, 4.252126640442297, 4.252126640442297, 4.252126640442297, 4.252126640442297, 4.25229135889639, 4.25229135889639, 4.25229135889639, 4.25229135889639, 4.250815208320278, 4.250815208320278, 4.250815208320278], "O21": [4.531000000000001, 4.531000000000001, 4.531000000000001, 4.531000000000001, 4.531000000000001, 4.531000000000001, 4.531000000000001, 4.531000000000001, 4.531000000000001, 4.531000000000001, 4.531000000000001, 4.531000000000001, 4.531000000000001, 4.531000000000001, 4.531000000000001, 4.531000000000001, 4.531000000000001, 4.531000000000001, 4.531000000000001, 4.531000000000001, 4.531000000000001, 4.531000000000001, 4.531000000000001, 4.532, 4.553999999999999, 4.553999999999999, 4.553999999999999, 4.553999999999999, 4.553999999999999, 4.553999999999999, 4.553999999999999, 4.553999999999999, 4.553999999999999, 4.553999999999999, 4.553999999999999, 4.553999999999999, 4.553999999999999, 4.553999999999999, 4.553999999999999, 4.553999999999999, 4.553999999999999, 4.553999999999999, 4.553999999999999, 4.553999999999999, 4.553999999999999, 4.553999999999999, 4.553999999999999, 4.553999999999999, 4.553999999999999, 4.553999999999999, 4.553999999999999, 4.553999999999999, 4.553999999999999, 4.553999999999999, 4.553999999999999, 4.553999999999999, 4.553999999999999], "mode": "0"}