{"O23": 5.0, "O34": [4.667947514967466, 4.667947514967466, 4.667947514967466, 4.667947514967466, 4.667947514967466, 4.649046182965582, 4.649046182965582, 4.649046182965582, 4.649046182965582, 4.649046182965582, 4.643673767636639, 4.643673767636639, 4.643673767636639, 4.643673767636639, 4.637726889072818, 4.6429204659087615, 4.6429204659087615, 4.6429204659087615, 4.6429204659087615, 4.644458431670218, 4.644458431670218, 4.644458431670218, 4.644458431670218, 4.644458431670218, 4.624273293472959, 4.624273293472959, 4.624273293472959, 4.624273293472959, 4.624273293472959, 4.6427430492900745, 2.683394843926306, 2.683394843926306, 2.683394843926306, 2.683394843926306, 2.683394843926306, 2.6708112038617595, 2.6708112038617595, 2.6708112038617595, 2.6708112038617595, 2.6708112038617595, 2.6708112038617595, 2.6708112038617595, 2.6708112038617595, 2.6708112038617595, 2.672347719099204, 2.672347719099204, 2.672347719099204, 2.672347719099204, 2.672347719099204, 2.636986842895972, 4.651935615430789, 4.651935615430789, 4.651935615430789, 4.651935615430789, 4.651935615430789, 4.654124421313159, 4.654124421313159, 4.654124421313159, 4.654124421313159, 4.654124421313159, 4.6932193206377, 4.6932193206377, 4.6932193206377, 4.6932193206377, 4.6932193206377, 4.6778968901785465, 4.6778968901785465, 4.6778968901785465, 4.6778968901785465, 4.6778968901785465, 4.688908763155275, 4.688908763155275, 4.688908763155275, 4.688908763155275, 4.688908763155275, 4.7102891368172415, 4.7102891368172415, 4.7102891368172415, 4.7102891368172415, 4.7102891368172415, 2.711851125554122, 2.7116515663762386, 2.7116515663762386, 2.7116515663762386, 2.7116515663762386, 2.6932602448445295, 2.6932602448445295, 2.6932602448445295, 2.6932602448445295, 2.6932602448445295, 2.6932602448445295, 2.6932602448445295, 2.6932602448445295, 2.6932602448445295, 2.6932602448445295, 2.6848182247375454, 2.6848182247375454, 2.6848182247375454, 2.6848182247375454, 2.6848182247375454, 4.660969439102053, 4.661213183156198, 4.661213183156198, 4.661213183156198, 4.661213183156198, 4.656178077211117, 4.656178077211117, 4.656178077211117, 4.656178077211117, 4.656178077211117, 4.685155849983284, 4.685155849983284, 4.685155849983284, 4.685155849983284, 4.685155849983284, 4.687216991204436, 4.687216991204436, 4.687216991204436, 4.687216991204436, 4.687216991204436, 4.704285087844035, 4.704285087844035, 4.704285087844035, 4.704285087844035, 4.704285087844035, 4.705577417082025, 4.705577417082025, 4.705577417082025, 4.705577417082025, 4.705577417082025, 2.6155521193228237, 2.6149600350008093, 2.6149600350008093, 2.6149600350008093, 2.6149600350008093, 2.630834151815411, 2.630834151815411, 2.630834151815411, 2.630834151815411, 2.630834151815411, 2.630834151815411, 2.630834151815411, 2.630834151815411, 2.630834151815411, 2.630834151815411, 2.645688894089869, 2.645688894089869, 2.645688894089869, 2.645688894089869, 2.645688894089869, 4.701576480804543, 4.7018211473697065, 4.7018211473697065, 4.7018211473697065, 4.7018211473697065, 4.696682851825578, 4.696682851825578, 4.696682851825578, 4.696682851825578, 4.696682851825578, 4.696682851825578, 4.696682851825578, 4.696682851825578, 4.696682851825578, 4.696682851825578, 4.698153704676647, 4.698153704676647, 4.698153704676647, 4.698153704676647, 4.698153704676647, 2.7652281526953266, 2.7644251179463013, 2.7644251179463013, 2.7644251179463013, 2.7644251179463013, 2.7530129514496706, 2.7530129514496706, 2.7530129514496706, 2.7530129514496706, 2.7530129514496706, 2.7530129514496706, 2.7530129514496706, 2.7530129514496706, 2.7530129514496706, 2.7530129514496706, 2.7547195565315565, 2.7547195565315565, 2.7547195565315565, 2.7547195565315565, 2.7547195565315565, 4.815619605472504, 4.81586686287006, 4.81586686287006, 4.81586686287006, 4.81586686287006, 4.783852044175731, 4.783852044175731, 4.783852044175731, 4.783852044175731, 4.783852044175731, 4.783852044175731, 4.783852044175731, 4.783852044175731, 4.783852044175731, 4.783852044175731, 4.726262955115927, 4.726262955115927, 4.726262955115927, 4.726262955115927, 4.726262955115927, 5.0, 5.0, 5.0, 5.0, 5.0, 5.0, 5.0, 5.0, 5.0, 5.0, 5.0, 5.0, 5.0, 5.0, 5.0, 5.0, 5.0, 5.0, 5.0, 5.0, 5.0, 5.0, 5.0, 5.0, 5.0, 5.0, 5.0, 5.0, 5.0], "O35": 3.677626699295445, "O46": 3.665101210571584,