{"O23": 5.0, "O34": [2.769277164249774, 2.769277164249774, 2.769277164249774, 2.769277164249774, 2.769277164249774, 2.769277164249774, 2.769277164249774, 2.769277164249774, 2.769277164249774, 2.769277164249774, 2.769277164249774, 5.0, 5.0, 5.0, 5.0, 5.0, 5.0, 5.0, 5.0, 5.0, 5.0, 5.0, 5.0, 5.0, 5.0, 5.0, 5.0, 5.0, 5.0, 5.0, 5.0, 5.0, 5.0, 5.0, 5.0, 5.0, 5.0, 5.0, 5.0, 5.0, 5.0, 5.0, 5.0, 2.784379000473397, 2.7797535373456195, 2.7758752712686334, 2.7758752712686334, 2.7758752712686334, 2.7758752712686334, 2.7758752712686334, 2.7758752712686334, 2.7758752712686334, 2.7758752712686334, 2.7758752712686334, 2.7758752712686334, 2.7758752712686334, 2.7758752712686334, 2.7631490056728296, 2.7631490056728296], "O35": 3.117929280437422, "O46": 3.103470214528066, "O22": [1.9143147545878143, 1.9143147545878143, 1.9143147545878143, 1.9143147545878143, 1.9143147545878143, 1.9143147545878143, 1.9143147545878143, 1.9143147545878143, 1.9143147545878143, 1.9143147545878143, 1.9143147545878143, 4.24860803896038, 4.24860803896038, 4.23293280661704, 4.23293280661704, 4.23293280661704, 4.23293280661704, 4.232728098907185, 4.232728098907185, 4.232728098907185, 4.232728098907185, 4.235166052208527, 4.235166052208527, 4.235166052208527, 4.235166052208527, 4.231060983055154, 4.231060983055154, 4.231060983055154, 4.231060983055154, 4.2317547113352125, 4.2317547113352125, 4.2317547113352125, 4.2317547113352125, 4.235869875776669, 4.235869875776669, 4.235869875776669, 4.235869875776669, 4.248249573629446, 4.248249573629446, 4.248249573629446, 4.248249573629446, 4.2533854684335495, 4.2533854684335495, 1.923987499759193, 1.923987499759193, 1.9204067300475485, 1.9204067300475485, 1.9204067300475485, 1.9204067300475485, 1.9204067300475485, 1.9204067300475485, 1.9204067300475485, 1.9204067300475485, 1.9204067300475485, 1.9204067300475485, 1.9204067300475485, 1.9204067300475485, 1.9086566784824404, 1.9086566784824404], "O21": [4.531000000000001, 4.531000000000001, 4.531000000000001, 4.531000000000001, 4.531000000000001, 4.531000000000001, 4.531000000000001, 4.531000000000001, 4.531000000000001, 4.531000000000001, 4.531000000000001, 4.531000000000001, 4.553999999999999, 4.553999999999999, 4.553999999999999, 4.553999999999999, 4.553999999999999, 4.553999999999999, 4.553999999999999, 4.553999999999999, 4.553999999999999, 4.553999999999999, 4.553999999999999, 4.553999999999999, 4.553999999999999, 4.553999999999999, 4.553999999999999, 4.553999999999999, 4.553999999999999, 4.553999999999999, 4.553999999999999, 4.553999999999999, 4.553999999999999, 4.553999999999999, 4.553999999999999, 4.553999999999999, 4.553999999999999, 4.553999999999999, 4.553999999999999, 4.553999999999999, 4.553999999999999, 4.553999999999999, 4.553999999999999, 4.553999999999999, 4.531000000000001, 4.531000000000001, 4.531000000000001, 4.531000000000001, 4.531000000000001, 4.531000000000001, 4.531000000000001, 4.531000000000001, 4.531000000000001, 4.531000000000001, 4.531000000000001, 4.531000000000001, 4.531000000000001, 4.531000000000001, 4.531000000000001, 4.531000000000001], "mode": "0"}