{"O23": 3.908622596706451, "O34": [5.0, 5.0, 5.0, 5.0, 5.0, 5.0, 5.0, 5.0, 5.0, 5.0, 3.547787768588732, 3.5442920155094355, 3.5442920155094355, 3.5442920155094355, 3.5442920155094355, 3.5442920155094355, 3.5442920155094355, 3.5442920155094355, 3.5442920155094355, 5.0, 5.0, 5.0, 5.0, 5.0, 5.0, 5.0, 5.0, 5.0, 5.0, 5.0, 3.4994699980666564, 3.4953399316318436, 3.4953399316318436, 3.4953399316318436, 3.4953399316318436, 3.4953399316318436, 3.4953399316318436, 3.4953399316318436, 3.4953399316318436, 5.0, 5.0, 5.0, 5.0, 5.0, 5.0, 5.0, 5.0, 5.0, 5.0, 5.0, 3.5402103951983084, 3.5358445439626505, 3.5358445439626505, 3.5358445439626505, 3.5358445439626505, 3.5358445439626505, 3.5358445439626505, 3.5358445439626505, 3.5358445439626505], "O35": 3.8254544441140843, "O46": 3.140252083559042, "O22": [4.242752716676636, 4.242752716676636, 4.242752716676636, 4.242752716676636, 4.242752716676636, 4.242752716676636, 4.242752716676636, 4.242752716676636, 4.242752716676636, 4.242752716676636, 2.629879300799089, 2.629879300799089, 2.629879300799089, 2.629879300799089, 2.629879300799089, 2.629879300799089, 2.629879300799089, 2.629879300799089, 2.629879300799089, 4.2554010290992155, 4.2554010290992155, 4.2554010290992155, 4.2554010290992155, 4.2554010290992155, 4.2554010290992155, 4.2554010290992155, 4.2554010290992155, 4.2554010290992155, 4.2554010290992155, 4.2554010290992155, 2.5846822627951953, 2.5846822627951953, 2.5846822627951953, 2.5846822627951953, 2.5846822627951953, 2.5846822627951953, 2.5846822627951953, 2.5846822627951953, 2.5846822627951953, 4.311751298496656, 4.311751298496656, 4.311751298496656, 4.311751298496656, 4.311751298496656, 4.311751298496656, 4.311751298496656, 4.311751298496656, 4.311751298496656, 4.311751298496656, 4.311751298496656, 2.6220798229772346, 2.6220798229772346, 2.6220798229772346, 2.6220798229772346, 2.6220798229772346, 2.6220798229772346, 2.6220798229772346, 2.6220798229772346, 2.6220798229772346], "O21": [4.553999999999999, 4.553999999999999, 4.553999999999999, 4.553999999999999, 4.553999999999999, 4.553999999999999, 4.553999999999999, 4.553999999999999, 4.553999999999999, 4.553999999999999, 4.547, 4.531000000000001, 4.531000000000001, 4.531000000000001, 4.531000000000001, 4.531000000000001, 4.531000000000001, 4.531000000000001, 4.531000000000001, 4.531000000000001, 4.553, 4.553999999999999, 4.553999999999999, 4.553999999999999, 4.553999999999999, 4.553999999999999, 4.553999999999999, 4.553999999999999, 4.553999999999999, 4.553999999999999, 4.55, 4.531000000000001, 4.531000000000001, 4.531000000000001, 4.531000000000001, 4.531000000000001, 4.531000000000001, 4.531000000000001, 4.531000000000001, 4.531000000000001, 4.551, 4.553999999999999, 4.553999999999999, 4.553999999999999, 4.553999999999999, 4.553999999999999, 4.553999999999999, 4.553999999999999, 4.553999999999999, 4.553999999999999, 4.551, 4.531000000000001, 4.531000000000001, 4.531000000000001, 4.531000000000001, 4.531000000000001, 4.531000000000001, 4.531000000000001, 4.531000000000001, 4.531000000000001], "mode": "0"}