{"O23": 5.0, "O34": [2.700291013694101, 2.72497126713361, 2.72497126713361, 2.72497126713361, 2.72497126713361, 2.72497126713361, 2.72497126713361, 2.72497126713361, 2.72497126713361, 2.72497126713361, 2.72497126713361, 2.72497126713361, 2.72497126713361, 2.744694585208052, 2.744694585208052, 4.6201788322195005, 4.625766424453021, 4.613325838906371, 4.613325838906371, 4.613325838906371, 4.613325838906371, 4.631364587699279, 4.631364587699279, 4.631364587699279, 4.631364587699279, 4.630368528700839, 4.630368528700839, 4.630368528700839, 4.630368528700839, 4.6356021290829315, 4.6356021290829315, 4.6356021290829315, 4.6356021290829315, 4.628542114071363, 4.628542114071363, 4.628542114071363, 4.628542114071363, 4.638323267323688, 4.638323267323688, 4.638323267323688, 4.638323267323688, 4.652690988039253, 4.652690988039253, 4.652690988039253, 4.652690988039253, 4.637485193586707, 4.637485193586707, 5.0, 5.0, 5.0, 5.0, 5.0, 5.0, 5.0, 5.0, 5.0, 5.0, 5.0, 5.0], "O35": 3.997207895458984, "O46": 3.944220998531738, "O22": [1.8506204351344522, 1.87340750085857, 1.87340750085857, 1.87340750085857, 1.87340750085857, 1.87340750085857, 1.87340750085857, 1.87340750085857, 1.87340750085857, 1.87340750085857, 1.87340750085857, 1.87340750085857, 1.87340750085857, 1.8916178707950693, 1.8916178707950693, 3.62323634488997, 3.62323634488997, 3.6117560608673878, 3.6117560608673878, 3.6117560608673878, 3.6117560608673878, 3.628402380188777, 3.628402380188777, 3.628402380188777, 3.628402380188777, 3.6274832080033153, 3.6274832080033153, 3.6274832080033153, 3.6274832080033153, 3.6323128214183598, 3.6323128214183598, 3.6323128214183598, 3.6323128214183598, 3.6257977761873645, 3.6257977761873645, 3.6257977761873645, 3.6257977761873645, 3.6348239122148054, 3.6348239122148054, 3.6348239122148054, 3.6348239122148054, 3.6480825738713087, 3.6480825738713087, 3.6480825738713087, 3.6480825738713087, 3.634050530246865, 3.634050530246865, 4.248606604563681, 4.248606604563681, 4.248606604563681, 4.248606604563681, 4.248606604563681, 4.248606604563681, 4.248606604563681, 4.248606604563681, 4.248606604563681, 4.248606604563681, 4.248606604563681, 4.248606604563681], "O21": [4.531000000000001, 4.531000000000001, 4.531000000000001, 4.531000000000001, 4.531000000000001, 4.531000000000001, 4.531000000000001, 4.531000000000001, 4.531000000000001, 4.531000000000001, 4.531000000000001, 4.531000000000001, 4.531000000000001, 4.531000000000001, 4.531000000000001, 4.531000000000001, 4.553999999999999, 4.553999999999999, 4.553999999999999, 4.553999999999999, 4.553999999999999, 4.553999999999999, 4.553999999999999, 4.553999999999999, 4.553999999999999, 4.553999999999999, 4.553999999999999, 4.553999999999999, 4.553999999999999, 4.553999999999999, 4.553999999999999, 4.553999999999999, 4.553999999999999, 4.553999999999999, 4.553999999999999, 4.553999999999999, 4.553999999999999, 4.553999999999999, 4.553999999999999, 4.553999999999999, 4.553999999999999, 4.553999999999999, 4.553999999999999, 4.553999999999999, 4.553999999999999, 4.553999999999999, 4.553999999999999, 4.553999999999999, 4.553999999999999, 4.553999999999999, 4.553999999999999, 4.553999999999999, 4.553999999999999, 4.553999999999999, 4.553999999999999, 4.553999999999999, 4.553999999999999, 4.553999999999999, 4.553999999999999], "mode": "0"}