{"O23": 4.594340904953616, "O34": [5.0, 5.0, 5.0, 5.0, 5.0, 5.0, 5.0, 5.0, 5.0, 5.0, 5.0, 5.0, 5.0, 5.0, 3.4594064226591588, 3.454428256172163, 3.454428256172163, 3.454428256172163, 3.454428256172163, 5.0, 5.0, 5.0, 5.0, 5.0, 3.4493218632349487, 3.4443489659531266, 3.4443489659531266, 3.4443489659531266, 3.4443489659531266, 5.0, 5.0, 5.0, 5.0, 5.0, 3.447758976772647, 3.4427868961025463, 3.4427868961025463, 3.4427868961025463, 3.4427868961025463, 5.0, 5.0, 5.0, 5.0, 5.0, 5.0, 5.0, 5.0, 5.0, 5.0, 5.0, 5.0, 5.0, 5.0, 5.0, 5.0, 5.0, 5.0, 5.0, 5.0], "O35": 4.373902472802931, "O46": 4.06575597184745, "O22": [4.271818698048638, 4.271818698048638, 4.271818698048638, 4.271818698048638, 4.271818698048638, 4.271818698048638, 4.271818698048638, 4.271818698048638, 4.271818698048638, 4.271818698048638, 4.271818698048638, 4.271818698048638, 4.271818698048638, 4.271818698048638, 2.546908864727445, 2.546908864727445, 2.546908864727445, 2.546908864727445, 2.546908864727445, 4.182445887306643, 4.182445887306643, 4.182445887306643, 4.182445887306643, 4.182445887306643, 2.5376027427608867, 2.5376027427608867, 2.5376027427608867, 2.5376027427608867, 2.5376027427608867, 4.222503531637753, 4.222503531637753, 4.222503531637753, 4.222503531637753, 4.222503531637753, 2.536160497103318, 2.536160497103318, 2.536160497103318, 2.536160497103318, 2.536160497103318, 4.306570922044035, 4.306570922044035, 4.306570922044035, 4.306570922044035, 4.306570922044035, 4.315785139989219, 4.315785139989219, 4.315785139989219, 4.315785139989219, 4.315785139989219, 4.315785139989219, 4.315785139989219, 4.315785139989219, 4.315785139989219, 4.315785139989219, 4.334480911525198, 4.334480911525198, 4.334480911525198, 4.334480911525198, 4.334480911525198], "O21": [4.553999999999999, 4.553999999999999, 4.553999999999999, 4.553999999999999, 4.553999999999999, 4.553999999999999, 4.553999999999999, 4.553999999999999, 4.553999999999999, 4.553999999999999, 4.553999999999999, 4.553999999999999, 4.553999999999999, 4.553999999999999, 4.553999999999999, 4.531000000000001, 4.531000000000001, 4.531000000000001, 4.531000000000001, 4.531000000000001, 4.553999999999999, 4.553999999999999, 4.553999999999999, 4.553999999999999, 4.553999999999999, 4.531000000000001, 4.531000000000001, 4.531000000000001, 4.531000000000001, 4.531000000000001, 4.553999999999999, 4.553999999999999, 4.553999999999999, 4.553999999999999, 4.553999999999999, 4.531000000000001, 4.531000000000001, 4.531000000000001, 4.531000000000001, 4.531000000000001, 4.553999999999999, 4.553999999999999, 4.553999999999999, 4.553999999999999, 4.553999999999999, 4.553999999999999, 4.553999999999999, 4.553999999999999, 4.553999999999999, 4.553999999999999, 4.553999999999999, 4.553999999999999, 4.553999999999999, 4.553999999999999, 4.553999999999999, 4.553999999999999, 4.553999999999999, 4.553999999999999, 4.553999999999999, 4.553999999999999], "mode": "0"}