{"O23": 5.0, "O34": [2.677177957500125, 2.677177957500125, 2.677177957500125, 2.677177957500125, 2.677177957500125, 2.677177957500125, 2.677177957500125, 2.677177957500125, 1.8746140334111625, 1.8742519699541798, 1.8742519699541798, 1.8742519699541798, 1.8742519699541798, 1.8742519699541798, 1.8742519699541798, 1.8746140334111625, 2.8375151344381693, 2.8375151344381693, 2.8375151344381693, 2.8375151344381693, 2.8375151344381693, 2.8375151344381693, 2.8375151344381693, 2.8375151344381693, 1.8838474181181404, 1.8838474181181404, 1.8838474181181404, 1.8838474181181404, 1.8838474181181404, 1.8838474181181404, 1.8838474181181404, 1.8838474181181404, 2.8155063787554155, 2.8157083030769603, 2.8157083030769603, 2.8157083030769603, 1.8612558835520074, 1.8601716187892414, 1.8601716187892414, 1.8601716187892414, 1.8601716187892414, 1.8601716187892414, 1.8601716187892414, 1.8601716187892414, 2.834890218924953, 2.835092583838911, 2.835092583838911, 2.835092583838911, 2.835092583838911, 2.835092583838911, 2.835092583838911, 2.835092583838911, 1.874367588127677, 1.8736435166878291, 1.8736435166878291, 1.8736435166878291, 1.8736435166878291, 1.8736435166878291, 1.8736435166878291], "O35": 2.1177660462105594, "O46": 2.1045207251079194, "O22": [1.8292803491475618, 1.8292803491475618, 1.8292803491475618, 1.8292803491475618, 1.8292803491475618, 1.8292803491475618, 1.8292803491475618, 1.8292803491475618, 1.1085045305242855, 1.1085045305242855, 1.1085045305242855, 1.1085045305242855, 1.1085045305242855, 1.1085045305242855, 1.1085045305242855, 1.1085045305242855, 1.9773182855432208, 1.9773182855432208, 1.9773182855432208, 1.9773182855432208, 1.9773182855432208, 1.9773182855432208, 1.9773182855432208, 1.9773182855432208, 1.117388763038638, 1.117388763038638, 1.117388763038638, 1.117388763038638, 1.117388763038638, 1.117388763038638, 1.117388763038638, 1.117388763038638, 1.957184225709493, 1.957184225709493, 1.957184225709493, 1.957184225709493, 1.095467816501601, 1.095467816501601, 1.095467816501601, 1.095467816501601, 1.095467816501601, 1.095467816501601, 1.095467816501601, 1.095467816501601, 1.9750815654114517, 1.9750815654114517, 1.9750815654114517, 1.9750815654114517, 1.9750815654114517, 1.9750815654114517, 1.9750815654114517, 1.9750815654114517, 1.107941175879457, 1.107941175879457, 1.107941175879457, 1.107941175879457, 1.107941175879457, 1.107941175879457, 1.107941175879457], "O21": [4.531000000000001, 4.531000000000001, 4.531000000000001, 4.531000000000001, 4.531000000000001, 4.531000000000001, 4.531000000000001, 4.531000000000001, 4.41, 4.408, 4.408, 4.408, 4.408, 4.408, 4.408, 4.41, 4.531000000000001, 4.531000000000001, 4.531000000000001, 4.531000000000001, 4.531000000000001, 4.531000000000001, 4.531000000000001, 4.531000000000001, 4.408, 4.408, 4.408, 4.408, 4.408, 4.408, 4.408, 4.408, 4.53, 4.531000000000001, 4.531000000000001, 4.531000000000001, 4.414, 4.408, 4.408, 4.408, 4.408, 4.408, 4.408, 4.408, 4.53, 4.531000000000001, 4.531000000000001, 4.531000000000001, 4.531000000000001, 4.531000000000001, 4.531000000000001, 4.531000000000001, 4.412, 4.408, 4.408, 4.408, 4.408, 4.408, 4.408], "mode": "0"}