{"O23": 4.594340904953616, "O34": [5.0, 5.0, 5.0, 5.0, 5.0, 5.0, 5.0, 5.0, 5.0, 5.0, 5.0, 5.0, 5.0, 5.0, 5.0, 3.527915832458736, 3.5255171963538317, 3.5255171963538317, 3.5255171963538317, 5.0, 5.0, 5.0, 5.0, 5.0, 3.6318150099839186, 3.6269670081960688, 3.6269670081960688, 3.6269670081960688, 3.6269670081960688, 3.6269670081960688, 5.0, 5.0, 5.0, 5.0, 5.0, 3.5804086917255047, 3.577339391738353, 3.577339391738353, 3.577339391738353, 5.0, 5.0, 5.0, 5.0, 5.0, 5.0, 5.0, 5.0, 5.0, 5.0, 5.0, 5.0, 5.0, 5.0, 5.0, 5.0, 5.0, 5.0, 5.0, 5.0], "O35": 4.474170153177849, "O46": 4.136501109575521, "O22": [4.232125505683359, 4.232125505683359, 4.232125505683359, 4.232125505683359, 4.232125505683359, 4.232125505683359, 4.232125505683359, 4.232125505683359, 4.232125505683359, 4.232125505683359, 4.232125505683359, 4.232125505683359, 4.232125505683359, 4.232125505683359, 4.232125505683359, 2.612544671756249, 2.612544671756249, 2.612544671756249, 2.612544671756249, 4.24263926297854, 4.24263926297854, 4.24263926297854, 4.24263926297854, 4.24263926297854, 2.7062124104532814, 2.7062124104532814, 2.7062124104532814, 2.7062124104532814, 2.7062124104532814, 2.7062124104532814, 4.272079927167203, 4.272079927167203, 4.272079927167203, 4.272079927167203, 4.272079927167203, 2.660391659028462, 2.660391659028462, 2.660391659028462, 2.660391659028462, 4.322418110335767, 4.295485953038923, 4.295485953038923, 4.295485953038923, 4.295485953038923, 4.295485953038923, 4.273673255966379, 4.273673255966379, 4.273673255966379, 4.273673255966379, 4.273673255966379, 4.273673255966379, 4.273673255966379, 4.273673255966379, 4.273673255966379, 4.217175632895826, 4.217175632895826, 4.217175632895826, 4.217175632895826, 4.217175632895826], "O21": [4.553999999999999, 4.553999999999999, 4.553999999999999, 4.553999999999999, 4.553999999999999, 4.553999999999999, 4.553999999999999, 4.553999999999999, 4.553999999999999, 4.553999999999999, 4.553999999999999, 4.553999999999999, 4.553999999999999, 4.553999999999999, 4.553999999999999, 4.542, 4.531000000000001, 4.531000000000001, 4.531000000000001, 4.531000000000001, 4.553, 4.553999999999999, 4.553999999999999, 4.553999999999999, 4.553, 4.531000000000001, 4.531000000000001, 4.531000000000001, 4.531000000000001, 4.531000000000001, 4.543, 4.553999999999999, 4.553999999999999, 4.553999999999999, 4.553999999999999, 4.545, 4.531000000000001, 4.531000000000001, 4.531000000000001, 4.531000000000001, 4.551, 4.553999999999999, 4.553999999999999, 4.553999999999999, 4.553999999999999, 4.553999999999999, 4.553999999999999, 4.553999999999999, 4.553999999999999, 4.553999999999999, 4.553999999999999, 4.553999999999999, 4.553999999999999, 4.553999999999999, 4.553999999999999, 4.553999999999999, 4.553999999999999, 4.553999999999999, 4.553999999999999, 4.553999999999999], "mode": "0"}