{"O23": 3.0762898993329473, "O34": [5.0, 5.0, 5.0, 5.0, 5.0, 5.0, 5.0, 5.0, 5.0, 5.0, 5.0, 5.0, 5.0, 5.0, 5.0, 5.0, 5.0, 5.0, 5.0, 5.0, 5.0, 5.0, 5.0, 5.0, 5.0, 5.0, 5.0, 5.0, 5.0, 5.0, 5.0, 5.0, 5.0, 5.0, 5.0, 5.0, 5.0, 5.0, 5.0, 5.0, 5.0, 5.0, 5.0, 5.0, 5.0, 5.0, 5.0, 5.0, 5.0, 5.0, 5.0, 5.0, 5.0, 5.0, 5.0, 5.0, 5.0, 5.0, 5.0, 5.0], "O35": 5.0, "O46": 3.217044044712211, "O22": [4.250422969691133, 4.250422969691133, 4.250422969691133, 4.250422969691133, 4.249519835796535, 4.249519835796535, 4.249519835796535, 4.249519835796535, 4.249519835796535, 4.24800913865843, 4.24800913865843, 4.24800913865843, 4.24800913865843, 4.24800913865843, 4.259131567668055, 4.259131567668055, 4.259131567668055, 4.259131567668055, 4.259131567668055, 4.278044367379117, 4.278044367379117, 4.278044367379117, 4.278044367379117, 4.278044367379117, 4.292198794921161, 4.292198794921161, 4.292198794921161, 4.292198794921161, 4.292198794921161, 4.28502131172167, 4.28502131172167, 4.28502131172167, 4.28502131172167, 4.28502131172167, 4.283867982849383, 4.283867982849383, 4.283867982849383, 4.283867982849383, 4.283867982849383, 4.271281945628098, 4.271281945628098, 4.271281945628098, 4.271281945628098, 4.271281945628098, 4.253345061986333, 4.253345061986333, 4.253345061986333, 4.253345061986333, 4.253345061986333, 4.241669917987605, 4.241669917987605, 4.241669917987605, 4.241669917987605, 4.241669917987605, 4.254685520984685, 4.254685520984685, 4.254685520984685, 4.254685520984685, 4.254685520984685, 4.263526972447422], "O21": [4.553999999999999, 4.553999999999999, 4.553999999999999, 4.553999999999999, 4.553999999999999, 4.553999999999999, 4.553999999999999, 4.553999999999999, 4.553999999999999, 4.553999999999999, 4.553999999999999, 4.553999999999999, 4.553999999999999, 4.553999999999999, 4.553999999999999, 4.553999999999999, 4.553999999999999, 4.553999999999999, 4.553999999999999, 4.553999999999999, 4.553999999999999, 4.553999999999999, 4.553999999999999, 4.553999999999999, 4.553999999999999, 4.553999999999999, 4.553999999999999, 4.553999999999999, 4.553999999999999, 4.553999999999999, 4.553999999999999, 4.553999999999999, 4.553999999999999, 4.553999999999999, 4.553999999999999, 4.553999999999999, 4.553999999999999, 4.553999999999999, 4.553999999999999, 4.553999999999999, 4.553999999999999, 4.553999999999999, 4.553999999999999, 4.553999999999999, 4.553999999999999, 4.553999999999999, 4.553999999999999, 4.553999999999999, 4.553999999999999, 4.553999999999999, 4.553999999999999, 4.553999999999999, 4.553999999999999, 4.553999999999999, 4.553999999999999, 4.553999999999999, 4.553999999999999, 4.553999999999999, 4.553999999999999, 4.553999999999999, 4.553999999999999], "mode": "0"}