{"O23": 5.0, "O34": [4.6962808341798645, 4.6962808341798645, 4.6962808341798645, 4.6962808341798645, 4.686117398230178, 4.686117398230178, 4.686117398230178, 4.686117398230178, 4.686117398230178, 4.676504687658809, 4.676504687658809, 4.676504687658809, 4.676504687658809, 4.676504687658809, 4.6954785334697995, 4.6954785334697995, 4.6954785334697995, 4.6954785334697995, 4.6954785334697995, 4.665799523784203, 4.665799523784203, 4.665799523784203, 4.665799523784203, 4.665799523784203, 4.639008793999052, 4.639008793999052, 4.639008793999052, 4.639008793999052, 4.639008793999052, 4.6269623550683185, 4.6269623550683185, 4.6269623550683185, 4.6269623550683185, 4.6269623550683185, 4.622941991967475, 4.622941991967475, 4.622941991967475, 4.622941991967475, 4.622941991967475, 4.614832411081956, 4.614832411081956, 4.614832411081956, 4.614832411081956, 4.614832411081956, 4.615088951637707, 4.615088951637707, 4.615088951637707, 4.615088951637707, 4.615088951637707, 4.618054911916127, 4.618054911916127, 4.618054911916127, 4.618054911916127, 4.618054911916127, 4.626603038759546, 4.626603038759546, 4.626603038759546, 4.626603038759546, 4.626603038759546, 3.4200532969685513, 3.4150956925789915, 3.4150956925789915, 3.4150956925789915, 3.4150956925789915, 3.4150956925789915, 3.4150956925789915, 3.4150956925789915, 3.4150956925789915, 3.4150956925789915, 1.8659093175993287, 1.8453510144302196, 1.8437279904958164, 1.8437279904958164, 1.8437279904958164, 1.8437279904958164, 1.8437279904958164, 1.8437279904958164, 1.8437279904958164, 1.8437279904958164, 3.389844296622714, 3.4159290844923786, 3.4163602380108853, 3.4163602380108853, 3.4163602380108853, 3.4163602380108853, 3.4163602380108853, 3.4163602380108853, 3.4163602380108853, 3.4163602380108853, 4.638571835055792, 4.643925685845032, 4.6441690426990885, 4.6441690426990885, 4.6441690426990885, 4.6441690426990885, 4.6441690426990885, 4.6441690426990885, 4.6441690426990885, 4.6441690426990885, 3.562150633851297, 3.557556335504417, 3.5571187832809046, 3.5571187832809046, 3.5571187832809046, 3.5571187832809046, 3.5571187832809046, 3.5571187832809046, 3.5571187832809046, 3.5571187832809046, 1.8918416672353382, 1.872120796610185, 1.8695878407500737, 1.8695878407500737, 1.8695878407500737, 1.8695878407500737, 1.8695878407500737, 1.8695878407500737, 1.8695878407500737, 1.8695878407500737, 3.4494483165766963, 3.4754805548547663, 3.476131360811718, 3.476131360811718, 3.476131360811718, 3.476131360811718, 3.476131360811718, 3.476131360811718, 3.476131360811718, 3.476131360811718, 4.629769082406094, 4.635118531413611, 4.63536168818668, 4.63536168818668, 4.63536168818668, 4.63536168818668, 4.63536168818668, 4.63536168818668, 4.63536168818668, 3.442049427379484, 3.442049427379484, 3.4379445208171258, 3.4370803299618924, 3.4370803299618924, 3.4370803299618924, 3.4370803299618924, 3.4370803299618924, 3.4370803299618924, 3.4370803299618924, 1.8580796039282756, 1.8580796039282756, 1.8400638010999517, 1.8359201664494373, 1.8359201664494373, 1.8359201664494373, 1.8359201664494373, 1.8359201664494373, 1.8359201664494373, 1.8359201664494373, 3.5123218615295415, 3.5123218615295415, 3.537870964480312, 3.539181174888044, 3.539181174888044, 3.539181174888044, 3.539181174888044, 3.539181174888044, 3.539181174888044, 3.539181174888044, 4.536942624634403, 4.536942624634403, 4.542245656138049, 4.542486703024578, 4.542486703024578, 4.542486703024578, 4.542486703024578, 4.542486703024578, 4.542486703024578, 4.542486703024578, 5.0, 5.0, 5.0, 5.0, 5.0, 5.0, 5.0, 5.0, 5.0, 5.0, 5.0, 5.0, 5.0, 5.0, 5.0, 5.0, 5.0, 5.0, 5.0, 5.0, 5.0, 5.0, 5.0, 5.0, 5.0, 5.0, 5.0, 5.0, 5.0, 5.0, 5.0, 5.0, 5.0, 5.0, 5.0, 5.0, 5.0, 5.0, 5.0, 5.0, 5.0, 5.0, 5.0, 5.0, 5.0, 5.0, 5.0, 5.0, 5.0, 5.0, 5.0, 5.0, 5.0, 5.0, 5.0, 5.0, 5.0, 5.0, 5.0], "O35": 3.675901495299307, "O46": 3.6030445453244804, "O22": [3.6883076751994044, 3.6883076751994044, 3.6883076751994044, 3.6883076751994044, 3.6789287652670555, 3.6789287652670555, 3.6789287652670555, 3.6789287652670555, 3.6789287652670555, 3.670058069657723, 3.670058069657723, 3.670058069657723, 3.670058069657723, 3.670058069657723, 3.6875673049018385, 3.6875673049018385, 3.6875673049018385, 3.6875673049018385, 3.6875673049018385, 3.660179248333124, 3.660179248333124, 3.660179248333124, 3.660179248333124, 3.660179248333124, 3.6354565223848594, 3.6354565223848594, 3.6354565223848594, 3.6354565223848594, 3.6354565223848594, 3.624339960397732, 3.624339960397732, 3.624339960397732, 3.624339960397732, 3.624339960397732, 3.620629933237151, 3.620629933237151, 3.620629933237151, 3.620629933237151, 3.620629933237151, 3.6131463391956378, 3.6131463391956378, 3.6131463391956378, 3.6131463391956378, 3.6131463391956378, 3.61338307712347, 3.61338307712347, 3.61338307712347, 3.61338307712347, 3.61338307712347, 3.616120091894059, 3.616120091894059, 3.616120091894059, 3.616120091894059, 3.616120091894059, 3.6240083800823846, 3.6240083800823846, 3.6240083800823846, 3.6240083800823846, 3.6240083800823846, 2.5105934470639917, 2.5105934470639917, 2.5105934470639917, 2.5105934470639917, 2.5105934470639917, 2.5105934470639917, 2.5105934470639917, 2.5105934470639917, 2.5105934470639917, 2.5105934470639917, 1.080242991705291, 1.080242991705291, 1.080242991705291, 1.080242991705291, 1.080242991705291, 1.080242991705291, 1.080242991705291, 1.080242991705291, 1.080242991705291, 1.080242991705291, 2.5117609909848158, 2.5117609909848158, 2.5117609909848158, 2.5117609909848158, 2.5117609909848158, 2.5117609909848158, 2.5117609909848158, 2.5117609909848158, 2.5117609909848158, 2.5117609909848158, 3.6402184462092184, 3.6402184462092184, 3.6402184462092184, 3.6402184462092184, 3.6402184462092184, 3.6402184462092184, 3.6402184462092184, 3.6402184462092184, 3.6402184462092184, 3.6402184462092184, 2.641722145158563, 2.641722145158563, 2.641722145158563, 2.641722145158563, 2.641722145158563, 2.641722145158563, 2.641722145158563, 2.641722145158563, 2.641722145158563, 2.641722145158563, 1.1041861070782713, 1.1041861070782713, 1.1041861070782713, 1.1041861070782713, 1.1041861070782713, 1.1041861070782713, 1.1041861070782713, 1.1041861070782713, 1.1041861070782713, 1.1041861070782713, 2.56694715457123, 2.56694715457123, 2.56694715457123, 2.56694715457123, 2.56694715457123, 2.56694715457123, 2.56694715457123, 2.56694715457123, 2.56694715457123, 2.56694715457123, 3.6320909404008415, 3.6320909404008415, 3.6320909404008415, 3.6320909404008415, 3.6320909404008415, 3.6320909404008415, 3.6320909404008415, 3.6320909404008415, 3.6320909404008415, 2.5308916736682248, 2.5308916736682248, 2.5308916736682248, 2.5308916736682248, 2.5308916736682248, 2.5308916736682248, 2.5308916736682248, 2.5308916736682248, 2.5308916736682248, 2.5308916736682248, 1.073013884416721, 1.073013884416721, 1.073013884416721, 1.073013884416721, 1.073013884416721, 1.073013884416721, 1.073013884416721, 1.073013884416721, 1.073013884416721, 1.073013884416721, 2.625160505612055, 2.625160505612055, 2.625160505612055, 2.625160505612055, 2.625160505612055, 2.625160505612055, 2.625160505612055, 2.625160505612055, 2.625160505612055, 2.625160505612055, 3.546385070347074, 3.546385070347074, 3.546385070347074, 3.546385070347074, 3.546385070347074, 3.546385070347074, 3.546385070347074, 3.546385070347074, 3.546385070347074, 3.546385070347074, 4.2584851705028095, 4.2584851705028095, 4.2584851705028095, 4.2584851705028095, 4.2584851705028095, 4.252198504151095, 4.252198504151095, 4.252198504151095, 4.252198504151095, 4.252198504151095, 4.250477410771984, 4.250477410771984, 4.250477410771984, 4.250477410771984, 4.250477410771984, 4.2474999508206315, 4.2474999508206315, 4.2474999508206315, 4.2474999508206315, 4.2474999508206315, 4.2660187300355075, 4.2660187300355075, 4.2660187300355075, 4.2660187300355075, 4.2660187300355075, 4.287626981214717, 4.287626981214717, 4.287626981214717, 4.287626981214717, 4.287626981214717, 4.30792673566723, 4.30792673566723, 4.30792673566723, 4.30792673566723, 4.30792673566723, 4.316322620921646, 