{"O23": 5.0, "O34": [3.5086654964922563, 3.5086654964922563, 3.5086654964922563, 3.5086654964922563, 3.508230146893729, 1.8499214236925323, 1.8499214236925323, 1.8499214236925323, 1.8499214236925323, 1.8508238094934597, 3.460622431017261, 3.460622431017261, 3.460622431017261, 3.460622431017261, 3.460189265395578, 1.8525489308251823, 1.8525489308251823, 1.8525489308251823, 1.8525489308251823, 1.8541737642678862, 3.6583433852182123, 3.6583433852182123, 3.6583433852182123, 3.6583433852182123, 3.6579012314526342, 1.8675436418129951, 1.8675436418129951, 1.8675436418129951, 1.8675436418129951, 1.868990672412764, 3.6543331532891545, 3.6543331532891545, 3.6543331532891545, 3.6543331532891545, 3.653670196090877, 1.864353347140782, 1.864353347140782, 1.864353347140782, 1.864353347140782, 1.8656189898988873, 3.5556118023197456, 3.5556118023197456, 3.5556118023197456, 3.5556118023197456, 3.5551743186016767, 1.849179995114421, 1.849179995114421, 1.849179995114421, 1.849179995114421, 1.8513455182432754, 3.545491395369081, 3.545491395369081, 3.545491395369081, 3.545491395369081, 3.545054371711881, 1.8499866564054823, 1.8499866564054823, 1.8499866564054823, 1.8499866564054823, 1.8499866564054823], "O35": 1.6502882240074883, "O46": 1.8031147563556165, "O22": [2.5969856422167017, 2.5969856422167017, 2.5969856422167017, 2.5969856422167017, 2.5969856422167017, 1.0859773669675532, 1.0859773669675532, 1.0859773669675532, 1.0859773669675532, 1.0859773669675532, 2.5526278930853943, 2.5526278930853943, 2.5526278930853943, 2.5526278930853943, 2.5526278930853943, 1.0884101229890235, 1.0884101229890235, 1.0884101229890235, 1.0884101229890235, 1.0884101229890235, 2.73518194948742, 2.73518194948742, 2.73518194948742, 2.73518194948742, 2.73518194948742, 1.1022934243861997, 1.1022934243861997, 1.1022934243861997, 1.1022934243861997, 1.1022934243861997, 2.7314793368396058, 2.7314793368396058, 2.7314793368396058, 2.7314793368396058, 2.7314793368396058, 1.099339594698109, 1.099339594698109, 1.099339594698109, 1.099339594698109, 1.099339594698109, 2.640330762598773, 2.640330762598773, 2.640330762598773, 2.640330762598773, 2.640330762598773, 1.0852908931553693, 1.0852908931553693, 1.0852908931553693, 1.0852908931553693, 1.0852908931553693, 2.6309866779075506, 2.6309866779075506, 2.6309866779075506, 2.6309866779075506, 2.6309866779075506, 1.0860377646248054, 1.0860377646248054, 1.0860377646248054, 1.0860377646248054, 1.0860377646248054], "O21": [4.531000000000001, 4.531000000000001, 4.531000000000001, 4.531000000000001, 4.529, 4.408, 4.408, 4.408, 4.408, 4.413, 4.531000000000001, 4.531000000000001, 4.531000000000001, 4.531000000000001, 4.529, 4.408, 4.408, 4.408, 4.408, 4.417, 4.531000000000001, 4.531000000000001, 4.531000000000001, 4.531000000000001, 4.529, 4.408, 4.408, 4.408, 4.408, 4.416, 4.531000000000001, 4.531000000000001, 4.531000000000001, 4.531000000000001, 4.5280000000000005, 4.408, 4.408, 4.408, 4.408, 4.415, 4.531000000000001, 4.531000000000001, 4.531000000000001, 4.531000000000001, 4.529, 4.408, 4.408, 4.408, 4.408, 4.42, 4.531000000000001, 4.531000000000001, 4.531000000000001, 4.531000000000001, 4.529, 4.408, 4.408, 4.408, 4.408, 4.408], "mode": "0"}