{"O23": 4.220382272589658, "O34": [4.692495737138254, 4.692495737138254, 4.692495737138254, 4.692495737138254, 4.692495737138254, 4.692495737138254, 4.692495737138254, 4.692495737138254, 4.692495737138254, 4.692495737138254, 4.692495737138254, 5.0, 5.0, 5.0, 5.0, 5.0, 5.0, 5.0, 5.0, 5.0, 5.0, 5.0, 5.0, 5.0, 5.0, 5.0, 5.0, 5.0, 5.0, 5.0, 5.0, 5.0, 5.0, 5.0, 5.0, 5.0, 5.0, 5.0, 5.0, 5.0, 5.0, 5.0, 5.0, 5.0, 5.0, 5.0, 5.0, 5.0, 5.0, 5.0, 5.0, 5.0, 5.0, 5.0, 5.0, 5.0, 5.0, 5.0, 5.0], "O35": 4.942984684953739, "O46": 4.090509617347038, "O22": [3.684814753670287, 3.684814753670287, 3.684814753670287, 3.684814753670287, 3.684814753670287, 3.684814753670287, 3.684814753670287, 3.684814753670287, 3.684814753670287, 3.684814753670287, 3.684814753670287, 4.305522585923828, 4.305522585923828, 4.297041952377959, 4.297041952377959, 4.297041952377959, 4.297041952377959, 4.295921934281419, 4.295921934281419, 4.295921934281419, 4.295921934281419, 4.296327911066023, 4.296327911066023, 4.296327911066023, 4.296327911066023, 4.2804466215110795, 4.2804466215110795, 4.2804466215110795, 4.2804466215110795, 4.26708146388914, 4.26708146388914, 4.26708146388914, 4.26708146388914, 4.261174234264251, 4.261174234264251, 4.261174234264251, 4.261174234264251, 4.263036900549048, 4.263036900549048, 4.263036900549048, 4.263036900549048, 4.251803495435365, 4.251803495435365, 4.251803495435365, 4.251803495435365, 4.234159327057159, 4.234159327057159, 4.234159327057159, 4.234159327057159, 4.2360605151387265, 4.2360605151387265, 4.2360605151387265, 4.2360605151387265, 4.241141518558531, 4.241141518558531, 4.241141518558531, 4.241141518558531, 4.23653926955854, 4.23653926955854], "O21": [4.553999999999999, 4.553999999999999, 4.553999999999999, 4.553999999999999, 4.553999999999999, 4.553999999999999, 4.553999999999999, 4.553999999999999, 4.553999999999999, 4.553999999999999, 4.553999999999999, 4.553999999999999, 4.553999999999999, 4.553999999999999, 4.553999999999999, 4.553999999999999, 4.553999999999999, 4.553999999999999, 4.553999999999999, 4.553999999999999, 4.553999999999999, 4.553999999999999, 4.553999999999999, 4.553999999999999, 4.553999999999999, 4.553999999999999, 4.553999999999999, 4.553999999999999, 4.553999999999999, 4.553999999999999, 4.553999999999999, 4.553999999999999, 4.553999999999999, 4.553999999999999, 4.553999999999999, 4.553999999999999, 4.553999999999999, 4.553999999999999, 4.553999999999999, 4.553999999999999, 4.553999999999999, 4.553999999999999, 4.553999999999999, 4.553999999999999, 4.553999999999999, 4.553999999999999, 4.553999999999999, 4.553999999999999, 4.553999999999999, 4.553999999999999, 4.553999999999999, 4.553999999999999, 4.553999999999999, 4.553999999999999, 4.553999999999999, 4.553999999999999, 4.553999999999999, 4.553999999999999, 4.553999999999999, 4.553999999999999], "mode": "0"}