{"O23": 5.0, "O34": [1.8829791752697753, 1.8811775637001307, 1.8811775637001307, 1.8811775637001307, 1.8811775637001307, 1.8779541616544797, 1.8779541616544797, 1.8779541616544797, 1.8779541616544797, 1.8752866885567938, 1.8752866885567938, 1.8752866885567938, 1.8752866885567938, 1.8692492600004778, 1.8692492600004778, 1.8692492600004778, 1.8692492600004778, 1.8653402674696213, 1.8653402674696213, 1.8653402674696213, 1.8653402674696213, 1.8675722038086628, 1.8675722038086628, 1.8675722038086628, 1.8675722038086628, 1.8641102844692443, 1.8641102844692443, 1.8641102844692443, 1.8641102844692443, 1.8644852088218238, 1.8644852088218238, 1.8644852088218238, 1.8644852088218238, 1.8643424405890965, 1.8643424405890965, 1.8643424405890965, 1.8643424405890965, 1.8654329518842963, 1.8654329518842963, 1.8654329518842963, 1.8654329518842963, 1.8667417818930916, 1.8667417818930916, 1.8667417818930916, 1.8667417818930916, 1.8609401716094576, 1.8609401716094576, 5.0, 5.0, 5.0, 5.0, 5.0, 5.0, 5.0, 5.0, 5.0, 5.0], "O35": 2.2002864623503706, "O46": 2.277085164387778, "O22": [1.1165848744435467, 1.114916798517152, 1.114916798517152, 1.114916798517152, 1.114916798517152, 1.1119323153777023, 1.1119323153777023, 1.1119323153777023, 1.1119323153777023, 1.1094625556728217, 1.1094625556728217, 1.1094625556728217, 1.1094625556728217, 1.1038726219702395, 1.1038726219702395, 1.1038726219702395, 1.1038726219702395, 1.1002533643860621, 1.1002533643860621, 1.1002533643860621, 1.1002533643860621, 1.1023198693636778, 1.1023198693636778, 1.1023198693636778, 1.1023198693636778, 1.0991145478579198, 1.0991145478579198, 1.0991145478579198, 1.0991145478579198, 1.0994616827771746, 1.0994616827771746, 1.0994616827771746, 1.0994616827771746, 1.0993294965412073, 1.0993294965412073, 1.0993294965412073, 1.0993294965412073, 1.1003391790219559, 1.1003391790219559, 1.1003391790219559, 1.1003391790219559, 1.1015509984097749, 1.1015509984097749, 1.1015509984097749, 1.1015509984097749, 1.0961794041041484, 1.0961794041041484, 4.293287563789878, 4.293287563789878, 4.293287563789878, 4.293287563789878, 4.293287563789878, 4.293287563789878, 4.293287563789878, 4.293287563789878, 4.293287563789878, 4.293287563789878], "O21": [4.408, 4.408, 4.408, 4.408, 4.408, 4.408, 4.408, 4.408, 4.408, 4.408, 4.408, 4.408, 4.408, 4.408, 4.408, 4.408, 4.408, 4.408, 4.408, 4.408, 4.408, 4.408, 4.408, 4.408, 4.408, 4.408, 4.408, 4.408, 4.408, 4.408, 4.408, 4.408, 4.408, 4.408, 4.408, 4.408, 4.408, 4.408, 4.408, 4.408, 4.408, 4.408, 4.408, 4.408, 4.408, 4.408, 4.408, 4.419, 4.553999999999999, 4.553999999999999, 4.553999999999999, 4.553999999999999, 4.553999999999999, 4.553999999999999, 4.553999999999999, 4.553999999999999, 4.553999999999999, 4.553999999999999], "mode": "0"}