{"O23": 3.3365132307218044, "O34": [5.0, 5.0, 5.0, 5.0, 5.0, 5.0, 5.0, 5.0, 5.0, 5.0, 5.0, 5.0, 5.0, 5.0, 5.0, 5.0, 5.0, 5.0, 5.0, 5.0, 3.5981839342301347, 3.5981839342301347, 3.5981839342301347, 3.5981839342301347, 3.5981839342301347, 3.620046833713449, 3.620046833713449, 3.620046833713449, 3.620046833713449, 3.620046833713449, 3.620046833713449, 3.620046833713449, 3.620046833713449, 3.620046833713449, 3.6275996322264343, 3.6275996322264343, 3.6275996322264343, 3.6275996322264343, 3.6275996322264343, 3.649559706172231, 1.8748834836286206, 1.8748834836286206, 1.8748834836286206, 1.8748834836286206, 1.8748834836286206, 1.8757590432026017, 1.8757590432026017, 1.8757590432026017, 1.8757590432026017, 1.8757590432026017, 1.8739687656627733, 1.8739687656627733, 1.8739687656627733, 1.8739687656627733, 1.8697353381902038, 1.8692782445022227, 1.8692782445022227, 1.8692782445022227, 1.8692782445022227, 1.8702961749692504, 1.8672323010104501, 1.8672323010104501, 1.8672323010104501, 1.8672323010104501, 1.8669076002578664, 1.8642694290557684, 1.8642694290557684, 1.8642694290557684, 1.8642694290557684, 1.8606750760983644, 1.8637739094541035, 1.8637739094541035, 1.8637739094541035, 1.8637739094541035, 1.8630334667220945, 1.864048257349177, 1.864048257349177, 1.864048257349177, 1.864048257349177, 1.8631956192850805, 1.8626980647987061, 1.8626980647987061, 1.8626980647987061, 1.8626980647987061, 1.8646569817208853, 1.8631713995218602, 1.8631713995218602, 1.8631713995218602, 1.8631713995218602, 1.8655431150926183, 1.8666523753808995, 1.8666523753808995, 1.8666523753808995, 1.8666523753808995, 1.8642918021836221, 1.8603672033316594, 1.8603672033316594, 1.8603672033316594, 1.8603672033316594, 1.8584188741349497, 1.8581543703071381, 1.8581543703071381, 1.8581543703071381, 1.8581543703071381, 1.8575156230009215, 1.865198056230607, 1.865198056230607, 1.865198056230607, 1.865198056230607, 1.8671793562343246, 1.8737721545515489, 1.8737721545515489, 1.8737721545515489, 1.8737721545515489, 1.8744459319852107, 1.874645229033211, 1.874645229033211, 1.874645229033211, 1.874645229033211, 1.8819244046441423, 1.8777047526262627, 1.8777047526262627, 1.8777047526262627, 1.8777047526262627, 1.882715933386215, 1.8760356930279616, 1.8760356930279616, 1.8760356930279616, 1.8760356930279616, 1.871242303024701, 1.8642493026009277, 1.8642493026009277, 1.8642493026009277, 1.8642493026009277, 1.8550825051411124, 1.8512758374371023, 1.8512758374371023, 1.8512758374371023, 1.8512758374371023, 1.8450609561874278, 1.841898880300709, 1.841898880300709, 1.841898880300709, 1.841898880300709, 1.8371984041747418, 1.8370971458936298, 1.8370971458936298, 1.8370971458936298, 1.8370971458936298, 1.8342774178765322, 1.8324120302885092, 1.8324120302885092, 1.8324120302885092, 1.8324120302885092, 1.8316745406277861, 1.8330960949876052, 1.8330960949876052, 1.8330960949876052, 1.8330960949876052, 1.8324087365817032, 1.8314084831104558, 1.8314084831104558, 1.8314084831104558, 1.8314084831104558, 1.8319563244904986, 1.8297794513071546, 1.8297794513071546, 1.8297794513071546, 1.8297794513071546, 1.8280636936828516, 1.8280636936828516, 1.8280636936828516, 1.8280636936828516, 1.8280636936828516, 1.8290851105655925, 1.8290851105655925, 1.8290851105655925, 1.8290851105655925, 1.8290851105655925], "O35": 1.9803440371208874, "O46": 1.613774701298534, "O22": [4.272637987129401, 4.272637987129401, 4.272637987129401, 4.272637987129401, 4.272637987129401, 4.26593764851956, 4.26593764851956, 4.26593764851956, 4.26593764851956, 4.26593764851956, 4.26593764851956, 4.26593764851956, 4.26593764851956, 4.26593764851956, 4.270115124186188, 4.270115124186188, 4.270115124186188, 4.270115124186188, 4.270115124186188, 4.2714277932081615, 2.6796372458257607, 2.6796372458257607, 2.6796372458257607, 2.6796372458257607, 2.6796372458257607, 2.699823072874382, 2.699823072874382, 2.699823072874382, 2.699823072874382, 2.699823072874382, 2.699823072874382, 2.699823072874382, 2.699823072874382, 2.699823072874382, 2.7067965067792747, 2.7067965067792747, 2.7067965067792747, 2.7067965067792747, 2.7067965067792747, 2.727479940818515, 1.1090892363372769, 1.1090892363372769, 1.1090892363372769, 1.1090892363372769, 1.1090892363372769, 1.109899899341495, 1.109899899341495, 1.109899899341495, 1.109899899341495, 1.109899899341495, 1.108242317365408, 1.108242317365408, 1.108242317365408, 1.108242317365408, 1.1043226719922803, 1.1038994581375987, 1.1038994581375987, 1.1038994581375987, 1.1038994581375987, 1.104841939488963, 1.1020051601974146, 1.1020051601974146, 1.1020051601974146, 1.1020051601974146, 1.101704526299524, 1.0992618966305796, 1.0992618966305796, 1.0992618966305796, 1.0992618966305796, 1.0959339575008404, 1.098803104995068, 1.098803104995068, 1.098803104995068, 1.098803104995068, 1.0981175439579673, 1.099057118194661, 1.099057118194661, 1.099057118194661, 1.099057118194661, 1.0982676777555502, 1.0978070020612027, 1.0978070020612027, 1.0978070020612027, 1.0978070020612027, 1.0996207238504887, 1.0982452531637839, 1.0982452531637839, 1.0982452531637839, 1.0982452531637839, 1.1004411769214324, 1.1014682187178795, 1.1014682187178795, 1.1014682187178795, 1.1014682187178795, 1.0992826114597913, 1.095648904296706, 1.095648904296706, 1.095648904296706, 1.095648904296706, 1.0938449854695391, 1.0936000866938842, 1.0936000866938842, 1.0936000866938842, 1.0936000866938842, 1.0930086834066821, 1.1001216938593739, 1.1001216938593739, 1.1001216938593739, 1.1001216938593739, 1.101956139693788, 1.108060279090887, 1.108060279090887, 1.108060279090887, 1.108060279090887, 1.1086841160687217, 1.108868641198096, 1.108868641198096, 1.108868641198096, 1.108868641198096, 1.1156082835300936, 1.1117013925734731, 1.1117013925734731, 1.1117013925734731, 1.1117013925734731, 1.1163411440766993, 1.110156043852054, 1.110156043852054, 1.110156043852054, 1.110156043852054, 1.1057179404312167, 1.0992432619507357, 1.0992432619507357, 1.0992432619507357, 1.0992432619507357, 1.0907559085042489, 1.08723139141975, 1.08723139141975, 1.08723139141975, 1.08723139141975, 1.0814771578365208, 1.0785494553545096, 1.0785494553545096, 1.0785494553545096, 1.0785494553545096, 1.0741973790243906, 1.0741036260179617, 1.0741036260179617, 1.0741036260179617, 1.0741036260179617, 1.0714928965446666, 1.069765771685233, 1.069765771685233, 1.069765771685233, 1.069765771685233, 1.0690829448374568, 1.0703991334352816, 1.0703991334352816, 1.0703991334352816, 1.0703991334352816, 1.0697627221083295, 1.0688366075319176, 1.0688366075319176, 1.0688366075319176, 1.0688366075319176, 1.069343842849968, 1.067328319741029, 1.067328319741029, 1.067328319741029, 1.067328319741029, 1.0657397342563164, 1.0657397342563164, 1.0657397342563164, 1.0657397342563164, 1.0657397342563164, 1.0666854436098867, 1.0666854436098867, 1.0666854436098867, 1.0666854436098867, 1.0666854436098867, 1.0622634878455084],