{"O23": 2.30735595546549, "O34": [4.578113312134169, 4.610920508135252, 4.610920508135252, 4.610920508135252, 4.610920508135252, 4.612172012855401, 4.612172012855401, 4.612172012855401, 4.612172012855401, 4.6108826298119165, 4.6108826298119165, 4.6108826298119165, 4.6108826298119165, 4.637026456698764, 4.637026456698764, 4.637026456698764, 4.637026456698764, 4.658749436896818, 4.658749436896818, 4.658749436896818, 4.658749436896818, 4.648964944412477, 4.648964944412477, 4.648964944412477, 4.648964944412477, 4.6454974713718915, 4.6454974713718915, 4.6454974713718915, 4.6454974713718915, 4.660486437519728, 4.660486437519728, 4.660486437519728, 4.660486437519728, 4.661688953675681, 4.661688953675681, 4.661688953675681, 4.661688953675681, 4.661982324719322, 4.661982324719322, 4.661982324719322, 4.661982324719322, 4.660614634694602, 4.660614634694602, 4.660614634694602, 4.660614634694602, 4.673797635539325, 4.673797635539325, 4.673797635539325, 4.673797635539325, 4.680549698730181, 4.680549698730181, 4.680549698730181, 4.680549698730181, 4.67517264443598, 4.67517264443598, 4.67517264443598, 4.67517264443598, 4.690001702066233, 4.690001702066233, 4.690001702066233, 4.690001702066233, 4.695690482773747], "O35": 4.659263930159934, "O46": 2.5477146580714964, "O22": [3.579261625056328, 3.6095364000389534, 3.6095364000389534, 3.6095364000389534, 3.6095364000389534, 3.6106912998295653, 3.6106912998295653, 3.6106912998295653, 3.6106912998295653, 3.609501445582142, 3.609501445582142, 3.609501445582142, 3.609501445582142, 3.633627203728553, 3.633627203728553, 3.633627203728553, 3.633627203728553, 3.65367336486425, 3.65367336486425, 3.65367336486425, 3.65367336486425, 3.6446441473635276, 3.6446441473635276, 3.6446441473635276, 3.6446441473635276, 3.6414443321138927, 3.6414443321138927, 3.6414443321138927, 3.6414443321138927, 3.655276284632265, 3.655276284632265, 3.655276284632265, 3.655276284632265, 3.6563859773360625, 3.6563859773360625, 3.6563859773360625, 3.6563859773360625, 3.6566567027687493, 3.6566567027687493, 3.6566567027687493, 3.6566567027687493, 3.655394586136075, 3.655394586136075, 3.655394586136075, 3.655394586136075, 3.6675599776604395, 3.6675599776604395, 3.6675599776604395, 3.6675599776604395, 3.673790842186775, 3.673790842186775, 3.673790842186775, 3.673790842186775, 3.6688288482138387, 3.6688288482138387, 3.6688288482138387, 3.6688288482138387, 3.6825132357166743, 3.6825132357166743, 3.6825132357166743, 3.6825132357166743, 3.6877628936222075], "O21": [4.553999999999999, 4.553999999999999, 4.553999999999999, 4.553999999999999, 4.553999999999999, 4.553999999999999, 4.553999999999999, 4.553999999999999, 4.553999999999999, 4.553999999999999, 4.553999999999999, 4.553999999999999, 4.553999999999999, 4.553999999999999, 4.553999999999999, 4.553999999999999, 4.553999999999999, 4.553999999999999, 4.553999999999999, 4.553999999999999, 4.553999999999999, 4.553999999999999, 4.553999999999999, 4.553999999999999, 4.553999999999999, 4.553999999999999, 4.553999999999999, 4.553999999999999, 4.553999999999999, 4.553999999999999, 4.553999999999999, 4.553999999999999, 4.553999999999999, 4.553999999999999, 4.553999999999999, 4.553999999999999, 4.553999999999999, 4.553999999999999, 4.553999999999999, 4.553999999999999, 4.553999999999999, 4.553999999999999, 4.553999999999999, 4.553999999999999, 4.553999999999999, 4.553999999999999, 4.553999999999999, 4.553999999999999, 4.553999999999999, 4.553999999999999, 4.553999999999999, 4.553999999999999, 4.553999999999999, 4.553999999999999, 4.553999999999999, 4.553999999999999, 4.553999999999999, 4.553999999999999, 4.553999999999999, 4.553999999999999, 4.553999999999999, 4.553999999999999], "mode": "0"}