{"O23": 2.967987223532548, "O34": [5.0, 5.0, 5.0, 5.0, 5.0, 5.0, 5.0, 5.0, 5.0, 5.0, 5.0, 5.0, 5.0, 5.0, 5.0, 5.0, 5.0, 5.0, 5.0, 5.0, 5.0, 5.0, 5.0, 5.0, 5.0, 5.0, 5.0, 5.0, 5.0, 5.0, 5.0, 5.0, 5.0, 5.0, 5.0, 5.0, 5.0, 5.0, 5.0, 5.0, 5.0, 5.0, 5.0, 5.0, 5.0, 5.0, 5.0, 5.0, 5.0, 5.0, 5.0, 5.0, 5.0, 5.0, 5.0, 5.0, 5.0, 5.0, 5.0, 5.0], "O35": 5.0, "O46": 3.126955149324411, "O22": [4.338197161407455, 4.338197161407455, 4.338197161407455, 4.338197161407455, 4.338197161407455, 4.321461252048923, 4.321461252048923, 4.321461252048923, 4.321461252048923, 4.321461252048923, 4.317112361461165, 4.317112361461165, 4.317112361461165, 4.317112361461165, 4.30138150228723, 4.29091539955518, 4.29091539955518, 4.29091539955518, 4.29091539955518, 4.258145965724219, 4.277372041961994, 4.277372041961994, 4.277372041961994, 4.277372041961994, 4.288274213530111, 4.2917724865836275, 4.2917724865836275, 4.2917724865836275, 4.2917724865836275, 4.299254238223278, 4.324619978899151, 4.324619978899151, 4.324619978899151, 4.324619978899151, 4.330559225969216, 4.314903275703551, 4.314903275703551, 4.314903275703551, 4.314903275703551, 4.329240632984587, 4.332542941302724, 4.332542941302724, 4.332542941302724, 4.332542941302724, 4.331047339716767, 4.324105767726728, 4.324105767726728, 4.324105767726728, 4.324105767726728, 4.328531937575312, 4.328531937575312, 4.328531937575312, 4.328531937575312, 4.328531937575312, 4.2962478280296335, 4.2962478280296335, 4.2962478280296335, 4.2962478280296335, 4.2962478280296335, 4.321131077121048], "O21": [4.553999999999999, 4.553999999999999, 4.553999999999999, 4.553999999999999, 4.553999999999999, 4.553999999999999, 4.553999999999999, 4.553999999999999, 4.553999999999999, 4.553999999999999, 4.553999999999999, 4.553999999999999, 4.553999999999999, 4.553999999999999, 4.553999999999999, 4.553999999999999, 4.553999999999999, 4.553999999999999, 4.553999999999999, 4.553999999999999, 4.553999999999999, 4.553999999999999, 4.553999999999999, 4.553999999999999, 4.553999999999999, 4.553999999999999, 4.553999999999999, 4.553999999999999, 4.553999999999999, 4.553999999999999, 4.553999999999999, 4.553999999999999, 4.553999999999999, 4.553999999999999, 4.553999999999999, 4.553999999999999, 4.553999999999999, 4.553999999999999, 4.553999999999999, 4.553999999999999, 4.553999999999999, 4.553999999999999, 4.553999999999999, 4.553999999999999, 4.553999999999999, 4.553999999999999, 4.553999999999999, 4.553999999999999, 4.553999999999999, 4.553999999999999, 4.553999999999999, 4.553999999999999, 4.553999999999999, 4.553999999999999, 4.553999999999999, 4.553999999999999, 4.553999999999999, 4.553999999999999, 4.553999999999999, 4.553999999999999], "mode": "0"}