{"O23": 3.9275251454188056, "O34": [5.0, 5.0, 5.0, 5.0, 5.0, 5.0, 5.0, 5.0, 5.0, 5.0, 5.0, 5.0, 5.0, 5.0, 5.0, 5.0, 5.0, 5.0, 5.0, 5.0, 5.0, 5.0, 5.0, 5.0, 5.0, 5.0, 5.0, 5.0, 5.0, 5.0, 5.0, 5.0, 5.0, 5.0, 5.0, 5.0, 5.0, 5.0, 5.0, 5.0, 5.0, 5.0, 5.0, 5.0, 5.0, 5.0, 5.0, 5.0, 5.0, 5.0, 5.0, 5.0, 5.0, 5.0, 5.0, 5.0, 5.0, 5.0, 5.0, 5.0], "O35": 5.0, "O46": 3.8717356049016045, "O22": [4.253907910211732, 4.253907910211732, 4.253907910211732, 4.253907910211732, 4.254556108379479, 4.254556108379479, 4.254556108379479, 4.254556108379479, 4.254556108379479, 4.2592722794848745, 4.2592722794848745, 4.2592722794848745, 4.2592722794848745, 4.2592722794848745, 4.269623178156958, 4.269623178156958, 4.269623178156958, 4.269623178156958, 4.269623178156958, 4.2653092759478515, 4.2653092759478515, 4.2653092759478515, 4.2653092759478515, 4.2653092759478515, 4.2751125479209495, 4.2751125479209495, 4.2751125479209495, 4.2751125479209495, 4.2751125479209495, 4.267423947962717, 4.267423947962717, 4.267423947962717, 4.267423947962717, 4.267423947962717, 4.263299634203291, 4.263299634203291, 4.263299634203291, 4.263299634203291, 4.263299634203291, 4.258256951000141, 4.258256951000141, 4.258256951000141, 4.258256951000141, 4.258256951000141, 4.264115311022018, 4.264115311022018, 4.264115311022018, 4.264115311022018, 4.264115311022018, 4.263782463148255, 4.263782463148255, 4.263782463148255, 4.263782463148255, 4.263782463148255, 4.278108697518423, 4.278108697518423, 4.278108697518423, 4.278108697518423, 4.278108697518423, 4.2871920884833585], "O21": [4.553999999999999, 4.553999999999999, 4.553999999999999, 4.553999999999999, 4.553999999999999, 4.553999999999999, 4.553999999999999, 4.553999999999999, 4.553999999999999, 4.553999999999999, 4.553999999999999, 4.553999999999999, 4.553999999999999, 4.553999999999999, 4.553999999999999, 4.553999999999999, 4.553999999999999, 4.553999999999999, 4.553999999999999, 4.553999999999999, 4.553999999999999, 4.553999999999999, 4.553999999999999, 4.553999999999999, 4.553999999999999, 4.553999999999999, 4.553999999999999, 4.553999999999999, 4.553999999999999, 4.553999999999999, 4.553999999999999, 4.553999999999999, 4.553999999999999, 4.553999999999999, 4.553999999999999, 4.553999999999999, 4.553999999999999, 4.553999999999999, 4.553999999999999, 4.553999999999999, 4.553999999999999, 4.553999999999999, 4.553999999999999, 4.553999999999999, 4.553999999999999, 4.553999999999999, 4.553999999999999, 4.553999999999999, 4.553999999999999, 4.553999999999999, 4.553999999999999, 4.553999999999999, 4.553999999999999, 4.553999999999999, 4.553999999999999, 4.553999999999999, 4.553999999999999, 4.553999999999999, 4.553999999999999, 4.553999999999999, 4.553999999999999], "mode": "0"}