{"O23": 5.0, "O34": [2.864422222572333, 2.8639352623502408, 2.8639352623502408, 2.8639352623502408, 2.8639352623502408, 2.8639352623502408, 2.8639352623502408, 2.8639352623502408, 2.8639352623502408, 2.8639352623502408, 2.8639352623502408, 2.8639352623502408, 2.8639352623502408, 2.8920444638280034, 2.8920444638280034, 4.564831214942581, 4.570148071176977, 4.570773534294806, 4.570773534294806, 4.570773534294806, 4.570773534294806, 4.574260096478453, 4.574260096478453, 4.574260096478453, 4.574260096478453, 4.566143575733897, 4.566143575733897, 4.566143575733897, 4.566143575733897, 4.534518475049367, 4.534518475049367, 4.534518475049367, 4.534518475049367, 4.527290829267437, 4.527290829267437, 4.527290829267437, 4.527290829267437, 4.550987118718031, 4.550987118718031, 4.550987118718031, 4.550987118718031, 4.545297059100711, 4.545297059100711, 4.545297059100711, 4.545297059100711, 4.529578065340814, 4.529578065340814, 5.0, 5.0, 5.0, 5.0, 5.0, 5.0, 5.0, 5.0, 5.0, 5.0, 5.0, 5.0, 5.0, 5.0, 5.0], "O35": 4.07972928169239, "O46": 4.035046678981792, "O22": [2.002161368587753, 2.0017117624030742, 2.0017117624030742, 2.0017117624030742, 2.0017117624030742, 2.0017117624030742, 2.0017117624030742, 2.0017117624030742, 2.0017117624030742, 2.0017117624030742, 2.0017117624030742, 2.0017117624030742, 2.0017117624030742, 2.0276647463582904, 2.0276647463582904, 3.571911229196425, 3.571911229196425, 3.5724884121763893, 3.5724884121763893, 3.5724884121763893, 3.5724884121763893, 3.575705843058607, 3.575705843058607, 3.575705843058607, 3.575705843058607, 3.5682158448528747, 3.5682158448528747, 3.5682158448528747, 3.5682158448528747, 3.539031918040128, 3.539031918040128, 3.539031918040128, 3.539031918040128, 3.5323621816294084, 3.5323621816294084, 3.5323621816294084, 3.5323621816294084, 3.554229330257905, 3.554229330257905, 3.554229330257905, 3.554229330257905, 3.5489784921629206, 3.5489784921629206, 3.5489784921629206, 3.5489784921629206, 3.5344728636106226, 3.5344728636106226, 4.234859013811956, 4.234859013811956, 4.225628727118513, 4.225628727118513, 4.225628727118513, 4.225628727118513, 4.225628727118513, 4.225628727118513, 4.225628727118513, 4.225628727118513, 4.225628727118513, 4.225628727118513, 4.225628727118513, 4.225628727118513, 4.225719015896997], "O21": [4.531000000000001, 4.531000000000001, 4.531000000000001, 4.531000000000001, 4.531000000000001, 4.531000000000001, 4.531000000000001, 4.531000000000001, 4.531000000000001, 4.531000000000001, 4.531000000000001, 4.531000000000001, 4.531000000000001, 4.531000000000001, 4.531000000000001, 4.532, 4.553999999999999, 4.553999999999999, 4.553999999999999, 4.553999999999999, 4.553999999999999, 4.553999999999999, 4.553999999999999, 4.553999999999999, 4.553999999999999, 4.553999999999999, 4.553999999999999, 4.553999999999999, 4.553999999999999, 4.553999999999999, 4.553999999999999, 4.553999999999999, 4.553999999999999, 4.553999999999999, 4.553999999999999, 4.553999999999999, 4.553999999999999, 4.553999999999999, 4.553999999999999, 4.553999999999999, 4.553999999999999, 4.553999999999999, 4.553999999999999, 4.553999999999999, 4.553999999999999, 4.553999999999999, 4.553999999999999, 4.553999999999999, 4.553999999999999, 4.553999999999999, 4.553999999999999, 4.553999999999999, 4.553999999999999, 4.553999999999999, 4.553999999999999, 4.553999999999999, 4.553999999999999, 4.553999999999999, 4.553999999999999, 4.553999999999999, 4.553999999999999, 4.553999999999999, 4.553999999999999], "mode": "0"}