{"O23": 5.0, "O34": [1.8525245213265127, 1.8525245213265127, 1.8525245213265127, 1.8525245213265127, 1.8525245213265127, 1.8525245213265127, 1.8525245213265127, 1.8525245213265127, 1.8525245213265127, 1.8525245213265127, 1.8525245213265127, 1.8525245213265127, 1.8525245213265127, 1.8525245213265127, 3.4975474605054555, 3.523053675017972, 3.523053675017972, 3.523053675017972, 3.523053675017972, 3.523053675017972, 3.523053675017972, 3.523053675017972, 3.523053675017972, 3.523053675017972, 3.523053675017972, 3.523053675017972, 3.523053675017972, 3.523053675017972, 3.523053675017972, 4.614845206824257, 4.620430010769524, 4.620430010769524, 4.620430010769524, 4.620430010769524, 4.653242742368377, 4.653242742368377, 4.653242742368377, 4.653242742368377, 4.653242742368377, 4.6656265842076285, 4.6656265842076285, 4.6656265842076285, 4.6656265842076285, 4.6656265842076285, 4.684105667811114, 4.684105667811114, 4.684105667811114, 4.684105667811114, 4.684105667811114, 4.68869171126829, 4.68869171126829, 4.68869171126829, 4.68869171126829, 4.68869171126829, 4.709373718145785, 4.709373718145785, 4.709373718145785, 4.709373718145785, 4.709373718145785, 4.701156661961249, 4.701156661961249, 4.701156661961249, 4.701156661961249, 4.701156661961249, 4.697776390719801, 4.697776390719801, 4.697776390719801, 4.697776390719801, 4.697776390719801, 4.697478319880027, 4.697478319880027, 4.697478319880027, 4.697478319880027, 4.697478319880027, 4.707162216542328, 4.707162216542328, 4.707162216542328, 4.707162216542328, 4.707162216542328, 4.702981918245147, 4.702981918245147, 4.702981918245147, 4.702981918245147, 4.702981918245147, 4.706009975949404, 4.706009975949404, 4.706009975949404, 4.706009975949404, 4.706009975949404, 3.571714530971457, 3.567115670002112, 3.5666776832431264, 3.5666776832431264, 3.5666776832431264, 3.5821819074589363, 3.5821819074589363, 3.5821819074589363, 3.5821819074589363, 3.5821819074589363, 3.6059371630121158, 3.6059371630121158, 3.6059371630121158, 3.6059371630121158, 3.6059371630121158, 3.605557808084326, 3.605557808084326, 3.605557808084326, 3.605557808084326, 3.605557808084326, 3.608464970119051, 3.608464970119051, 3.608464970119051, 3.608464970119051, 3.608464970119051, 3.607546200434964, 3.607546200434964, 3.607546200434964, 3.607546200434964, 3.607546200434964, 1.8753982002318907, 1.8558986199800611, 1.8531903449450848, 1.8531903449450848, 1.8520676794856092, 1.8520676794856092, 1.8520676794856092, 1.8520676794856092, 1.8520676794856092, 1.851630169080131, 1.851630169080131, 1.851630169080131, 1.851630169080131, 1.851630169080131, 1.8472584345463767, 1.8472584345463767, 1.8472584345463767, 1.8472584345463767, 1.8472584345463767, 1.8489861074114973, 1.8489861074114973, 1.8489861074114973, 1.8489861074114973, 1.8489861074114973, 1.846916034975492, 1.846916034975492, 1.846916034975492, 1.846916034975492, 1.846916034975492, 3.3762530549861722, 3.3762530549861722, 3.401654557785237, 3.402730892649604, 3.402730892649604, 3.4150432586250252, 3.4150432586250252, 3.4150432586250252, 3.4150432586250252, 3.4150432586250252, 3.436037342317478, 3.436037342317478, 3.436037342317478, 3.436037342317478, 3.436037342317478, 3.462282202945969, 3.462282202945969, 3.462282202945969, 3.462282202945969, 3.462282202945969, 3.4630569272843648, 3.4630569272843648, 3.4630569272843648, 3.4630569272843648, 3.4630569272843648, 3.4883811945571352, 3.4883811945571352, 3.4883811945571352, 3.4883811945571352, 3.4883811945571352, 4.753985068073456, 4.753985068073456, 4.75939663079439, 4.7596426109180685, 4.7596426109180685, 4.730078935442288, 4.730078935442288, 4.730078935442288, 4.730078935442288, 4.730078935442288, 4.730172961895787, 4.730172961895787, 4.730172961895787, 4.730172961895787, 4.730172961895787, 4.733171302751972, 4.733171302751972, 4.733171302751972, 4.733171302751972, 4.733171302751972, 4.716622190611847, 4.716622190611847, 4.716622190611847, 4.716622190611847, 4.716622190611847, 4.7376040818765555, 4.7376040818765555, 4.7376040818765555, 4.7376040818765555, 4.7376040818765555, 4.7528203564206715, 4.7528203564206715, 4.7528203564206715, 4.7528203564206715, 4.7528203564206715, 4.711528321433696, 4.711528321433696, 4.711528321433696, 4.711528321433696, 4.711528321433696, 4.697189008384998, 4.697189008384998, 4.697189008384998, 4.697189008384998, 4.697189008384998, 4.708823857600015, 4.708823857600015, 4.708823857600015, 4.708823857600015, 4.708823857600015, 4.664068223226341, 4.664068223226341, 4.664068223226341, 4.664068223226341, 4.664068223226341, 4.643520619412491, 4.643520619412491, 4.643520619412491, 4.643520619412491], "O35": 3.4629989907071415, "O46": 3.4235584314553558,