{"O23": 2.1403222635600283, "O34": [5.0, 5.0, 5.0, 5.0, 5.0, 3.4022553200036447, 3.397952152900678, 3.397952152900678, 3.397952152900678, 3.397952152900678, 1.8630411763639072, 1.847344772923007, 1.847344772923007, 1.847344772923007, 1.847344772923007, 3.6118960886139275, 3.6162985132039576, 3.6162985132039576, 3.6162985132039576, 5.0, 5.0, 5.0, 5.0, 5.0, 3.6032951221611977, 3.5984613745029783, 3.5984613745029783, 3.5984613745029783, 3.5984613745029783, 3.5984613745029783, 1.8673024261932085, 1.8490761788543009, 1.8490761788543009, 1.8490761788543009, 1.8490761788543009, 3.4991114834436616, 3.50585742362363, 3.50585742362363, 3.50585742362363, 5.0, 5.0, 5.0, 5.0, 5.0, 3.529045835811633, 3.524249306627146, 3.524031282573306, 3.524031282573306, 3.524031282573306, 3.524031282573306, 1.864871776587613, 1.8448516385301696, 1.8448516385301696, 1.8448516385301696, 1.8448516385301696, 3.552833099259782, 3.563341141276208, 3.563341141276208, 3.563341141276208], "O35": 2.7415571333385658, "O46": 1.7622353420014527, "O22": [4.171889136027072, 4.171889136027072, 4.171889136027072, 4.171889136027072, 4.171889136027072, 2.494764964331785, 2.494764964331785, 2.494764964331785, 2.494764964331785, 2.494764964331785, 1.0835916978301046, 1.0835916978301046, 1.0835916978301046, 1.0835916978301046, 1.0835916978301046, 2.6963622807875343, 2.6963622807875343, 2.6963622807875343, 2.6963622807875343, 4.353797613835902, 4.353797613835902, 4.353797613835902, 4.353797613835902, 4.353797613835902, 2.679893404043394, 2.679893404043394, 2.679893404043394, 2.679893404043394, 2.679893404043394, 2.679893404043394, 1.0851947717676116, 1.0851947717676116, 1.0851947717676116, 1.0851947717676116, 1.0851947717676116, 2.59439297268953, 2.59439297268953, 2.59439297268953, 2.59439297268953, 4.313149979145005, 4.313149979145005, 4.313149979145005, 4.313149979145005, 4.313149979145005, 2.6111727403431377, 2.6111727403431377, 2.6111727403431377, 2.6111727403431377, 2.6111727403431377, 2.6111727403431377, 1.0812833548265242, 1.0812833548265242, 1.0812833548265242, 1.0812833548265242, 1.0812833548265242, 2.647467194776692, 2.647467194776692, 2.647467194776692, 2.647467194776692], "O21": [4.553999999999999, 4.553999999999999, 4.553999999999999, 4.553999999999999, 4.553999999999999, 4.551, 4.531000000000001, 4.531000000000001, 4.531000000000001, 4.531000000000001, 4.495, 4.408, 4.408, 4.408, 4.408, 4.511, 4.531000000000001, 4.531000000000001, 4.531000000000001, 4.531000000000001, 4.553, 4.553999999999999, 4.553999999999999, 4.553999999999999, 4.553, 4.531000000000001, 4.531000000000001, 4.531000000000001, 4.531000000000001, 4.531000000000001, 4.5089999999999995, 4.408, 4.408, 4.408, 4.408, 4.5, 4.531000000000001, 4.531000000000001, 4.531000000000001, 4.531000000000001, 4.551, 4.553999999999999, 4.553999999999999, 4.553999999999999, 4.553999999999999, 4.532, 4.531000000000001, 4.531000000000001, 4.531000000000001, 4.531000000000001, 4.519, 4.408, 4.408, 4.408, 4.408, 4.4830000000000005, 4.531000000000001, 4.531000000000001, 4.531000000000001], "mode": "0"}