{"O23": 3.9220294819343042, "O34": [5.0, 5.0, 5.0, 5.0, 5.0, 5.0, 5.0, 5.0, 5.0, 5.0, 5.0, 5.0, 5.0, 5.0, 5.0, 5.0, 5.0, 5.0, 5.0, 5.0, 5.0, 5.0, 5.0, 5.0, 5.0, 5.0, 5.0, 5.0, 5.0, 5.0, 5.0, 5.0, 5.0, 5.0, 5.0, 5.0, 5.0, 5.0, 5.0, 5.0, 5.0, 5.0, 5.0, 5.0, 5.0, 5.0, 5.0, 5.0, 5.0, 5.0, 5.0, 5.0, 5.0, 5.0, 5.0, 5.0, 5.0, 5.0, 5.0], "O35": 5.000000000000002, "O46": 3.8627377055757295, "O22": [4.203328912901698, 4.203328912901698, 4.203328912901698, 4.203328912901698, 4.243383077120581, 4.243383077120581, 4.243383077120581, 4.243383077120581, 4.243383077120581, 4.303332287125374, 4.303332287125374, 4.303332287125374, 4.303332287125374, 4.303332287125374, 4.329762408049658, 4.329762408049658, 4.329762408049658, 4.329762408049658, 4.329762408049658, 4.327678622946774, 4.327678622946774, 4.327678622946774, 4.327678622946774, 4.327678622946774, 4.356264650507741, 4.356264650507741, 4.356264650507741, 4.356264650507741, 4.356264650507741, 4.346615733318601, 4.346615733318601, 4.346615733318601, 4.346615733318601, 4.346615733318601, 4.315400194776525, 4.315400194776525, 4.315400194776525, 4.315400194776525, 4.315400194776525, 4.330742582411865, 4.330742582411865, 4.330742582411865, 4.330742582411865, 4.330742582411865, 4.341927028965625, 4.341927028965625, 4.341927028965625, 4.341927028965625, 4.341927028965625, 4.323809224356288, 4.323809224356288, 4.323809224356288, 4.323809224356288, 4.323809224356288, 4.340557622845022, 4.340557622845022, 4.340557622845022, 4.340557622845022, 4.340557622845022], "O21": [4.553999999999999, 4.553999999999999, 4.553999999999999, 4.553999999999999, 4.553999999999999, 4.553999999999999, 4.553999999999999, 4.553999999999999, 4.553999999999999, 4.553999999999999, 4.553999999999999, 4.553999999999999, 4.553999999999999, 4.553999999999999, 4.553999999999999, 4.553999999999999, 4.553999999999999, 4.553999999999999, 4.553999999999999, 4.553999999999999, 4.553999999999999, 4.553999999999999, 4.553999999999999, 4.553999999999999, 4.553999999999999, 4.553999999999999, 4.553999999999999, 4.553999999999999, 4.553999999999999, 4.553999999999999, 4.553999999999999, 4.553999999999999, 4.553999999999999, 4.553999999999999, 4.553999999999999, 4.553999999999999, 4.553999999999999, 4.553999999999999, 4.553999999999999, 4.553999999999999, 4.553999999999999, 4.553999999999999, 4.553999999999999, 4.553999999999999, 4.553999999999999, 4.553999999999999, 4.553999999999999, 4.553999999999999, 4.553999999999999, 4.553999999999999, 4.553999999999999, 4.553999999999999, 4.553999999999999, 4.553999999999999, 4.553999999999999, 4.553999999999999, 4.553999999999999, 4.553999999999999, 4.553999999999999, 4.553999999999999], "mode": "0"}