{"O23": 2.0447026773277854, "O34": [3.484815057944944, 3.484815057944944, 3.484815057944944, 3.484815057944944, 3.50553417612527, 3.50553417612527, 3.50553417612527, 3.50553417612527, 3.50553417612527, 3.524690633245681, 3.524690633245681, 3.524690633245681, 3.524690633245681, 3.524690633245681, 3.547203619332874, 3.547203619332874, 3.547203619332874, 3.547203619332874, 3.547203619332874, 3.5599622095025367, 3.5599622095025367, 3.5599622095025367, 3.5599622095025367, 3.5599622095025367, 3.5737028398312654, 3.5737028398312654, 3.5737028398312654, 3.5737028398312654, 3.5737028398312654, 2.6875405059345585, 2.6875405059345585, 2.6875405059345585, 2.6875405059345585, 2.6875405059345585, 2.6875405059345585, 2.6875405059345585, 2.6875405059345585, 2.6875405059345585, 2.6875405059345585, 2.6875405059345585, 2.6875405059345585, 2.6875405059345585, 2.6875405059345585, 2.6875405059345585, 3.495344798940425, 3.495344798940425, 3.495344798940425, 3.495344798940425, 3.495344798940425, 3.495344798940425, 3.495344798940425, 3.495344798940425, 3.495344798940425, 3.495344798940425, 3.495344798940425, 3.495344798940425, 3.495344798940425, 3.495344798940425, 3.495344798940425, 5.0, 5.0, 5.0, 5.0, 5.0, 5.0, 5.0, 5.0, 5.0, 5.0, 5.0, 5.0, 5.0, 5.0, 5.0, 5.0, 5.0, 5.0, 5.0, 5.0, 5.0, 2.7309793713029387, 2.7309793713029387, 2.7309793713029387, 2.7309793713029387, 2.7309793713029387, 2.7309793713029387, 2.7309793713029387, 2.7309793713029387, 2.7309793713029387, 2.7309793713029387, 2.7309793713029387, 2.7309793713029387, 2.7309793713029387, 2.7309793713029387, 2.7207873718689433, 3.5241533783664307, 3.5241533783664307, 3.5241533783664307, 3.5241533783664307, 3.5241533783664307, 3.5241533783664307, 3.5241533783664307, 3.5241533783664307, 3.5241533783664307, 3.5241533783664307, 3.5241533783664307, 3.5241533783664307, 3.5241533783664307, 3.5241533783664307, 3.5287750113701364, 5.0, 5.0, 5.0, 5.0, 5.0, 5.0, 5.0, 5.0, 5.0, 5.0, 5.0, 5.0, 5.0, 5.0, 5.0, 5.0, 5.0, 5.0, 5.0, 5.0, 2.720900236206485, 2.720900236206485, 2.720900236206485, 2.720900236206485, 2.720900236206485, 2.720900236206485, 2.720900236206485, 2.720900236206485, 2.720900236206485, 2.720900236206485, 2.720900236206485, 2.720900236206485, 2.720900236206485, 2.720900236206485, 2.7243765129511375, 3.51432565887927, 3.51432565887927, 3.51432565887927, 3.51432565887927, 3.51432565887927, 3.51432565887927, 3.51432565887927, 3.51432565887927, 3.51432565887927, 3.515196872683936, 5.0, 5.0, 5.0, 5.0, 5.0, 5.0, 5.0, 5.0, 5.0, 5.0, 5.0, 5.0, 5.0, 5.0, 5.0, 5.0, 5.0, 5.0, 5.0, 2.6506820154090454, 2.6463243800972864, 2.6463243800972864, 2.6463243800972864, 2.6463243800972864, 2.6463243800972864, 2.6463243800972864, 2.6463243800972864, 2.6463243800972864, 2.6463243800972864, 2.6463243800972864, 2.6463243800972864, 2.6463243800972864, 2.6463243800972864, 2.6463243800972864, 3.423056549380267, 3.423056549380267, 3.423056549380267, 3.423056549380267, 3.423056549380267, 3.423056549380267, 3.423056549380267, 3.423056549380267, 3.423056549380267, 3.423056549380267, 5.0, 5.0, 5.0, 5.0, 5.0, 5.0, 5.0, 5.0, 5.0, 5.0, 5.0, 5.0, 5.0, 5.0, 5.0, 5.0, 5.0, 5.0, 5.0, 5.0, 5.0, 5.0, 5.0, 5.0, 5.0, 5.0, 5.0, 5.0, 5.0, 5.0, 5.0, 5.0, 5.0, 5.0, 5.0, 5.0, 5.0, 5.0, 5.0, 5.0], "O35": 3.594099921003371, "O46": 2.0313056403490037, "O22": [2.5749647374452533, 2.5749647374452533, 2.5749647374452533, 2.5749647374452533, 2.594094521054568, 2.594094521054568, 2.594094521054568, 2.594094521054568, 2.594094521054568, 2.6117815131478204, 2.6117815131478204, 2.6117815131478204, 2.6117815131478204, 2.6117815131478204, 2.6325675595663625, 2.6325675595663625, 2.6325675595663625, 2.6325675595663625, 2.6325675595663625, 2.644347456132489, 2.644347456132489, 2.644347456132489, 2.644347456132489, 2.644347456132489, 2.6570340619308843, 2.6570340619308843, 2.6570340619308843, 2.6570340619308843, 2.6570340619308843, 1.838848000988073, 1.838848000988073, 1.838848000988073, 1.838848000988073, 1.838848000988073, 1.838848000988073, 1.838848000988073, 1.838848000988073, 1.838848000988073, 1.838848000988073, 1.838848000988073, 1.838848000988073, 1.838848000988073, 1.838848000988073, 1.838848000988073, 2.5846867567393446, 2.5846867567393446, 2.5846867567393446, 2.5846867567393446, 2.5846867567393446, 2.5846867567393446, 2.5846867567393446, 2.5846867567393446, 2.5846867567393446, 2.5846867567393446, 2.5846867567393446, 2.5846867567393446, 2.5846867567393446, 2.5846867567393446, 2.5846867567393446, 4.351438710197437, 4.351438710197437, 4.351438710197437, 4.351438710197437, 4.351438710197437, 4.351438710197437, 4.349274379631949, 4.349274379631949, 4.349274379631949, 4.349274379631949, 4.349274379631949, 4.349274379631949, 4.349274379631949, 4.349274379631949, 4.349274379631949, 4.350087121779761, 4.350087121779761, 4.350087121779761, 4.350087121779761, 4.350087121779761, 4.348683359239374, 1.8789547317619886, 1.8789547317619886, 1.8789547317619886, 1.8789547317619886, 1.8789547317619886, 1.8789547317619886, 1.8789547317619886, 1.8789547317619886, 1.8789547317619886, 1.8789547317619886, 1.8789547317619886, 1.8789547317619886, 1.8789547317619886, 1.8789547317619886, 1.8695445463466782, 2.611285470338775, 2.611285470338775, 2.611285470338775, 2.611285470338775, 2.611285470338775, 2.611285470338775, 2.611285470338775, 2.611285470338775, 2.611285470338775, 2.611285470338775, 2.611285470338775, 2.611285470338775, 2.611285470338775, 2.611285470338775, 2.614948427682158, 4.346102778500272, 4.346102778500272, 4.346102778500272, 4.346102778500272, 4.346102778500272, 4.341673956227315, 4.341673956227315, 4.341673956227315, 4.341673956227315, 4.341673956227315, 4.341673956227315, 4.341673956227315, 4.341673956227315, 4.341673956227315, 4.340740111228047, 4.340740111228047, 4.340740111228047, 4.340740111228047, 4.340740111228047, 4.338652600684025, 1.8696487530187766, 1.8696487530187766, 1.8696487530187766, 1.8696487530187766, 1.8696487530187766, 1.8696487530187766, 1.8696487530187766, 1.8696487530187766, 1.8696487530187766, 1.8696487530187766, 1.8696487530187766, 1.8696487530187766, 1.8696487530187766, 1.8696487530187766, 1.8728583694374152, 2.6022116214651807, 2.6022116214651807, 2.6022116214651807, 2.6022116214651807, 2.6022116214651807, 2.6022116214651807, 2.6022116214651807, 2.6022116214651807, 2.6022116214651807, 2.6022116214651807, 4.314741120506063, 4.314741120506063, 4.314741120506063, 4.314741120506063, 4.314741120506063, 4.311531114920726, 4.311531114920726, 4.311531114920726, 4.311531114920726, 4.311531114920726, 4.311531114920726, 4.311531114920726, 4.311531114920726, 4.311531114920726, 4.310810320140434, 4.310810320140434, 4.310810320140434, 4.310810320140434, 4.310810320140434, 1.8007935065052911, 1.8007935065052911, 1.8007935065052911, 1.8007935065052911, 1.8007935065052911, 1.8007935065052911, 1.8007935065052911, 1.8007935065052911, 1.8007935065052911, 1.8007935065052911, 1.8007935065052911, 1.8007935065052911, 1.8007935065052911, 1.8007935065052911, 1.8007935065052911, 2.517943637676725, 2.517943637676725, 2.517943637676725, 2.517943637676725, 2.517943637676725, 2.517943637676725, 2.517943637676725, 2.517943637676725, 2.517943637676725, 2.517943637676725, 4.274206808390309, 4.274206808390309, 4.274206808390309, 4.274206808390309, 4.274206808390309, 4.277550751088972, 4.277550751088972, 4.277550751088972, 4.277550751088972, 4.277550751088972, 4.275264768133522, 4.275264768133522, 4.275264768133522, 4.275264768133522, 4.275264768133522, 4.275700208307713, 4.275700208307713, 4.275700208307713, 4.275700208307713, 4.275700208307713, 4.277671485036695, 4.277671485036695, 4.277671485036695, 4.277671485036695, 4.277671485036695, 4.2796469391065, 4.2796469391065, 4.2796469391065, 4.2796469391065, 4.2796469391065, 4.277704475106036, 4.277704475106036, 4.277704475106036, 4.277704475106036, 4.277704475106036, 4.281501427184967, 4.281501427184967, 4.281501427184967, 4.281501427184967, 4.281501427184967],