{"O23": 5.0, "O34": [2.801608875502747, 2.801608875502747, 2.801608875502747, 2.801608875502747, 2.801608875502747, 2.801608875502747, 2.801608875502747, 2.801608875502747, 1.8785361387066977, 1.8781738964640753, 1.8781738964640753, 1.8781738964640753, 1.8781738964640753, 1.8781738964640753, 1.8781738964640753, 1.8785361387066977, 2.7922984478801633, 2.7922984478801633, 2.7922984478801633, 2.7922984478801633, 2.7922984478801633, 2.7922984478801633, 2.7922984478801633, 2.7922984478801633, 1.868473522150704, 1.868473522150704, 1.868473522150704, 1.868473522150704, 1.868473522150704, 1.868473522150704, 1.868473522150704, 1.868473522150704, 2.7687063500592926, 2.7689072106216743, 2.7689072106216743, 2.7689072106216743, 1.8621827776721362, 1.8610983861660224, 1.8610983861660224, 1.8610983861660224, 1.8610983861660224, 1.8610983861660224, 1.8610983861660224, 1.8610983861660224, 2.9182549067822885, 2.918459166565823, 2.918459166565823, 2.918459166565823, 2.918459166565823, 2.918459166565823, 2.918459166565823, 2.918459166565823, 1.8573051489079626, 1.8565826329490795, 1.8565826329490795, 1.8565826329490795, 1.8565826329490795, 1.8565826329490795, 1.8565826329490795], "O35": 2.1183983495627463, "O46": 2.12540820860956, "O22": [1.944166345500382, 1.944166345500382, 1.944166345500382, 1.944166345500382, 1.944166345500382, 1.944166345500382, 1.944166345500382, 1.944166345500382, 1.112135763419585, 1.112135763419585, 1.112135763419585, 1.112135763419585, 1.112135763419585, 1.112135763419585, 1.112135763419585, 1.112135763419585, 1.9355701077560872, 1.9355701077560872, 1.9355701077560872, 1.9355701077560872, 1.9355701077560872, 1.9355701077560872, 1.9355701077560872, 1.9355701077560872, 1.1031543818932976, 1.1031543818932976, 1.1031543818932976, 1.1031543818932976, 1.1031543818932976, 1.1031543818932976, 1.1031543818932976, 1.1031543818932976, 1.9139731795849866, 1.9139731795849866, 1.9139731795849866, 1.9139731795849866, 1.0963258917807697, 1.0963258917807697, 1.0963258917807697, 1.0963258917807697, 1.0963258917807697, 1.0963258917807697, 1.0963258917807697, 1.0963258917807697, 2.052053214201419, 2.052053214201419, 2.052053214201419, 2.052053214201419, 2.052053214201419, 2.052053214201419, 2.052053214201419, 2.052053214201419, 1.092144846677797, 1.092144846677797, 1.092144846677797, 1.092144846677797, 1.092144846677797, 1.092144846677797, 1.092144846677797], "O21": [4.531000000000001, 4.531000000000001, 4.531000000000001, 4.531000000000001, 4.531000000000001, 4.531000000000001, 4.531000000000001, 4.531000000000001, 4.41, 4.408, 4.408, 4.408, 4.408, 4.408, 4.408, 4.41, 4.531000000000001, 4.531000000000001, 4.531000000000001, 4.531000000000001, 4.531000000000001, 4.531000000000001, 4.531000000000001, 4.531000000000001, 4.408, 4.408, 4.408, 4.408, 4.408, 4.408, 4.408, 4.408, 4.53, 4.531000000000001, 4.531000000000001, 4.531000000000001, 4.414, 4.408, 4.408, 4.408, 4.408, 4.408, 4.408, 4.408, 4.53, 4.531000000000001, 4.531000000000001, 4.531000000000001, 4.531000000000001, 4.531000000000001, 4.531000000000001, 4.531000000000001, 4.412, 4.408, 4.408, 4.408, 4.408, 4.408, 4.408], "mode": "0"}