{"O23": 5.0, "O34": [5.0, 5.0, 5.0, 5.0, 5.0, 5.0, 5.0, 5.0, 5.0, 5.0, 5.0, 5.0, 5.0, 5.0, 5.0, 5.0, 5.0, 5.0, 5.0, 5.0, 2.8488271689238513, 2.8488271689238513, 2.8276953013929074, 2.8276953013929074, 2.8276953013929074, 2.8276953013929074, 2.818383590696925, 2.818383590696925, 2.818383590696925, 2.818383590696925, 2.818383590696925, 2.818383590696925, 2.818383590696925, 2.8094798363282543, 2.8094798363282543, 2.8094798363282543, 2.8094798363282543, 2.773593098533437, 2.773593098533437, 2.77379406560308, 5.0, 5.0, 5.0, 5.0, 5.0, 5.0, 5.0, 5.0, 5.0, 5.0, 5.0, 5.0, 5.0, 5.0, 5.0, 5.0, 5.0, 5.0, 5.0, 5.0, 5.0, 5.0, 5.0, 5.0, 5.0, 5.0], "O35": 3.910040048033852, "O46": 3.892039995375389, "O22": [4.303486666641227, 4.303486666641227, 4.308253396631993, 4.308253396631993, 4.308253396631993, 4.308253396631993, 4.30527330351697, 4.30527330351697, 4.30527330351697, 4.30527330351697, 4.30527330351697, 4.30527330351697, 4.30527330351697, 4.304863783151954, 4.304863783151954, 4.304863783151954, 4.304863783151954, 4.313499148759667, 4.313499148759667, 4.313499148759667, 1.9877625896882536, 1.9877625896882536, 1.9682517181535986, 1.9682517181535986, 1.9682517181535986, 1.9682517181535986, 1.9596542957586711, 1.9596542957586711, 1.9596542957586711, 1.9596542957586711, 1.9596542957586711, 1.9596542957586711, 1.9596542957586711, 1.9514335359318897, 1.9514335359318897, 1.9514335359318897, 1.9514335359318897, 1.9182996195902686, 1.9182996195902686, 1.9182996195902686, 4.284559103728258, 4.284559103728258, 4.286232839627668, 4.286232839627668, 4.286232839627668, 4.286232839627668, 4.272594717037519, 4.272594717037519, 4.272594717037519, 4.272594717037519, 4.258317209985977, 4.258317209985977, 4.258317209985977, 4.263236100409458, 4.254538462641226, 4.254538462641226, 4.254538462641226, 4.240065221383638, 4.240065221383638, 4.240065221383638, 4.240065221383638, 4.2170637573378915, 4.2170637573378915, 4.2170637573378915, 4.2170637573378915, 4.176960673694382], "O21": [4.553999999999999, 4.553999999999999, 4.553999999999999, 4.553999999999999, 4.553999999999999, 4.553999999999999, 4.553999999999999, 4.553999999999999, 4.553999999999999, 4.553999999999999, 4.553999999999999, 4.553999999999999, 4.553999999999999, 4.553999999999999, 4.553999999999999, 4.553999999999999, 4.553999999999999, 4.553999999999999, 4.553999999999999, 4.553999999999999, 4.531000000000001, 4.531000000000001, 4.531000000000001, 4.531000000000001, 4.531000000000001, 4.531000000000001, 4.531000000000001, 4.531000000000001, 4.531000000000001, 4.531000000000001, 4.531000000000001, 4.531000000000001, 4.531000000000001, 4.531000000000001, 4.531000000000001, 4.531000000000001, 4.531000000000001, 4.531000000000001, 4.531000000000001, 4.532, 4.553999999999999, 4.553999999999999, 4.553999999999999, 4.553999999999999, 4.553999999999999, 4.553999999999999, 4.553999999999999, 4.553999999999999, 4.553999999999999, 4.553999999999999, 4.553999999999999, 4.553999999999999, 4.553999999999999, 4.553999999999999, 4.553999999999999, 4.553999999999999, 4.553999999999999, 4.553999999999999, 4.553999999999999, 4.553999999999999, 4.553999999999999, 4.553999999999999, 4.553999999999999, 4.553999999999999, 4.553999999999999, 4.553999999999999], "mode": "0"}