{"O23": 3.0184760822182333, "O34": [5.0, 5.0, 5.0, 5.0, 5.0, 5.0, 5.0, 5.0, 5.0, 5.0, 5.0, 5.0, 5.0, 5.0, 5.0, 5.0, 5.0, 5.0, 5.0, 5.0, 5.0, 5.0, 5.0, 5.0, 5.0, 5.0, 5.0, 5.0, 5.0, 5.0, 5.0, 5.0, 5.0, 5.0, 5.0, 5.0, 5.0, 5.0, 5.0, 5.0, 5.0, 5.0, 5.0, 5.0, 5.0, 5.0, 5.0, 5.0, 5.0, 5.0, 5.0, 5.0, 5.0, 5.0, 5.0, 5.0, 5.0, 5.0, 5.0], "O35": 5.000000000000002, "O46": 3.1599456416261757, "O22": [4.234039241381985, 4.234039241381985, 4.234039241381985, 4.234039241381985, 4.244297998536955, 4.244297998536955, 4.244297998536955, 4.244297998536955, 4.244297998536955, 4.2549995911540694, 4.2549995911540694, 4.2549995911540694, 4.2549995911540694, 4.2549995911540694, 4.2994045809032, 4.2994045809032, 4.2994045809032, 4.2994045809032, 4.2994045809032, 4.321970820922866, 4.321970820922866, 4.321970820922866, 4.321970820922866, 4.321970820922866, 4.34560999554232, 4.34560999554232, 4.34560999554232, 4.34560999554232, 4.34560999554232, 4.344134714600473, 4.344134714600473, 4.344134714600473, 4.344134714600473, 4.344134714600473, 4.3584256392413865, 4.3584256392413865, 4.3584256392413865, 4.3584256392413865, 4.3584256392413865, 4.332218891831328, 4.332218891831328, 4.332218891831328, 4.332218891831328, 4.332218891831328, 4.317754656246706, 4.317754656246706, 4.317754656246706, 4.317754656246706, 4.317754656246706, 4.293608572165681, 4.293608572165681, 4.293608572165681, 4.293608572165681, 4.293608572165681, 4.303461996556893, 4.303461996556893, 4.303461996556893, 4.303461996556893, 4.303461996556893], "O21": [4.553999999999999, 4.553999999999999, 4.553999999999999, 4.553999999999999, 4.553999999999999, 4.553999999999999, 4.553999999999999, 4.553999999999999, 4.553999999999999, 4.553999999999999, 4.553999999999999, 4.553999999999999, 4.553999999999999, 4.553999999999999, 4.553999999999999, 4.553999999999999, 4.553999999999999, 4.553999999999999, 4.553999999999999, 4.553999999999999, 4.553999999999999, 4.553999999999999, 4.553999999999999, 4.553999999999999, 4.553999999999999, 4.553999999999999, 4.553999999999999, 4.553999999999999, 4.553999999999999, 4.553999999999999, 4.553999999999999, 4.553999999999999, 4.553999999999999, 4.553999999999999, 4.553999999999999, 4.553999999999999, 4.553999999999999, 4.553999999999999, 4.553999999999999, 4.553999999999999, 4.553999999999999, 4.553999999999999, 4.553999999999999, 4.553999999999999, 4.553999999999999, 4.553999999999999, 4.553999999999999, 4.553999999999999, 4.553999999999999, 4.553999999999999, 4.553999999999999, 4.553999999999999, 4.553999999999999, 4.553999999999999, 4.553999999999999, 4.553999999999999, 4.553999999999999, 4.553999999999999, 4.553999999999999], "mode": "0"}