{"O23": 5.0, "O34": [5.0, 5.0, 5.0, 5.0, 5.0, 3.6464627335004898, 3.6418280020299205, 3.6418280020299205, 3.6418280020299205, 3.6418280020299205, 5.0, 5.0, 5.0, 5.0, 5.0, 3.520194113784591, 3.5169261753957164, 3.5169261753957164, 3.5169261753957164, 3.5169261753957164, 5.0, 5.0, 5.0, 5.0, 5.0, 3.526347420830975, 3.5252571612445482, 3.5252571612445482, 3.5252571612445482, 5.0, 5.0, 5.0, 5.0, 5.0, 5.0, 3.5279207081560218, 3.5233425317776237, 3.5233425317776237, 3.5233425317776237, 3.5233425317776237, 5.0, 5.0, 5.0, 5.0, 5.0, 3.4977342433670513, 3.4944739598475705, 3.4944739598475705, 3.4944739598475705, 3.4944739598475705, 5.0, 5.0, 5.0, 5.0, 5.0, 3.480993894935087, 3.479908789047422, 3.479908789047422, 3.479908789047422], "O35": 3.1382925158897774, "O46": 3.435796858292333, "O22": [4.423166099288125, 4.423166099288125, 4.423166099288125, 4.423166099288125, 4.423166099288125, 2.7199334382396327, 2.7199334382396327, 2.7199334382396327, 2.7199334382396327, 2.7199334382396327, 4.305089888909767, 4.305089888909767, 4.305089888909767, 4.305089888909767, 4.305089888909767, 2.6046126559975913, 2.6046126559975913, 2.6046126559975913, 2.6046126559975913, 2.6046126559975913, 4.292315742218889, 4.292315742218889, 4.292315742218889, 4.292315742218889, 4.292315742218889, 2.6123045835764276, 2.6123045835764276, 2.6123045835764276, 2.6123045835764276, 4.270900457882975, 4.270900457882975, 4.270900457882975, 4.270900457882975, 4.270900457882975, 4.270900457882975, 2.610536822657478, 2.610536822657478, 2.610536822657478, 2.610536822657478, 2.610536822657478, 4.258660409499293, 4.258660409499293, 4.258660409499293, 4.258660409499293, 4.258660409499293, 2.5838827184950595, 2.5838827184950595, 2.5838827184950595, 2.5838827184950595, 2.5838827184950595, 4.251463117611335, 4.251463117611335, 4.251463117611335, 4.251463117611335, 4.251463117611335, 2.570434821571332, 2.570434821571332, 2.570434821571332, 2.570434821571332], "O21": [4.553999999999999, 4.553999999999999, 4.553999999999999, 4.553999999999999, 4.553999999999999, 4.552, 4.531000000000001, 4.531000000000001, 4.531000000000001, 4.531000000000001, 4.544, 4.553999999999999, 4.553999999999999, 4.553999999999999, 4.553999999999999, 4.546, 4.531000000000001, 4.531000000000001, 4.531000000000001, 4.531000000000001, 4.55, 4.553999999999999, 4.553999999999999, 4.553999999999999, 4.553999999999999, 4.5360000000000005, 4.531000000000001, 4.531000000000001, 4.531000000000001, 4.532, 4.553999999999999, 4.553999999999999, 4.553999999999999, 4.553999999999999, 4.553999999999999, 4.552, 4.531000000000001, 4.531000000000001, 4.531000000000001, 4.531000000000001, 4.544, 4.553999999999999, 4.553999999999999, 4.553999999999999, 4.553999999999999, 4.546, 4.531000000000001, 4.531000000000001, 4.531000000000001, 4.531000000000001, 4.55, 4.553999999999999, 4.553999999999999, 4.553999999999999, 4.553999999999999, 4.5360000000000005, 4.531000000000001, 4.531000000000001, 4.531000000000001], "mode": "0"}