{"O23": 5.0, "O34": [5.0, 5.0, 5.0, 5.0, 5.0, 5.0, 5.0, 5.0, 5.0, 5.0, 5.0, 5.0, 5.0, 5.0, 5.0, 5.0, 5.0, 5.0, 5.0, 5.0, 5.0, 5.0, 5.0, 5.0, 5.0, 5.0, 5.0, 5.0, 5.0, 5.0, 5.0, 5.0, 5.0, 5.0, 5.0, 5.0, 5.0, 5.0, 5.0, 5.0, 5.0, 5.0, 5.0, 5.0, 5.0, 5.0, 5.0, 5.0, 5.0, 5.0, 5.0, 5.0, 5.0, 5.0, 5.0, 5.0, 5.0, 5.0, 5.0, 5.0, 5.0, 5.0, 5.0, 5.0, 5.0, 5.0, 5.0, 5.0, 5.0, 5.0, 5.0, 5.0, 5.0, 5.0, 5.0, 5.0, 5.0, 5.0, 5.0, 5.0, 5.0, 5.0, 5.0, 5.0, 5.0, 5.0, 5.0, 5.0, 5.0, 5.0, 5.0, 5.0, 5.0, 5.0, 5.0, 5.0, 5.0, 5.0, 5.0, 5.0, 5.0, 5.0, 5.0, 5.0, 5.0, 5.0, 5.0, 5.0, 5.0, 5.0, 5.0, 5.0, 5.0, 5.0, 5.0, 5.0, 5.0, 5.0, 5.0, 5.0, 4.734512922410521, 4.734512922410521, 4.724117201011047, 4.724117201011047, 4.724117201011047, 4.724117201011047, 4.700663168054846, 4.700663168054846, 4.700663168054846, 4.700663168054846, 4.683309773592714, 4.683309773592714, 4.683309773592714, 4.683309773592714, 4.661403529049936, 4.661403529049936, 4.661403529049936, 4.661403529049936, 4.62645173083165, 4.62645173083165, 4.62645173083165, 4.62645173083165, 4.601320418526059, 4.601320418526059, 4.601320418526059, 4.601320418526059, 4.596453679328806, 4.596453679328806, 4.596453679328806, 4.596453679328806, 4.598806197483082, 4.598806197483082, 4.598806197483082, 4.598806197483082, 4.6092586111410725, 4.6092586111410725, 4.6092586111410725, 4.6092586111410725, 4.633397073867081, 4.633397073867081, 4.633397073867081, 4.633397073867081, 4.627774663381686, 4.627774663381686, 4.627774663381686, 4.627774663381686, 4.603737052243094, 4.603737052243094, 4.603737052243094, 4.603737052243094, 4.58869441626961, 4.58869441626961, 4.58869441626961, 4.58869441626961, 4.587073358997735, 4.587073358997735, 4.587073358997735, 4.587073358997735, 4.567931819994061, 4.567931819994061, 3.236675732147665, 3.235829838476802, 3.23762579211644, 3.23762579211644, 3.23762579211644, 3.23762579211644, 3.2439930148956817, 3.2439930148956817, 3.2439930148956817, 3.2439930148956817, 3.2833322011424233, 3.2833322011424233, 3.2833322011424233, 3.2833322011424233, 3.3574050588780575, 3.3574050588780575, 3.3574050588780575, 3.3574050588780575, 3.41512826402849, 3.41512826402849, 3.41512826402849, 3.41512826402849, 3.4658769941189425, 3.4658769941189425, 3.4658769941189425, 3.4658769941189425, 3.4854401859274873, 3.4854401859274873, 3.4854401859274873, 3.4854401859274873, 3.492553521430112, 3.492553521430112, 3.492553521430112, 3.492553521430112, 3.4922805061992976, 3.4922805061992976, 3.4922805061992976, 3.4922805061992976, 3.4964136531969037, 3.4964136531969037, 3.4964136531969037, 3.4964136531969037, 3.5068624948787037, 3.5068624948787037, 3.5068624948787037, 3.5068624948787037, 3.5024715976034564, 3.5024715976034564, 3.5024715976034564, 3.5024715976034564, 3.5138274121222497, 3.5138274121222497, 3.5138274121222497, 3.5138274121222497, 3.542699699332215, 3.542699699332215, 3.542699699332215, 3.542699699332215, 3.574910675924441, 3.574910675924441, 2.732183949806393, 2.732183949806393, 2.752766453868503, 2.752766453868503, 2.752766453868503, 2.752766453868503, 2.767756805908317, 2.767756805908317, 2.767756805908317, 2.767756805908317, 2.7726827518275514, 2.7726827518275514, 2.7726827518275514, 2.7726827518275514, 2.772197539495266, 2.772197539495266, 2.772197539495266, 2.772197539495266, 2.7592884087082714, 2.7592884087082714, 2.7592884087082714, 2.7592884087082714, 2.7357843605286813, 2.7357843605286813, 2.7357843605286813, 2.7357843605286813, 2.722238087587363, 2.722238087587363, 2.722238087587363, 2.722238087587363, 2.684705706416887, 2.684705706416887, 2.684705706416887, 2.684705706416887, 2.6444643316476033, 2.6444643316476033, 2.6444643316476033, 2.6444643316476033, 2.6215620740321905, 2.6215620740321905, 2.6215620740321905, 2.6215620740321905, 2.6225856506733103, 2.6225856506733103, 2.6225856506733103, 2.6225856506733103, 2.623423090582622, 2.623423090582622, 2.623423090582622, 2.623423090582622, 2.5929021753893453, 2.5929021753893453, 2.5929021753893453, 2.5929021753893453, 2.589305062215286, 2.589305062215286, 2.589305062215286, 2.589305062215286, 2.5940304220578025], "O35": 3.2695988373420684, "O46": 3.3004315177315515,