{"O23": 3.914316407468664, "O34": [5.0, 5.0, 5.0, 5.0, 5.0, 5.0, 5.0, 5.0, 5.0, 3.592530606209053, 3.5874828820341946, 3.5874828820341946, 3.5874828820341946, 3.5874828820341946, 3.5874828820341946, 3.5874828820341946, 3.5874828820341946, 3.5874828820341946, 3.5874828820341946, 5.0, 5.0, 5.0, 5.0, 5.0, 5.0, 5.0, 5.0, 5.0, 5.0, 3.4938173347852577, 3.488821188518624, 3.488821188518624, 3.488821188518624, 3.488821188518624, 3.488821188518624, 3.488821188518624, 3.488821188518624, 3.488821188518624, 3.488821188518624, 5.0, 5.0, 5.0, 5.0, 5.0, 5.0, 5.0, 5.0, 5.0, 5.0, 3.6104482125352004, 3.605391126370395, 3.605391126370395, 3.605391126370395, 3.605391126370395, 3.605391126370395, 3.605391126370395, 3.605391126370395, 3.605391126370395, 3.605391126370395, 3.605391126370395], "O35": 3.8414064315266363, "O46": 3.1372702432534494, "O22": [4.2977835168398375, 4.2977835168398375, 4.2977835168398375, 4.2977835168398375, 4.2977835168398375, 4.2977835168398375, 4.2977835168398375, 4.2977835168398375, 4.2977835168398375, 2.6697570563737454, 2.6697570563737454, 2.6697570563737454, 2.6697570563737454, 2.6697570563737454, 2.6697570563737454, 2.6697570563737454, 2.6697570563737454, 2.6697570563737454, 2.6697570563737454, 4.2821865450099805, 4.2821865450099805, 4.2821865450099805, 4.2821865450099805, 4.2821865450099805, 4.2821865450099805, 4.2821865450099805, 4.2821865450099805, 4.2821865450099805, 4.2821865450099805, 2.5786635633469235, 2.5786635633469235, 2.5786635633469235, 2.5786635633469235, 2.5786635633469235, 2.5786635633469235, 2.5786635633469235, 2.5786635633469235, 2.5786635633469235, 2.5786635633469235, 4.330061377854112, 4.330061377854112, 4.330061377854112, 4.330061377854112, 4.330061377854112, 4.330061377854112, 4.330061377854112, 4.330061377854112, 4.330061377854112, 4.330061377854112, 2.686291584339301, 2.686291584339301, 2.686291584339301, 2.686291584339301, 2.686291584339301, 2.686291584339301, 2.686291584339301, 2.686291584339301, 2.686291584339301, 2.686291584339301, 2.686291584339301], "O21": [4.553999999999999, 4.553999999999999, 4.553999999999999, 4.553999999999999, 4.553999999999999, 4.553999999999999, 4.553999999999999, 4.553999999999999, 4.553999999999999, 4.553999999999999, 4.531000000000001, 4.531000000000001, 4.531000000000001, 4.531000000000001, 4.531000000000001, 4.531000000000001, 4.531000000000001, 4.531000000000001, 4.531000000000001, 4.531000000000001, 4.553999999999999, 4.553999999999999, 4.553999999999999, 4.553999999999999, 4.553999999999999, 4.553999999999999, 4.553999999999999, 4.553999999999999, 4.553999999999999, 4.553999999999999, 4.531000000000001, 4.531000000000001, 4.531000000000001, 4.531000000000001, 4.531000000000001, 4.531000000000001, 4.531000000000001, 4.531000000000001, 4.531000000000001, 4.532, 4.553999999999999, 4.553999999999999, 4.553999999999999, 4.553999999999999, 4.553999999999999, 4.553999999999999, 4.553999999999999, 4.553999999999999, 4.553999999999999, 4.553999999999999, 4.531000000000001, 4.531000000000001, 4.531000000000001, 4.531000000000001, 4.531000000000001, 4.531000000000001, 4.531000000000001, 4.531000000000001, 4.531000000000001, 4.531000000000001], "mode": "0"}