{"O23": 5.0, "O34": [1.8380187592257002, 1.8380187592257002, 1.837533906942049, 1.837533906942049, 1.837533906942049, 1.837533906942049, 1.8363261905253334, 1.8363261905253334, 1.8363261905253334, 1.8363261905253334, 1.8349693318157716, 1.8349693318157716, 1.8349693318157716, 1.8358689064912666, 1.8344327063224926, 1.8344327063224926, 1.8344327063224926, 1.8327327674842373, 1.8304497866529406, 1.8304497866529406, 1.8304497866529406, 1.8284144967822036, 1.826576820192504, 1.826576820192504, 1.826576820192504, 1.8246990533134586, 1.825729348469189, 1.825729348469189, 1.825729348469189, 1.8245888866554578, 1.8245888866554578, 1.8245888866554578, 1.8245888866554578, 1.8236981207039915, 1.8236981207039915, 1.8236981207039915, 1.8236981207039915, 1.8225219312428595, 1.8225219312428595, 1.8225219312428595, 3.5938796784846545, 3.5940992951400026, 3.575399716408217, 3.575399716408217, 3.575399716408217, 3.575399716408217, 3.5546482545403753, 3.5546482545403753, 3.5546482545403753, 3.5546482545403753, 3.548054462437045, 3.548054462437045, 3.548054462437045, 3.5380205024631852, 3.5384550927231606, 3.5384550927231606, 3.5384550927231606, 3.5384550927231606, 3.5090850042773782, 3.5090850042773782, 3.5090850042773782, 3.5090850042773782, 3.489754467457514, 3.489754467457514, 3.489754467457514, 3.489754467457514, 3.4740500577147406, 3.4740500577147406, 3.4740500577147406, 3.4740500577147406, 3.4780238783165403, 3.4780238783165403, 3.4780238783165403, 3.4780238783165403, 3.4686171308171874, 3.4686171308171874, 3.4686171308171874, 3.4686171308171874, 3.4397983185324725, 3.4397983185324725, 5.0, 5.0, 5.0, 5.0, 5.0, 5.0, 5.0, 5.0, 5.0, 5.0, 5.0, 5.0, 5.0, 5.0, 5.0, 5.0, 5.0, 5.0, 5.0, 5.0, 5.0, 5.0, 5.0, 5.0, 5.0, 5.0, 5.0, 5.0, 5.0, 5.0, 5.0, 5.0, 5.0, 5.0, 5.0, 5.0, 5.0, 5.0, 5.0, 5.0, 5.0, 5.0, 5.0, 5.0, 5.0, 5.0, 5.0, 5.0, 5.0, 5.0, 5.0, 5.0, 5.0, 5.0, 5.0, 5.0, 5.0, 5.0, 5.0, 5.0, 5.0, 5.0, 5.0, 5.0, 5.0, 5.0, 5.0, 5.0, 5.0, 5.0, 5.0, 5.0, 5.0, 5.0, 5.0, 5.0, 5.0, 5.0, 5.0, 5.0, 5.0, 5.0, 5.0, 5.0, 5.0, 5.0, 5.0, 5.0, 5.0, 5.0, 5.0, 5.0, 5.0, 5.0, 5.0, 5.0, 5.0, 5.0, 5.0, 5.0, 5.0, 5.0, 5.0, 5.0, 5.0, 5.0, 5.0, 5.0, 5.0, 5.0, 5.0, 5.0, 5.0, 5.0, 5.0, 5.0, 5.0, 5.0, 5.0, 5.0, 5.0, 5.0, 5.0, 5.0, 5.0, 5.0, 5.0, 5.0, 5.0, 5.0, 5.0, 5.0, 5.0, 5.0, 5.0, 5.0, 5.0, 5.0, 5.0, 5.0, 3.5976601489332443, 3.5965617858022476, 3.595789381572682, 3.595789381572682, 3.595789381572682, 3.595789381572682, 3.6090174831976936, 3.6090174831976936, 3.6090174831976936, 3.6090174831976936, 3.618642890571466, 3.618642890571466, 3.618642890571466, 3.618642890571466, 3.617025211306164, 3.617025211306164, 3.617025211306164, 3.617025211306164, 3.5992322250918365, 3.5992322250918365, 3.5992322250918365, 3.5992322250918365, 3.5937744290752978, 3.5937744290752978, 3.5937744290752978, 3.5937744290752978, 3.581734631023939, 3.581734631023939, 3.581734631023939, 3.581734631023939, 3.564310085912382, 3.564310085912382, 3.564310085912382, 3.564310085912382, 3.5340982106771195, 3.5340982106771195, 3.5340982106771195, 3.5340982106771195, 3.5172173424324726, 3.5172173424324726, 1.838497411478761, 1.832374786062932, 1.8321819810813498, 1.8321819810813498, 1.8321819810813498, 1.8321819810813498, 1.83323636741583, 1.83323636741583, 1.83323636741583, 1.83323636741583, 1.8338224115443866, 1.8338224115443866, 1.8338224115443866, 1.8338224115443866, 1.8345492554158291, 1.8345492554158291, 1.8345492554158291, 1.8345492554158291, 1.8342798670066358, 1.8342798670066358, 1.8342798670066358, 1.8342798670066358, 1.8341082423678177, 1.8341082423678177, 1.8341082423678177, 1.8341082423678177, 1.8336751337650459, 1.8336751337650459, 1.8336751337650459, 1.8336751337650459, 1.832907042475875, 1.832907042475875, 1.832907042475875, 1.832907042475875, 1.8319242304022543, 1.8319242304022543, 1.8319242304022543, 1.8319242304022543, 1.8306974148261197], "O35": 2.673739955294957, "O46": 2.7275891259837177, "O22": [1.074956929270768, 1.074956929270768, 1.0745080142905121, 1.0745080142905121, 1.0745080142905121, 1.0745080142905121, 1.0733898139444562, 1.0733898139444562, 1.0733898139444562, 1.0733898139444562, 1.0721335257483355, 1.0721335257483355, 1.0721335257483355, 1.0729664238521612, 1.0716366749943158, 1.0716366749943158, 1.0716366749943158, 1.0700627358055284, 1.0679489697589115, 1.0679489697589115, 1.0679489697589115, 1.0660645357922263, 1.0643630679889409, 1.0643630679889409, 1.0643630679889409, 1.0626244813928665, 1.0635784109608775, 1.0635784109608775, 1.0635784109608775, 1.0625224802994018, 1.0625224802994018, 1.0625224802994018, 1.0625224802994018, 1.0616977380160326, 1.0616977380160326, 1.0616977380160326, 1.0616977380160326, 1.0606087278442227, 1.0606087278442227, 1.0606087278442227, 2.675865933686107, 2.675865933686107, 2.65860077347943, 2.65860077347943, 2.65860077347943, 2.65860077347943, 2.6394411272216223, 2.6394411272216223, 2.6394411272216223, 2.6394411272216223, 2.633353135686283, 2.633353135686283, 2.633353135686283, 2.6240888667452076, 2.6244901201943014, 2.6244901201943014, 2.6244901201943014, 2.6244901201943014, 2.597372970146489, 2.597372970146489, 2.597372970146489, 2.597372970146489, 2.5795252517640037, 2.5795252517640037, 2.5795252517640037, 2.5795252517640037, 2.5650255053232236, 2.5650255053232236, 2.5650255053232236, 2.5650255053232236, 2.5686944997057575, 2.5686944997057575, 2.5686944997057575, 2.5686944997057575, 2.5600093306476963, 2.5600093306476963, 2.5600093306476963, 2.5600093306476963, 2.5334011691378326, 2.5334011691378326, 4.258168279548368, 4.258168279548368, 4.269226675441411, 4.269226675441411, 4.269226675441411, 4.269226675441411, 4.272849418415731, 4.272849418415731, 4.272849418415731, 4.272849418415731, 4.267892855574273, 4.267892855574273, 4.267892855574273, 4.267892855574273, 4.271939789360647, 4.271939789360647, 4.271939789360647, 4.271939789360647, 4.272002437113352, 4.272002437113352, 4.272002437113352, 4.272002437113352, 4.270597556045005, 4.270597556045005, 4.270597556045005, 4.270597556045005, 4.262776487211955, 4.262776487211955, 4.262776487211955, 4.262776487211955, 4.265344569273185, 4.265344569273185, 4.265344569273185, 4.265344569273185, 4.266785285631153, 4.266785285631153, 4.266785285631153, 4.266785285631153, 4.250950175983454, 4.250950175983454, 4.250950175983454, 4.250950175983454, 4.232916587495795, 4.232916587495795, 4.232916587495795, 4.232916587495795, 4.21553196790881, 4.21553196790881, 4.21553196790881, 4.21553196790881, 4.206069072356838, 4.206069072356838, 4.206069072356838, 4.206069072356838, 4.183240827537863, 4.183240827537863, 4.183240827537863, 4.183240827537863, 4.174226721679436, 4.174226721679436, 4.174226721679436, 4.174226721679436, 4.1872001379606125, 4.1872001379606125, 4.1872001379606125, 4.1872001379606125, 4.193539215764709, 4.193539215764709, 4.193539215764709, 4.193539215764709, 4.198156619127177, 4.198156619127177, 4.198156619127177, 4.198156619127177, 4.223107150942529, 4.223107150942529, 4.223107150942529, 4.223107150942529, 4.247723323229079, 4.247723323229079, 4.247723323229079, 4.247723323229079, 4.269771718628472, 4.269771718628472, 4.269771718628472, 4.269771718628472, 4.290145670173978, 4.290145670173978, 4.290145670173978, 4.290145670173978, 4.313389326378045, 4.313389326378045, 4.313389326378045, 4.313389326378045, 4.326510884691643, 4.326510884691643, 4.326510884691643, 4.326510884691643, 4.322972944048692, 4.322972944048692, 4.322972944048692, 4.322972944048692, 4.317336908999709, 4.317336908999709, 4.317336908999709, 4.317336908999709, 4.305619018515672, 4.305619018515672, 4.305619018515672, 4.305619018515672, 4.290521346205783, 4.290521346205783, 4.290521346205783, 4.290521346205783, 4.272202097890478, 4.272202097890478, 4.272202097890478, 4.272202097890478, 4.265213289400267, 4.265213289400267, 4.265213289400267, 4.265213289400267, 4.277622130072215, 4.277622130072215, 4.277622130072215, 4.277622130072215, 4.291959356885977, 4.291959356885977, 4.291959356885977, 4.291959356885977, 4.298757685646386, 4.298757685646386, 