{"O23": 5.0, "O34": [5.0, 5.0, 5.0, 5.0, 5.0, 5.0, 5.0, 5.0, 5.0, 5.0, 4.021240575571647, 4.021240575571647, 4.021240575571647, 4.021240575571647, 4.021240575571647, 4.021240575571647, 4.021240575571647, 4.021240575571647, 4.021240575571647, 4.021469900877521, 5.0, 5.0, 5.0, 5.0, 5.0, 5.0, 5.0, 5.0, 5.0, 5.0, 3.9324997428347874, 3.9324997428347874, 3.9324997428347874, 3.9324997428347874, 3.9324997428347874, 3.9324997428347874, 3.9324997428347874, 3.9324997428347874, 3.9324997428347874, 3.932727051117788, 5.0, 5.0, 5.0, 5.0, 5.0, 5.0, 5.0, 5.0, 5.0, 5.0, 3.787166190567985, 3.787166190567985, 3.787166190567985, 3.787166190567985, 3.787166190567985, 3.787166190567985, 3.787166190567985, 3.787166190567985, 3.787166190567985, 3.787166190567985], "O35": 4.097006406776062, "O46": 4.154641856207046, "O22": [4.293553794429012, 4.293553794429012, 4.293553794429012, 4.293553794429012, 4.293553794429012, 4.293553794429012, 4.293553794429012, 4.293553794429012, 4.293553794429012, 4.293553794429012, 3.0702418040367108, 3.0702418040367108, 3.0702418040367108, 3.0702418040367108, 3.0702418040367108, 3.0702418040367108, 3.0702418040367108, 3.0702418040367108, 3.0702418040367108, 3.0702418040367108, 4.361708994519363, 4.361708994519363, 4.361708994519363, 4.361708994519363, 4.361708994519363, 4.361708994519363, 4.361708994519363, 4.361708994519363, 4.361708994519363, 4.361708994519363, 2.9883081564368577, 2.9883081564368577, 2.9883081564368577, 2.9883081564368577, 2.9883081564368577, 2.9883081564368577, 2.9883081564368577, 2.9883081564368577, 2.9883081564368577, 2.9883081564368577, 4.234224827329256, 4.234224827329256, 4.234224827329256, 4.234224827329256, 4.234224827329256, 4.234224827329256, 4.234224827329256, 4.234224827329256, 4.234224827329256, 4.234224827329256, 2.854122937652935, 2.854122937652935, 2.854122937652935, 2.854122937652935, 2.854122937652935, 2.854122937652935, 2.854122937652935, 2.854122937652935, 2.854122937652935, 2.854122937652935], "O21": [4.553999999999999, 4.553999999999999, 4.553999999999999, 4.553999999999999, 4.553999999999999, 4.553999999999999, 4.553999999999999, 4.553999999999999, 4.553999999999999, 4.553, 4.531000000000001, 4.531000000000001, 4.531000000000001, 4.531000000000001, 4.531000000000001, 4.531000000000001, 4.531000000000001, 4.531000000000001, 4.531000000000001, 4.532, 4.553999999999999, 4.553999999999999, 4.553999999999999, 4.553999999999999, 4.553999999999999, 4.553999999999999, 4.553999999999999, 4.553999999999999, 4.553999999999999, 4.553999999999999, 4.531000000000001, 4.531000000000001, 4.531000000000001, 4.531000000000001, 4.531000000000001, 4.531000000000001, 4.531000000000001, 4.531000000000001, 4.531000000000001, 4.532, 4.553999999999999, 4.553999999999999, 4.553999999999999, 4.553999999999999, 4.553999999999999, 4.553999999999999, 4.553999999999999, 4.553999999999999, 4.553999999999999, 4.553, 4.531000000000001, 4.531000000000001, 4.531000000000001, 4.531000000000001, 4.531000000000001, 4.531000000000001, 4.531000000000001, 4.531000000000001, 4.531000000000001, 4.531000000000001], "mode": "0"}