{"O23": 3.75583584965053, "O34": [3.4518510257204045, 3.4518510257204045, 3.4518510257204045, 3.4518510257204045, 3.451517089943228, 3.451517089943228, 3.451517089943228, 3.451517089943228, 3.451517089943228, 3.492791937664462, 3.492791937664462, 3.492791937664462, 3.492791937664462, 3.492791937664462, 3.49182297318381, 3.49182297318381, 3.49182297318381, 3.49182297318381, 3.49182297318381, 3.5086560722393125, 3.5086560722393125, 3.5086560722393125, 3.5086560722393125, 3.5086560722393125, 3.540566653705409, 3.540566653705409, 3.540566653705409, 3.540566653705409, 3.540566653705409, 3.563715661438895, 3.563715661438895, 3.563715661438895, 3.563715661438895, 3.563715661438895, 3.5575872379043396, 3.5575872379043396, 3.5575872379043396, 3.5575872379043396, 3.5575872379043396, 3.566155912769244, 3.566155912769244, 3.566155912769244, 3.566155912769244, 3.566155912769244, 3.584790756608852, 3.584790756608852, 3.584790756608852, 3.584790756608852, 3.584790756608852, 3.5815594207191808, 3.5815594207191808, 3.5815594207191808, 3.5815594207191808, 3.5815594207191808, 3.573193068583218, 3.573193068583218, 3.573193068583218, 3.573193068583218, 3.573193068583218, 3.563867158700118, 3.563867158700118, 3.563867158700118, 3.563867158700118, 3.563867158700118, 3.547635427648471, 3.547635427648471, 3.547635427648471, 3.547635427648471, 3.547635427648471, 3.5433853133114983, 3.5433853133114983, 3.5433853133114983, 3.5433853133114983, 3.5433853133114983, 3.5360841801144867, 3.5360841801144867, 3.5360841801144867, 3.5360841801144867, 3.5360841801144867, 3.53971552878536, 3.53971552878536, 3.53971552878536, 3.53971552878536, 3.53971552878536, 3.5348776556294017, 3.5348776556294017, 3.5348776556294017, 3.5348776556294017, 3.5348776556294017, 3.5408092723296063, 3.5408092723296063, 3.5408092723296063, 3.5408092723296063, 3.5408092723296063, 3.53591993482331, 3.53591993482331, 3.53591993482331, 3.53591993482331, 3.53591993482331, 3.5425826250266716, 3.5425826250266716, 3.5425826250266716, 3.5425826250266716, 3.5425826250266716, 3.5370950772813052, 3.5370950772813052, 3.5370950772813052, 3.5370950772813052, 3.5370950772813052, 3.5407349392432206, 3.5407349392432206, 3.5407349392432206, 3.5407349392432206, 3.5407349392432206, 3.5447622346405327, 3.5447622346405327, 3.5447622346405327, 3.5447622346405327, 3.5447622346405327, 4.665773608808539, 4.6711410617373925, 4.671385036870522, 4.671385036870522, 4.666094215924498, 4.666094215924498, 4.666094215924498, 4.666094215924498, 4.666094215924498, 4.661341414214801, 4.661341414214801, 4.661341414214801, 4.661341414214801, 4.661341414214801, 4.661780872178893, 4.661780872178893, 4.661780872178893, 4.661780872178893, 4.661780872178893, 4.656422838671635, 4.656422838671635, 4.656422838671635, 4.656422838671635, 4.656422838671635, 4.668668168854346, 4.668668168854346, 4.668668168854346, 4.668668168854346, 4.668668168854346, 4.6814039348598815, 4.6814039348598815, 4.6814039348598815, 4.6814039348598815, 4.6814039348598815, 4.695342686220412, 4.695342686220412, 4.695342686220412, 4.695342686220412, 4.695342686220412, 4.673203529579958, 4.673203529579958, 4.673203529579958, 4.673203529579958, 4.673203529579958, 4.68388386175777, 4.68388386175777, 4.68388386175777, 4.68388386175777, 4.68388386175777, 4.67227457563701, 4.67227457563701, 4.67227457563701, 4.67227457563701, 4.67227457563701, 4.665107057455405, 4.665107057455405, 4.665107057455405, 4.665107057455405, 4.665107057455405, 4.650331767499074, 4.650331767499074, 4.650331767499074, 4.650331767499074, 4.650331767499074, 4.666489539089676, 4.666489539089676, 4.666489539089676, 4.666489539089676, 4.666489539089676, 4.651277423357556, 4.651277423357556, 4.651277423357556, 4.651277423357556, 4.651277423357556, 4.665085387424663, 4.665085387424663, 4.665085387424663, 4.665085387424663, 4.665085387424663, 4.673235184875349, 4.673235184875349, 4.673235184875349, 4.673235184875349, 4.673235184875349, 4.677430983657925, 4.677430983657925, 4.677430983657925, 4.677430983657925, 4.677430983657925, 4.68813257922161, 4.68813257922161, 4.68813257922161, 4.68813257922161, 4.68813257922161, 4.716954405039062, 4.716954405039062, 4.716954405039062, 4.716954405039062, 4.716954405039062, 4.722013136219738, 4.722013136219738, 4.722013136219738, 4.722013136219738, 4.722013136219738, 4.703805656355597, 4.703805656355597, 4.703805656355597, 4.703805656355597, 4.703805656355597, 4.7121393583554445, 4.7121393583554445, 4.7121393583554445, 4.7121393583554445, 4.7121393583554445, 4.716809382779622, 4.716809382779622, 4.716809382779622, 4.716809382779622, 4.716809382779622], "O35": 4.1065701942615, "O46": 3.1949808989878097,