{"O23": 5.0, "O34": [5.0, 5.0, 5.0, 5.0, 5.0, 5.0, 5.0, 5.0, 4.683431578623609, 4.683431578623609, 4.683431578623609, 4.683431578623609, 4.683431578623609, 4.683431578623609, 4.683431578623609, 4.683431578623609, 5.0, 5.0, 5.0, 5.0, 5.0, 5.0, 5.0, 5.0, 4.634846723069224, 4.634846723069224, 4.634846723069224, 4.634846723069224, 4.634846723069224, 4.634846723069224, 4.634846723069224, 4.634846723069224, 5.0, 5.0, 5.0, 5.0, 4.6061791463747035, 4.6061791463747035, 4.6061791463747035, 4.6061791463747035, 4.6061791463747035, 4.6061791463747035, 4.6061791463747035, 4.6061791463747035, 5.0, 5.0, 5.0, 5.0, 5.0, 5.0, 5.0, 5.0, 4.6684195317512325, 4.6684195317512325, 4.6684195317512325, 4.6684195317512325, 4.6684195317512325, 4.6684195317512325, 4.6684195317512325], "O35": 4.723788824272027, "O46": 4.645351402704021, "O22": [4.299337598201369, 4.299337598201369, 4.299337598201369, 4.299337598201369, 4.299337598201369, 4.299337598201369, 4.299337598201369, 4.299337598201369, 3.6764502668232963, 3.6764502668232963, 3.6764502668232963, 3.6764502668232963, 3.6764502668232963, 3.6764502668232963, 3.6764502668232963, 3.6764502668232963, 4.287962892612489, 4.287962892612489, 4.287962892612489, 4.287962892612489, 4.287962892612489, 4.287962892612489, 4.287962892612489, 4.287962892612489, 3.6316157259675697, 3.6316157259675697, 3.6316157259675697, 3.6316157259675697, 3.6316157259675697, 3.6316157259675697, 3.6316157259675697, 3.6316157259675697, 4.216929845988354, 4.216929845988354, 4.216929845988354, 4.216929845988354, 3.605161028842735, 3.605161028842735, 3.605161028842735, 3.605161028842735, 3.605161028842735, 3.605161028842735, 3.605161028842735, 3.605161028842735, 4.263875113700901, 4.263875113700901, 4.263875113700901, 4.263875113700901, 4.263875113700901, 4.263875113700901, 4.263875113700901, 4.263875113700901, 3.6625970152051197, 3.6625970152051197, 3.6625970152051197, 3.6625970152051197, 3.6625970152051197, 3.6625970152051197, 3.6625970152051197], "O21": [4.553999999999999, 4.553999999999999, 4.553999999999999, 4.553999999999999, 4.553999999999999, 4.553999999999999, 4.553999999999999, 4.553999999999999, 4.553999999999999, 4.553999999999999, 4.553999999999999, 4.553999999999999, 4.553999999999999, 4.553999999999999, 4.553999999999999, 4.553999999999999, 4.553999999999999, 4.553999999999999, 4.553999999999999, 4.553999999999999, 4.553999999999999, 4.553999999999999, 4.553999999999999, 4.553999999999999, 4.553999999999999, 4.553999999999999, 4.553999999999999, 4.553999999999999, 4.553999999999999, 4.553999999999999, 4.553999999999999, 4.553999999999999, 4.553999999999999, 4.553999999999999, 4.553999999999999, 4.553999999999999, 4.553999999999999, 4.553999999999999, 4.553999999999999, 4.553999999999999, 4.553999999999999, 4.553999999999999, 4.553999999999999, 4.553999999999999, 4.553999999999999, 4.553999999999999, 4.553999999999999, 4.553999999999999, 4.553999999999999, 4.553999999999999, 4.553999999999999, 4.553999999999999, 4.553999999999999, 4.553999999999999, 4.553999999999999, 4.553999999999999, 4.553999999999999, 4.553999999999999, 4.553999999999999], "mode": "0"}