{"O23": 2.0693970447050605, "O34": [2.806289391654766, 2.806289391654766, 2.8130468641547655, 2.8130468641547655, 2.8130468641547655, 2.8130468641547655, 2.8074574986893, 2.8074574986893, 2.8074574986893, 2.8074574986893, 2.8110940563565165, 2.8110940563565165, 2.8110940563565165, 2.807589046660941, 2.8126990994012635, 2.8126990994012635, 2.8126990994012635, 2.817013168555242, 2.821731339218844, 2.821731339218844, 2.821731339218844, 2.8260361975160793, 2.8307912868001295, 2.8307912868001295, 2.8307912868001295, 2.830439295231134, 2.836961610483779, 2.836961610483779, 2.836961610483779, 2.846625089441243, 2.839185047201433, 2.839185047201433, 2.839185047201433, 2.8412426588105615, 2.8160236421557867, 2.8160236421557867, 2.8160236421557867, 2.8116397152565207, 2.809382477677057, 2.809382477677057, 2.809382477677057, 2.8019358070157097, 2.788509096068077, 2.788509096068077, 2.788509096068077, 2.7738671207456003, 2.7792472211655057, 2.7792472211655057, 2.7792472211655057, 2.7792472211655057, 2.758316070467755, 2.758316070467755, 2.758316070467755, 2.758316070467755, 2.7471268491083696, 2.7471268491083696, 2.7471268491083696, 2.7471268491083696, 2.7741341476456056], "O35": 2.7881551212679594, "O46": 1.6938814124171577, "O22": [1.9484878258060947, 1.9484878258060947, 1.9547269420438522, 1.9547269420438522, 1.9547269420438522, 1.9547269420438522, 1.9495663289841103, 1.9495663289841103, 1.9495663289841103, 1.9495663289841103, 1.9529239313999653, 1.9529239313999653, 1.9529239313999653, 1.949687786094873, 1.954405853838093, 1.954405853838093, 1.954405853838093, 1.9583889967823518, 1.9627452431747403, 1.9627452431747403, 1.9627452431747403, 1.9667198818141918, 1.9711102148513002, 1.9711102148513002, 1.9711102148513002, 1.970785224063151, 1.97680722163703, 1.97680722163703, 1.97680722163703, 1.9857294286422, 1.9788601016345058, 1.9788601016345058, 1.9788601016345058, 1.9807598767355534, 1.9574753755687202, 1.9574753755687202, 1.9574753755687202, 1.9534277335690888, 1.951343645526628, 1.951343645526628, 1.951343645526628, 1.9444681985543397, 1.9320714318204668, 1.9320714318204668, 1.9320714318204668, 1.9185526219418751, 1.9235200223849547, 1.9235200223849547, 1.9235200223849547, 1.9235200223849547, 1.904194470976008, 1.904194470976008, 1.904194470976008, 1.904194470976008, 1.8938635591341606, 1.8938635591341606, 1.8938635591341606, 1.8938635591341606, 1.918799165581933], "O21": [4.531000000000001, 4.531000000000001, 4.531000000000001, 4.531000000000001, 4.531000000000001, 4.531000000000001, 4.531000000000001, 4.531000000000001, 4.531000000000001, 4.531000000000001, 4.531000000000001, 4.531000000000001, 4.531000000000001, 4.531000000000001, 4.531000000000001, 4.531000000000001, 4.531000000000001, 4.531000000000001, 4.531000000000001, 4.531000000000001, 4.531000000000001, 4.531000000000001, 4.531000000000001, 4.531000000000001, 4.531000000000001, 4.531000000000001, 4.531000000000001, 4.531000000000001, 4.531000000000001, 4.531000000000001, 4.531000000000001, 4.531000000000001, 4.531000000000001, 4.531000000000001, 4.531000000000001, 4.531000000000001, 4.531000000000001, 4.531000000000001, 4.531000000000001, 4.531000000000001, 4.531000000000001, 4.531000000000001, 4.531000000000001, 4.531000000000001, 4.531000000000001, 4.531000000000001, 4.531000000000001, 4.531000000000001, 4.531000000000001, 4.531000000000001, 4.531000000000001, 4.531000000000001, 4.531000000000001, 4.531000000000001, 4.531000000000001, 4.531000000000001, 4.531000000000001, 4.531000000000001, 4.531000000000001], "mode": "0"}