{"O23": 4.594340904953616, "O34": [5.0, 5.0, 5.0, 5.0, 5.0, 3.4986769949790215, 3.4986769949790215, 3.4986769949790215, 3.4986769949790215, 3.4988944427459776, 5.0, 5.0, 5.0, 5.0, 5.0, 3.597275405944694, 3.597275405944694, 3.597275405944694, 3.597275405944694, 3.5974950947910265, 5.0, 5.0, 5.0, 5.0, 5.0, 3.610874199257117, 3.610874199257117, 3.610874199257117, 3.610874199257117, 3.611094197195401, 5.0, 5.0, 5.0, 5.0, 5.0, 5.0, 5.0, 5.0, 5.0, 5.0, 5.0, 5.0, 5.0, 5.0, 5.0, 5.0, 5.0, 5.0, 5.0, 5.0, 5.0, 5.0, 5.0, 5.0, 5.0, 5.0, 5.0, 5.0, 5.0, 5.0], "O35": 4.483706982019493, "O46": 4.126766684027221, "O22": [4.107151715941018, 4.107151715941018, 4.107151715941018, 4.107151715941018, 4.107151715941018, 2.58776334468133, 2.58776334468133, 2.58776334468133, 2.58776334468133, 2.58776334468133, 4.330940292454411, 4.330940292454411, 4.330940292454411, 4.330940292454411, 4.330940292454411, 2.6787984094741284, 2.6787984094741284, 2.6787984094741284, 2.6787984094741284, 2.6787984094741284, 4.258149638910057, 4.258149638910057, 4.258149638910057, 4.258149638910057, 4.258149638910057, 2.6913540583753193, 2.6913540583753193, 2.6913540583753193, 2.6913540583753193, 2.6913540583753193, 4.388044130553632, 4.388044130553632, 4.388044130553632, 4.388044130553632, 4.388044130553632, 4.368569862958031, 4.368569862958031, 4.368569862958031, 4.368569862958031, 4.368569862958031, 4.3519360258096755, 4.3519360258096755, 4.3519360258096755, 4.3519360258096755, 4.357401672567897, 4.343741309974986, 4.343741309974986, 4.343741309974986, 4.343741309974986, 4.314453369709298, 4.314453369709298, 4.314453369709298, 4.314453369709298, 4.314453369709298, 4.273497288715904, 4.273497288715904, 4.273497288715904, 4.273497288715904, 4.273497288715904, 4.266349704916315], "O21": [4.553999999999999, 4.553999999999999, 4.553999999999999, 4.553999999999999, 4.553999999999999, 4.531000000000001, 4.531000000000001, 4.531000000000001, 4.531000000000001, 4.532, 4.553999999999999, 4.553999999999999, 4.553999999999999, 4.553999999999999, 4.553999999999999, 4.531000000000001, 4.531000000000001, 4.531000000000001, 4.531000000000001, 4.532, 4.553999999999999, 4.553999999999999, 4.553999999999999, 4.553999999999999, 4.553, 4.531000000000001, 4.531000000000001, 4.531000000000001, 4.531000000000001, 4.532, 4.553999999999999, 4.553999999999999, 4.553999999999999, 4.553999999999999, 4.553999999999999, 4.553999999999999, 4.553999999999999, 4.553999999999999, 4.553999999999999, 4.553999999999999, 4.553999999999999, 4.553999999999999, 4.553999999999999, 4.553999999999999, 4.553999999999999, 4.553999999999999, 4.553999999999999, 4.553999999999999, 4.553999999999999, 4.553999999999999, 4.553999999999999, 4.553999999999999, 4.553999999999999, 4.553999999999999, 4.553999999999999, 4.553999999999999, 4.553999999999999, 4.553999999999999, 4.553999999999999, 4.553999999999999], "mode": "0"}