{"O23": 5.0, "O34": [5.0, 5.0, 5.0, 5.0, 5.0, 5.0, 5.0, 5.0, 5.0, 5.0, 5.0, 5.0, 5.0, 5.0, 5.0, 3.511823458983948, 3.511823458983948, 3.511823458983948, 3.511823458983948, 3.511823458983948, 3.511823458983948, 3.511823458983948, 3.511823458983948, 3.511823458983948, 3.5113879658284497, 1.8578902045393488, 1.8578902045393488, 1.8578902045393488, 1.8578902045393488, 1.8578902045393488, 1.8578902045393488, 1.8578902045393488, 1.8578902045393488, 1.8578902045393488, 1.8598774512658287, 3.527166289427038, 3.527166289427038, 3.527166289427038, 3.527166289427038, 3.527166289427038, 3.527166289427038, 3.527166289427038, 3.527166289427038, 3.527166289427038, 3.5273843847375965, 5.0, 5.0, 5.0, 5.0, 5.0, 5.0, 5.0, 5.0, 5.0, 5.0, 5.0, 5.0, 5.0, 5.0, 5.0, 5.0, 5.0, 5.0, 5.0, 5.0, 3.5324354307938037, 3.5324354307938037, 3.5324354307938037, 3.5324354307938037, 3.5324354307938037, 3.5324354307938037, 3.5324354307938037, 3.5324354307938037, 3.5324354307938037, 3.531780785569399, 1.8686717211534558, 1.8686717211534558, 1.8686717211534558, 1.8686717211534558, 1.8686717211534558, 1.8686717211534558, 1.8686717211534558, 1.8686717211534558, 1.8686717211534558, 1.8708425756020628, 3.576935492024347, 3.576935492024347, 3.576935492024347, 3.576935492024347, 3.576935492024347, 3.576935492024347, 3.576935492024347, 3.576935492024347, 3.576935492024347, 3.577593171623297, 5.0, 5.0, 5.0, 5.0, 5.0, 5.0, 5.0, 5.0, 5.0, 5.0, 5.0, 5.0, 5.0, 5.0, 5.0, 5.0, 5.0, 5.0, 5.0, 5.0, 3.555317294496137, 3.555317294496137, 3.555317294496137, 3.555317294496137, 3.555317294496137, 3.555317294496137, 3.555317294496137, 3.555317294496137, 3.555317294496137, 3.554442353835904, 1.8456005424320254, 1.8456005424320254, 1.8456005424320254, 1.8456005424320254, 1.8456005424320254, 1.8456005424320254, 1.8456005424320254, 1.8456005424320254, 1.8456005424320254, 1.8488473585632044, 3.5590066129146565, 3.5590066129146565, 3.5590066129146565, 3.5590066129146565, 3.5590066129146565, 3.5590066129146565, 3.5590066129146565, 3.5590066129146565, 3.5590066129146565, 3.559663069977437, 5.0, 5.0, 5.0, 5.0, 5.0, 5.0, 5.0, 5.0, 5.0, 5.0, 5.0, 5.0, 5.0, 5.0, 5.0, 5.0, 5.0, 5.0, 5.0, 5.0, 5.0, 5.0, 5.0, 5.0, 5.0, 5.0, 5.0, 5.0, 5.0, 5.0, 5.0, 5.0, 5.0], "O35": 3.436779684554852, "O46": 3.407225079791139, "O22": [4.306498770600018, 4.306498770600018, 4.306498770600018, 4.306498770600018, 4.306498770600018, 4.306498770600018, 4.306498770600018, 4.306498770600018, 4.306498770600018, 4.306498770600018, 4.306498770600018, 4.306498770600018, 4.306498770600018, 4.306498770600018, 4.324196479428426, 2.599901361823425, 2.599901361823425, 2.599901361823425, 2.599901361823425, 2.599901361823425, 2.599901361823425, 2.599901361823425, 2.599901361823425, 2.599901361823425, 2.599901361823425, 1.0933555009212064, 1.0933555009212064, 1.0933555009212064, 1.0933555009212064, 1.0933555009212064, 1.0933555009212064, 1.0933555009212064, 1.0933555009212064, 1.0933555009212064, 1.0933555009212064, 2.614067265206776, 2.614067265206776, 2.614067265206776, 2.614067265206776, 2.614067265206776, 2.614067265206776, 2.614067265206776, 2.614067265206776, 2.614067265206776, 2.614067265206776, 4.276614821124401, 4.276614821124401, 4.276614821124401, 4.276614821124401, 4.276614821124401, 4.325091345521552, 4.325091345521552, 4.325091345521552, 4.325091345521552, 4.325091345521552, 4.325091345521552, 4.325091345521552, 4.325091345521552, 4.325091345521552, 4.345544371061875, 4.345544371061875, 4.345544371061875, 4.345544371061875, 4.345544371061875, 4.3677253127003, 2.618932218110458, 2.618932218110458, 2.618932218110458, 2.618932218110458, 2.618932218110458, 2.618932218110458, 2.618932218110458, 2.618932218110458, 2.618932218110458, 2.618932218110458, 1.1033378903646553, 1.1033378903646553, 1.1033378903646553, 1.1033378903646553, 1.1033378903646553, 1.1033378903646553, 1.1033378903646553, 1.1033378903646553, 1.1033378903646553, 1.1033378903646553, 2.6600187418964896, 2.6600187418964896, 2.6600187418964896, 2.6600187418964896, 2.6600187418964896, 2.6600187418964896, 2.6600187418964896, 2.6600187418964896, 2.6600187418964896, 2.6600187418964896, 4.361655490528591, 4.361655490528591, 4.361655490528591, 4.361655490528591, 4.361655490528591, 4.350456621625906, 4.350456621625906, 4.350456621625906, 4.350456621625906, 4.350456621625906, 4.350456621625906, 4.350456621625906, 4.350456621625906, 4.350456621625906, 4.3380436505361075, 4.3380436505361075, 4.3380436505361075, 4.3380436505361075, 4.3380436505361075, 4.327505523556235, 2.6400588460583174, 2.6400588460583174, 2.6400588460583174, 2.6400588460583174, 2.6400588460583174, 2.6400588460583174, 2.6400588460583174, 2.6400588460583174, 2.6400588460583174, 2.6400588460583174, 1.081976749890653, 1.081976749890653, 1.081976749890653, 1.081976749890653, 1.081976749890653, 1.081976749890653, 1.081976749890653, 1.081976749890653, 1.081976749890653, 1.081976749890653, 2.6434651620220517, 2.6434651620220517, 2.6434651620220517, 2.6434651620220517, 2.6434651620220517, 2.6434651620220517, 2.6434651620220517, 2.6434651620220517, 2.6434651620220517, 2.6434651620220517, 4.333600732142861, 4.333600732142861, 4.333600732142861, 4.333600732142861, 4.333600732142861, 4.3201518774662215, 4.3201518774662215, 4.3201518774662215, 4.3201518774662215, 4.3201518774662215, 4.310807618475034, 4.310807618475034, 4.310807618475034, 4.310807618475034, 4.315348746326444, 4.304634011370787, 4.304634011370787, 4.304634011370787, 4.304634011370787, 4.2789872774069115, 4.287905947829235, 4.287905947829235, 4.287905947829235, 4.287905947829235, 4.2793252033448725, 4.2793252033448725, 4.2793252033448725, 4.2793252033448725, 4.2793252033448725, 4.282012481254879, 4.282012481254879, 4.282012481254879, 4.282012481254879],