{"O23": 3.3365132307218044, "O34": [5.0, 5.0, 5.0, 5.0, 5.0, 5.0, 5.0, 5.0, 5.0, 5.0, 5.0, 5.0, 5.0, 5.0, 5.0, 5.0, 5.0, 5.0, 5.0, 5.0, 3.6718423018810777, 3.6718423018810777, 3.6718423018810777, 3.6718423018810777, 3.6718423018810777, 3.6516218831114227, 3.6516218831114227, 3.6516218831114227, 3.6516218831114227, 3.6516218831114227, 3.6516218831114227, 3.6516218831114227, 3.6516218831114227, 3.6516218831114227, 3.6722470651293846, 3.6722470651293846, 3.6722470651293846, 3.6722470651293846, 3.6722470651293846, 3.6302241778931506, 1.84950884670425, 1.84950884670425, 1.84950884670425, 1.84950884670425, 1.84950884670425, 1.8492195186058342, 1.8492195186058342, 1.8492195186058342, 1.8492195186058342, 1.8492195186058342, 1.8540946025575857, 1.8540946025575857, 1.8540946025575857, 1.8540946025575857, 1.8544760011205526, 1.8581183083806512, 1.8581183083806512, 1.8581183083806512, 1.8581183083806512, 1.860692767666674, 1.8599608008544997, 1.8599608008544997, 1.8599608008544997, 1.8599608008544997, 1.8628482071739814, 1.86077113785759, 1.86077113785759, 1.86077113785759, 1.86077113785759, 1.8638294866699927, 1.862934759248098, 1.862934759248098, 1.862934759248098, 1.862934759248098, 1.860347609798119, 1.8576007033359354, 1.8576007033359354, 1.8576007033359354, 1.8576007033359354, 1.8538244293903257, 1.856266167919572, 1.856266167919572, 1.856266167919572, 1.856266167919572, 1.8560761105870827, 1.8581921885424202, 1.8581921885424202, 1.8581921885424202, 1.8581921885424202, 1.8596345419404892, 1.8601270754346073, 1.8601270754346073, 1.8601270754346073, 1.8601270754346073, 1.8603250452889797, 1.861634590842247, 1.861634590842247, 1.861634590842247, 1.861634590842247, 1.8653581220417077, 1.8661631274987147, 1.8661631274987147, 1.8661631274987147, 1.8661631274987147, 1.8662224325547832, 1.8610285675096252, 1.8610285675096252, 1.8610285675096252, 1.8610285675096252, 1.8596340841874943, 1.855766029402008, 1.855766029402008, 1.855766029402008, 1.855766029402008, 1.854173169573181, 1.8510709898786553, 1.8510709898786553, 1.8510709898786553, 1.8510709898786553, 1.8470590280975725, 1.843146457903109, 1.843146457903109, 1.843146457903109, 1.843146457903109, 1.836433873333515, 1.8343647809353003, 1.8343647809353003, 1.8343647809353003, 1.8343647809353003, 1.8330195645849021, 1.8307488760052133, 1.8307488760052133, 1.8307488760052133, 1.8307488760052133, 1.828441098877689, 1.827475275578375, 1.827475275578375, 1.827475275578375, 1.827475275578375, 1.8247583473036244, 1.8284502022315123, 1.8284502022315123, 1.8284502022315123, 1.8284502022315123, 1.828699207123773, 1.844867027498344, 1.844867027498344, 1.844867027498344, 1.844867027498344, 1.8495241891547014, 1.8643415171595465, 1.8643415171595465, 1.8643415171595465, 1.8643415171595465, 1.874596863638211, 1.8731806319495996, 1.8731806319495996, 1.8731806319495996, 1.8731806319495996, 1.8849386361756058, 1.8765155572786205, 1.8765155572786205, 1.8765155572786205, 1.8765155572786205, 1.8844360162790046, 1.8758062847134802, 1.8758062847134802, 1.8758062847134802, 1.8758062847134802, 1.8678383359877297, 1.8678383359877297, 1.8678383359877297, 1.8678383359877297, 1.8678383359877297, 1.8486820433739832, 1.8486820433739832, 1.8486820433739832, 1.8486820433739832, 1.8486820433739832], "O35": 1.9895737111770098, "O46": 1.6113269087511677, "O22": [4.275673606095576, 4.275673606095576, 4.275673606095576, 4.275673606095576, 4.275673606095576, 4.294147446939088, 4.294147446939088, 4.294147446939088, 4.294147446939088, 4.294147446939088, 4.294147446939088, 4.294147446939088, 4.294147446939088, 4.294147446939088, 4.322599263262916, 4.322599263262916, 4.322599263262916, 4.322599263262916, 4.322599263262916, 4.346454411847936, 2.7476453831371206, 2.7476453831371206, 2.7476453831371206, 2.7476453831371206, 2.7476453831371206, 2.72897604440433, 2.72897604440433, 2.72897604440433, 2.72897604440433, 2.72897604440433, 2.72897604440433, 2.72897604440433, 2.72897604440433, 2.72897604440433, 2.7480190975628855, 2.7480190975628855, 2.7480190975628855, 2.7480190975628855, 2.7480190975628855, 2.7094232601251544, 1.0855953702300023, 1.0855953702300023, 1.0855953702300023, 1.0855953702300023, 1.0855953702300023, 1.0853274871613494, 1.0853274871613494, 1.0853274871613494, 1.0853274871613494, 1.0853274871613494, 1.089841229366432, 1.089841229366432, 1.089841229366432, 1.089841229366432, 1.0901943586269038, 1.093566697681266, 1.093566697681266, 1.093566697681266, 1.093566697681266, 1.095950337768205, 1.0952726244148492, 1.0952726244148492, 1.0952726244148492, 1.0952726244148492, 1.0979460158674794, 1.0960228991521437, 1.0960228991521437, 1.0960228991521437, 1.0960228991521437, 1.0988545628217399, 1.0980261526925565, 1.0980261526925565, 1.0980261526925565, 1.0980261526925565, 1.0956307630379782, 1.0930874575781169, 1.0930874575781169, 1.0930874575781169, 1.0930874575781169, 1.0895910814633778, 1.0918518380703026, 1.0918518380703026, 1.0918518380703026, 1.0918518380703026, 1.0916758678077323, 1.093635101837501, 1.093635101837501, 1.093635101837501, 1.093635101837501, 1.0949705478466243, 1.0954265747052017, 1.0954265747052017, 1.0954265747052017, 1.0954265747052017, 1.0956098710126825, 1.09682235290874, 1.09682235290874, 1.09682235290874, 1.09682235290874, 1.1002698955753456, 1.1010152339413257, 1.1010152339413257, 1.1010152339413257, 1.1010152339413257, 1.101070143300262, 1.0962612480906915, 1.0962612480906915, 1.0962612480906915, 1.0962612480906915, 1.0949701240223308, 1.091388769873435, 1.091388769873435, 1.091388769873435, 1.091388769873435, 1.0899139729863836, 1.0870417271843602, 1.0870417271843602, 1.0870417271843602, 1.0870417271843602, 1.0833271324418543, 1.079704562370881, 1.079704562370881, 1.079704562370881, 1.079704562370881, 1.0734895152913173, 1.0715737842441255, 1.0715737842441255, 1.0715737842441255, 1.0715737842441255, 1.0703282754742556, 1.0682258905762358, 1.0682258905762358, 1.0682258905762358, 1.0682258905762358, 1.066089166137534, 1.0651949297650098, 1.0651949297650098, 1.0651949297650098, 1.0651949297650098, 1.0626793805061059, 1.0660975947497933, 1.0660975947497933, 1.0660975947497933, 1.0660975947497933, 1.0663281433726668, 1.081297603162723, 1.081297603162723, 1.081297603162723, 1.081297603162723, 1.0856095754963766, 1.0993286415563548, 1.0993286415563548, 1.0993286415563548, 1.0993286415563548, 1.1088238606513738, 1.1075126002077942, 1.1075126002077942, 1.1075126002077942, 1.1075126002077942, 1.118399099896357, 1.1106003405128595, 1.1106003405128595, 1.1106003405128595, 1.1106003405128595, 1.1179337342405335, 1.1099436393065079, 1.1099436393065079, 1.1099436393065079, 1.1099436393065079, 1.1025662757970178, 1.1025662757970178, 1.1025662757970178, 1.1025662757970178, 1.1025662757970178, 1.0848298496514721, 1.0848298496514721, 1.0848298496514721, 1.0848298496514721, 1.0848298496514721],