{"O23": 2.9473709878135113, "O34": [5.0, 5.0, 5.0, 5.0, 5.0, 5.0, 5.0, 5.0, 5.0, 5.0, 5.0, 5.0, 5.0, 5.0, 5.0, 5.0, 5.0, 5.0, 5.0, 5.0, 5.0, 5.0, 5.0, 5.0, 5.0, 5.0, 5.0, 5.0, 5.0, 5.0, 5.0, 5.0, 5.0, 5.0, 5.0, 5.0, 5.0, 5.0, 5.0, 5.0, 5.0, 5.0, 5.0, 5.0, 5.0, 5.0, 5.0, 5.0, 5.0, 5.0, 5.0, 5.0, 5.0, 5.0, 5.0, 5.0, 5.0, 5.0, 5.0], "O35": 5.000000000000002, "O46": 3.106616820822634, "O22": [4.281999183934804, 4.281999183934804, 4.281999183934804, 4.281999183934804, 4.281999183934804, 4.2661661482556825, 4.2661661482556825, 4.2661661482556825, 4.2661661482556825, 4.2588240636547585, 4.2588240636547585, 4.2588240636547585, 4.2588240636547585, 4.2588240636547585, 4.267635712103869, 4.275285856112898, 4.275285856112898, 4.275285856112898, 4.275285856112898, 4.275285856112898, 4.254304518820528, 4.254304518820528, 4.254304518820528, 4.254304518820528, 4.254304518820528, 4.233854520066566, 4.233854520066566, 4.233854520066566, 4.233854520066566, 4.236577174754123, 4.236577174754123, 4.236577174754123, 4.236577174754123, 4.236577174754123, 4.241569784337445, 4.241569784337445, 4.241569784337445, 4.241569784337445, 4.241569784337445, 4.241569784337445, 4.241282398551414, 4.241282398551414, 4.241282398551414, 4.241282398551414, 4.241282398551414, 4.269087550263478, 4.269087550263478, 4.269087550263478, 4.269087550263478, 4.292477847106839, 4.292477847106839, 4.292477847106839, 4.292477847106839, 4.292477847106839, 4.310486611038311, 4.310486611038311, 4.310486611038311, 4.310486611038311, 4.310486611038311], "O21": [4.553999999999999, 4.553999999999999, 4.553999999999999, 4.553999999999999, 4.553999999999999, 4.553999999999999, 4.553999999999999, 4.553999999999999, 4.553999999999999, 4.553999999999999, 4.553999999999999, 4.553999999999999, 4.553999999999999, 4.553999999999999, 4.553999999999999, 4.553999999999999, 4.553999999999999, 4.553999999999999, 4.553999999999999, 4.553999999999999, 4.553999999999999, 4.553999999999999, 4.553999999999999, 4.553999999999999, 4.553999999999999, 4.553999999999999, 4.553999999999999, 4.553999999999999, 4.553999999999999, 4.553999999999999, 4.553999999999999, 4.553999999999999, 4.553999999999999, 4.553999999999999, 4.553999999999999, 4.553999999999999, 4.553999999999999, 4.553999999999999, 4.553999999999999, 4.553999999999999, 4.553999999999999, 4.553999999999999, 4.553999999999999, 4.553999999999999, 4.553999999999999, 4.553999999999999, 4.553999999999999, 4.553999999999999, 4.553999999999999, 4.553999999999999, 4.553999999999999, 4.553999999999999, 4.553999999999999, 4.553999999999999, 4.553999999999999, 4.553999999999999, 4.553999999999999, 4.553999999999999, 4.553999999999999], "mode": "0"}