{"O23": 3.8965308872025584, "O34": [5.0, 5.0, 5.0, 5.0, 5.0, 5.0, 5.0, 5.0, 5.0, 3.5449298425947755, 3.5399069899268754, 3.5399069899268754, 3.5399069899268754, 3.5399069899268754, 3.5399069899268754, 3.5399069899268754, 3.5399069899268754, 3.5399069899268754, 3.5399069899268754, 5.0, 5.0, 5.0, 5.0, 5.0, 5.0, 5.0, 5.0, 5.0, 5.0, 3.5162184207747673, 3.5112105698898928, 3.5112105698898928, 3.5112105698898928, 3.5112105698898928, 3.5112105698898928, 3.5112105698898928, 3.5112105698898928, 3.5112105698898928, 3.5112105698898928, 5.0, 5.0, 5.0, 5.0, 5.0, 5.0, 5.0, 5.0, 5.0, 5.0, 3.566725647652898, 3.561691406627417, 3.561691406627417, 3.561691406627417, 3.561691406627417, 3.561691406627417, 3.561691406627417, 3.561691406627417], "O35": 3.8221694942108244, "O46": 3.1224574500567135, "O22": [4.3283263086880766, 4.3283263086880766, 4.3283263086880766, 4.3283263086880766, 4.3283263086880766, 4.3283263086880766, 4.3283263086880766, 4.3283263086880766, 4.3283263086880766, 2.6258306443946227, 2.6258306443946227, 2.6258306443946227, 2.6258306443946227, 2.6258306443946227, 2.6258306443946227, 2.6258306443946227, 2.6258306443946227, 2.6258306443946227, 2.6258306443946227, 4.310187422160401, 4.310187422160401, 4.310187422160401, 4.310187422160401, 4.310187422160401, 4.310187422160401, 4.310187422160401, 4.310187422160401, 4.310187422160401, 4.310187422160401, 2.599335486594386, 2.599335486594386, 2.599335486594386, 2.599335486594386, 2.599335486594386, 2.599335486594386, 2.599335486594386, 2.599335486594386, 2.599335486594386, 2.599335486594386, 4.32001381413004, 4.32001381413004, 4.32001381413004, 4.32001381413004, 4.32001381413004, 4.32001381413004, 4.32001381413004, 4.32001381413004, 4.32001381413004, 4.32001381413004, 2.6459440089649453, 2.6459440089649453, 2.6459440089649453, 2.6459440089649453, 2.6459440089649453, 2.6459440089649453, 2.6459440089649453, 2.6459440089649453], "O21": [4.553999999999999, 4.553999999999999, 4.553999999999999, 4.553999999999999, 4.553999999999999, 4.553999999999999, 4.553999999999999, 4.553999999999999, 4.553999999999999, 4.553999999999999, 4.531000000000001, 4.531000000000001, 4.531000000000001, 4.531000000000001, 4.531000000000001, 4.531000000000001, 4.531000000000001, 4.531000000000001, 4.531000000000001, 4.531000000000001, 4.553999999999999, 4.553999999999999, 4.553999999999999, 4.553999999999999, 4.553999999999999, 4.553999999999999, 4.553999999999999, 4.553999999999999, 4.553999999999999, 4.553999999999999, 4.531000000000001, 4.531000000000001, 4.531000000000001, 4.531000000000001, 4.531000000000001, 4.531000000000001, 4.531000000000001, 4.531000000000001, 4.531000000000001, 4.532, 4.553999999999999, 4.553999999999999, 4.553999999999999, 4.553999999999999, 4.553999999999999, 4.553999999999999, 4.553999999999999, 4.553999999999999, 4.553999999999999, 4.553999999999999, 4.531000000000001, 4.531000000000001, 4.531000000000001, 4.531000000000001, 4.531000000000001, 4.531000000000001, 4.531000000000001, 4.531000000000001], "mode": "0"}