{"O23": 2.1403222635600283, "O34": [5.0, 5.0, 5.0, 5.0, 3.648595787194374, 3.643518768835281, 3.643518768835281, 3.643518768835281, 3.643518768835281, 1.8622228477286853, 1.8402315792873232, 1.8402315792873232, 1.8402315792873232, 1.8402315792873232, 3.4750606984910903, 3.501597424359776, 3.501597424359776, 3.501597424359776, 3.501597424359776, 5.0, 5.0, 5.0, 5.0, 5.0, 3.561785483982594, 3.5567538242038363, 3.5567538242038363, 3.5567538242038363, 3.5567538242038363, 1.8975446687719943, 1.8754554513070258, 1.8754554513070258, 1.8754554513070258, 1.8754554513070258, 3.5778444363224784, 3.603785179827717, 3.603785179827717, 3.603785179827717, 3.603785179827717, 5.0, 5.0, 5.0, 5.0, 5.0, 3.420144299474032, 3.4151866475354566, 3.4151866475354566, 3.4151866475354566, 3.4151866475354566, 1.8691841119727965, 1.8473534579468394, 1.8473534579468394, 1.8473534579468394, 1.8473534579468394, 3.495016625376863, 3.5198605605577677, 3.5198605605577677, 3.5198605605577677, 3.5198605605577677], "O35": 2.762634148196188, "O46": 1.758186674068615, "O22": [4.343215901611274, 4.343215901611274, 4.343215901611274, 4.343215901611274, 2.721494508688619, 2.721494508688619, 2.721494508688619, 2.721494508688619, 2.721494508688619, 1.0770057348715028, 1.0770057348715028, 1.0770057348715028, 1.0770057348715028, 1.0770057348715028, 2.590459752009764, 2.590459752009764, 2.590459752009764, 2.590459752009764, 2.590459752009764, 4.2507070161642995, 4.2507070161642995, 4.2507070161642995, 4.2507070161642995, 4.2507070161642995, 2.641385181581744, 2.641385181581744, 2.641385181581744, 2.641385181581744, 2.641385181581744, 1.1096188097098612, 1.1096188097098612, 1.1096188097098612, 1.1096188097098612, 1.1096188097098612, 2.6848088277093045, 2.6848088277093045, 2.6848088277093045, 2.6848088277093045, 2.6848088277093045, 4.369987358061899, 4.369987358061899, 4.369987358061899, 4.369987358061899, 4.369987358061899, 2.510677424992986, 2.510677424992986, 2.510677424992986, 2.510677424992986, 2.510677424992986, 1.0835997391190368, 1.0835997391190368, 1.0835997391190368, 1.0835997391190368, 1.0835997391190368, 2.607321948578862, 2.607321948578862, 2.607321948578862, 2.607321948578862, 2.607321948578862], "O21": [4.553999999999999, 4.553999999999999, 4.553999999999999, 4.553999999999999, 4.553999999999999, 4.531000000000001, 4.531000000000001, 4.531000000000001, 4.531000000000001, 4.53, 4.408, 4.408, 4.408, 4.408, 4.409, 4.531000000000001, 4.531000000000001, 4.531000000000001, 4.531000000000001, 4.531000000000001, 4.553999999999999, 4.553999999999999, 4.553999999999999, 4.553999999999999, 4.553999999999999, 4.531000000000001, 4.531000000000001, 4.531000000000001, 4.531000000000001, 4.53, 4.408, 4.408, 4.408, 4.408, 4.413, 4.531000000000001, 4.531000000000001, 4.531000000000001, 4.531000000000001, 4.532, 4.553999999999999, 4.553999999999999, 4.553999999999999, 4.553999999999999, 4.553999999999999, 4.531000000000001, 4.531000000000001, 4.531000000000001, 4.531000000000001, 4.529, 4.408, 4.408, 4.408, 4.408, 4.417, 4.531000000000001, 4.531000000000001, 4.531000000000001, 4.531000000000001], "mode": "0"}