{"O23": 5.0, "O34": [3.565005885512349, 3.565005885512349, 3.565005885512349, 3.565005885512349, 3.565005885512349, 3.5966376979853143, 3.5966376979853143, 3.5966376979853143, 3.5966376979853143, 3.5966376979853143, 3.5853961739980766, 3.5853961739980766, 3.5853961739980766, 3.5853961739980766, 3.5833315524127234, 3.5614154119021277, 3.5614154119021277, 3.5614154119021277, 3.5614154119021277, 3.554039964469744, 3.5532592481323246, 3.5532592481323246, 3.5532592481323246, 3.5532592481323246, 3.564350597616614, 3.5907783559529727, 3.5907783559529727, 3.5907783559529727, 3.5907783559529727, 3.5653324475977826, 3.5515153525988747, 3.5515153525988747, 3.5515153525988747, 3.5515153525988747, 3.5552212902216573, 3.568086959021337, 3.568086959021337, 3.568086959021337, 3.568086959021337, 3.5911226011703796, 3.5793971686473025, 3.5793971686473025, 3.5793971686473025, 3.5793971686473025, 3.5863330256462818, 3.5775844571378355, 3.5775844571378355, 3.5775844571378355, 3.5775844571378355, 3.546365699336045, 3.546365699336045, 3.546365699336045, 3.546365699336045, 3.546365699336045, 3.5633091355030406, 3.5633091355030406, 3.5633091355030406, 3.5633091355030406, 3.5633091355030406, 3.534030729525255], "O35": 3.565187639573278, "O46": 3.6276158075174587, "O22": [2.6490042388113393, 2.6490042388113393, 2.6490042388113393, 2.6490042388113393, 2.6490042388113393, 2.6782096192002034, 2.6782096192002034, 2.6782096192002034, 2.6782096192002034, 2.6782096192002034, 2.6678304167919187, 2.6678304167919187, 2.6678304167919187, 2.6678304167919187, 2.665924169440116, 2.6456891854089357, 2.6456891854089357, 2.6456891854089357, 2.6456891854089357, 2.6388794982313537, 2.6381586695520096, 2.6381586695520096, 2.6381586695520096, 2.6381586695520096, 2.648399217133384, 2.672799739098352, 2.672799739098352, 2.672799739098352, 2.672799739098352, 2.649305750776037, 2.6365485458053426, 2.6365485458053426, 2.6365485458053426, 2.6365485458053426, 2.63997020613743, 2.65184896748166, 2.65184896748166, 2.65184896748166, 2.65184896748166, 2.673117577746707, 2.6622915867494124, 2.6622915867494124, 2.6622915867494124, 2.6622915867494124, 2.6686954038607804, 2.6606179258039795, 2.6606179258039795, 2.6606179258039795, 2.6606179258039795, 2.6317939152402987, 2.6317939152402987, 2.6317939152402987, 2.6317939152402987, 2.6317939152402987, 2.6474376441216103, 2.6474376441216103, 2.6474376441216103, 2.6474376441216103, 2.6474376441216103, 2.620405143707931], "O21": [4.531000000000001, 4.531000000000001, 4.531000000000001, 4.531000000000001, 4.531000000000001, 4.531000000000001, 4.531000000000001, 4.531000000000001, 4.531000000000001, 4.531000000000001, 4.531000000000001, 4.531000000000001, 4.531000000000001, 4.531000000000001, 4.531000000000001, 4.531000000000001, 4.531000000000001, 4.531000000000001, 4.531000000000001, 4.531000000000001, 4.531000000000001, 4.531000000000001, 4.531000000000001, 4.531000000000001, 4.531000000000001, 4.531000000000001, 4.531000000000001, 4.531000000000001, 4.531000000000001, 4.531000000000001, 4.531000000000001, 4.531000000000001, 4.531000000000001, 4.531000000000001, 4.531000000000001, 4.531000000000001, 4.531000000000001, 4.531000000000001, 4.531000000000001, 4.531000000000001, 4.531000000000001, 4.531000000000001, 4.531000000000001, 4.531000000000001, 4.531000000000001, 4.531000000000001, 4.531000000000001, 4.531000000000001, 4.531000000000001, 4.531000000000001, 4.531000000000001, 4.531000000000001, 4.531000000000001, 4.531000000000001, 4.531000000000001, 4.531000000000001, 4.531000000000001, 4.531000000000001, 4.531000000000001, 4.531000000000001], "mode": "0"}