{"O23": 1.7740381726089227, "O34": [5.0, 5.0, 5.0, 5.0, 5.0, 5.0, 5.0, 5.0, 5.0, 5.0, 5.0, 5.0, 5.0, 5.0, 5.0, 5.0, 5.0, 5.0, 5.0, 5.0, 5.0, 5.0, 5.0, 5.0, 5.0, 5.0, 5.0, 5.0, 5.0, 5.0, 5.0, 5.0, 5.0, 5.0, 5.0, 5.0, 5.0, 5.0, 5.0, 5.0, 3.506927710647761, 3.506927710647761, 3.506927710647761, 3.506927710647761, 3.506927710647761, 3.5353380862498263, 3.5353380862498263, 3.5353380862498263, 3.5353380862498263, 3.5353380862498263, 3.5477191791403553, 3.5477191791403553, 3.5477191791403553, 3.5477191791403553, 3.5739962896798225, 3.5838138383736515, 3.5838138383736515, 3.5838138383736515, 3.5838138383736515, 3.587939766180985, 3.5756675130933466, 3.5756675130933466, 3.5756675130933466, 3.5756675130933466, 3.587893226428689, 3.587893226428689, 3.587893226428689, 3.587893226428689, 3.587893226428689, 3.580872856890748, 3.580872856890748, 3.580872856890748, 3.580872856890748, 3.580872856890748, 3.5739434794810503, 1.8495835971594703, 1.8495835971594703, 1.8495835971594703, 1.8495835971594703, 1.8495835971594703, 1.8548991384788078, 1.8548991384788078, 1.8548991384788078, 1.8548991384788078, 1.8548991384788078, 1.8550602378029246, 1.8550602378029246, 1.8550602378029246, 1.8550602378029246, 1.8563339729947228, 1.8588555163387646, 1.8588555163387646, 1.8588555163387646, 1.8588555163387646, 1.8602608230527706, 1.8568238433676716, 1.8568238433676716, 1.8568238433676716, 1.8568238433676716, 1.8595934116523043, 1.8595934116523043, 1.8595934116523043, 1.8595934116523043, 1.8595934116523043, 1.855895470591756, 1.855895470591756, 1.855895470591756, 1.855895470591756, 1.855895470591756, 1.8590616802971929, 3.6075336538930864, 3.6075336538930864, 3.6075336538930864, 3.6075336538930864, 3.6075336538930864, 3.635647561710466, 3.635647561710466, 3.635647561710466, 3.635647561710466, 3.635647561710466, 3.6082956222689737, 3.6082956222689737, 3.6082956222689737, 3.6082956222689737, 3.6171912507919104, 3.6036591802019204, 3.6036591802019204, 3.6036591802019204, 3.6036591802019204, 3.591321726056342, 3.5954753964494666, 3.5954753964494666, 3.5954753964494666, 3.5954753964494666, 3.594667617840673, 3.594667617840673, 3.594667617840673, 3.594667617840673, 3.594667617840673, 3.546515582198696, 3.546515582198696, 3.546515582198696, 3.546515582198696, 3.546515582198696, 3.5798956114508953, 5.0, 5.0, 5.0, 5.0, 5.0, 5.0, 5.0, 5.0, 5.0, 5.0, 5.0, 5.0, 5.0, 5.0, 5.0, 5.0, 5.0, 5.0, 5.0, 5.0, 5.0, 5.0, 5.0, 5.0, 5.0, 5.0, 5.0, 5.0, 5.0, 5.0, 5.0, 5.0, 5.0, 5.0, 5.0], "O35": 3.369769088852911, "O46": 1.8185960882826537, "O22": [4.292002773450114, 4.292002773450114, 4.292002773450114, 4.292002773450114, 4.292002773450114, 4.281274306217871, 4.281274306217871, 4.281274306217871, 4.281274306217871, 4.281274306217871, 4.289061703800664, 4.289061703800664, 4.289061703800664, 4.289061703800664, 4.2811060427289656, 4.306881138526682, 4.306881138526682, 4.306881138526682, 4.306881138526682, 4.318558250350667, 4.31231408456388, 4.31231408456388, 4.31231408456388, 4.31231408456388, 4.314990619262519, 4.318719019489449, 4.318719019489449, 4.318719019489449, 4.318719019489449, 4.333142672291465, 4.333142672291465, 4.333142672291465, 4.333142672291465, 4.333142672291465, 4.338139930365766, 4.338139930365766, 4.338139930365766, 4.338139930365766, 4.338139930365766, 4.31051976434002, 2.595381159493297, 2.595381159493297, 2.595381159493297, 2.595381159493297, 2.595381159493297, 2.6216122149270618, 2.6216122149270618, 2.6216122149270618, 2.6216122149270618, 2.6216122149270618, 2.6330435715022444, 2.6330435715022444, 2.6330435715022444, 2.6330435715022444, 2.6573050016520745, 2.6663694599196663, 2.6663694599196663, 2.6663694599196663, 2.6663694599196663, 2.670178893576784, 2.6588480278554725, 2.6588480278554725, 2.6588480278554725, 2.6588480278554725, 2.670135923823781, 2.670135923823781, 2.670135923823781, 2.670135923823781, 2.670135923823781, 2.663654077012088, 2.663654077012088, 2.663654077012088, 2.663654077012088, 2.663654077012088, 2.6578633253929826, 1.0856645801734446, 1.0856645801734446, 1.0856645801734446, 1.0856645801734446, 1.0856645801734446, 1.09058613299867, 1.09058613299867, 1.09058613299867, 1.09058613299867, 1.09058613299867, 1.0907352916235618, 1.0907352916235618, 1.0907352916235618, 1.0907352916235618, 1.0919146174259928, 1.09424926370626, 1.09424926370626, 1.09424926370626, 1.09424926370626, 1.0955504089355261, 1.0923681785542283, 1.0923681785542283, 1.0923681785542283, 1.0923681785542283, 1.094932466139822, 1.094932466139822, 1.094932466139822, 1.094932466139822, 1.094932466139822, 1.0915086168682815, 1.0915086168682815, 1.0915086168682815, 1.0915086168682815, 1.0915086168682815, 1.091597266204894, 2.688269761572973, 2.688269761572973, 2.688269761572973, 2.688269761572973, 2.688269761572973, 2.7142270908510784, 2.7142270908510784, 2.7142270908510784, 2.7142270908510784, 2.7142270908510784, 2.688973280420687, 2.688973280420687, 2.688973280420687, 2.688973280420687, 2.697186537723993, 2.684692493338538, 2.684692493338538, 2.684692493338538, 2.684692493338538, 2.6733014280412286, 2.677136476189192, 2.677136476189192, 2.677136476189192, 2.677136476189192, 2.676390661147453, 2.676390661147453, 2.676390661147453, 2.676390661147453, 2.676390661147453, 2.631932300798231, 2.631932300798231, 2.631932300798231, 2.631932300798231, 2.631932300798231, 2.662144419839929, 4.332671734362675, 4.332671734362675, 4.332671734362675, 4.332671734362675, 4.332671734362675, 4.311681810989386, 4.311681810989386, 4.311681810989386, 4.311681810989386, 4.311681810989386, 4.308490891937292, 4.308490891937292, 4.308490891937292, 4.308490891937292, 4.317029896750278, 4.335140289738627, 4.335140289738627, 4.335140289738627, 4.335140289738627, 4.3122944245580435, 4.301762243477979, 4.301762243477979, 4.301762243477979, 4.301762243477979, 4.3042044658619165, 4.3042044658619165, 4.3042044658619165, 4.3042044658619165, 4.3042044658619165, 4.323852820448299, 4.323852820448299, 4.323852820448299, 4.323852820448299, 4.323852820448299, 4.336558738643076],