{"O23": 3.090336943456296, "O34": [4.732677414558756, 4.703454769870702, 4.703454769870702, 4.703454769870702, 4.703454769870702, 4.703454769870702, 4.703454769870702, 4.703454769870702, 4.703454769870702, 4.703454769870702, 4.703454769870702, 4.703454769870702, 4.703454769870702, 4.695227524143487, 4.695227524143487, 2.742397716907083, 2.7377941890951925, 2.7408667472472046, 2.7408667472472046, 2.7408667472472046, 2.7408667472472046, 2.7397447011947382, 2.7397447011947382, 2.7397447011947382, 2.7397447011947382, 2.7560869285287377, 2.7560869285287377, 2.7560869285287377, 2.7560869285287377, 2.769830447665233, 2.769830447665233, 2.769830447665233, 2.769830447665233, 2.7738652215415893, 2.7738652215415893, 2.7738652215415893, 2.7738652215415893, 2.773401191277536, 2.773401191277536, 4.607573479174018, 4.612911708023176, 4.612911708023176, 4.612911708023176, 4.612911708023176, 4.612911708023176, 4.612911708023176, 4.612911708023176, 5.0, 5.0, 5.0, 5.0, 5.0, 5.0, 5.0, 5.0, 5.0, 5.0, 5.0, 5.0], "O35": 3.6402476141224684, "O46": 2.590096928076101, "O22": [3.721894766308062, 3.694927847455905, 3.694927847455905, 3.694927847455905, 3.694927847455905, 3.694927847455905, 3.694927847455905, 3.694927847455905, 3.694927847455905, 3.694927847455905, 3.694927847455905, 3.694927847455905, 3.694927847455905, 3.687335671242187, 3.687335671242187, 1.8852467944148537, 1.8852467944148537, 1.8880836609293197, 1.8880836609293197, 1.8880836609293197, 1.8880836609293197, 1.8870476854598732, 1.8870476854598732, 1.8870476854598732, 1.8870476854598732, 1.9021363233967188, 1.9021363233967188, 1.9021363233967188, 1.9021363233967188, 1.9148255964064789, 1.9148255964064789, 1.9148255964064789, 1.9148255964064789, 1.918550868423147, 1.918550868423147, 1.918550868423147, 1.918550868423147, 1.918122433271503, 1.918122433271503, 3.61137389717069, 3.61137389717069, 3.61137389717069, 3.61137389717069, 3.61137389717069, 3.61137389717069, 3.61137389717069, 3.61137389717069, 4.283636994214206, 4.283636994214206, 4.283636994214206, 4.283636994214206, 4.283636994214206, 4.283636994214206, 4.283636994214206, 4.283636994214206, 4.283636994214206, 4.283636994214206, 4.283636994214206, 4.283636994214206], "O21": [4.553999999999999, 4.553999999999999, 4.553999999999999, 4.553999999999999, 4.553999999999999, 4.553999999999999, 4.553999999999999, 4.553999999999999, 4.553999999999999, 4.553999999999999, 4.553999999999999, 4.553999999999999, 4.553999999999999, 4.553999999999999, 4.553999999999999, 4.553999999999999, 4.531000000000001, 4.531000000000001, 4.531000000000001, 4.531000000000001, 4.531000000000001, 4.531000000000001, 4.531000000000001, 4.531000000000001, 4.531000000000001, 4.531000000000001, 4.531000000000001, 4.531000000000001, 4.531000000000001, 4.531000000000001, 4.531000000000001, 4.531000000000001, 4.531000000000001, 4.531000000000001, 4.531000000000001, 4.531000000000001, 4.531000000000001, 4.531000000000001, 4.531000000000001, 4.532, 4.553999999999999, 4.553999999999999, 4.553999999999999, 4.553999999999999, 4.553999999999999, 4.553999999999999, 4.553999999999999, 4.553999999999999, 4.553999999999999, 4.553999999999999, 4.553999999999999, 4.553999999999999, 4.553999999999999, 4.553999999999999, 4.553999999999999, 4.553999999999999, 4.553999999999999, 4.553999999999999, 4.553999999999999, 4.553999999999999], "mode": "0"}