{"O23": 3.0341454072286864, "O34": [5.0, 5.0, 5.0, 5.0, 5.0, 5.0, 5.0, 5.0, 5.0, 5.0, 3.6313279168135044, 3.6278017937450904, 3.6278017937450904, 3.6278017937450904, 3.6278017937450904, 3.6278017937450904, 3.6278017937450904, 3.6278017937450904, 3.6278017937450904, 5.0, 5.0, 5.0, 5.0, 5.0, 5.0, 5.0, 5.0, 5.0, 5.0, 5.0, 3.4002796654767815, 3.3961924166850475, 3.3961924166850475, 3.3961924166850475, 3.3961924166850475, 3.3961924166850475, 3.3961924166850475, 3.3961924166850475, 3.3961924166850475, 5.0, 5.0, 5.0, 5.0, 5.0, 5.0, 5.0, 5.0, 5.0, 5.0, 5.0, 3.5321658745672333, 3.527803678607019, 3.527803678607019, 3.527803678607019, 3.527803678607019, 3.527803678607019, 3.527803678607019, 3.527803678607019, 3.527803678607019], "O35": 3.813256197317365, "O46": 2.642175930087017, "O22": [4.282001505680383, 4.282001505680383, 4.282001505680383, 4.282001505680383, 4.282001505680383, 4.282001505680383, 4.282001505680383, 4.282001505680383, 4.282001505680383, 4.282001505680383, 2.7069831607706445, 2.7069831607706445, 2.7069831607706445, 2.7069831607706445, 2.7069831607706445, 2.7069831607706445, 2.7069831607706445, 2.7069831607706445, 2.7069831607706445, 4.272409811054716, 4.272409811054716, 4.272409811054716, 4.272409811054716, 4.272409811054716, 4.272409811054716, 4.272409811054716, 4.272409811054716, 4.272409811054716, 4.272409811054716, 4.272409811054716, 2.4931402150195074, 2.4931402150195074, 2.4931402150195074, 2.4931402150195074, 2.4931402150195074, 2.4931402150195074, 2.4931402150195074, 2.4931402150195074, 2.4931402150195074, 4.240613720823041, 4.240613720823041, 4.240613720823041, 4.240613720823041, 4.240613720823041, 4.240613720823041, 4.240613720823041, 4.240613720823041, 4.240613720823041, 4.240613720823041, 4.240613720823041, 2.6146557611544234, 2.6146557611544234, 2.6146557611544234, 2.6146557611544234, 2.6146557611544234, 2.6146557611544234, 2.6146557611544234, 2.6146557611544234, 2.6146557611544234], "O21": [4.553999999999999, 4.553999999999999, 4.553999999999999, 4.553999999999999, 4.553999999999999, 4.553999999999999, 4.553999999999999, 4.553999999999999, 4.553999999999999, 4.553999999999999, 4.547, 4.531000000000001, 4.531000000000001, 4.531000000000001, 4.531000000000001, 4.531000000000001, 4.531000000000001, 4.531000000000001, 4.531000000000001, 4.531000000000001, 4.553, 4.553999999999999, 4.553999999999999, 4.553999999999999, 4.553999999999999, 4.553999999999999, 4.553999999999999, 4.553999999999999, 4.553999999999999, 4.553999999999999, 4.55, 4.531000000000001, 4.531000000000001, 4.531000000000001, 4.531000000000001, 4.531000000000001, 4.531000000000001, 4.531000000000001, 4.531000000000001, 4.531000000000001, 4.551, 4.553999999999999, 4.553999999999999, 4.553999999999999, 4.553999999999999, 4.553999999999999, 4.553999999999999, 4.553999999999999, 4.553999999999999, 4.553999999999999, 4.551, 4.531000000000001, 4.531000000000001, 4.531000000000001, 4.531000000000001, 4.531000000000001, 4.531000000000001, 4.531000000000001, 4.531000000000001, 4.531000000000001], "mode": "0"}