{"O23": 5.0, "O34": [5.0, 5.0, 5.0, 5.0, 5.0, 5.0, 5.0, 5.0, 5.0, 5.0, 5.0, 5.0, 5.0, 5.0, 5.0, 5.0, 5.0, 5.0, 5.0, 2.806924306079301, 2.8022870629782064, 2.7990724675444234, 2.7990724675444234, 2.7990724675444234, 2.7990724675444234, 2.791199847008436, 2.791199847008436, 2.791199847008436, 2.791199847008436, 2.791199847008436, 2.791199847008436, 2.791199847008436, 2.791199847008436, 2.7848864962572693, 2.7848864962572693, 2.7848864962572693, 2.7848864962572693, 2.7823728375396577, 2.7823728375396577, 5.0, 5.0, 5.0, 5.0, 5.0, 5.0, 5.0, 5.0, 5.0, 5.0, 5.0, 5.0, 5.0, 5.0, 5.0, 5.0, 5.0, 5.0, 5.0], "O35": 3.7652075950921375, "O46": 3.777788336044103, "O22": [4.203855472942178, 4.225375660652785, 4.225375660652785, 4.225375660652785, 4.225375660652785, 4.239828432081382, 4.239828432081382, 4.239828432081382, 4.239828432081382, 4.239828432081382, 4.239828432081382, 4.239828432081382, 4.239828432081382, 4.253817501029653, 4.253817501029653, 4.253817501029653, 4.253817501029653, 4.267727392957236, 4.267727392957236, 1.9447925101633354, 1.9447925101633354, 1.9418245018482831, 1.9418245018482831, 1.9418245018482831, 1.9418245018482831, 1.9345557790203638, 1.9345557790203638, 1.9345557790203638, 1.9345557790203638, 1.9345557790203638, 1.9345557790203638, 1.9345557790203638, 1.9345557790203638, 1.9287267165733815, 1.9287267165733815, 1.9287267165733815, 1.9287267165733815, 1.926405877099565, 1.926405877099565, 4.263771804961968, 4.263771804961968, 4.282480197962677, 4.282480197962677, 4.282480197962677, 4.282480197962677, 4.293191029826152, 4.293191029826152, 4.293191029826152, 4.293191029826152, 4.293191029826152, 4.293191029826152, 4.293191029826152, 4.293191029826152, 4.306993709496911, 4.306993709496911, 4.306993709496911, 4.306993709496911, 4.326225809199972], "O21": [4.553999999999999, 4.553999999999999, 4.553999999999999, 4.553999999999999, 4.553999999999999, 4.553999999999999, 4.553999999999999, 4.553999999999999, 4.553999999999999, 4.553999999999999, 4.553999999999999, 4.553999999999999, 4.553999999999999, 4.553999999999999, 4.553999999999999, 4.553999999999999, 4.553999999999999, 4.553999999999999, 4.553999999999999, 4.553999999999999, 4.531000000000001, 4.531000000000001, 4.531000000000001, 4.531000000000001, 4.531000000000001, 4.531000000000001, 4.531000000000001, 4.531000000000001, 4.531000000000001, 4.531000000000001, 4.531000000000001, 4.531000000000001, 4.531000000000001, 4.531000000000001, 4.531000000000001, 4.531000000000001, 4.531000000000001, 4.531000000000001, 4.531000000000001, 4.532, 4.553999999999999, 4.553999999999999, 4.553999999999999, 4.553999999999999, 4.553999999999999, 4.553999999999999, 4.553999999999999, 4.553999999999999, 4.553999999999999, 4.553999999999999, 4.553999999999999, 4.553999999999999, 4.553999999999999, 4.553999999999999, 4.553999999999999, 4.553999999999999, 4.553999999999999, 4.553999999999999, 4.553999999999999], "mode": "0"}