{"O23": 5.0, "O34": [3.592642994330296, 3.592642994330296, 3.592642994330296, 3.592642994330296, 3.592642994330296, 3.592642994330296, 3.592642994330296, 3.592642994330296, 3.592642994330296, 1.8645995911470028, 1.8426017318875483, 1.8426017318875483, 1.8426017318875483, 1.8426017318875483, 1.8426017318875483, 1.8426017318875483, 1.8426017318875483, 1.8426017318875483, 1.8426017318875483, 3.4660502522546586, 3.4919082283994047, 3.4919082283994047, 3.4919082283994047, 3.4919082283994047, 3.4919082283994047, 3.4919082283994047, 3.4919082283994047, 3.4919082283994047, 3.4919082283994047, 1.893009979053553, 1.8709333364903635, 1.8709333364903635, 1.8709333364903635, 1.8709333364903635, 1.8709333364903635, 1.8709333364903635, 1.8709333364903635, 1.8709333364903635, 1.8709333364903635, 3.477332797055865, 3.503657674989167, 3.503657674989167, 3.503657674989167, 3.503657674989167, 3.503657674989167, 3.503657674989167, 3.503657674989167, 3.503657674989167, 3.503657674989167, 1.8752061837623353, 1.8531789119369433, 1.8531789119369433, 1.8531789119369433, 1.8531789119369433, 1.8531789119369433, 1.8531789119369433, 1.8531789119369433, 1.8531789119369433, 1.8531789119369433], "O35": 2.252022536748153, "O46": 2.2483349332236147, "O22": [2.67452134367425, 2.67452134367425, 2.67452134367425, 2.67452134367425, 2.67452134367425, 2.67452134367425, 2.67452134367425, 2.67452134367425, 2.67452134367425, 1.0792002115061623, 1.0792002115061623, 1.0792002115061623, 1.0792002115061623, 1.0792002115061623, 1.0792002115061623, 1.0792002115061623, 1.0792002115061623, 1.0792002115061623, 1.0792002115061623, 2.581513800717003, 2.581513800717003, 2.581513800717003, 2.581513800717003, 2.581513800717003, 2.581513800717003, 2.581513800717003, 2.581513800717003, 2.581513800717003, 2.581513800717003, 1.1054318745296243, 1.1054318745296243, 1.1054318745296243, 1.1054318745296243, 1.1054318745296243, 1.1054318745296243, 1.1054318745296243, 1.1054318745296243, 1.1054318745296243, 1.1054318745296243, 2.592361963695521, 2.592361963695521, 2.592361963695521, 2.592361963695521, 2.592361963695521, 2.592361963695521, 2.592361963695521, 2.592361963695521, 2.592361963695521, 2.592361963695521, 1.0889934098330458, 1.0889934098330458, 1.0889934098330458, 1.0889934098330458, 1.0889934098330458, 1.0889934098330458, 1.0889934098330458, 1.0889934098330458, 1.0889934098330458, 1.0889934098330458], "O21": [4.531000000000001, 4.531000000000001, 4.531000000000001, 4.531000000000001, 4.531000000000001, 4.531000000000001, 4.531000000000001, 4.531000000000001, 4.531000000000001, 4.53, 4.408, 4.408, 4.408, 4.408, 4.408, 4.408, 4.408, 4.408, 4.408, 4.412, 4.531000000000001, 4.531000000000001, 4.531000000000001, 4.531000000000001, 4.531000000000001, 4.531000000000001, 4.531000000000001, 4.531000000000001, 4.531000000000001, 4.53, 4.408, 4.408, 4.408, 4.408, 4.408, 4.408, 4.408, 4.408, 4.408, 4.41, 4.531000000000001, 4.531000000000001, 4.531000000000001, 4.531000000000001, 4.531000000000001, 4.531000000000001, 4.531000000000001, 4.531000000000001, 4.531000000000001, 4.53, 4.408, 4.408, 4.408, 4.408, 4.408, 4.408, 4.408, 4.408, 4.408], "mode": "0"}