{"O21": [4.559, 4.559, 4.559, 4.559, 4.559, 4.559, 4.559, 4.559, 4.559, 4.559, 4.559, 4.559, 4.559, 4.559, 4.559, 4.559, 4.559, 4.559, 4.559, 4.559, 4.559, 4.559, 4.559, 4.559, 4.559, 4.559, 4.559, 4.559, 4.559, 4.559, 4.559, 4.559, 4.559, 4.559, 4.559, 4.559, 4.559, 4.559, 4.559, 4.559, 4.559, 4.559, 4.559, 4.559, 4.559, 4.559, 4.559, 4.559, 4.559, 4.559, 4.559, 4.559, 4.559, 4.559, 4.559, 4.559, 4.559, 4.559, 4.559, 4.559, 4.559, 4.559, 4.559, 4.559, 4.559, 4.559, 4.559, 4.559, 4.559, 4.559, 4.559, 4.559, 4.559, 4.559, 4.559, 4.559, 4.559, 4.559, 4.559, 4.559, 4.559, 4.559, 4.559, 4.559, 4.559, 4.559, 4.559, 4.559, 4.559, 4.559, 4.559, 4.559, 4.559, 4.559, 4.559, 4.559, 4.559, 4.559, 4.559, 4.559, 4.559, 4.559, 4.559, 4.559, 4.559, 4.559, 4.559, 4.559, 4.559, 4.559, 4.559, 4.559, 4.559, 4.559, 4.559, 4.559, 4.559, 4.559, 4.559, 4.559, 4.559, 4.559, 4.559, 4.559, 4.559, 4.559, 4.559, 4.559, 4.559, 4.559, 4.559, 4.559, 4.559, 4.559, 4.559, 4.559, 4.559, 4.559, 4.559, 4.559, 4.559, 4.559, 4.559, 4.559, 4.559, 4.559, 4.559, 4.559, 4.559, 4.559, 4.559, 4.559, 4.559, 4.559, 4.559, 4.559, 4.559, 4.559, 4.559, 4.559, 4.559, 4.559, 4.559, 4.559, 4.559, 4.559, 4.559, 4.559, 4.559, 4.559, 4.559, 4.559, 4.559, 4.559, 4.559, 4.559, 4.559, 4.559, 4.559, 4.559, 4.559, 4.559, 4.559, 4.559, 4.559, 4.559, 4.559, 4.559, 4.559, 4.559, 4.559, 4.559, 4.559, 4.559, 4.559, 4.559, 4.559, 4.559, 4.559, 4.559, 4.559, 4.559, 4.559, 4.559, 4.559, 4.559, 4.559, 4.559, 4.559, 4.559, 4.559, 4.559, 4.559, 4.559, 4.559, 4.559, 4.559, 4.559, 4.559, 4.559, 4.559, 4.559, 4.559, 4.559, 4.559, 4.559, 4.559, 4.559, 4.559, 4.559, 4.559, 4.559, 4.559, 4.559, 4.559, 4.559, 4.559, 4.559, 4.559, 4.559, 4.559, 4.559, 4.559, 4.559, 4.559, 4.559, 4.559, 4.559, 4.559, 4.559, 4.559, 4.559, 4.559, 4.559, 4.559, 4.559, 4.559, 4.559, 4.559, 4.559, 4.559, 4.559, 4.559, 4.559, 4.559, 4.559, 4.559, 4.559, 4.559, 4.559, 4.559, 4.559, 4.559, 4.559, 4.559, 4.559, 4.559, 4.559, 4.559, 4.559, 4.559, 4.559, 4.559, 4.559, 4.559, 4.559, 4.559, 4.559, 4.559, 4.559, 4.559, 4.559, 4.559, 4.559, 4.559, 4.559, 4.559, 4.559, 4.559, 4.559], "O22": [4.551476171932292, 4.551476171932292, 4.551476171932292, 4.551476171932292, 4.551476171932292, 4.540766000504973, 4.540766000504973, 4.540766000504973, 4.540766000504973, 4.540766000504973, 4.542247037635614, 4.542247037635614, 4.542247037635614, 4.542247037635614, 4.548437483785053, 4.559975314271216, 4.559975314271216, 4.559975314271216, 4.559975314271216, 4.559821986072923, 4.562227143702772, 4.562227143702772, 4.562227143702772, 4.562227143702772, 4.560757555856652, 4.553980457738885, 4.553980457738885, 4.553980457738885, 4.553980457738885, 4.562605351249008, 4.55452608767104, 4.55452608767104, 4.55452608767104, 4.55452608767104, 4.556073842470301, 4.551353612678017, 4.551353612678017, 4.551353612678017, 4.551353612678017, 4.533518536872957, 4.53255239493715, 4.53255239493715, 4.53255239493715, 4.53255239493715, 4.51514552879004, 4.5067249122094175, 4.5067249122094175, 4.5067249122094175, 4.5067249122094175, 4.506294289444593, 4.500025872375638, 4.500025872375638, 4.500025872375638, 4.500025872375638, 4.502033432945729, 4.499963526484186, 4.499963526484186, 4.499963526484186, 4.499963526484186, 4.491644641575016, 4.488343509070544, 4.488343509070544, 4.488343509070544, 4.488343509070544, 4.4729555690527585, 4.501295708321421, 4.501295708321421, 4.501295708321421, 4.501295708321421, 4.509188442440033, 4.502744794104698, 4.502744794104698, 4.502744794104698, 4.502744794104698, 4.5093556501995575, 4.499101000152845, 4.499101000152845, 4.499101000152845, 4.499101000152845, 4.500979859345006, 4.492721383020307, 4.492721383020307, 4.492721383020307, 4.492721383020307, 4.4968463063873045, 4.488496342512537, 4.488496342512537, 4.488496342512537, 4.488496342512537, 4.447964827591013, 4.457967330094501, 4.457967330094501, 4.457967330094501, 4.457967330094501, 4.45513651757354, 4.453884069036569, 4.453884069036569, 4.453884069036569, 4.453884069036569, 4.458578168492163, 4.465781606511627, 4.465781606511627, 4.465781606511627, 4.465781606511627, 4.470137311437549, 4.49237482210581, 4.49237482210581, 4.49237482210581, 4.49237482210581, 4.501125150443818, 4.5028183329920655, 4.5028183329920655, 4.5028183329920655, 4.5028183329920655, 4.505866186109092, 4.503371716588455, 4.503371716588455, 4.503371716588455, 4.503371716588455, 4.512303340699523, 4.5088394218610155, 4.5088394218610155, 4.5088394218610155, 4.5088394218610155, 4.512900487819784, 4.510916947962033, 4.510916947962033, 4.510916947962033, 4.510916947962033, 4.499515730939232, 4.499754356684687, 4.499754356684687, 4.499754356684687, 4.499754356684687, 4.497182419240791, 4.500656935072864, 4.500656935072864, 4.500656935072864, 4.500656935072864, 4.502593450875397, 4.503412093035621, 4.503412093035621, 4.503412093035621, 4.503412093035621, 4.505826407040888, 4.500744741113336, 4.500744741113336, 4.500744741113336, 4.500744741113336, 4.5003502384916745, 4.5024941016737055, 4.5024941016737055, 4.5024941016737055, 4.5024941016737055, 4.502934500927817, 4.501220333283473, 4.501220333283473, 4.501220333283473, 4.501220333283473, 4.497919380697649, 4.487378286907234, 4.487378286907234, 4.487378286907234, 4.487378286907234, 4.481616281179477, 4.489776721566762, 4.489776721566762, 4.489776721566762, 4.489776721566762, 4.492923954788101, 4.501569666676402, 4.501569666676402, 4.501569666676402, 4.501569666676402, 4.499161941325154, 4.502411430985078, 4.502411430985078, 4.502411430985078, 4.502411430985078, 4.5043794011982925, 4.50618192017966, 4.50618192017966, 4.50618192017966, 4.50618192017966, 4.5177320699761, 4.514596105244143, 4.514596105244143, 4.514596105244143, 4.514596105244143, 4.514454992385614, 4.509325073623676, 4.509325073623676, 4.509325073623676, 4.509325073623676, 4.503731207287595, 4.5014851121212045, 4.5014851121212045, 4.5014851121212045, 4.5014851121212045, 4.497949827511464, 4.503805849756765, 4.503805849756765, 4.503805849756765, 4.503805849756765, 4.501302579029345, 4.499622036629712, 4.499622036629712, 4.499622036629712, 4.499622036629712, 4.499499137104723, 4.500415445500255, 4.500415445500255, 4.500415445500255, 4.500415445500255, 4.504071660998511, 4.511077927075549, 4.511077927075549, 4.511077927075549, 4.511077927075549, 4.515127770656047, 4.511449872195595, 4.511449872195595, 4.511449872195595, 4.511449872195595, 4.5082055376873145, 4.502039049549049, 4.502039049549049, 4.502039049549049, 4.502039049549049, 4.504240850106883, 4.516611677012399, 4.516611677012399, 4.516611677012399, 4.516611677012399, 4.5193898505149965, 4.5205454475106555, 4.5205454475106555, 4.5205454475106555, 4.5205454475106555, 4.5169727236633115, 4.513465509619737, 4.513465509619737, 4.513465509619737, 4.513465509619737, 4.517481251749499, 4.516666991805456, 4.516666991805456, 4.516666991805456, 4.516666991805456, 4.524475577716798, 4.521096238157835, 4.521096238157835, 4.521096238157835, 4.521096238157835, 4.510988944191234, 4.508980658635385, 4.508980658635385, 4.508980658635385, 4.508980658635385, 4.504242481959402, 4.519079254023112, 4.519079254023112, 4.519079254023112, 4.519079254023112, 4.523536769057813, 4.522680077082371, 4.522680077082371, 4.522680077082371, 4.522680077082371, 4.524804642810474, 4.528650284880997, 4.528650284880997, 4.528650284880997, 4.528650284880997, 4.53324918105884, 4.528392728359245, 4.528392728359245, 4.528392728359245, 4.528392728359245, 4.53368657638943, 4.528807207555332, 4.528807207555332, 4.528807207555332, 4.528807207555332, 4.519206429157983, 4.51272984191108, 4.51272984191108, 4.51272984191108, 4.51272984191108, 4.511016311358584, 4.511016311358584, 4.511016311358584, 4.511016311358584, 4.511016311358584, 4.495709972473207, 4.495709972473207, 4.495709972473207, 4.495709972473207, 4.495709972473207, 4.491574076802686], "I23": [], "IGen": {"displaySize": "1920x1080", "device": ""}}