{"O21": [4.408, 4.408, 4.408, 4.408, 4.408, 4.408, 4.408, 4.408, 4.408, 4.408, 4.408, 4.408, 4.408, 4.408, 4.408, 4.408, 4.408, 4.408, 4.408, 4.408, 4.408, 4.408, 4.408, 4.408, 4.408, 4.408, 4.408, 4.408, 4.408, 4.408, 4.408, 4.408, 4.408, 4.408, 4.408, 4.408, 4.408, 4.408, 4.408, 4.408, 4.408, 4.408, 4.408, 4.408, 4.408, 4.408, 4.408, 4.408, 4.408, 4.408, 4.408, 4.408, 4.408, 4.408, 4.408, 4.408, 4.408, 4.408, 4.408, 4.408, 4.408, 4.408, 4.408, 4.408, 4.408, 4.408, 4.408, 4.408, 4.408, 4.408, 4.408, 4.408, 4.408, 4.408, 4.408, 4.408, 4.408, 4.408, 4.408, 4.408, 4.408, 4.408, 4.408, 4.408, 4.408, 4.408, 4.408, 4.408, 4.408, 4.408, 4.408, 4.408, 4.408, 4.408, 4.408, 4.408, 4.408, 4.408, 4.408, 4.408, 4.408, 4.408, 4.408, 4.408, 4.408, 4.408, 4.408, 4.408, 4.408, 4.408, 4.408, 4.408, 4.408, 4.408, 4.408, 4.408, 4.408, 4.408, 4.408, 4.408, 4.408, 4.408, 4.408, 4.408, 4.408, 4.408, 4.408, 4.408, 4.408, 4.408, 4.408, 4.408, 4.408, 4.408, 4.408, 4.408, 4.408, 4.408, 4.408, 4.408, 4.408, 4.408, 4.408, 4.408, 4.408, 4.408, 4.408, 4.408, 4.408, 4.408, 4.408, 4.408, 4.408, 4.408, 4.408, 4.408, 4.408, 4.408, 4.408, 4.408, 4.408, 4.408, 4.408, 4.408, 4.408, 4.408, 4.408, 4.408, 4.408, 4.408, 4.408, 4.408, 4.408, 4.408, 4.408, 4.408, 4.408, 4.408, 4.408, 4.408], "O22": [1.0873445352098496, 1.0873445352098496, 1.0873445352098496, 1.0873445352098496, 1.0873445352098496, 1.088820589347809, 1.088820589347809, 1.088820589347809, 1.088820589347809, 1.088820589347809, 1.09588753704384, 1.09588753704384, 1.09588753704384, 1.09588753704384, 1.0993438887880616, 1.0956642237246543, 1.0956642237246543, 1.0956642237246543, 1.0956642237246543, 1.0960829890457282, 1.093567619748141, 1.093567619748141, 1.093567619748141, 1.093567619748141, 1.0954011250709295, 1.0932750004489016, 1.0932750004489016, 1.0932750004489016, 1.0932750004489016, 1.093286969788473, 1.0885446206858869, 1.0885446206858869, 1.0885446206858869, 1.0885446206858869, 1.0795077145900747, 1.0819968500693917, 1.0819968500693917, 1.0819968500693917, 1.0819968500693917, 1.08232767277071, 1.0842797411665537, 1.0842797411665537, 1.0842797411665537, 1.0842797411665537, 1.0845049487083651, 1.085009682947663, 1.085009682947663, 1.085009682947663, 1.085009682947663, 1.0850934656986089, 1.0842815080843318, 1.0842815080843318, 1.0842815080843318, 1.0842815080843318, 1.0879979302673795, 1.090253548359553, 1.090253548359553, 1.090253548359553, 1.090253548359553, 1.0898521183530736, 1.0924179316488383, 1.0924179316488383, 1.0924179316488383, 1.0924179316488383, 1.0925179177246358, 1.09494992710803, 1.09494992710803, 1.09494992710803, 1.09494992710803, 1.0969120109340655, 1.0989047353018386, 1.0989047353018386, 1.0989047353018386, 1.0989047353018386, 1.1032750585754916, 1.100543122545365, 1.100543122545365, 1.100543122545365, 1.100543122545365, 1.1008853353810244, 1.0987201086885738, 1.0987201086885738, 1.0987201086885738, 1.0987201086885738, 1.097760000092563, 1.0996658983970924, 1.0996658983970924, 1.0996658983970924, 1.0996658983970924, 1.0984345718987614, 1.1087530563188732, 1.1087530563188732, 1.1087530563188732, 1.1087530563188732, 1.1092411138954232, 1.1044024046332412, 1.1044024046332412, 1.1044024046332412, 1.1044024046332412, 1.1080639972419202, 1.1017703656938043, 1.1017703656938043, 1.1017703656938043, 1.1017703656938043, 1.1046751940821722, 1.1029112290097676, 1.1029112290097676, 1.1029112290097676, 1.1029112290097676, 1.1018303592030247, 1.098314602208434, 1.098314602208434, 1.098314602208434, 1.098314602208434, 1.0850500679424493, 1.0845058316267862, 1.0845058316267862, 1.0845058316267862, 1.0845058316267862, 1.0845049487083651, 1.084888127772214, 1.084888127772214, 1.084888127772214, 1.084888127772214, 1.087154795559845, 1.088080409040189, 1.088080409040189, 1.088080409040189, 1.088080409040189, 1.0861359757970768, 1.085304717370099, 1.085304717370099, 1.085304717370099, 1.085304717370099, 1.0856341242948835, 1.0858262585721021, 1.0858262585721021, 1.0858262585721021, 1.0858262585721021, 1.0866999445427519, 1.0850635286001609, 1.0850635286001609, 1.0850635286001609, 1.0850635286001609, 1.0847244182420248, 1.0879404699805466, 1.0879404699805466, 1.0879404699805466, 1.0879404699805466, 1.086979389623243, 1.0878540757374426, 1.0878540757374426, 1.0878540757374426, 1.0878540757374426, 1.089315168000316, 1.0899107649377933, 1.0899107649377933, 1.0899107649377933, 1.0899107649377933, 1.0907366012399877, 1.085443654740124, 1.085443654740124, 1.085443654740124, 1.085443654740124, 1.0871742419830086, 1.0854887837830458, 1.0854887837830458, 1.0854887837830458, 1.0854887837830458, 1.0816429051447491, 1.0816429051447491, 1.0816429051447491, 1.0816429051447491, 1.0816429051447491, 1.0783786457711286, 1.0783786457711286, 1.0783786457711286, 1.0783786457711286, 1.0783786457711286, 1.0713434020484973], "I23": [[120, 20]], "IGen": {"displaySize": "1920x1080", "device": ""}}