{"O21": [4.553999999999999, 4.553999999999999, 4.553999999999999, 4.553999999999999, 4.553999999999999, 4.553999999999999, 4.553999999999999, 4.553999999999999, 4.553999999999999, 4.553999999999999, 4.553999999999999, 4.553999999999999, 4.553999999999999, 4.553999999999999, 4.553999999999999, 4.553999999999999, 4.553999999999999, 4.553999999999999, 4.553999999999999, 4.553999999999999, 4.531000000000001, 4.531000000000001, 4.531000000000001, 4.531000000000001, 4.531000000000001, 4.531000000000001, 4.531000000000001, 4.531000000000001, 4.531000000000001, 4.531000000000001, 4.531000000000001, 4.531000000000001, 4.531000000000001, 4.531000000000001, 4.531000000000001, 4.531000000000001, 4.531000000000001, 4.531000000000001, 4.531000000000001, 4.53, 4.408, 4.408, 4.408, 4.408, 4.408, 4.408, 4.408, 4.408, 4.408, 4.408, 4.408, 4.408, 4.408, 4.408, 4.408, 4.408, 4.408, 4.408, 4.408, 4.408, 4.408, 4.408, 4.408, 4.408, 4.408, 4.408, 4.408, 4.408, 4.408, 4.408, 4.408, 4.408, 4.408, 4.408, 4.408, 4.408, 4.408, 4.408, 4.408, 4.408, 4.408, 4.408, 4.408, 4.408, 4.408, 4.408, 4.408, 4.408, 4.408, 4.408, 4.408, 4.408, 4.408, 4.408, 4.408, 4.408, 4.408, 4.408, 4.408, 4.408, 4.408, 4.408, 4.408, 4.408, 4.408, 4.408, 4.408, 4.408, 4.408, 4.408, 4.408, 4.408, 4.408, 4.408, 4.408, 4.408, 4.408, 4.408, 4.408, 4.408, 4.408, 4.408, 4.408, 4.408, 4.408, 4.408, 4.408, 4.408, 4.408, 4.408, 4.408, 4.408, 4.408, 4.408, 4.408, 4.408, 4.408, 4.408, 4.408, 4.408, 4.408, 4.408, 4.408, 4.408, 4.408, 4.408, 4.408, 4.408, 4.408, 4.408, 4.408, 4.408, 4.408, 4.408, 4.408, 4.408, 4.408, 4.408, 4.408, 4.408, 4.408, 4.408, 4.408, 4.408, 4.408, 4.408, 4.408, 4.408, 4.408, 4.408, 4.408, 4.408, 4.408, 4.408, 4.408, 4.408, 4.408, 4.408, 4.408], "O22": [4.275673606095576, 4.275673606095576, 4.275673606095576, 4.275673606095576, 4.275673606095576, 4.294147446939088, 4.294147446939088, 4.294147446939088, 4.294147446939088, 4.294147446939088, 4.294147446939088, 4.294147446939088, 4.294147446939088, 4.294147446939088, 4.322599263262916, 4.322599263262916, 4.322599263262916, 4.322599263262916, 4.322599263262916, 4.346454411847936, 2.7476453831371206, 2.7476453831371206, 2.7476453831371206, 2.7476453831371206, 2.7476453831371206, 2.72897604440433, 2.72897604440433, 2.72897604440433, 2.72897604440433, 2.72897604440433, 2.72897604440433, 2.72897604440433, 2.72897604440433, 2.72897604440433, 2.7480190975628855, 2.7480190975628855, 2.7480190975628855, 2.7480190975628855, 2.7480190975628855, 2.7094232601251544, 1.0855953702300023, 1.0855953702300023, 1.0855953702300023, 1.0855953702300023, 1.0855953702300023, 1.0853274871613494, 1.0853274871613494, 1.0853274871613494, 1.0853274871613494, 1.0853274871613494, 1.089841229366432, 1.089841229366432, 1.089841229366432, 1.089841229366432, 1.0901943586269038, 1.093566697681266, 1.093566697681266, 1.093566697681266, 1.093566697681266, 1.095950337768205, 1.0952726244148492, 1.0952726244148492, 1.0952726244148492, 1.0952726244148492, 1.0979460158674794, 1.0960228991521437, 1.0960228991521437, 1.0960228991521437, 1.0960228991521437, 1.0988545628217399, 1.0980261526925565, 1.0980261526925565, 1.0980261526925565, 1.0980261526925565, 1.0956307630379782, 1.0930874575781169, 1.0930874575781169, 1.0930874575781169, 1.0930874575781169, 1.0895910814633778, 1.0918518380703026, 1.0918518380703026, 1.0918518380703026, 1.0918518380703026, 1.0916758678077323, 1.093635101837501, 1.093635101837501, 1.093635101837501, 1.093635101837501, 1.0949705478466243, 1.0954265747052017, 1.0954265747052017, 1.0954265747052017, 1.0954265747052017, 1.0956098710126825, 1.09682235290874, 1.09682235290874, 1.09682235290874, 1.09682235290874, 1.1002698955753456, 1.1010152339413257, 1.1010152339413257, 1.1010152339413257, 1.1010152339413257, 1.101070143300262, 1.0962612480906915, 1.0962612480906915, 1.0962612480906915, 1.0962612480906915, 1.0949701240223308, 1.091388769873435, 1.091388769873435, 1.091388769873435, 1.091388769873435, 1.0899139729863836, 1.0870417271843602, 1.0870417271843602, 1.0870417271843602, 1.0870417271843602, 1.0833271324418543, 1.079704562370881, 1.079704562370881, 1.079704562370881, 1.079704562370881, 1.0734895152913173, 1.0715737842441255, 1.0715737842441255, 1.0715737842441255, 1.0715737842441255, 1.0703282754742556, 1.0682258905762358, 1.0682258905762358, 1.0682258905762358, 1.0682258905762358, 1.066089166137534, 1.0651949297650098, 1.0651949297650098, 1.0651949297650098, 1.0651949297650098, 1.0626793805061059, 1.0660975947497933, 1.0660975947497933, 1.0660975947497933, 1.0660975947497933, 1.0663281433726668, 1.081297603162723, 1.081297603162723, 1.081297603162723, 1.081297603162723, 1.0856095754963766, 1.0993286415563548, 1.0993286415563548, 1.0993286415563548, 1.0993286415563548, 1.1088238606513738, 1.1075126002077942, 1.1075126002077942, 1.1075126002077942, 1.1075126002077942, 1.118399099896357, 1.1106003405128595, 1.1106003405128595, 1.1106003405128595, 1.1106003405128595, 1.1179337342405335, 1.1099436393065079, 1.1099436393065079, 1.1099436393065079, 1.1099436393065079, 1.1025662757970178, 1.1025662757970178, 1.1025662757970178, 1.1025662757970178, 1.1025662757970178, 1.0848298496514721, 1.0848298496514721, 1.0848298496514721, 1.0848298496514721, 1.0848298496514721], "I23": [[50, 12], [60, 12]], "IGen": {"displaySize": "1920x1080", "device": ""}}