{"O21": [4.408, 4.408, 4.408, 4.408, 4.408, 4.408, 4.408, 4.408, 4.408, 4.408, 4.408, 4.408, 4.408, 4.408, 4.408, 4.408, 4.408, 4.408, 4.408, 4.408, 4.408, 4.408, 4.408, 4.408, 4.408, 4.408, 4.408, 4.408, 4.408, 4.408, 4.408, 4.408, 4.408, 4.408, 4.408, 4.408, 4.408, 4.408, 4.408, 4.408, 4.408, 4.408, 4.408, 4.408, 4.408, 4.408, 4.408, 4.408, 4.408, 4.408, 4.408, 4.408, 4.408, 4.408, 4.408, 4.408, 4.408, 4.408, 4.408, 4.408, 4.408, 4.408, 4.408, 4.408, 4.408, 4.408, 4.408, 4.408, 4.408, 4.408, 4.408, 4.408, 4.408, 4.408, 4.408, 4.408, 4.408, 4.408, 4.408, 4.408, 4.408, 4.408, 4.408, 4.408, 4.408, 4.408, 4.408, 4.408, 4.408, 4.408, 4.408, 4.408, 4.408, 4.408, 4.408, 4.408, 4.408, 4.408, 4.408, 4.408, 4.408, 4.408, 4.408, 4.408, 4.408, 4.408, 4.408, 4.408, 4.408, 4.408, 4.408, 4.408, 4.408, 4.408, 4.408, 4.408, 4.408, 4.408, 4.408, 4.408, 4.408, 4.408, 4.408, 4.408, 4.408, 4.408, 4.408, 4.408, 4.408, 4.408, 4.408, 4.408, 4.408, 4.408, 4.408, 4.408, 4.408, 4.408, 4.408, 4.408, 4.408, 4.408, 4.408, 4.408, 4.408, 4.408, 4.408, 4.408, 4.408, 4.408, 4.408, 4.408, 4.408, 4.408, 4.408, 4.408, 4.408, 4.408, 4.408, 4.408, 4.408, 4.408, 4.408, 4.408, 4.408, 4.408, 4.408, 4.408, 4.408, 4.408, 4.408, 4.408, 4.408, 4.408, 4.408, 4.408, 4.408, 4.408, 4.408, 4.408], "O22": [1.0804957960541122, 1.0804957960541122, 1.0804957960541122, 1.0804957960541122, 1.0804957960541122, 1.088777357366833, 1.088777357366833, 1.088777357366833, 1.088777357366833, 1.088777357366833, 1.0952393991198608, 1.0952393991198608, 1.0952393991198608, 1.0952393991198608, 1.0987725961379267, 1.1009807916610712, 1.1009807916610712, 1.1009807916610712, 1.1009807916610712, 1.1073388852481347, 1.1036502193488889, 1.1036502193488889, 1.1036502193488889, 1.1036502193488889, 1.1079812166988667, 1.1040833471059313, 1.1040833471059313, 1.1040833471059313, 1.1040833471059313, 1.1018701625479634, 1.1027434126089741, 1.1027434126089741, 1.1027434126089741, 1.1027434126089741, 1.0982676777555502, 1.097790067628736, 1.097790067628736, 1.097790067628736, 1.097790067628736, 1.094762129207211, 1.093959006734446, 1.093959006734446, 1.093959006734446, 1.093959006734446, 1.0952922832991834, 1.0964986053762789, 1.0964986053762789, 1.0964986053762789, 1.0964986053762789, 1.0985634359419958, 1.0987878840894574, 1.0987878840894574, 1.0987878840894574, 1.0987878840894574, 1.0969120109340655, 1.0964986053762789, 1.0964986053762789, 1.0964986053762789, 1.0964986053762789, 1.0966550038334786, 1.095613067094515, 1.095613067094515, 1.095613067094515, 1.095613067094515, 1.0968270843693353, 1.095785288016636, 1.095785288016636, 1.095785288016636, 1.095785288016636, 1.0943998561686648, 1.0938394117892745, 1.0938394117892745, 1.0938394117892745, 1.0938394117892745, 1.0923655632155778, 1.0924179316488383, 1.0924179316488383, 1.0924179316488383, 1.0924179316488383, 1.0918093560079276, 1.0919731012502518, 1.0919731012502518, 1.0919731012502518, 1.0919731012502518, 1.092110137694598, 1.0905117129848212, 1.0905117129848212, 1.0905117129848212, 1.0905117129848212, 1.0902397604185856, 1.0893052194292188, 1.0893052194292188, 1.0893052194292188, 1.0893052194292188, 1.088731924018193, 1.0915783771988417, 1.0915783771988417, 1.0915783771988417, 1.0915783771988417, 1.0913163296866293, 1.0936000866938842, 1.0936000866938842, 1.0936000866938842, 1.0936000866938842, 1.0938428160401927, 1.0945904011811065, 1.0945904011811065, 1.0945904011811065, 1.0945904011811065, 1.0971878620930609, 1.0982131492246634, 1.0982131492246634, 1.0982131492246634, 1.0982131492246634, 1.1013267131848223, 1.097008354559923, 1.097008354559923, 1.097008354559923, 1.097008354559923, 1.0955482434331953, 1.0918510187326786, 1.0918510187326786, 1.0918510187326786, 1.0918510187326786, 1.0891208653414863, 1.0881667456423936, 1.0881667456423936, 1.0881667456423936, 1.0881667456423936, 1.0857884714995039, 1.0853741018872, 1.0853741018872, 1.0853741018872, 1.0853741018872, 1.0810599318944731, 1.0811045245332485, 1.0811045245332485, 1.0811045245332485, 1.0811045245332485, 1.0815426464916558, 1.083497825512855, 1.083497825512855, 1.083497825512855, 1.083497825512855, 1.0851585525016674, 1.0851138404576621, 1.0851138404576621, 1.0851138404576621, 1.0851138404576621, 1.0853081733400598, 1.0873871684776046, 1.0873871684776046, 1.0873871684776046, 1.0873871684776046, 1.0883000855735774, 1.0882530601921143, 1.0882530601921143, 1.0882530601921143, 1.0882530601921143, 1.089983570488093, 1.0894260657331332, 1.0894260657331332, 1.0894260657331332, 1.0894260657331332, 1.0889674691969033, 1.0842204779560005, 1.0842204779560005, 1.0842204779560005, 1.0842204779560005, 1.0840416458888895, 1.0840416458888895, 1.0840416458888895, 1.0840416458888895, 1.0840416458888895, 1.0801306953955783, 1.0801306953955783, 1.0801306953955783, 1.0801306953955783, 1.0801306953955783, 1.0761327160239444], "I23": [[120, 20]], "IGen": {"displaySize": "1920x1080", "device": ""}}