{"O21": [4.408, 4.408, 4.408, 4.408, 4.408, 4.408, 4.408, 4.408, 4.408, 4.408, 4.408, 4.408, 4.408, 4.408, 4.409, 4.531000000000001, 4.531000000000001, 4.531000000000001, 4.531000000000001, 4.531000000000001, 4.531000000000001, 4.531000000000001, 4.531000000000001, 4.531000000000001, 4.532, 4.553999999999999, 4.553999999999999, 4.553999999999999, 4.553999999999999, 4.553999999999999, 4.553999999999999, 4.553999999999999, 4.553999999999999, 4.553999999999999, 4.553999999999999, 4.531000000000001, 4.531000000000001, 4.531000000000001, 4.531000000000001, 4.531000000000001, 4.531000000000001, 4.531000000000001, 4.531000000000001, 4.531000000000001, 4.53, 4.408, 4.408, 4.408, 4.408, 4.408, 4.408, 4.408, 4.408, 4.408, 4.408, 4.408, 4.408, 4.408, 4.408, 4.408, 4.408, 4.408, 4.408, 4.408, 4.416, 4.531000000000001, 4.531000000000001, 4.531000000000001, 4.531000000000001, 4.531000000000001, 4.531000000000001, 4.531000000000001, 4.531000000000001, 4.531000000000001, 4.532, 4.553999999999999, 4.553999999999999, 4.553999999999999, 4.553999999999999, 4.553999999999999, 4.553999999999999, 4.553999999999999, 4.553999999999999, 4.553999999999999, 4.553, 4.531000000000001, 4.531000000000001, 4.531000000000001, 4.531000000000001, 4.531000000000001, 4.531000000000001, 4.531000000000001, 4.531000000000001, 4.531000000000001, 4.5280000000000005, 4.408, 4.408, 4.408, 4.408, 4.408, 4.408, 4.408, 4.408, 4.408, 4.408, 4.408, 4.408, 4.408, 4.408, 4.408, 4.408, 4.408, 4.408, 4.408, 4.422, 4.531000000000001, 4.531000000000001, 4.531000000000001, 4.531000000000001, 4.531000000000001, 4.531000000000001, 4.531000000000001, 4.531000000000001, 4.531000000000001, 4.533, 4.553999999999999, 4.553999999999999, 4.553999999999999, 4.553999999999999, 4.553999999999999, 4.553999999999999, 4.553999999999999, 4.553999999999999, 4.553999999999999, 4.553, 4.531000000000001, 4.531000000000001, 4.531000000000001, 4.531000000000001, 4.531000000000001, 4.531000000000001, 4.531000000000001, 4.531000000000001, 4.531000000000001, 4.527, 4.408, 4.408, 4.408, 4.408, 4.408, 4.408, 4.408, 4.408, 4.408, 4.408, 4.408, 4.408, 4.408, 4.408, 4.408, 4.408, 4.408, 4.408, 4.408, 4.408, 4.408, 4.408, 4.408, 4.408, 4.408, 4.408, 4.408, 4.408, 4.408, 4.408, 4.408, 4.408, 4.408, 4.408, 4.408], "O22": [1.0978843283395783, 1.0978843283395783, 1.0978843283395783, 1.0978843283395783, 1.0978843283395783, 1.0978843283395783, 1.0978843283395783, 1.0978843283395783, 1.0978843283395783, 1.0978843283395783, 1.0978843283395783, 1.0978843283395783, 1.0978843283395783, 1.0978843283395783, 2.6092114777518827, 2.6092114777518827, 2.6092114777518827, 2.6092114777518827, 2.6092114777518827, 2.6092114777518827, 2.6092114777518827, 2.6092114777518827, 2.6092114777518827, 2.6092114777518827, 4.397659907536081, 4.397659907536081, 4.397659907536081, 4.397659907536081, 4.397659907536081, 4.397659907536081, 4.397659907536081, 4.397659907536081, 4.397659907536081, 4.397659907536081, 2.6802510121748697, 2.6802510121748697, 2.6802510121748697, 2.6802510121748697, 2.6802510121748697, 2.6802510121748697, 2.6802510121748697, 2.6802510121748697, 2.6802510121748697, 2.6802510121748697, 1.0952207068264432, 1.0952207068264432, 1.0952207068264432, 1.0952207068264432, 1.0952207068264432, 1.0920266544937505, 1.0920266544937505, 1.0920266544937505, 1.0920266544937505, 1.0920266544937505, 1.0920266544937505, 1.0920266544937505, 1.0920266544937505, 1.0920266544937505, 1.0920266544937505, 1.0946597684344113, 1.0946597684344113, 1.0946597684344113, 1.0946597684344113, 1.0946597684344113, 2.6687325477373522, 2.6687325477373522, 2.6687325477373522, 2.6687325477373522, 2.6687325477373522, 2.6687325477373522, 2.6687325477373522, 2.6687325477373522, 2.6687325477373522, 2.6687325477373522, 4.269020272989161, 4.269020272989161, 4.269020272989161, 4.269020272989161, 4.269020272989161, 4.269020272989161, 4.269020272989161, 4.269020272989161, 4.269020272989161, 4.269020272989161, 2.5707139395883076, 2.5707139395883076, 2.5707139395883076, 2.5707139395883076, 2.5707139395883076, 2.5707139395883076, 2.5707139395883076, 2.5707139395883076, 2.5707139395883076, 2.5707139395883076, 1.0897813372159484, 1.0897813372159484, 1.0897813372159484, 1.0897813372159484, 1.0897813372159484, 1.0906291398591967, 1.0906291398591967, 1.0906291398591967, 1.0906291398591967, 1.0906291398591967, 1.0906291398591967, 1.0906291398591967, 1.0906291398591967, 1.0906291398591967, 1.0906291398591967, 1.095301020197017, 1.095301020197017, 1.095301020197017, 1.095301020197017, 1.095301020197017, 2.7468150606492134, 2.7468150606492134, 2.7468150606492134, 2.7468150606492134, 2.7468150606492134, 2.7468150606492134, 2.7468150606492134, 2.7468150606492134, 2.7468150606492134, 2.7468150606492134, 4.221880035467956, 4.221880035467956, 4.221880035467956, 4.221880035467956, 4.221880035467956, 4.221880035467956, 4.221880035467956, 4.221880035467956, 4.221880035467956, 4.221880035467956, 2.6378236351629676, 2.6378236351629676, 2.6378236351629676, 2.6378236351629676, 2.6378236351629676, 2.6378236351629676, 2.6378236351629676, 2.6378236351629676, 2.6378236351629676, 2.6378236351629676, 1.0864003855498505, 1.0864003855498505, 1.0864003855498505, 1.0864003855498505, 1.0858640818842789, 1.0858640818842789, 1.0858640818842789, 1.0858640818842789, 1.0858640818842789, 1.085164609047675, 1.085164609047675, 1.085164609047675, 1.085164609047675, 1.085164609047675, 1.0809419087654162, 1.0809419087654162, 1.0809419087654162, 1.0809419087654162, 1.0809419087654162, 1.081051676594646, 1.081051676594646, 1.081051676594646, 1.081051676594646, 1.081051676594646, 1.0776958993202388, 1.0776958993202388, 1.0776958993202388, 1.0776958993202388, 1.0776958993202388, 1.0754915365279027, 1.0754915365279027, 1.0754915365279027, 1.0754915365279027, 1.0754915365279027], "I23": [], "IGen": {"displaySize": "1920x1080", "device": ""}}