{"O21": [4.559, 4.559, 4.559, 4.559, 4.559, 4.559, 4.559, 4.559, 4.559, 4.559, 4.559, 4.559, 4.559, 4.559, 4.559, 4.559, 4.559, 4.559, 4.559, 4.559, 4.559, 4.559, 4.559, 4.559, 4.559, 4.559, 4.559, 4.559, 4.559, 4.559, 4.559, 4.559, 4.559, 4.559, 4.559, 4.559, 4.559, 4.559, 4.559, 4.559, 4.559, 4.559, 4.559, 4.559, 4.559, 4.559, 4.559, 4.559, 4.559, 4.559, 4.559, 4.559, 4.559, 4.559, 4.559, 4.559, 4.559, 4.559, 4.559, 4.559, 4.559, 4.559, 4.559, 4.559, 4.559, 4.559, 4.559, 4.559, 4.559, 4.559, 4.559, 4.559, 4.559, 4.559, 4.559, 4.559, 4.559, 4.559, 4.559, 4.559, 4.559, 4.559, 4.559, 4.559, 4.559, 4.559, 4.559, 4.559, 4.559, 4.559, 4.559, 4.559, 4.559, 4.559, 4.559, 4.559, 4.559, 4.559, 4.559, 4.559, 4.559, 4.559, 4.559, 4.559, 4.559, 4.559, 4.559, 4.559, 4.559, 4.559, 4.559, 4.559, 4.559, 4.559, 4.559, 4.559, 4.559, 4.559, 4.559, 4.559, 4.559, 4.559, 4.559, 4.559, 4.559, 4.559, 4.559, 4.559, 4.559, 4.559, 4.559, 4.559, 4.559, 4.559, 4.559, 4.559, 4.559, 4.559, 4.559, 4.559, 4.559, 4.559, 4.559, 4.559, 4.559, 4.559, 4.559, 4.559, 4.559, 4.559, 4.559, 4.559, 4.559, 4.559, 4.559, 4.559, 4.559, 4.559, 4.559, 4.559, 4.559, 4.559, 4.559, 4.559, 4.559, 4.559, 4.559, 4.559, 4.559, 4.559, 4.559, 4.559, 4.559, 4.559, 4.559, 4.559, 4.559, 4.559, 4.559], "O22": [4.507046520234332, 4.507046520234332, 4.507046520234332, 4.507046520234332, 4.507046520234332, 4.509015381932533, 4.509015381932533, 4.509015381932533, 4.509015381932533, 4.509015381932533, 4.508258150071064, 4.508258150071064, 4.508258150071064, 4.508258150071064, 4.509255932758471, 4.5118611289844, 4.5118611289844, 4.5118611289844, 4.5118611289844, 4.512706898864535, 4.513295850968266, 4.513295850968266, 4.513295850968266, 4.513295850968266, 4.514418985304432, 4.510669322270336, 4.510669322270336, 4.510669322270336, 4.510669322270336, 4.509646928415985, 4.511353606325724, 4.511353606325724, 4.511353606325724, 4.511353606325724, 4.512820854075848, 4.508487872931274, 4.508487872931274, 4.508487872931274, 4.508487872931274, 4.504833523379345, 4.4978645755377595, 4.4978645755377595, 4.4978645755377595, 4.4978645755377595, 4.492559064263826, 4.502737435371191, 4.502737435371191, 4.502737435371191, 4.502737435371191, 4.504965889328165, 4.509618551452944, 4.509618551452944, 4.509618551452944, 4.509618551452944, 4.507422269765245, 4.510079045733734, 4.510079045733734, 4.510079045733734, 4.510079045733734, 4.514675096867561, 4.518423315496784, 4.518423315496784, 4.518423315496784, 4.518423315496784, 4.527333401867754, 4.522681997680139, 4.522681997680139, 4.522681997680139, 4.522681997680139, 4.5200619963807, 4.514500583269988, 4.514500583269988, 4.514500583269988, 4.514500583269988, 4.511444062011205, 4.511625653743595, 4.511625653743595, 4.511625653743595, 4.511625653743595, 4.509419955893733, 4.512006226309447, 4.512006226309447, 4.512006226309447, 4.512006226309447, 4.505974107175249, 4.505077722249328, 4.505077722249328, 4.505077722249328, 4.505077722249328, 4.506483252179464, 4.5105065737294545, 4.5105065737294545, 4.5105065737294545, 4.5105065737294545, 4.515507611944433, 4.517756598310558, 4.517756598310558, 4.517756598310558, 4.517756598310558, 4.519032024516062, 4.515249896539866, 4.515249896539866, 4.515249896539866, 4.515249896539866, 4.513622710034851, 4.507371519228262, 4.507371519228262, 4.507371519228262, 4.507371519228262, 4.50878608795717, 4.5223496632573585, 4.5223496632573585, 4.5223496632573585, 4.5223496632573585, 4.521832501066752, 4.522065781011751, 4.522065781011751, 4.522065781011751, 4.522065781011751, 4.521039956086402, 4.517738353103226, 4.517738353103226, 4.517738353103226, 4.517738353103226, 4.521949459104185, 4.52243028857364, 4.52243028857364, 4.52243028857364, 4.52243028857364, 4.5302640974849036, 4.524279949492076, 4.524279949492076, 4.524279949492076, 4.524279949492076, 4.511801452000393, 4.514801507813649, 4.514801507813649, 4.514801507813649, 4.514801507813649, 4.512561276145212, 4.52307235197227, 4.52307235197227, 4.52307235197227, 4.52307235197227, 4.527264202968376, 4.526985381909455, 4.526985381909455, 4.526985381909455, 4.526985381909455, 4.5276327638826945, 4.529751334746091, 4.529751334746091, 4.529751334746091, 4.529751334746091, 4.5363302465054804, 4.531148205196415, 4.531148205196415, 4.531148205196415, 4.531148205196415, 4.5324819486802435, 4.527908297970713, 4.527908297970713, 4.527908297970713, 4.527908297970713, 4.519695246906058, 4.511701956012186, 4.511701956012186, 4.511701956012186, 4.511701956012186, 4.507341285030662, 4.507341285030662, 4.507341285030662, 4.507341285030662, 4.507341285030662, 4.491467057412782, 4.491467057412782, 4.491467057412782, 4.491467057412782, 4.491467057412782], "I23": [], "IGen": {"displaySize": "1920x1080", "device": ""}}