{"O21": [4.559, 4.559, 4.559, 4.559, 4.559, 4.559, 4.559, 4.559, 4.559, 4.559, 4.559, 4.559, 4.559, 4.559, 4.559, 4.559, 4.559, 4.559, 4.559, 4.559, 4.559, 4.559, 4.559, 4.559, 4.559, 4.559, 4.559, 4.559, 4.559, 4.559, 4.559, 4.559, 4.559, 4.559, 4.559, 4.559, 4.559, 4.559, 4.559, 4.559, 4.559, 4.559, 4.559, 4.559, 4.559, 4.559, 4.559, 4.559, 4.559, 4.559, 4.559, 4.559, 4.559, 4.559, 4.559, 4.559, 4.559, 4.559, 4.559, 4.559, 4.559, 4.559, 4.559, 4.559, 4.559, 4.559, 4.559, 4.559, 4.559, 4.559, 4.559, 4.559, 4.559, 4.559, 4.559, 4.559, 4.559, 4.559, 4.559, 4.559, 4.559, 4.559, 4.559, 4.559, 4.559, 4.559, 4.559, 4.559, 4.559, 4.559, 4.559, 4.559, 4.559, 4.559, 4.559, 4.559, 4.559, 4.559, 4.559, 4.559, 4.559, 4.559, 4.559, 4.559, 4.559, 4.559, 4.559, 4.559, 4.559, 4.559, 4.559, 4.559, 4.559, 4.559, 4.559, 4.559, 4.559, 4.559, 4.559, 4.559, 4.559, 4.559, 4.559, 4.559, 4.559, 4.559, 4.559, 4.559, 4.559, 4.559, 4.559, 4.559, 4.559, 4.559, 4.559, 4.559, 4.559, 4.559, 4.559, 4.559, 4.559, 4.559, 4.559, 4.559, 4.559, 4.559, 4.559, 4.559, 4.559, 4.559, 4.559, 4.559, 4.559, 4.559, 4.559, 4.559, 4.559, 4.559, 4.559, 4.559, 4.559, 4.559, 4.559, 4.559, 4.559, 4.559, 4.559, 4.559, 4.559, 4.559, 4.559, 4.559, 4.559, 4.559, 4.559, 4.559, 4.559, 4.559, 4.559, 4.559], "O22": [4.486501365489168, 4.486501365489168, 4.486501365489168, 4.486501365489168, 4.486501365489168, 4.49524485146648, 4.49524485146648, 4.49524485146648, 4.49524485146648, 4.49524485146648, 4.500828881442474, 4.500828881442474, 4.500828881442474, 4.500828881442474, 4.504397253655112, 4.502827018135454, 4.502827018135454, 4.502827018135454, 4.502827018135454, 4.508310106597251, 4.500808961733878, 4.500808961733878, 4.500808961733878, 4.500808961733878, 4.501444442256815, 4.496891086409406, 4.496891086409406, 4.496891086409406, 4.496891086409406, 4.491030020638002, 4.495041014299033, 4.495041014299033, 4.495041014299033, 4.495041014299033, 4.4872632708886835, 4.495966807852203, 4.495966807852203, 4.495966807852203, 4.495966807852203, 4.495919465168296, 4.506383208104505, 4.506383208104505, 4.506383208104505, 4.506383208104505, 4.514460522764452, 4.519161837799909, 4.519161837799909, 4.519161837799909, 4.519161837799909, 4.526618236996205, 4.5199050519716755, 4.5199050519716755, 4.5199050519716755, 4.5199050519716755, 4.522343478402406, 4.5179994625479525, 4.5179994625479525, 4.5179994625479525, 4.5179994625479525, 4.51685302515599, 4.5147316559265755, 4.5147316559265755, 4.5147316559265755, 4.5147316559265755, 4.507866296106373, 4.510618487642934, 4.510618487642934, 4.510618487642934, 4.510618487642934, 4.502611889190744, 4.508631777817199, 4.508631777817199, 4.508631777817199, 4.508631777817199, 4.513915956189355, 4.531082430126611, 4.531082430126611, 4.531082430126611, 4.531082430126611, 4.537158847395245, 4.53541854335099, 4.53541854335099, 4.53541854335099, 4.53541854335099, 4.540881118815557, 4.539025685035661, 4.539025685035661, 4.539025685035661, 4.539025685035661, 4.54276059456083, 4.540544477924393, 4.540544477924393, 4.540544477924393, 4.540544477924393, 4.5432274976647475, 4.542523366871823, 4.542523366871823, 4.542523366871823, 4.542523366871823, 4.5323809115366975, 4.53127498716437, 4.53127498716437, 4.53127498716437, 4.53127498716437, 4.532113188664175, 4.529864428904784, 4.529864428904784, 4.529864428904784, 4.529864428904784, 4.529618624643319, 4.528622643874517, 4.528622643874517, 4.528622643874517, 4.528622643874517, 4.5281379112166995, 4.526337656258478, 4.526337656258478, 4.526337656258478, 4.526337656258478, 4.522436414817036, 4.523052807081556, 4.523052807081556, 4.523052807081556, 4.523052807081556, 4.522126843228951, 4.52136269488947, 4.52136269488947, 4.52136269488947, 4.52136269488947, 4.521744573351063, 4.515580968049668, 4.515580968049668, 4.515580968049668, 4.515580968049668, 4.513130893870678, 4.506989264104601, 4.506989264104601, 4.506989264104601, 4.506989264104601, 4.503753418848269, 4.500708803969402, 4.500708803969402, 4.500708803969402, 4.500708803969402, 4.4926504280810935, 4.4962991777811725, 4.4962991777811725, 4.4962991777811725, 4.4962991777811725, 4.489445796354295, 4.491125333031211, 4.491125333031211, 4.491125333031211, 4.491125333031211, 4.493202194113284, 4.495367751247428, 4.495367751247428, 4.495367751247428, 4.495367751247428, 4.499744102561384, 4.500521440872645, 4.500521440872645, 4.500521440872645, 4.500521440872645, 4.503529287381498, 4.506015627043811, 4.506015627043811, 4.506015627043811, 4.506015627043811, 4.505205883029432, 4.505205883029432, 4.505205883029432, 4.505205883029432, 4.505205883029432, 4.5075822619144175, 4.5075822619144175, 4.5075822619144175, 4.5075822619144175, 4.5075822619144175, 4.509575764472894], "I23": [], "IGen": {"displaySize": "1920x1080", "device": ""}}