{"O21": [4.408, 4.408, 4.408, 4.408, 4.408, 4.408, 4.408, 4.408, 4.408, 4.408, 4.408, 4.408, 4.408, 4.408, 4.415, 4.531000000000001, 4.531000000000001, 4.531000000000001, 4.531000000000001, 4.531000000000001, 4.531000000000001, 4.531000000000001, 4.531000000000001, 4.531000000000001, 4.532, 4.553999999999999, 4.553999999999999, 4.553999999999999, 4.553999999999999, 4.553999999999999, 4.553999999999999, 4.553999999999999, 4.553999999999999, 4.553999999999999, 4.553, 4.531000000000001, 4.531000000000001, 4.531000000000001, 4.531000000000001, 4.531000000000001, 4.531000000000001, 4.531000000000001, 4.531000000000001, 4.531000000000001, 4.529, 4.408, 4.408, 4.408, 4.408, 4.408, 4.408, 4.408, 4.408, 4.408, 4.408, 4.408, 4.408, 4.408, 4.408, 4.408, 4.408, 4.408, 4.408, 4.408, 4.421, 4.531000000000001, 4.531000000000001, 4.531000000000001, 4.531000000000001, 4.531000000000001, 4.531000000000001, 4.531000000000001, 4.531000000000001, 4.531000000000001, 4.533, 4.553999999999999, 4.553999999999999, 4.553999999999999, 4.553999999999999, 4.553999999999999, 4.553999999999999, 4.553999999999999, 4.553999999999999, 4.553999999999999, 4.553, 4.531000000000001, 4.531000000000001, 4.531000000000001, 4.531000000000001, 4.531000000000001, 4.531000000000001, 4.531000000000001, 4.531000000000001, 4.531000000000001, 4.527, 4.408, 4.408, 4.408, 4.408, 4.408, 4.408, 4.408, 4.408, 4.408, 4.408, 4.408, 4.408, 4.408, 4.408, 4.408, 4.408, 4.408, 4.408, 4.408, 4.422, 4.531000000000001, 4.531000000000001, 4.531000000000001, 4.531000000000001, 4.531000000000001, 4.531000000000001, 4.531000000000001, 4.531000000000001, 4.531000000000001, 4.534, 4.553999999999999, 4.553999999999999, 4.553999999999999, 4.553999999999999, 4.553999999999999, 4.553999999999999, 4.553999999999999, 4.553999999999999, 4.553999999999999, 4.553, 4.531000000000001, 4.531000000000001, 4.531000000000001, 4.531000000000001, 4.531000000000001, 4.531000000000001, 4.531000000000001, 4.531000000000001, 4.531000000000001, 4.527, 4.408, 4.408, 4.408, 4.408, 4.408, 4.408, 4.408, 4.408, 4.408, 4.408, 4.408, 4.408, 4.408, 4.408, 4.408, 4.408, 4.408, 4.408, 4.408, 4.408, 4.408, 4.408, 4.408, 4.408, 4.408, 4.408, 4.408, 4.408, 4.408, 4.408, 4.408, 4.408, 4.408, 4.408], "O22": [1.1059138983996946, 1.1059138983996946, 1.1059138983996946, 1.1059138983996946, 1.1059138983996946, 1.1059138983996946, 1.1059138983996946, 1.1059138983996946, 1.1059138983996946, 1.1059138983996946, 1.1059138983996946, 1.1059138983996946, 1.1059138983996946, 1.1059138983996946, 1.1082067070887351, 2.467242131670369, 2.467242131670369, 2.467242131670369, 2.467242131670369, 2.467242131670369, 2.467242131670369, 2.467242131670369, 2.467242131670369, 2.467242131670369, 2.467242131670369, 4.27005273854622, 4.27005273854622, 4.27005273854622, 4.27005273854622, 4.27005273854622, 4.27005273854622, 4.27005273854622, 4.27005273854622, 4.27005273854622, 4.27005273854622, 2.7044427688639052, 2.7044427688639052, 2.7044427688639052, 2.7044427688639052, 2.7044427688639052, 2.7044427688639052, 2.7044427688639052, 2.7044427688639052, 2.7044427688639052, 2.7044427688639052, 1.0939368085677028, 1.0939368085677028, 1.0939368085677028, 1.0939368085677028, 1.0939368085677028, 1.096975690641364, 1.096975690641364, 1.096975690641364, 1.096975690641364, 1.096975690641364, 1.096975690641364, 1.096975690641364, 1.096975690641364, 1.096975690641364, 1.0979074428911872, 1.0979074428911872, 1.0979074428911872, 1.0979074428911872, 1.0979074428911872, 1.0973172486336764, 2.690895435469569, 2.690895435469569, 2.690895435469569, 2.690895435469569, 2.690895435469569, 2.690895435469569, 2.690895435469569, 2.690895435469569, 2.690895435469569, 2.690895435469569, 4.2602106031010765, 4.2602106031010765, 4.2602106031010765, 4.2602106031010765, 4.2602106031010765, 4.2602106031010765, 4.2602106031010765, 4.2602106031010765, 4.2602106031010765, 4.2602106031010765, 2.6386268663590715, 2.6386268663590715, 2.6386268663590715, 2.6386268663590715, 2.6386268663590715, 2.6386268663590715, 2.6386268663590715, 2.6386268663590715, 2.6386268663590715, 2.6386268663590715, 1.0860990582241494, 1.0860990582241494, 1.0860990582241494, 1.0860990582241494, 1.0860990582241494, 1.0855036672049192, 1.0855036672049192, 1.0855036672049192, 1.0855036672049192, 1.0855036672049192, 1.0855036672049192, 1.0855036672049192, 1.0855036672049192, 1.0855036672049192, 1.0834036555244095, 1.0834036555244095, 1.0834036555244095, 1.0834036555244095, 1.0834036555244095, 1.0885783516484548, 2.6713543963471804, 2.6713543963471804, 2.6713543963471804, 2.6713543963471804, 2.6713543963471804, 2.6713543963471804, 2.6713543963471804, 2.6713543963471804, 2.6713543963471804, 2.6713543963471804, 4.250924191758479, 4.250924191758479, 4.250924191758479, 4.250924191758479, 4.250924191758479, 4.250924191758479, 4.250924191758479, 4.250924191758479, 4.250924191758479, 4.250924191758479, 2.7281536648623144, 2.7281536648623144, 2.7281536648623144, 2.7281536648623144, 2.7281536648623144, 2.7281536648623144, 2.7281536648623144, 2.7281536648623144, 2.7281536648623144, 2.7281536648623144, 1.0928816127049605, 1.0928816127049605, 1.0928816127049605, 1.0928816127049605, 1.0928816127049605, 1.0925393656126807, 1.0925393656126807, 1.0925393656126807, 1.0925393656126807, 1.0925393656126807, 1.0936360237062925, 1.0936360237062925, 1.0936360237062925, 1.0936360237062925, 1.0947834263846865, 1.0903912613634648, 1.0903912613634648, 1.0903912613634648, 1.0903912613634648, 1.0894208739908158, 1.0894898429990822, 1.0894898429990822, 1.0894898429990822, 1.0894898429990822, 1.08801294305724, 1.08801294305724, 1.08801294305724, 1.08801294305724, 1.08801294305724, 1.0868420926768718, 1.0868420926768718, 1.0868420926768718, 1.0868420926768718, 1.0868420926768718, 1.0811777193311352], "I23": [], "IGen": {"displaySize": "1920x1080", "device": ""}}