{"O23": 3.12689036696799, "O34": [3.709402166097572, 3.7007174526326163, 3.7007174526326163, 3.7007174526326163, 3.7007174526326163, 3.7007174526326163, 3.7007174526326163, 3.7007174526326163, 3.7007174526326163, 3.7007174526326163, 3.7032783859439418, 3.7158474765114216, 2.433872368624516, 2.4472273821075476, 2.4572824933395365, 2.4619322040987943, 2.465721062144012, 2.4664864488489258, 2.4669143488409553, 2.4653882478817364, 2.4649781082851017, 2.4654751197144833, 2.465432817130029, 2.473388782464935, 2.472749591835197, 2.4704553333765653, 2.46977891157201, 2.472315814231549, 2.471041159021604, 2.468198363767284, 2.4681986496671517, 2.468641631742196, 2.4665954922482047, 2.4604076528586605, 2.456793747135041, 2.457848378908731, 2.4581152539669078, 2.460423687718557, 2.4613411451353446, 2.4649177045902926, 2.4639842388233832, 2.463184676426844, 2.4652949058806106, 2.459725619882602, 2.4597088268347793, 2.4631475563841256, 2.455703010767599, 2.444717080068073, 2.4358288087853874, 2.4265578683001903, 2.4231313204654095, 2.4202546770511835, 2.4188099541115027, 2.415353384632392, 2.4095851300064006, 2.399802620571023, 2.389973815983312, 2.3777378409706724, 2.3680747740466437], "O35": 2.5337920526017963, "O46": 1.8562586320395293, "O22": [2.7776071810042238, 2.769592849455394, 2.769592849455394, 2.769592849455394, 2.769592849455394, 2.769592849455394, 2.769592849455394, 2.769592849455394, 2.769592849455394, 2.769592849455394, 2.771956101704789, 2.7835549713141914, 1.6046383916270457, 1.6169689607085265, 1.6262527584243094, 1.6305457963758456, 1.6340440164207626, 1.6347506913822651, 1.6351457677645085, 1.6337367318749623, 1.6333580535130288, 1.633816939890947, 1.6337778822785674, 1.641123556642474, 1.6405333974317597, 1.6384151283299822, 1.637790593895788, 1.640132894301263, 1.6389560161093188, 1.636331287702086, 1.6363315516709749, 1.6367405532107433, 1.6348513702149297, 1.6291381913286014, 1.6258015032574384, 1.6267752357031253, 1.6270216391489292, 1.629152996176827, 1.6300000767186318, 1.633302283301148, 1.632440422387365, 1.6317021933037317, 1.6336505500081635, 1.6285084761480197, 1.6284929712714036, 1.631667920687562, 1.624794435750879, 1.6146512204267625, 1.6064447560001003, 1.5978849763901226, 1.5947212742462464, 1.592065294124102, 1.5907313938600582, 1.5875399729901898, 1.582214193107172, 1.573182086285534, 1.564107235547934, 1.552809865061238, 1.543888038482994], "O21": [4.553999999999999, 4.553999999999999, 4.553999999999999, 4.553999999999999, 4.553999999999999, 4.553999999999999, 4.553999999999999, 4.553999999999999, 4.553999999999999, 4.553999999999999, 4.553999999999999, 4.553999999999999, 4.531000000000001, 4.531000000000001, 4.531000000000001, 4.531000000000001, 4.531000000000001, 4.531000000000001, 4.531000000000001, 4.531000000000001, 4.531000000000001, 4.531000000000001, 4.531000000000001, 4.531000000000001, 4.531000000000001, 4.531000000000001, 4.531000000000001, 4.531000000000001, 4.531000000000001, 4.531000000000001, 4.531000000000001, 4.531000000000001, 4.531000000000001, 4.531000000000001, 4.531000000000001, 4.531000000000001, 4.531000000000001, 4.531000000000001, 4.531000000000001, 4.531000000000001, 4.531000000000001, 4.531000000000001, 4.531000000000001, 4.531000000000001, 4.531000000000001, 4.531000000000001, 4.531000000000001, 4.531000000000001, 4.531000000000001, 4.531000000000001, 4.531000000000001, 4.531000000000001, 4.531000000000001, 4.531000000000001, 4.531000000000001, 4.531000000000001, 4.531000000000001, 4.531000000000001, 4.531000000000001], "mode": "3"}