{"O23": 2.184813362154604, "O34": [5.0, 5.0, 5.0, 5.0, 5.0, 3.151240492537178, 3.151240492537178, 3.151240492537178, 3.151240492537178, 3.151240492537178, 3.151240492537178, 3.151240492537178, 3.151240492537178, 3.151240492537178, 3.150821391026165, 1.814468568493005, 1.8152362068466539, 1.815203171990544, 1.8163169918336806, 1.817464648291274, 1.8178784020102448, 1.8199573423799278, 1.8204664133406747, 1.8207265983418008, 1.822352705751463, 1.826552018182484, 1.8283835391120393, 1.8304126631924331, 1.8316280949587602, 1.835787064749811, 1.840599023195868, 1.83972922833804, 1.840077097857781, 1.8417379304013832, 1.840704160149799, 1.8394021737829696, 1.8406757956068445, 1.8438164778329065, 1.843832199744224, 1.8451248731551382, 1.845106976477376, 1.843350084095167, 1.8437880396372701, 1.8424437265936755, 1.841855096757552, 1.840651582376931, 1.841605106052118, 1.8435156428820065, 1.8468936883540494, 1.8479511234156394, 1.8445963881630039, 1.8457285063246116, 1.8460449055382049, 1.8460274718219445, 1.8481804932467667, 1.8486955035481287, 1.84848383238849, 1.846935040923584, 1.847583633508344, 1.8465126627153499], "O35": 1.972855208154652, "O46": 1.3321731269618744, "O22": [4.003217969161523, 4.003217969161523, 4.003217969161523, 4.003217969161523, 4.003217969161523, 2.2669782103023572, 2.2669782103023572, 2.2669782103023572, 2.2669782103023572, 2.2669782103023572, 2.2669782103023572, 2.2669782103023572, 2.2669782103023572, 2.2669782103023572, 2.2669782103023572, 1.0531522812072789, 1.0538630221236194, 1.053832435814596, 1.0548636992112024, 1.0559262912487637, 1.056309377497598, 1.058234226583554, 1.0587055651499555, 1.0589464652108231, 1.0604520453644435, 1.0643401043065703, 1.0660358727079031, 1.0679145978932882, 1.069039941726413, 1.0728906482293816, 1.077345943798039, 1.0765406182285928, 1.0768627036221279, 1.078400435079027, 1.0774432879896405, 1.076237804992309, 1.0774170258296594, 1.080324920351442, 1.0803394769530021, 1.0815363372717122, 1.08151976709763, 1.07989309576769, 1.0802985899979238, 1.0790539175816598, 1.078508917052279, 1.0773946072869505, 1.0782774556848105, 1.0800463833194482, 1.0831740476978984, 1.0841531055590288, 1.081047023644017, 1.082095229085762, 1.0823881767556247, 1.0823720352282882, 1.0843654744736113, 1.0848423121560629, 1.0846463300855351, 1.083212335210533, 1.0838128540431744, 1.0828212637205068], "O21": [4.553999999999999, 4.553999999999999, 4.553999999999999, 4.553999999999999, 4.553999999999999, 4.531000000000001, 4.531000000000001, 4.531000000000001, 4.531000000000001, 4.531000000000001, 4.531000000000001, 4.531000000000001, 4.531000000000001, 4.531000000000001, 4.529, 4.408, 4.408, 4.408, 4.408, 4.408, 4.408, 4.408, 4.408, 4.408, 4.408, 4.408, 4.408, 4.408, 4.408, 4.408, 4.408, 4.408, 4.408, 4.408, 4.408, 4.408, 4.408, 4.408, 4.408, 4.408, 4.408, 4.408, 4.408, 4.408, 4.408, 4.408, 4.408, 4.408, 4.408, 4.408, 4.408, 4.408, 4.408, 4.408, 4.408, 4.408, 4.408, 4.408, 4.408, 4.408], "mode": "3"}