{"O23": 5.0, "O34": [3.7875113559072267, 3.771460791617396, 3.771460791617396, 3.771460791617396, 3.771460791617396, 3.771460791617396, 3.771460791617396, 3.771460791617396, 3.771460791617396, 3.771460791617396, 3.752429912202151, 3.7490709086831795, 2.8601375117790893, 2.8601375117790893, 2.8601375117790893, 2.8601375117790893, 2.8601375117790893, 2.8601375117790893, 2.8601375117790893, 2.8601375117790893, 2.407548092834954, 2.3973508557844543, 2.3973508557844543, 2.3973508557844543, 2.3973508557844543, 2.3973508557844543, 2.3973508557844543, 2.3973508557844543, 2.3973508557844543, 2.3973508557844543, 2.4016766527832143, 2.4147047929156464, 2.807939518590595, 2.808337842917587, 2.8053506121572584, 2.808550516808132, 2.8079489088542484, 2.803739546329166, 2.79474084496052, 2.7984587995397656, 2.8022494340311233, 2.8154002415943697, 2.8352836978774802, 2.8408299038370135, 2.8404220016708432, 2.841557246343024, 2.8503663954495218, 2.863058611825986, 2.8545367688196523, 2.8409942465363693, 2.836723034199944, 2.8381778761545444, 2.836660757544267, 2.838213535665996, 2.8426871360251558, 2.8422913823553926, 2.84545138184271, 2.855132697320478, 2.872177002467086], "O35": 2.834768020428873, "O46": 2.718438202721655, "O22": [2.8496870425530254, 2.8348754377391683, 2.8348754377391683, 2.8348754377391683, 2.8348754377391683, 2.8348754377391683, 2.8348754377391683, 2.8348754377391683, 2.8348754377391683, 2.8348754377391683, 2.817313571373052, 2.8142138527717013, 1.998205331965447, 1.998205331965447, 1.998205331965447, 1.998205331965447, 1.998205331965447, 1.998205331965447, 1.998205331965447, 1.998205331965447, 1.580333414207475, 1.5709183929458952, 1.5709183929458952, 1.5709183929458952, 1.5709183929458952, 1.5709183929458952, 1.5709183929458952, 1.5709183929458952, 1.5709183929458952, 1.5709183929458952, 1.5749123641083684, 1.5869411338367012, 1.9500113738130895, 1.9503791432381856, 1.9476210587705542, 1.9505755032121033, 1.9500200437627542, 1.9461335755483664, 1.937825151973153, 1.9412579074577838, 1.944757767680143, 1.9568997951922757, 1.9752580193594773, 1.9803787836186109, 1.9800021710569808, 1.9810503326984867, 1.9891837443004103, 2.0009023585141614, 1.99303421416338, 1.9805305198194025, 1.9765869462061767, 1.977930189269662, 1.976529446705636, 1.9779631133898754, 1.9820935501237391, 1.9817281541643512, 1.9846457545116158, 1.9935844298225696, 2.0093212901651754], "O21": [4.553999999999999, 4.553999999999999, 4.553999999999999, 4.553999999999999, 4.553999999999999, 4.553999999999999, 4.553999999999999, 4.553999999999999, 4.553999999999999, 4.553999999999999, 4.553999999999999, 4.553999999999999, 4.531000000000001, 4.531000000000001, 4.531000000000001, 4.531000000000001, 4.531000000000001, 4.531000000000001, 4.531000000000001, 4.531000000000001, 4.531000000000001, 4.531000000000001, 4.531000000000001, 4.531000000000001, 4.531000000000001, 4.531000000000001, 4.531000000000001, 4.531000000000001, 4.531000000000001, 4.531000000000001, 4.531000000000001, 4.531000000000001, 4.531000000000001, 4.531000000000001, 4.531000000000001, 4.531000000000001, 4.531000000000001, 4.531000000000001, 4.531000000000001, 4.531000000000001, 4.531000000000001, 4.531000000000001, 4.531000000000001, 4.531000000000001, 4.531000000000001, 4.531000000000001, 4.531000000000001, 4.531000000000001, 4.531000000000001, 4.531000000000001, 4.531000000000001, 4.531000000000001, 4.531000000000001, 4.531000000000001, 4.531000000000001, 4.531000000000001, 4.531000000000001, 4.531000000000001, 4.531000000000001], "mode": "3"}