{"O23": 3.9275251454188056, "O34": [4.175495484047374, 4.197425917381589, 4.21348018898193, 4.2299595474899325, 4.234580906333456, 4.230018055672387, 4.235311521747417, 4.24825136453832, 4.260397158635593, 4.264523538717322, 4.262462626248184, 4.284418504276008, 4.305496109804191, 4.328198827268956, 4.339287881328406, 4.356322702158263, 4.364848278466555, 4.364721103560655, 4.361180834249606, 4.348871205290212, 4.345394989632588, 4.339107977527665, 4.334014341385614, 4.3215862913033485, 4.322991875988996, 4.330185748202921, 4.329605400256379, 4.327325230397152, 4.309517763423715, 4.319061597952175, 4.337711733355246, 4.354104530686837, 4.367891874097984, 4.388595191256586, 4.387444070808221, 4.378488327902142, 4.362895070388436, 4.365765863607383, 4.372962456926856, 4.387641239143817, 4.385500606368804, 4.388966091555843, 4.3914559934219435, 4.403839237176472, 4.398085797567373, 4.3864843470225985, 4.372215867150459, 4.363394560579088, 4.383226570102407, 4.377287248933122, 4.371908160021422, 4.359090641297517, 4.336881468953894, 4.297994336619149, 4.289683635101311, 4.286838516357781, 4.301478411589516, 4.301851959776044, 4.295414637423689, 4.286619166356542], "O35": 4.321440169337998, "O46": 3.414190751963954, "O22": [3.207722278965345, 3.227959879717415, 3.242774905670692, 3.2579822056383976, 3.2622468370655096, 3.2580361975143988, 3.262921055528306, 3.274862058617756, 3.286070306444486, 3.2898781670267505, 3.287976338499253, 3.308237419843005, 3.327688023439765, 3.3486382949203626, 3.3588713735537503, 3.374591259138492, 3.3824587374905657, 3.3823413793457413, 3.3790743870442252, 3.3677149509359716, 3.3645070679208495, 3.3587053567114156, 3.3540049035535504, 3.342536187370035, 3.3438332735359975, 3.3504718433949745, 3.3499362931000753, 3.347832131884713, 3.3313992415025684, 3.3402063776811985, 3.3574168900549113, 3.372544310591958, 3.3852673948618506, 3.404372601791145, 3.4033103375076927, 3.3950458975575413, 3.380656299541972, 3.3833054932957567, 3.389946574215361, 3.4034922862177774, 3.4015168910763625, 3.4047148719169007, 3.407012575710987, 3.4184399442130364, 3.413130618492672, 3.402424695782803, 3.3892576144675055, 3.381117233573869, 3.399418389995526, 3.3939375311027478, 3.388973659566519, 3.3771455382242075, 3.356650714611994, 3.320765319800589, 3.3130961298340953, 3.310470628716707, 3.3239804554600636, 3.324325169079964, 3.3183847502248525, 3.310268210566441], "O21": [4.553999999999999, 4.553999999999999, 4.553999999999999, 4.553999999999999, 4.553999999999999, 4.553999999999999, 4.553999999999999, 4.553999999999999, 4.553999999999999, 4.553999999999999, 4.553999999999999, 4.553999999999999, 4.553999999999999, 4.553999999999999, 4.553999999999999, 4.553999999999999, 4.553999999999999, 4.553999999999999, 4.553999999999999, 4.553999999999999, 4.553999999999999, 4.553999999999999, 4.553999999999999, 4.553999999999999, 4.553999999999999, 4.553999999999999, 4.553999999999999, 4.553999999999999, 4.553999999999999, 4.553999999999999, 4.553999999999999, 4.553999999999999, 4.553999999999999, 4.553999999999999, 4.553999999999999, 4.553999999999999, 4.553999999999999, 4.553999999999999, 4.553999999999999, 4.553999999999999, 4.553999999999999, 4.553999999999999, 4.553999999999999, 4.553999999999999, 4.553999999999999, 4.553999999999999, 4.553999999999999, 4.553999999999999, 4.553999999999999, 4.553999999999999, 4.553999999999999, 4.553999999999999, 4.553999999999999, 4.553999999999999, 4.553999999999999, 4.553999999999999, 4.553999999999999, 4.553999999999999, 4.553999999999999, 4.553999999999999], "mode": "3"}