{"O23": 2.30735595546549, "O34": [3.083520442978234, 3.054190215916731, 3.026369089798792, 2.9969073483052537, 2.97141025648566, 2.945892908194689, 2.9260129781171083, 2.9098869765051716, 2.9114288670569746, 2.90971610345292, 2.8991675557445413, 2.888025388437362, 2.8772253691188556, 2.8512899639057867, 2.8137459970118495, 2.7745745823214474, 2.7335415522987074, 2.7067475093783266, 2.6894223743234886, 2.672631542754491, 2.6556863885225512, 2.6399834253405596, 2.6279589300995316, 2.636369552006187, 2.645241625028386, 2.6642403252576425, 2.672835697780849, 2.6665867604914157, 2.6398005291846456, 2.6122033155154893, 2.588151580438314, 2.5641983679575464, 2.53445087564774, 2.5164946655977927, 2.5044379653587496, 2.5052217768060396, 2.501096942273766, 2.4919588627628926, 2.4841810985738397, 2.4788921370042063, 2.475074234356647, 2.4812775011781167, 2.478098401339311, 2.4620435176397053, 2.4433111549207105, 2.4059871012485, 2.372904932602283, 2.3551153822205904, 2.3390671032984423, 2.323185875844139, 2.300986731837904, 2.277497134827796, 2.2542130659064084, 2.2483941746540355, 2.2356025744199353, 2.2135247171264525, 2.1940619311249936, 2.186826734999952, 2.175928663657555, 2.1612589115788516, 2.144317954942646, 2.1101671976677117], "O35": 2.418516716501101, "O46": 1.61899733165845, "O22": [2.200037908319344, 2.1729717114871914, 2.14729812655308, 2.1201105670224303, 2.0965816218018736, 2.0730339837276865, 2.05468860578837, 2.0398073867364674, 2.0412302571793464, 2.0396497035499084, 2.029915409029459, 2.019633317014266, 2.0096669622345096, 1.9857335374796798, 1.951087627794757, 1.914939894673527, 1.8770742462117458, 1.8523484628725493, 1.83636067271482, 1.8208659426103093, 1.8052288021670684, 1.7907379667759684, 1.7796416546226912, 1.7874030520209794, 1.7955902806511745, 1.8131224517755857, 1.8210543387013485, 1.8152877632734488, 1.7905691885614177, 1.7651022320451228, 1.7429070750015534, 1.7208028354943938, 1.6933515825452843, 1.676781430716857, 1.6656553995023045, 1.6663787077422019, 1.6625722734068495, 1.6541395716009437, 1.6469621809856738, 1.6420814797697847, 1.6385582849329992, 1.6442827152430741, 1.6413490133727904, 1.6265334225688175, 1.6092470300898092, 1.5748040583000738, 1.5442755360920675, 1.5278591793016232, 1.5130496834455796, 1.4983943441836978, 1.47790877481125, 1.4562323638223291, 1.4347456159987213, 1.4293758909143786, 1.417571687387131, 1.3971980424820123, 1.3792376088408775, 1.3725609049057534, 1.3625040668381305, 1.3489666879283635, 1.3333334210641485, 1.301818795676756], "O21": [4.553999999999999, 4.553999999999999, 4.553999999999999, 4.553999999999999, 4.553999999999999, 4.553999999999999, 4.553999999999999, 4.553999999999999, 4.553999999999999, 4.553999999999999, 4.553999999999999, 4.553999999999999, 4.553999999999999, 4.553999999999999, 4.553999999999999, 4.553999999999999, 4.553999999999999, 4.553999999999999, 4.553999999999999, 4.553999999999999, 4.553999999999999, 4.553999999999999, 4.553999999999999, 4.553999999999999, 4.553999999999999, 4.553999999999999, 4.553999999999999, 4.553999999999999, 4.553999999999999, 4.553999999999999, 4.553999999999999, 4.553999999999999, 4.553999999999999, 4.553999999999999, 4.553999999999999, 4.553999999999999, 4.553999999999999, 4.553999999999999, 4.553999999999999, 4.553999999999999, 4.553999999999999, 4.553999999999999, 4.553999999999999, 4.553999999999999, 4.553999999999999, 4.553999999999999, 4.553999999999999, 4.553999999999999, 4.553999999999999, 4.553999999999999, 4.553999999999999, 4.553999999999999, 4.553999999999999, 4.553999999999999, 4.553999999999999, 4.553999999999999, 4.553999999999999, 4.553999999999999, 4.553999999999999, 4.553999999999999, 4.553999999999999, 4.553999999999999], "mode": "3"}