{"O23": 3.9220294819343042, "O34": [5.0, 5.0, 5.0, 5.0, 5.0, 5.0, 5.0, 5.0, 5.0, 5.0, 5.0, 5.0, 4.972900054900491, 4.934446835687596, 4.899069797005982, 4.871285611115289, 4.857911803861174, 4.835776249847172, 4.805277819391536, 4.783445426610096, 4.762745768233622, 4.752746856135364, 4.760009179308527, 4.755866563548316, 4.740118947201952, 4.73353004255772, 4.736887097954246, 4.723440252740782, 4.709642760350885, 4.704739569999936, 4.7112508735848735, 4.710146809222141, 4.70584978573453, 4.716659767866996, 4.727106231074523, 4.746880609168173, 4.759249323077652, 4.758721966286876, 4.7610270818244, 4.746229585007467, 4.73558497682949, 4.710923240355108, 4.683523120225036, 4.667500441621161, 4.665695915133004, 4.642346088665203, 4.61516091066293, 4.6119877681757675, 4.606726516079987, 4.592616198518671, 4.5804355785828035, 4.578433702294358, 4.581652351823025, 4.5723828850337735, 4.56199655103408, 4.528452577776009, 4.476621321256872, 4.460236519087745, 4.455870802885069], "O35": 4.664699510685823, "O46": 3.677063082272661, "O22": [4.061526855935388, 4.060740564341818, 4.0463298130276, 4.038771729722329, 4.033770378782517, 4.037432960007844, 4.02802079537776, 4.0132778291858635, 3.9996909178620226, 3.9870724729125264, 3.980480750292841, 3.969642681828038, 3.9435743753132977, 3.908089399426009, 3.875443150548107, 3.8498036543873133, 3.8374621849954766, 3.8170352970387147, 3.788891071627401, 3.76874394357755, 3.749642113005249, 3.740415027159941, 3.7471167641785925, 3.743293921166477, 3.7287618794344386, 3.722681579079617, 3.7257794999360856, 3.7133706304596945, 3.7006381806211035, 3.696113472548915, 3.7021221619495894, 3.701103321444386, 3.6971379895952947, 3.7071135381492097, 3.7167536281758524, 3.7350016017968484, 3.746415562027451, 3.745928912446799, 3.7480560937580325, 3.734400830857053, 3.724577890872916, 3.701819819063972, 3.6765347422348693, 3.6617488705823447, 3.6600836373396946, 3.6385362078619456, 3.613449481557928, 3.61052127718522, 3.605666146520552, 3.5926450188055186, 3.5814046333822986, 3.579557283972318, 3.582527482651446, 3.57397353548558, 3.5643889332317102, 3.533434253582228, 3.485603904773028, 3.470483862243676, 3.4664551401404617], "O21": [4.553999999999999, 4.553999999999999, 4.553999999999999, 4.553999999999999, 4.553999999999999, 4.553999999999999, 4.553999999999999, 4.553999999999999, 4.553999999999999, 4.553999999999999, 4.553999999999999, 4.553999999999999, 4.553999999999999, 4.553999999999999, 4.553999999999999, 4.553999999999999, 4.553999999999999, 4.553999999999999, 4.553999999999999, 4.553999999999999, 4.553999999999999, 4.553999999999999, 4.553999999999999, 4.553999999999999, 4.553999999999999, 4.553999999999999, 4.553999999999999, 4.553999999999999, 4.553999999999999, 4.553999999999999, 4.553999999999999, 4.553999999999999, 4.553999999999999, 4.553999999999999, 4.553999999999999, 4.553999999999999, 4.553999999999999, 4.553999999999999, 4.553999999999999, 4.553999999999999, 4.553999999999999, 4.553999999999999, 4.553999999999999, 4.553999999999999, 4.553999999999999, 4.553999999999999, 4.553999999999999, 4.553999999999999, 4.553999999999999, 4.553999999999999, 4.553999999999999, 4.553999999999999, 4.553999999999999, 4.553999999999999, 4.553999999999999, 4.553999999999999, 4.553999999999999, 4.553999999999999, 4.553999999999999, 4.553999999999999], "mode": "3"}