{"O23": 5.0, "O34": [3.8510722787053133, 3.837684784956853, 3.825318528232153, 3.8101824322091025, 3.800649651732406, 3.7916034473626805, 3.78972214473819, 3.783481245021932, 3.7749830504545474, 3.7662917504097346, 3.720526929277876, 3.696933067007541, 3.683608527883445, 3.6717847491078794, 3.674419586072342, 3.675202955783572, 3.673738750005567, 3.676437099428841, 3.6721076168672657, 3.6598631031795743, 3.6478673348962563, 3.643795360739654, 3.6438057006657893, 3.6456251836659788, 3.639616030450335, 3.639179763181706, 3.6320858776492204, 3.6275807888110028, 3.6270704170969665, 3.6289996428302325, 3.6367615929622072, 3.64206649161959, 3.6458455940036836, 3.6453555469535113, 3.6394133843769527, 3.642133197475894, 3.640434255731172, 3.631490048110363, 3.6295202025702, 3.6328688771126676, 3.6351894688314723, 3.637634005589525, 3.63906350976713, 3.6391603866291895, 3.6414403065655505, 3.6376306497640916, 3.63650737128253, 3.6365454332962255, 3.6345656867069787, 3.6349182490541, 3.6313575098530113, 3.6275221797269803, 3.625226430116418, 3.622971337756381, 3.624889277231304, 3.62467495967845, 3.6342752986388813, 3.6408511889143695, 3.6431231645361644, 3.6403005196456775, 3.6355140721230392, 3.6310403261201847, 3.6248546844831915, 3.625066859428944, 3.6304408473439262, 3.6364373667485754, 3.6394848148515466, 3.6436874132376462, 3.646221461372176, 3.6505518097598584, 3.661590010404673, 3.6650869949402014, 3.672572176010584, 3.6797253892235537, 3.6847251363853317, 3.6905024669505253, 3.6900057107824438, 3.694107910844009, 3.7037635333453913, 3.7121624574971723, 3.7197298436729254, 3.729850260671013, 3.7391958699828574, 3.7512504871432757, 3.7496610823589465, 3.750452645057816, 3.750263129290819, 3.7545905116846052, 3.757151610249166, 3.7587173928120023, 3.7529899319760527, 3.752121091541146, 3.747871643184123, 3.745892946488362, 3.745773655763011, 3.7447743563536595, 3.7408778170127994, 3.738101006507277, 3.7349509491821253, 3.736018128037014, 3.73542941489827, 3.731790598066905, 3.728615877289511, 3.723493548736558, 3.7261843028857258, 3.732680034218288, 3.7417347441394955, 3.742143576256731, 3.742606890602647, 3.736382156697988, 3.7331815898670686, 3.7352541609274943, 3.7336013881014036, 3.728682968924439, 3.7214024238408694, 3.7190382630033367, 3.7181307307540608, 3.716945000707563, 3.7105722425677086, 3.704554505171253, 3.702752661036392, 3.7004221098486023, 3.6941764434110773, 3.689155818159959, 3.6906243536358265, 3.6868011529431914, 3.681428256381377, 3.6782422216701027, 3.6762099624834232, 3.672312937549082, 3.670169144491299, 3.663980621475806, 3.661685577023907, 3.665290264468209, 3.6737249913536134, 3.677658904284609, 3.6799261060858863, 3.6761240135937387, 3.6771851980299486, 3.6751736633020062, 3.677123455479305, 3.6737436823651843, 3.6797419085843472, 3.6816924086790195, 3.680822182432073, 3.678527037827485, 3.679506389938265, 3.6755138764713418, 3.671881661894012, 3.6795659894660613, 3.686811868451366, 3.6899571042967168, 3.6962980810630066, 3.697269606563876, 3.691228923332571, 3.6792524227066155, 3.6732980111878724, 3.677489212398814, 3.6804109716580475, 3.6844423979852254, 3.677610262299178, 3.6808969577596096, 3.676925200344423, 3.677211914221845, 3.6738907627896444, 3.6729324446099887, 3.6735648901711797, 3.678596615142174, 3.684969138584492, 3.6822708748542516, 3.6770785582373824, 3.686399163164359, 3.686738296783513, 3.6917486021210806, 3.6916771644154482, 3.6968076884183967, 3.6997205265228157, 3.6933089213038084, 3.6889143816700742, 3.6861998662634976, 3.6838595786384047, 3.678601588633999, 3.6759293437989475, 3.6708233244880453, 3.6667312552164804, 3.6628914749401855, 3.65474922107127, 3.651360556938322, 3.65450037303744, 3.660253706375231, 3.655673677407826, 3.646346819371571, 3.6406378274976077, 3.626585144429164, 3.6225767416449735, 3.61848416218319, 3.622029132320768, 3.632520382689685, 3.628219300115949, 3.6240308330796935, 3.627895092217001, 3.6304976768675736, 3.635021990048989, 3.6431749123227495, 3.644791277252714, 3.6476931755594957, 3.649503462645559, 3.646186942341984, 3.6377336742063178, 3.629115480435791, 3.6320939175623206, 3.6332219120446836, 3.6349489151409995, 3.651085571422032, 3.6617176285367576, 3.6655387262983883, 3.6591663382564366, 3.664816144690968, 3.67301954808977, 3.672630455918835, 3.672897882465956, 3.6707229514463866, 3.6658017930286406, 3.6545566881089298, 3.649755807185049, 3.643930874662849, 3.6410209938432136, 3.6396223923935174, 3.639557454677308, 3.6359945955305446, 3.6331747719472003, 3.6272673427539246, 3.624512036943939, 3.6111893043155843, 3.599248514224705, 3.596331358167587, 3.5970673431978346, 3.5840775985895106, 3.575462866553742, 3.5782460809113537, 3.5871411209836723, 3.5881651045050784, 3.590285778239746, 3.5926332676198687, 3.5961932703708803, 3.5998733558981244, 3.5982388688363147, 3.603525300948751, 3.6104623489500933, 3.6138356606270645, 3.6121239608108624, 3.6197358823525043, 3.621522584682633, 3.62797088480251, 3.629675299397418, 3.6281855389483684, 3.6228606903008727, 3.6224127979754974, 3.629331023204637, 3.6231891983065156, 3.611685466329701, 3.6064990415037053, 3.6001414116395627, 3.5970375572739877, 3.594024915561487, 3.5927528659784826, 3.5860497445514414, 3.5778705036019667, 3.5679523236569475, 3.562220486418007, 3.560166869927982, 3.5462022657610115, 3.542662436138626, 3.5331954589957375, 3.530502372646911, 3.533179773029052, 3.539747317061388, 3.5358707588034366, 3.5276567619231516, 3.52762000946911, 3.5251765444252983, 3.5295624668166776, 3.5340546200008287, 3.5329196153766897, 3.5384794076459687, 3.5445744284366762, 3.559060778115948, 3.5623643246991405, 3.563420233861896, 3.5484949343648324, 3.5503368441147685, 3.555598179959235, 3.555387705615093, 3.5581532688700688, 3.559352719012208, 3.5515666221905384, 3.542436658778662, 3.5419419970211217, 3.543594127908172], "O35": 3.627511482028845, "O46": 3.6774799022341336,