{"O23": 3.1439610811745657, "O34": [4.078210200667446, 4.074855441576746, 4.074855441576746, 4.074855441576746, 4.074855441576746, 4.074855441576746, 4.074855441576746, 4.074855441576746, 4.074855441576746, 4.074855441576746, 4.076908069688843, 4.0983662430023635, 2.586015978544669, 2.5900771486268583, 2.5956757131779793, 2.600834418977219, 2.604868788740796, 2.6087598958575726, 2.613585636312232, 2.6220895821998216, 2.637380191340554, 2.649465388534867, 2.66697453788463, 2.685431917063653, 2.7001304338592784, 2.7044270969300244, 2.701609882403678, 2.6939604762484195, 2.689173295337103, 2.6808669561309184, 2.6752291494334464, 2.669910336738227, 2.66627449844755, 2.664850127298383, 2.6648263956297678, 2.6654776843056163, 2.6618132031642143, 2.655220387641734, 2.6523867037469593, 2.6406207891014586, 2.624244581262105, 2.6068821411386223, 2.5889746986622644, 2.5725175428235287, 2.5567467666473496, 2.5537024649406086, 2.5579718081582743, 2.5574907177333315, 2.5570154232604225, 2.5535729014759503, 2.542814229114765, 2.5449713943956955, 2.5434114619925774, 2.5397342026210525, 2.5321525063601924, 2.5214963191566246, 2.5166570523170697, 2.5159920688500863, 2.506024902354383, 2.5038907483352952], "O35": 2.6793694910697496, "O46": 1.9697168528685278, "O22": [3.117946546124567, 3.114850744319728, 3.114850744319728, 3.114850744319728, 3.114850744319728, 3.114850744319728, 3.114850744319728, 3.114850744319728, 3.114850744319728, 3.114850744319728, 3.116744927968178, 3.1365467229336352, 1.7451112780685267, 1.7488609214750048, 1.7540300279714107, 1.7587930166654604, 1.7625179155682755, 1.7661105413015117, 1.7705661059567683, 1.7784177260517489, 1.7925354139557914, 1.803693572579677, 1.8198596195768988, 1.8369011590196855, 1.8504721731541187, 1.8544392452114402, 1.8518381352703228, 1.8447755043602485, 1.8403555413997068, 1.832686369854039, 1.8274810314214316, 1.8225702174074145, 1.8192132791857312, 1.8178981695548206, 1.817876258309306, 1.8184775875419374, 1.8150942036225388, 1.809007113755899, 1.806390797788566, 1.7955274299958275, 1.780407418150658, 1.764376826520204, 1.7478430389049442, 1.7326482884681842, 1.7180872664702636, 1.715276488888681, 1.7192183367606326, 1.7187741501091751, 1.7183353148103793, 1.715156864056146, 1.7052234744011545, 1.707215166551109, 1.7057748943803976, 1.702379712431033, 1.6953795974840784, 1.6855408314936338, 1.6810727780435442, 1.6804588045280475, 1.6712562054308586, 1.6692857593810428], "O21": [4.553999999999999, 4.553999999999999, 4.553999999999999, 4.553999999999999, 4.553999999999999, 4.553999999999999, 4.553999999999999, 4.553999999999999, 4.553999999999999, 4.553999999999999, 4.553999999999999, 4.553999999999999, 4.531000000000001, 4.531000000000001, 4.531000000000001, 4.531000000000001, 4.531000000000001, 4.531000000000001, 4.531000000000001, 4.531000000000001, 4.531000000000001, 4.531000000000001, 4.531000000000001, 4.531000000000001, 4.531000000000001, 4.531000000000001, 4.531000000000001, 4.531000000000001, 4.531000000000001, 4.531000000000001, 4.531000000000001, 4.531000000000001, 4.531000000000001, 4.531000000000001, 4.531000000000001, 4.531000000000001, 4.531000000000001, 4.531000000000001, 4.531000000000001, 4.531000000000001, 4.531000000000001, 4.531000000000001, 4.531000000000001, 4.531000000000001, 4.531000000000001, 4.531000000000001, 4.531000000000001, 4.531000000000001, 4.531000000000001, 4.531000000000001, 4.531000000000001, 4.531000000000001, 4.531000000000001, 4.531000000000001, 4.531000000000001, 4.531000000000001, 4.531000000000001, 4.531000000000001, 4.531000000000001, 4.531000000000001, 4.531000000000001], "mode": "3"}