{"O23": 3.036488196844599, "O34": [4.4261469791120955, 4.446994501654126, 4.4534439277825, 4.4500654821810945, 4.44284587577766, 4.425489254304067, 4.425187883967677, 4.441564571302767, 4.444973712862023, 4.444355236879488, 4.444562171439746, 4.454712671611235, 4.465556991118097, 4.48077145411873, 4.484091811651462, 4.4792914763639535, 4.471239802410166, 4.4762324227090815, 4.4635036333620794, 4.4525255173454, 4.433317330398067, 4.424456793371499, 4.415419375517647, 4.41068699813673, 4.409498646008016, 4.414655396148993, 4.4202624332714535, 4.407527852488444, 4.413269607756002, 4.431055324886472, 4.434287904830494, 4.434546255193161, 4.432370122958833, 4.431130529080389, 4.438965544782078, 4.446773265995016, 4.4417457267133695, 4.431076813285498, 4.4378225106898, 4.453795707486146, 4.452763010733734, 4.4375387962599975, 4.433429899027726, 4.438673690542438, 4.441425964700235, 4.453508989089249, 4.457172940399957, 4.4608587053031306, 4.4439397484474314, 4.407745752153305, 4.401074512624103, 4.40022133174431, 4.400128017649891, 4.393995126369819, 4.383388529187379, 4.37997379805516, 4.397164637103883, 4.4006735190659, 4.393347570441324, 4.368491304289525], "O35": 4.419528347653082, "O46": 2.9062012504820656, "O22": [3.4390257287296166, 3.4582640096812813, 3.464215598009559, 3.4610979380800058, 3.4544356204799316, 3.4384187743723196, 3.4381406671204733, 3.4532532212081275, 3.4563992076431456, 3.4558284724543538, 3.456019433524229, 3.465386406204331, 3.4753936415955886, 3.4894336846340255, 3.492497740372346, 3.4880679478760386, 3.4806377908709605, 3.4852450257019525, 3.473498784625178, 3.46336808061356, 3.445642593265128, 3.4374660101552608, 3.4291261998301024, 3.4247591195000613, 3.4236624974877516, 3.4284211928104047, 3.4335954170018326, 3.4218438315359196, 3.4271423748410186, 3.4435551942728235, 3.446538248064297, 3.4467766560981974, 3.4447685017370455, 3.443624593378084, 3.4508548162031665, 3.458059851429004, 3.4534203930472778, 3.443575023960347, 3.4498000140817036, 3.4645402234780382, 3.4635872416443116, 3.4495381998589547, 3.445746472607115, 3.4505854904908277, 3.4531253137910283, 3.464275637167488, 3.467656764328593, 3.471058021268649, 3.455445055999379, 3.422044911302756, 3.4158886315769568, 3.415101308602011, 3.4150151975179925, 3.409355710389286, 3.399567847293058, 3.3964167027499315, 3.412280563347631, 3.4155185911216956, 3.4087581399653093, 3.3858205544237374], "O21": [4.553999999999999, 4.553999999999999, 4.553999999999999, 4.553999999999999, 4.553999999999999, 4.553999999999999, 4.553999999999999, 4.553999999999999, 4.553999999999999, 4.553999999999999, 4.553999999999999, 4.553999999999999, 4.553999999999999, 4.553999999999999, 4.553999999999999, 4.553999999999999, 4.553999999999999, 4.553999999999999, 4.553999999999999, 4.553999999999999, 4.553999999999999, 4.553999999999999, 4.553999999999999, 4.553999999999999, 4.553999999999999, 4.553999999999999, 4.553999999999999, 4.553999999999999, 4.553999999999999, 4.553999999999999, 4.553999999999999, 4.553999999999999, 4.553999999999999, 4.553999999999999, 4.553999999999999, 4.553999999999999, 4.553999999999999, 4.553999999999999, 4.553999999999999, 4.553999999999999, 4.553999999999999, 4.553999999999999, 4.553999999999999, 4.553999999999999, 4.553999999999999, 4.553999999999999, 4.553999999999999, 4.553999999999999, 4.553999999999999, 4.553999999999999, 4.553999999999999, 4.553999999999999, 4.553999999999999, 4.553999999999999, 4.553999999999999, 4.553999999999999, 4.553999999999999, 4.553999999999999, 4.553999999999999, 4.553999999999999], "mode": "3"}