{"O23": 5.0, "O34": [5.0, 5.0, 5.0, 5.0, 5.0, 5.0, 5.0, 5.0, 5.0, 5.0, 5.0, 5.0, 5.0, 5.0, 5.0, 5.0, 5.0, 5.0, 5.0, 5.0, 5.0, 5.0, 5.0, 5.0, 5.0, 5.0, 5.0, 5.0, 5.0, 5.0, 3.0069333552958386, 3.006902698695196, 3.009039412015653, 3.0182960914908343, 3.0301287067081444, 3.037098153550082, 3.0438732101971513, 3.0467564429185927, 3.05318229942995, 3.054303173094856, 3.050480379041919, 3.0474229457243367, 3.0470102511146, 3.040868353238569, 3.031621952171253, 3.0218739459125756, 3.0194436931249773, 3.017489800109537, 3.0087399276326363, 3.0006034915711974, 3.0012118562673558, 3.0009565195779455, 2.999368974751417, 2.990095430142937, 2.9760418986686235, 2.964129447663164, 2.950055613645011, 2.9358266896337706, 2.914406326206824, 2.8983891557585464, 2.442594073925814, 2.4425795190743465, 2.440287726190204, 2.4365770807248683, 2.4379984174092053, 2.443023744248652, 2.448623338973192, 2.4560152608862613, 2.44743908260617, 2.4393386943755946, 2.4336496888316397, 2.4251070860266903, 2.4143408414793317, 2.4033964854865224, 2.3934312586962494, 2.385258716124088, 2.380671099003493, 2.381074985082993, 2.374639624557647, 2.370725296711713, 2.3652918219151657, 2.3607262435807295, 2.3577657969489136, 2.35593123111723, 2.3486816692185926, 2.3363150076521086, 2.3203741097245567, 2.2977182848245956, 2.2997724510436743, 2.301450470211145, 1.813039441782, 1.8110639355240001, 1.8110639355240001, 1.8110639355240001, 1.8110639355240001, 1.8110639355240001, 1.8110639355240001, 1.8110639355240001, 1.8110639355240001, 1.8110639355240001, 1.8110639355240001, 1.8110639355240001, 1.8110639355240001, 1.8110639355240001, 1.8110639355240001, 1.8110639355240001, 1.8110639355240001, 1.8110639355240001, 1.8110639355240001, 1.8110639355240001, 1.8110639355240001, 1.8110639355240001, 1.8110639355240001, 1.8110639355240001, 1.8110639355240001, 1.8110639355240001, 1.8110639355240001, 1.8110639355240001, 1.8110639355240001, 1.8110639355240001, 2.355705355568138, 2.357990647228019, 2.3579641806287457, 2.354608637304315, 2.3512669620709596, 2.3474696136122972, 2.3436913400335215, 2.344662230376625, 2.3471452741241725, 2.3491047487957486, 2.3449564692622986, 2.340407385192305, 2.341227428759249, 2.3485653152714367, 2.353095051861034, 2.360476180836553, 2.3636701041728108, 2.367209199109764, 2.36735707300761, 2.363860024812275, 2.363534920912885, 2.362426673510233, 2.3630961747006154, 2.366245413334569, 2.37075780553212, 2.3761697528627845, 2.3825141135551786, 2.3842828689894464, 2.3836482810938215, 2.3834189336320875, 2.908558172510343, 2.9017063646748795, 2.8978552868680936, 2.894194806541272, 2.89086513459215, 2.8848059047322794, 2.884046060227122, 2.880040433104885, 2.8726627009705616, 2.874540770522407, 2.8758896067893045, 2.867657084366255, 2.8644789967387303, 2.858166740867276, 2.8599517832392394, 2.8634580976032438, 2.8801803704376745, 2.8853967731436354, 2.8780117710232203, 2.8578083641256034, 2.8543620857799086, 2.8545208599628533, 2.8554699307062332, 2.8558237040371983, 2.8572973055503446, 2.862458673852702, 2.861062428286757, 2.865726092763879, 2.876573424011097, 2.873333637601136, 4.302090235434254, 4.315172472167783, 4.327965691785281, 4.335493876302207, 4.340671433401018, 4.344951329483097, 4.337446957989568, 4.330470158343141, 4.330512128774206, 4.330770045005985, 4.339653271846974, 4.341415581365766, 4.333494235516163, 4.333917939557304, 4.326247377326743, 4.318496597868324, 4.314111765804302, 4.312143241639519, 4.320644675207555, 4.31858524967549, 4.3103322102771875, 4.29868392922574, 4.285232010464215, 4.2789525308900025, 4.274348763236905, 4.273515849043882, 4.2842380038973635, 4.292223442493458, 4.291553462241288, 4.293393009436315, 4.293003057241963, 4.2986746407711935, 4.307666094027275, 4.307051016539938, 4.316149201927479, 4.331381458682756, 4.337929474524936, 4.3434921572047545, 4.346098381625789, 4.344736195519484, 4.348313853920527, 4.353901718947306, 4.355455423149359, 4.356446269502643, 4.358634017527811, 4.349766364860034, 4.345931057766825, 4.34486565645507, 4.346404362292072, 4.344896964103541, 4.341449198901335, 4.342962906909591, 4.338030237998201, 4.3376225697222255, 4.335773499341158, 4.324249941129611], "O35": 3.036676781612551, "O46": 3.0091107569344135,