{"O23": 5.0, "O34": [5.0, 5.0, 5.0, 5.0, 5.0, 5.0, 5.0, 5.0, 5.0, 5.0, 5.0, 5.0, 5.0, 5.0, 5.0, 5.0, 5.0, 5.0, 5.0, 5.0, 5.0, 5.0, 5.0, 5.0, 5.0, 5.0, 5.0, 5.0, 5.0, 5.0, 5.0, 5.0, 5.0, 5.0, 5.0, 5.0, 4.999456416771239, 4.986042790922712, 4.98715657424093, 4.987851271575978, 4.991214979076386, 4.994110063609185, 4.995635778275813, 5.0, 5.0, 5.0, 4.992102601840127, 4.947149988850513, 1.8274160170304001, 1.8274160170304001, 1.8274160170304001, 1.8274160170304001, 1.8274160170304001, 1.8274160170304001, 1.8274160170304001, 1.8274160170304001, 1.8274160170304001], "O35": 2.7391916629706947, "O46": 2.8101174289530206, "O22": [4.019872727844072, 4.028156198026861, 4.024299324521105, 4.0193547324565175, 4.021136436818732, 4.0232402408252455, 4.023412653755396, 4.022628454963985, 4.022179757893342, 4.0203191949081285, 4.002634481905617, 3.996855015680267, 4.001404632382227, 4.013362059379375, 4.029485281144293, 4.035743949749411, 4.037330497845347, 4.042346837377886, 4.04362515695317, 4.04629599991712, 4.040516375100692, 4.0310143466979, 4.029408412415915, 4.026474168395216, 4.019550024236112, 4.012487846373012, 4.020388310616575, 4.036322231577748, 4.037294956775692, 4.034878600440799, 4.031817488227862, 4.029519657378158, 4.023958156363806, 4.010093585750593, 3.9897616323871645, 3.9787428942370764, 3.968080824446212, 3.9557026100979957, 3.9567304193425703, 3.957371492279706, 3.9604755517573547, 3.9631471617536267, 3.9645551049444534, 3.970162764166502, 3.975467938453795, 3.981084475108925, 3.961294658011996, 3.9200429120010116, 1.0651400634669823, 1.0651400634669823, 1.0651400634669823, 1.0651400634669823, 1.0651400634669823, 1.0651400634669823, 1.0651400634669823, 1.0651400634669823, 1.0651400634669823], "O21": [4.553999999999999, 4.553999999999999, 4.553999999999999, 4.553999999999999, 4.553999999999999, 4.553999999999999, 4.553999999999999, 4.553999999999999, 4.553999999999999, 4.553999999999999, 4.553999999999999, 4.553999999999999, 4.553999999999999, 4.553999999999999, 4.553999999999999, 4.553999999999999, 4.553999999999999, 4.553999999999999, 4.553999999999999, 4.553999999999999, 4.553999999999999, 4.553999999999999, 4.553999999999999, 4.553999999999999, 4.553999999999999, 4.553999999999999, 4.553999999999999, 4.553999999999999, 4.553999999999999, 4.553999999999999, 4.553999999999999, 4.553999999999999, 4.553999999999999, 4.553999999999999, 4.553999999999999, 4.553999999999999, 4.553999999999999, 4.553999999999999, 4.553999999999999, 4.553999999999999, 4.553999999999999, 4.553999999999999, 4.553999999999999, 4.553999999999999, 4.553999999999999, 4.553999999999999, 4.553999999999999, 4.553, 4.408, 4.408, 4.408, 4.408, 4.408, 4.408, 4.408, 4.408, 4.408], "mode": "3"}