{"O23": 5.0, "O34": [2.4263307406638184, 2.4193989374016196, 2.4149508506086663, 2.4085767632578725, 2.4053329830674413, 2.400118437192729, 2.3990730136997835, 2.396326420957017, 2.3943430286264427, 2.3909414146160723, 2.376728716999116, 2.3665168283698725, 2.358604366896711, 2.3521834889206215, 2.3486803717778457, 2.3456099313729095, 2.346101893662066, 2.347157829025451, 2.347009786811198, 2.346645067213038, 2.3440625521029514, 2.343295738916509, 2.3426992335233154, 2.343593264848943, 4.321267325703912, 4.321912630541304, 4.3218723224435225, 4.319720441106253, 4.316362465140915, 4.316505922528078, 4.316505922528078, 4.316505922528078, 4.316505922528078, 4.316505922528078, 4.312741016461936, 4.3082139456975, 4.3050677377299085, 4.300605095891913, 4.294533231125053, 4.288712517972019, 2.3639461605945664, 2.362934305607977, 2.363611457698587, 2.361723974811829, 2.361797105208428, 2.3596789347084113, 2.359201931727001, 2.3574141986304356, 2.3554264778132885, 2.35414148225737, 2.3493987422054303, 2.349767941893165, 2.348221983495882, 2.34981944037882, 2.3494342712652085, 2.347922760775841, 2.3450314269107952, 2.3427150795549294, 2.3396471771000753, 2.3406931938908335], "O35": 2.5399575033956414, "O46": 2.564283808584231, "O22": [1.5976752713970013, 1.5912751970659365, 1.5871683167883073, 1.5812831767612887, 1.5782882224114432, 1.5734736770559947, 1.5725084465367178, 1.5699725410809573, 1.568141292001434, 1.5650006110431782, 1.5518781495778455, 1.5424496006396313, 1.5351440930170939, 1.5292157516081897, 1.5259813536808196, 1.5231464424640138, 1.5236006670141902, 1.5245756030530297, 1.524438916949931, 1.5241021744819288, 1.5217177604931784, 1.5210097684735504, 1.520459020174599, 1.5212844716079252, 3.3422418430514953, 3.342837336148394, 3.342800139473912, 3.340814364058269, 3.337715593692636, 3.337847977457338, 3.337847977457338, 3.337847977457338, 3.337847977457338, 3.337847977457338, 3.334373688341639, 3.330196066800341, 3.3272927178440863, 3.323174551894491, 3.317571380580016, 3.312199974229389, 1.540076125193184, 1.539141888187101, 1.5397670968881292, 1.5380244001731571, 1.5380919208393373, 1.536136232235204, 1.5356958194852037, 1.534045220893562, 1.5322099753596155, 1.5310235500151719, 1.5266446189178544, 1.5269854978140274, 1.525558127722712, 1.5270330459228907, 1.5266774225931594, 1.5252818579589338, 1.5226123142699008, 1.5204736506792955, 1.5176410827299711, 1.5186068610360148], "O21": [4.531000000000001, 4.531000000000001, 4.531000000000001, 4.531000000000001, 4.531000000000001, 4.531000000000001, 4.531000000000001, 4.531000000000001, 4.531000000000001, 4.531000000000001, 4.531000000000001, 4.531000000000001, 4.531000000000001, 4.531000000000001, 4.531000000000001, 4.531000000000001, 4.531000000000001, 4.531000000000001, 4.531000000000001, 4.531000000000001, 4.531000000000001, 4.531000000000001, 4.531000000000001, 4.531000000000001, 4.553999999999999, 4.553999999999999, 4.553999999999999, 4.553999999999999, 4.553999999999999, 4.553999999999999, 4.553999999999999, 4.553999999999999, 4.553999999999999, 4.553999999999999, 4.553999999999999, 4.553999999999999, 4.553999999999999, 4.553999999999999, 4.553999999999999, 4.553999999999999, 4.531000000000001, 4.531000000000001, 4.531000000000001, 4.531000000000001, 4.531000000000001, 4.531000000000001, 4.531000000000001, 4.531000000000001, 4.531000000000001, 4.531000000000001, 4.531000000000001, 4.531000000000001, 4.531000000000001, 4.531000000000001, 4.531000000000001, 4.531000000000001, 4.531000000000001, 4.531000000000001, 4.531000000000001, 4.531000000000001, 4.531000000000001], "mode": "3"}