{"O23": 3.312455478980073, "O34": [4.112789997819001, 4.091566347682604, 4.065696980881904, 4.032963779836406, 4.002478639084108, 3.9726032336216752, 3.9435153920808594, 3.925599571775184, 3.909754471778423, 3.895353495575194, 3.8838384353936815, 3.8271846047104057, 3.76588508863095, 3.698936503853761, 3.653636476182826, 3.6325232775811718, 3.6201546165931946, 3.615857550193317, 3.6249527796167875, 3.6357990235223334, 3.637719870680786, 3.630662577794797, 3.6305045219914804, 3.6410484363931537, 3.6533709360741917, 3.668236699189574, 3.6843684199265536, 3.6895119568877197, 3.6974846922432327, 3.706058094221784, 3.7199463102865593, 3.728134401505024, 3.734461900418254, 3.7389710098892213, 3.749860536050211, 3.7511011304610924, 3.7580307183938158, 3.765804469661822, 3.7591479499843263, 3.7537757389972675, 3.7500645843025793, 3.7534810473953546, 3.7559100164229027, 3.757632500318903, 3.7579893098760992, 3.7592044239053766, 3.7611998578655887, 3.768421869443327, 5.0, 5.0, 5.0, 5.0, 5.0, 5.0, 5.0, 5.0, 5.0, 5.0, 5.0], "O35": 3.995597643129891, "O46": 2.842289686151658, "O22": [3.1498570933616303, 3.130271718489356, 3.1063992345742926, 3.0761927428009392, 3.0480607812471696, 3.0204914888925285, 2.9936489675947806, 2.9771160877849496, 2.962494087265207, 2.9492047371461507, 2.9385785362390333, 2.886297872698531, 2.829730128969744, 2.7679493739345467, 2.7261461017378315, 2.70666265253335, 2.6952487411391846, 2.691283369690268, 2.69967652905085, 2.7096855402944877, 2.711458115295906, 2.7049455820668324, 2.7047997267526522, 2.7145297456160806, 2.725901058941809, 2.73961931859583, 2.7545058153076636, 2.7592523173893713, 2.766609629147322, 2.7745212414572453, 2.7873374119174477, 2.794893455998998, 2.800732528798591, 2.8048935754970366, 2.814942527994546, 2.8160873596538227, 2.822482045605606, 2.8296557330613097, 2.8235130369468067, 2.8185555124211805, 2.815130825553589, 2.818283568365465, 2.820525042789136, 2.822114566391241, 2.82244383345373, 2.823565151588123, 2.825406555959777, 2.8320710930762902, 4.2572723421776315, 4.255455384648794, 4.255455384648794, 4.255455384648794, 4.255455384648794, 4.255455384648794, 4.255455384648794, 4.255455384648794, 4.255455384648794, 4.255455384648794, 4.257528468344471], "O21": [4.553999999999999, 4.553999999999999, 4.553999999999999, 4.553999999999999, 4.553999999999999, 4.553999999999999, 4.553999999999999, 4.553999999999999, 4.553999999999999, 4.553999999999999, 4.553999999999999, 4.553999999999999, 4.553999999999999, 4.553999999999999, 4.553999999999999, 4.553999999999999, 4.553999999999999, 4.553999999999999, 4.553999999999999, 4.553999999999999, 4.553999999999999, 4.553999999999999, 4.553999999999999, 4.553999999999999, 4.553999999999999, 4.553999999999999, 4.553999999999999, 4.553999999999999, 4.553999999999999, 4.553999999999999, 4.553999999999999, 4.553999999999999, 4.553999999999999, 4.553999999999999, 4.553999999999999, 4.553999999999999, 4.553999999999999, 4.553999999999999, 4.553999999999999, 4.553999999999999, 4.553999999999999, 4.553999999999999, 4.553999999999999, 4.553999999999999, 4.553999999999999, 4.553999999999999, 4.553999999999999, 4.553999999999999, 4.559, 4.559, 4.559, 4.559, 4.559, 4.559, 4.559, 4.559, 4.559, 4.559, 4.559, 4.559], "mode": "3"}