{"O23": 1.6278180226775265, "O34": [4.659611841586722, 4.662596665898348, 4.660236974293929, 4.659944881357637, 4.65985650651513, 4.6570246220662534, 4.654474229769353, 4.656447510746456, 4.660398705972277, 4.659291074016715, 4.659797620091281, 4.656672674522374, 4.657777540134704, 4.65596073894895, 4.651237852521513, 4.6410617094710185, 4.6375225420868915, 4.64478800974925, 4.6521257189833305, 4.654572211195663, 4.659095963038634, 4.660705479190724, 4.6649868981946705, 4.667733471014043, 4.671233042798564, 4.67723549322796, 4.6825370982606405, 4.6855912994355275, 4.685678139347388, 4.688579138819437, 4.6876367222480315, 4.694089546582504, 4.697374293883266, 4.700510808720664, 4.70514332035833, 4.7093103602509325, 4.7136246012729694, 4.716008901607453, 4.714074860540433, 4.707728768506735, 4.698577412081251, 4.696908845278284, 4.697436002440816, 4.6992954857167835, 4.700609367745982, 4.703018550932821, 4.705982465914822, 4.708573328764686, 4.711545564847976, 4.713838118118326, 4.715497781739141, 4.715387659926708, 4.715621354079512, 4.717794729490809, 4.720311591689458, 4.724552212760425, 4.726302007522775, 4.722884345366087, 4.725752688380696, 4.73701212750168, 3.6541486099478626, 3.6486889537868334, 3.6470665112248497, 3.6495195598546806, 3.6507070376759314, 3.650749703572096, 3.6492294872291144, 3.648001045035617, 3.6514593222948157, 3.654801767145397, 3.6502111800525814, 3.649543134891839, 3.6503776357811284, 3.6507959942855788, 3.653191418176901, 3.6529404263312673, 3.652203810898273, 3.6447406488318794, 3.644134929304045, 3.642659834310664, 3.6378970707299367, 3.6366225893072963, 3.6342560204645245, 3.6301286047171053, 3.627187546193934, 3.6248407096956785, 3.622960268832449, 3.6194680711210316, 3.6107327001944824, 3.601883367962222, 3.5969144162957707, 3.592372388893805, 3.588485400269123, 3.5879329560304267, 3.5870647740702846, 3.586079692512889, 3.596692617360672, 3.6120210830044663, 3.618902824807761, 3.6243325793967927, 3.63517970492627, 3.646239216241767, 3.6551428921726488, 3.659749316631731, 3.6639255482793907, 3.667705303706545, 3.676559976551374, 3.6825305676366047, 3.6936345005810676, 3.699412129859093, 3.7038054061595176, 3.7066598202161303, 3.7087714874551088, 3.7122090109543784, 3.7201337013417657, 3.726993534577007, 3.7193566968389895, 3.7106676259400553, 3.702376570128903, 3.6959786705973108, 3.692375927548466, 3.686338778219969, 3.6827378475435673, 3.685337320225735, 3.694204407589869, 3.7034631051795857, 3.7056445871875834, 3.710535243815933, 3.708346741913225, 3.7116562699514803, 3.713145389201217, 3.7127901545523994, 3.7162329418921742, 3.7189281538271803, 3.718335012677236, 3.7175571715599283, 3.718422539940021, 3.729710471277748, 3.740076536226848, 3.7486306013706368, 3.7530267751923168, 3.758756902373091, 3.7601934208057566, 3.7578946661836765, 3.7502664325265176, 3.741028996775532, 3.7348039245156603, 3.7290643112913338, 3.7256123303692776, 3.7268412561322495, 3.7306869738425816, 3.7330274454911945, 3.733030685794468, 3.731142372399456, 3.7289024704740634, 3.7264664359598663, 3.727676977806272, 3.721493399082692, 3.7168696281867595, 3.7137690535486088, 3.711491867075472, 3.711523105644632, 3.7033531711769916, 3.6933510906987643, 3.693228722223046, 3.7032890578844357, 3.7106268049350284, 3.7141578139671343, 3.717488208478032, 3.715756762864887, 3.7107807117691594, 3.71061460555339, 3.7099685634584167, 3.7111189584451667, 3.7122991795943583, 3.715139453332377, 3.717854379909271, 3.7175443819697884, 3.717084194918921, 3.714974810751632, 4.776233269297256, 4.773874412594854, 4.7754829238400385, 4.7780854786058855, 4.779330645210071, 4.780234977644799, 4.780956168264951, 4.781860284041713, 4.782153745557443, 4.782981402163809, 4.781845615752072, 4.780815281507541, 4.779671930259222, 4.780119897002233, 4.7806027273409155, 4.782736651281711, 4.783856814338564, 4.784450204391495, 4.784017605482368, 4.783295734695244, 4.786652760793547, 4.789254933684005, 4.789282994905091, 4.78871619896928, 4.787756646479579, 4.786215274083157, 4.783681707212181, 4.782130235396338, 4.7817644998505395, 4.779631271013521, 4.778130843881204, 4.777001591983282, 4.776540339289006, 4.777255662255508, 4.779710702871771, 4.781180095472756, 4.783114648864055, 4.785899813388954, 4.790969223360047, 4.79672811583394, 4.797973317047295, 4.799507727390946, 4.801115242945782, 4.803124378619406, 4.805949344781701, 4.8103556290974305, 4.816440378144515, 4.821845407114386, 4.82680319480541, 4.835477544942236, 4.838384132740882, 4.84114139810232, 4.843898111884552, 4.8456084279416665, 4.8458736452012126, 4.8465712200685465, 4.848229363037673, 4.850215818534159, 4.852159181670491, 4.854663585345685], "O35": 4.159561054619, "O46": 1.9188667497824663,