{"O23": 3.550096169635105, "O34": [5.0, 5.0, 5.0, 5.0, 5.0, 5.0, 5.0, 5.0, 5.0, 5.0, 5.0, 5.0, 5.0, 5.0, 5.0, 5.0, 5.0, 5.0, 5.0, 5.0, 5.0, 5.0, 5.0, 5.0, 5.0, 5.0, 5.0, 5.0, 5.0, 5.0, 5.0, 5.0, 5.0, 5.0, 5.0, 5.0, 5.0, 5.0, 5.0, 5.0, 4.716974021013563, 4.716974021013563, 4.716974021013563, 4.716974021013563, 4.716974021013563, 4.716974021013563, 4.716974021013563, 4.716974021013563, 4.716974021013563, 4.716729010213146, 3.283587428107528, 3.2769013929722393, 3.2684913896207646, 3.2647137817361407, 3.2589460646320934, 3.2589460646320934, 3.2589460646320934, 3.2589460646320934, 3.2589460646320934, 3.2589460646320934, 3.2275741803316254, 3.1949494016897777, 3.1647439007567977, 3.153050881751731, 3.1666039593441573, 2.506469600884533, 2.506469600884533, 2.506469600884533, 2.506469600884533, 2.5060798098407733, 1.8110639355240001, 1.8110639355240001, 1.8110639355240001, 1.8118723005092074, 1.812212825245545, 1.811093040323459, 1.8114623065777193, 1.813459791646144, 1.815521864399669, 1.8148297343076933, 1.8139231482615217, 1.8120798295961507, 1.8116192886086657, 1.8120085363818799, 1.8136719160753083, 1.8139732104246906, 1.8144715387362254, 1.814958222602147, 1.8148036718175056, 1.8152112135806535, 1.8189607913812942, 1.8233327298454967, 1.8215267745731176, 1.8224362698291747, 1.8258495153586662, 1.8319505129024334, 1.8344027275588246, 1.8323405822619605, 1.8307461991651912, 1.8296760359422368, 1.8302365150608364, 1.8297708670866868, 1.8308496016555664, 1.829052459113422, 1.8285277907234172, 1.83120212804902, 1.833269686407752, 1.8341477109571096, 1.834796437512873, 1.83487325816229, 1.8324226453787782, 1.831962596243043, 1.837210229047044, 1.8387395651431522, 1.8389003792775955, 1.8393344309136992, 1.839867179255752, 1.843828716186376, 1.8473576811900845, 1.8539168347636996, 1.8567848222460244, 1.861281108344614, 1.8635476844319459, 1.8636205314805965, 1.861558272740699, 1.858853473137777, 1.8574122614764104, 1.8560566685524782, 1.8551260962327252, 1.8560372309113122, 1.854305997388837, 1.848403452598672, 1.8433527724025172, 1.838597933214931, 1.836232600772966, 1.8308821745408392, 1.8258622552309898, 1.820511266775856, 1.8159131977693643, 1.8128101742692129, 1.8110639355240001, 1.8110639355240001, 1.8110639355240001, 1.8110639355240001, 1.8110639355240001, 1.8110639355240001, 1.8110639355240001, 1.8110639355240001, 1.8110639355240001, 1.8110639355240001, 1.8110639355240001, 1.8110639355240001, 1.8110639355240001, 1.8110639355240001, 1.8110639355240001, 1.8110639355240001, 1.8110639355240001, 1.8110639355240001, 1.8110639355240001, 1.8110639355240001, 1.8110639355240001, 1.8110639355240001, 1.8110639355240001, 1.8110639355240001, 1.8110639355240001, 1.8110639355240001, 1.8113348263056026, 1.8119139437525864, 1.8124312345485323, 1.812773786184759, 1.8135435306330052, 1.8137688802045586, 1.8140483672480443, 1.8142894344134026, 1.8151280645008603, 1.8133051899546273, 1.8114521411044335, 1.8116576616961142, 1.8110639355240001, 1.8110639355240001, 1.8110639355240001, 1.8110639355240001, 1.8110639355240001, 1.8110639355240001, 1.8110639355240001, 1.8110639355240001, 1.8110639355240001, 1.8110639355240001, 1.8110639355240001, 1.8110639355240001, 1.8110639355240001, 1.8110639355240001, 1.8110639355240001, 1.8110639355240001, 1.8110639355240001, 1.8110639355240001, 1.8110639355240001, 1.8110639355240001, 1.8110639355240001, 1.8110639355240001, 1.8110639355240001, 1.8110639355240001, 1.8110639355240001, 1.8110639355240001, 1.8110639355240001, 1.8110639355240001, 1.8110639355240001, 1.8110639355240001, 1.8110639355240001, 1.8110639355240001, 1.8110639355240001, 1.8110639355240001, 1.8110639355240001, 1.8110639355240001, 1.8110639355240001, 1.8110639355240001, 1.8110639355240001, 1.8110639355240001, 1.8110639355240001, 1.8110639355240001, 1.8110639355240001, 1.8110639355240001, 1.8110639355240001, 1.8110639355240001, 1.8110639355240001, 1.8110639355240001, 1.8110639355240001, 1.8110639355240001, 1.8110639355240001, 1.8114245208820443, 1.814075384325342, 1.8154685554421268, 1.816082668159934, 1.817006722113199, 1.8187577345474095, 1.821274400679045, 1.824724615079187, 1.8261954399939284, 1.8267079845244432, 1.8268031972444003, 1.830853183915778, 1.8338458485454117, 1.8359300757229415, 1.8384201888116891, 1.8418829289328031, 1.8453325616092184, 1.8455409013198845, 1.8436269815717992, 1.8420131583659518, 1.8399768111499566, 1.8379683677513634, 1.8373244862280822, 1.8403796071364689, 1.842067020311516, 1.8419462765408534, 1.8405886992166325, 1.8397296821727278, 1.8414698623283778, 1.8434546023913088, 1.8463004338883464, 1.846901332061801, 1.8442625615733894, 1.8436997929305479, 1.8441244584000853, 1.84283710340256, 1.8398368531261253, 1.835076800674936, 1.8310664505490764, 1.8268985056418736, 1.8230439207003741, 1.8191166427804784, 1.8155470253624302, 1.8129494229622538, 1.8110639355240001, 1.8110639355240001, 1.8110639355240001, 1.8110639355240001, 1.8110639355240001, 1.8110639355240001, 1.8110639355240001, 1.8110639355240001, 1.8110639355240001, 1.8110639355240001, 1.8110639355240001, 1.8110639355240001, 1.8110639355240001, 1.8110639355240001, 1.8110639355240001, 1.8110639355240001, 1.8110639355240001, 1.8110639355240001, 1.8110639355240001, 1.8110639355240001, 1.8110639355240001, 1.8110639355240001, 1.8110639355240001, 1.8112653226537991, 1.8121145359789745, 1.8132854370624651, 1.8138542347991247, 1.8138055638481536], "O35": 1.9483083889414203, "O46": 1.6234250210760661,