{"O23": 3.3537151620398498, "O34": [2.477904089337916, 2.482703147069486, 2.487732485318541, 2.4911828033314922, 2.499066254097337, 2.5021884439871047, 2.5071611348545737, 2.509363100804674, 2.5103099772145794, 2.5115272106685644, 2.5128460760057862, 2.518254447458598, 2.523640125753965, 2.529115970435578, 2.5353955601128186, 2.5398280797610133, 2.5449060993459653, 2.5485027000099625, 2.549830422026688, 2.5538409118675935, 2.5571121827324026, 2.55990147422577, 2.5637053055332513, 2.5635122463608537, 2.5659440770540667, 2.5697837864641135, 2.5719244996118706, 2.579027995189894, 2.5892271742004587, 2.5972767423680208, 2.606154076845301, 2.6164546759009006, 2.6299943132349433, 2.6467070399808437, 2.664028281090431, 2.6826508238741877, 2.6974881065748284, 2.7051108909514707, 2.711979651748548, 2.7165662751766106, 2.72136695115252, 2.7226660982988915, 2.7216752906144976, 2.7238415420170443, 2.723262926919956, 2.726969193318103, 2.7380066684055504, 2.744597667872597, 2.745665525081437, 2.7484814467701484, 2.7486299934463236, 2.748908676272641, 2.7443541019105706, 2.7354199314381487, 2.7221028147637742, 2.7063330967172705, 2.6904659739667514], "O35": 2.642976466857787, "O46": 2.0578135457720945, "O22": [1.645292500641828, 1.649723429368356, 1.6543669741160203, 1.657552623060952, 1.6648313453469472, 1.6677140364179963, 1.6723052791254696, 1.6743383353479344, 1.6752125781930505, 1.676336439371605, 1.677554136393809, 1.6825476392384102, 1.6875201896859275, 1.6925759899823396, 1.6983738811201474, 1.7024663883869149, 1.7071548801933005, 1.710475590651756, 1.7117014649699687, 1.7154043157455747, 1.7184246519986237, 1.7209999808435597, 1.7245120255727384, 1.7243337756993793, 1.726579064062077, 1.7301242347347654, 1.7321007367716659, 1.7386593331411944, 1.748076147397799, 1.7555082444520123, 1.763704611020312, 1.7732150655321768, 1.785716096227334, 1.8011468130844952, 1.817139366019775, 1.8343333995982285, 1.8480325350992275, 1.8550705863500816, 1.8614124541153325, 1.8656472440765943, 1.8700796669142035, 1.8712791583003925, 1.8703643540873975, 1.87236443537529, 1.8718302050328566, 1.8752521689204102, 1.8854429747345574, 1.891528387852836, 1.8925143312290436, 1.895114247504292, 1.8952513993727442, 1.8955087048293129, 1.8913035054950245, 1.8830546627412608, 1.8707590834572598, 1.8561990384213674, 1.841549060460042], "O21": [4.531000000000001, 4.531000000000001, 4.531000000000001, 4.531000000000001, 4.531000000000001, 4.531000000000001, 4.531000000000001, 4.531000000000001, 4.531000000000001, 4.531000000000001, 4.531000000000001, 4.531000000000001, 4.531000000000001, 4.531000000000001, 4.531000000000001, 4.531000000000001, 4.531000000000001, 4.531000000000001, 4.531000000000001, 4.531000000000001, 4.531000000000001, 4.531000000000001, 4.531000000000001, 4.531000000000001, 4.531000000000001, 4.531000000000001, 4.531000000000001, 4.531000000000001, 4.531000000000001, 4.531000000000001, 4.531000000000001, 4.531000000000001, 4.531000000000001, 4.531000000000001, 4.531000000000001, 4.531000000000001, 4.531000000000001, 4.531000000000001, 4.531000000000001, 4.531000000000001, 4.531000000000001, 4.531000000000001, 4.531000000000001, 4.531000000000001, 4.531000000000001, 4.531000000000001, 4.531000000000001, 4.531000000000001, 4.531000000000001, 4.531000000000001, 4.531000000000001, 4.531000000000001, 4.531000000000001, 4.531000000000001, 4.531000000000001, 4.531000000000001, 4.531000000000001], "mode": "3"}