{"O23": 5.0, "O34": [1.8110639355240001, 1.8110639355240001, 1.8110639355240001, 1.8110639355240001, 1.8110639355240001, 1.8110639355240001, 1.8110639355240001, 1.8110639355240001, 1.8110639355240001, 1.8110639355240001, 1.8110639355240001, 1.8110639355240001, 1.8110639355240001, 1.8110639355240001, 1.8121414843919998, 2.8714034357702976, 2.8778989706904348, 2.8916138395126167, 2.910697179094706, 2.9059099410482645, 2.9059099410482645, 2.9059099410482645, 2.9059099410482645, 2.9059099410482645, 2.9059099410482645, 2.9041977421233067, 2.911049338984838, 2.9160818622584044, 2.922832738772828, 2.9304091048563827, 4.226912033665773, 4.222566164328307, 4.22234126614991, 4.222041922801924, 4.223543411621475, 4.218516881404048, 4.220482102645269, 4.221042451040421, 4.22061214794736, 4.220919285498135, 4.2247593205107155, 4.22599021713178, 4.221868556271754, 4.217798223572485, 4.216890901822723, 4.2169304674283, 4.218512759768514, 4.221115738195122, 4.226081818367918, 4.2300399317670365, 4.229048213708005, 4.231878716944471, 4.230519770813927, 4.231874726713701, 4.231264138806051, 4.239450192698224, 4.246255375742015, 4.251483105656553, 4.254838446712153, 4.259228946076843, 4.263727972556511, 4.277655482035323, 4.283370603468729, 4.283504742767062, 4.2762239592394975, 4.2707171645475, 4.270871968211432, 4.2714288272006655, 4.27187363086989, 4.272506779993455, 4.284049100774167, 4.280553766895721, 4.278376283998864, 4.273201711236181, 4.269049092010961, 4.261461911964893, 4.2521205555056, 4.24595273216405, 4.248417818586187, 4.25014972352524, 4.246027132779778, 4.231911314054835, 4.229099241596253, 4.23136345645826, 4.2331645237662165, 4.236544712813058, 4.2350806895822455, 4.237170203000016, 4.23411269400762, 4.229000984958934, 2.9178849850822535, 2.91463017895542, 2.9131447395252663, 2.914827346214152, 2.9108641432760307, 2.910801683509691, 2.910801683509691, 2.910801683509691, 2.910801683509691, 2.910801683509691, 2.9089157855485013, 2.9138068404727235, 2.919459949383551, 2.915383483862936, 2.9123004198139393, 1.8139373991719998, 1.8110639355240001, 1.8110639355240001, 1.8110639355240001, 1.8110639355240001, 1.8110639355240001, 1.8110639355240001, 1.8110639355240001, 1.8110639355240001, 1.8110639355240001, 1.8110639355240001, 1.8110639355240001, 1.8110639355240001, 1.8110639355240001, 1.8110639355240001, 2.90831492710576, 2.908519137467895, 2.911956286138205, 2.914376855462368, 2.9092237304420134, 2.908243470893195, 2.908243470893195, 2.908243470893195, 2.908243470893195, 2.908243470893195, 2.9066513856136416, 2.9130493020519803, 2.918533573677788, 2.91052725979636, 2.903715818607727, 4.155939748518303, 4.152903934666065, 4.155583052283771, 4.155681987152232, 4.157211895156449, 4.161357380382814, 4.162562723841031, 4.164195287636758, 4.163664972487455, 4.163118023945466, 4.16404555137792, 4.168781091184707, 4.172653894780573, 4.17585411052365, 4.182990670399098, 4.19812908568855, 4.199626218780304, 4.2000826824618995, 4.201709298648316, 4.201221022304513, 4.200783551588101, 4.205547287665577, 4.204559088408161, 4.208182889272738, 4.204413819881311, 4.200667645571561, 4.198821621485574, 4.195831798460565, 4.194416234268824, 4.192440286063422, 4.1899016169370675, 4.186440891611044, 4.184376658588731, 4.182917177256247, 4.176695146293096, 4.161860327427362, 4.160015650723778, 4.157646400619308, 4.154228128172607, 4.150418791525093, 4.150823126573683, 4.145280919432556, 4.143196918583394, 4.13584322571484, 4.139239564882337, 2.856141328958318, 2.8561599786071055, 2.8563194299027614, 2.8594943543063076, 2.859605705044506, 2.8590360351264925, 2.8590360351264925, 2.8590360351264925, 2.8590360351264925, 2.8590360351264925, 2.859010486589743, 2.856584040982125, 2.85655182950321, 2.8611162202120983, 2.865695666069932, 1.8164516798639998, 1.8110639355240001, 1.8110639355240001, 1.8110639355240001, 1.8110639355240001, 1.8110639355240001, 1.8110639355240001, 1.8110639355240001, 1.8110639355240001, 1.8110639355240001, 1.8110639355240001, 1.8110639355240001, 1.8110639355240001, 1.8110639355240001, 1.8110639355240001, 3.0227845708518855, 3.018505270012335, 3.016622169321332, 3.0088690651927923, 2.9962410050013806, 2.9938907273588606, 2.9938907273588606, 2.9938907273588606, 2.9938907273588606, 2.9938907273588606, 2.9906071289907037, 2.989121885329319, 2.991338489185447, 2.9904380144932916, 2.987480199941574, 4.162421722105877, 4.162886568754485, 4.162886568754485, 4.162886568754485, 4.162886568754485, 4.162886568754485, 4.162886568754485, 4.162886568754485, 4.162886568754485, 4.162886568754485], "O35": 2.9509538252134124, "O46": 2.877239330472559,