{"O23": 5.0, "O34": [1.8633940324631684, 1.8682755022559028, 1.869690979029234, 1.8746386847444805, 1.8780979887232103, 1.8780979887232103, 1.8780979887232103, 1.8780979887232103, 1.8780979887232103, 1.8780979887232103, 1.875123991569883, 1.8780267964891277, 1.8831597855688773, 1.8822003712063498, 1.881788209913463, 3.451753234372907, 3.4547834978247693, 3.4559920517181553, 3.4572033562044715, 3.4554492296314825, 3.4554492296314825, 3.4554492296314825, 3.4554492296314825, 3.4554492296314825, 3.4554492296314825, 3.456874892004911, 3.4623128081109766, 3.458256712254508, 3.4575084346879237, 3.463367104459653, 4.605155372359907, 4.607438098567066, 4.610985073396305, 4.612169590882977, 4.611774326939407, 4.609398556765225, 4.6061263775698125, 4.604732978672193, 4.603740219129146, 4.602310431697679, 4.602006930735895, 4.601053941120393, 4.597073221672253, 4.594342069650948, 4.590729482722641, 4.588004030343145, 4.585858696819704, 4.579076076561803, 4.5752091007494515, 4.5748846814407935, 4.572363935301888, 4.569437127118918, 4.5646617171301385, 4.561570526185635, 4.561885132994058, 4.562914838536115, 4.561064293034371, 4.5566223004293445, 4.552900876472524, 4.551079950759, 4.550192277621175, 4.551337315545793, 4.552571517241111, 4.552521655770776, 4.552869351747443, 4.550775516795627, 4.547397723914004, 4.55032249597868, 4.552482118122347, 4.55322199424207, 4.551747654850135, 4.551656409411258, 4.548745084704382, 4.544216026674798, 4.536325824285229, 4.534638290607266, 4.536318943828366, 4.5388058899703205, 4.542669975872895, 4.5433748302520955, 4.542936579451448, 4.540249342545847, 4.538567280344214, 4.537791445664398, 4.5369054164252995, 4.539297474289731, 4.541402523950457, 4.54062970217177, 4.539364275914422, 4.536514345241232, 3.4447912999712504, 3.4363514244635542, 3.4245864741158734, 3.4170808906406287, 3.414066002947121, 3.4216978531652025, 3.421700745721474, 3.418761035346057, 3.4143969707176876, 3.4082461500976935, 3.3928772434347216, 3.3747509770089064, 3.3631753974101293, 3.3569112724548846, 3.346625440319039, 3.341461773108722, 3.3466729469420105, 3.353324586089729, 3.3611370650512464, 3.369484663193039, 3.3729705262859757, 3.3743875333989397, 3.379969281436086, 3.38370781782422, 3.384639498651216, 3.372363829395446, 3.370469803694309, 3.368495565342614, 3.37424139522553, 3.3827449819182687, 1.8590029712053455, 1.853640145259126, 1.8532796385359902, 1.852515334950239, 1.8520814567535508, 1.8509100613990948, 1.8497954816649922, 1.8492159675468955, 1.8489852684153034, 1.8499765059393054, 1.8503345750088613, 1.8510323407393015, 1.85533997726825, 1.8580137338762726, 1.85971602189258, 1.8599985157946473, 1.85953122403664, 1.85844700270406, 1.8567023136191285, 1.8544610221521065, 1.8526043865493875, 1.8544040065809737, 1.8546764567569425, 1.8553834680683163, 1.85595103449678, 1.8578346046387049, 1.859616004312247, 1.8613811297700413, 1.8629527512314077, 1.8622686167090399, 3.502602348672054, 3.503160873814551, 3.5122198324984892, 3.50959930567192, 3.5075619374394376, 3.5025466697015712, 3.4978199378533015, 3.496839392210376, 3.493105595623122, 3.4913232355717736, 3.486243374207478, 3.4768838098336814, 3.4741398284678517, 3.468073409871414, 3.4591312829662675, 3.4480472275901284, 3.4483544276712235, 3.4481226529900737, 3.43860966689537, 3.4315249157437817, 3.4298196813937256, 3.425435026759582, 3.414002387358166, 3.409552226034721, 3.4051034606103396, 3.4037498865148117, 3.4024312380367085, 3.3957467835658983, 3.3933164263905855, 3.3871225004810324, 4.511788004394683, 4.511688868829563, 4.510194942821206, 4.507518170007419, 4.506117340953984, 4.507650236549095, 4.510846485405343, 4.513989914240092, 4.516217463705559, 4.51588045694271, 4.5113341261694115, 4.505944269008598, 4.500678310216868, 4.497988161573064, 4.4971194372828585, 4.497219369038276, 4.497934271841078, 4.49864657931264, 4.5015362167611315, 4.504620542588054, 4.50306110517434, 4.502414156875009, 4.501285122653711, 4.500051203155454, 4.4976529486271835, 4.4943967810992245, 4.490703619397986, 4.483984630859332, 4.477940237951714, 4.476079039695043, 4.477312127998074, 4.477481629941869, 4.475346273449675, 4.471574853987466, 4.476526872847165, 4.492501222429652, 4.505877139629249, 4.522576966146303, 4.535903864885471, 4.547575933081487, 4.557552077163659, 4.5550278901372865, 4.555179733834677, 4.556006283648405, 4.556780663766946, 4.556142484435653, 4.551154477714404, 4.54731766176638, 4.54700977822927, 4.546923484208482, 4.550459370466132, 4.555490533601384, 4.562383911185503, 4.568560654062398, 4.5683689460014545, 4.5546995100746415, 4.5383997850437945, 4.512804431992936, 4.483123949647393], "O35": 3.4112481129192, "O46": 3.3592383643144,