{"O23": 3.0184760822182333, "O34": [4.586188713754789, 4.583104519776402, 4.577804914572279, 4.570775114529861, 4.565016943817208, 4.553618969841915, 4.537161587780747, 4.520365595716112, 4.504699339590374, 4.491684156316029, 4.475129880680764, 4.455402944838902, 4.434989544276331, 4.417472101961686, 4.402029634760272, 4.400306697375314, 4.387405420685905, 4.367365635730253, 4.368864305055328, 4.371806981262493, 4.374795690942893, 4.366688011439842, 4.353739069864068, 4.341587003830481, 4.334584962275452, 4.338957731967815, 4.353967641370737, 4.370030028698083, 4.381319385459116, 4.392992000474262, 4.400048578372791, 4.415669735189388, 4.448980561178939, 4.479308298252867, 4.494933779257121, 4.485732442132702, 4.498244965244026, 4.518572389950687, 4.519749258170674, 4.514312293098789, 4.516718159723589, 4.510212195161187, 4.521240794434757, 4.536429244224052, 4.545382464942476, 4.552030762285586, 4.550360232568801, 4.534017616211139, 4.529441680636175, 4.507729374555908, 4.504429353203047, 4.4972343627438, 4.472360758080426, 4.44601483094079, 4.4345391116166395, 4.442376218060598, 4.427809464283922, 4.40221227323438, 4.389809066697269], "O35": 4.454581594727489, "O46": 2.913176853392892, "O22": [3.586713678165363, 3.5838675562750515, 3.578977033017706, 3.5724898704314856, 3.567176178806289, 3.5566580261013634, 3.5414710061960806, 3.525971513939869, 3.511514552149803, 3.4995040241858937, 3.4842275900206134, 3.46602339653546, 3.447185727243589, 3.4310204742201513, 3.4167700268584213, 3.415180084772636, 3.4032746708278543, 3.3847817773720235, 3.386164762878878, 3.38888029089949, 3.391638299022449, 3.384156459593745, 3.372207060063936, 3.360993024438072, 3.354531477633203, 3.358566708760019, 3.3724179879021947, 3.3872405031212063, 3.397658422885747, 3.408430016807724, 3.4149418902399518, 3.429357233982683, 3.4600967632397936, 3.48808347126614, 3.5025028054080596, 3.494011728908505, 3.5055583975615567, 3.5243167275617826, 3.525402752120028, 3.5203854719436216, 3.5226056272626445, 3.5166018647598944, 3.526779155174164, 3.5407951929876558, 3.549057305440396, 3.5551924139109166, 3.5536508340917874, 3.538569721007962, 3.534347006580845, 3.514310695616864, 3.511265406287888, 3.5046258045020884, 3.481672218826386, 3.4573599607524326, 3.4467700639416545, 3.454002216122472, 3.4405598849704404, 3.4169385672818886, 3.4054927769448637], "O21": [4.553999999999999, 4.553999999999999, 4.553999999999999, 4.553999999999999, 4.553999999999999, 4.553999999999999, 4.553999999999999, 4.553999999999999, 4.553999999999999, 4.553999999999999, 4.553999999999999, 4.553999999999999, 4.553999999999999, 4.553999999999999, 4.553999999999999, 4.553999999999999, 4.553999999999999, 4.553999999999999, 4.553999999999999, 4.553999999999999, 4.553999999999999, 4.553999999999999, 4.553999999999999, 4.553999999999999, 4.553999999999999, 4.553999999999999, 4.553999999999999, 4.553999999999999, 4.553999999999999, 4.553999999999999, 4.553999999999999, 4.553999999999999, 4.553999999999999, 4.553999999999999, 4.553999999999999, 4.553999999999999, 4.553999999999999, 4.553999999999999, 4.553999999999999, 4.553999999999999, 4.553999999999999, 4.553999999999999, 4.553999999999999, 4.553999999999999, 4.553999999999999, 4.553999999999999, 4.553999999999999, 4.553999999999999, 4.553999999999999, 4.553999999999999, 4.553999999999999, 4.553999999999999, 4.553999999999999, 4.553999999999999, 4.553999999999999, 4.553999999999999, 4.553999999999999, 4.553999999999999, 4.553999999999999], "mode": "3"}