{"O23": 4.220382272589658, "O34": [3.612685303466662, 3.633266623524597, 3.633266623524597, 3.633266623524597, 3.633266623524597, 3.633266623524597, 3.633266623524597, 3.633266623524597, 3.633266623524597, 3.633266623524597, 3.595431107393861, 3.5601625709065288, 3.887814889913808, 3.8826776678237076, 3.8750813268051028, 3.9694455017265047, 4.011452677608992, 4.044045402932734, 4.0714997748852, 4.061733381001638, 4.054103316353442, 4.046623412218964, 4.028481713174222, 4.02661292805882, 4.018407076615469, 4.00874103318233, 4.005534243035695, 4.068433866749276, 4.131319649039413, 4.170958844625064, 4.187961513008321, 4.174508064626018, 4.157229556745849, 4.140166134638052, 4.123254296209599, 4.04550663315002, 3.9876980771503563, 3.9314486030842413, 3.876525458407454, 3.8600101546401366, 3.8391906496260164, 3.8140958400731657, 3.788724618668814, 3.749755509418701, 3.7111263524717866, 3.6707671760598344, 3.61049780493793, 3.5086630411398683, 3.4106385195365885, 3.308772900079712, 3.27828050978224, 3.271974367299914, 3.2665510656045518, 3.2603150566890253, 3.2560345156712844, 3.24777298315127, 3.2353182135969663, 3.2258873540925515, 3.2021124769426113], "O35": 3.552241138710492, "O46": 3.1113661730144955, "O22": [2.688355991933398, 2.707348618843019, 2.707348618843019, 2.707348618843019, 2.707348618843019, 2.707348618843019, 2.707348618843019, 2.707348618843019, 2.707348618843019, 2.707348618843019, 2.6724336649051175, 2.6398875428261306, 2.942248044167157, 2.937507369505158, 2.930497397820228, 3.017577505552453, 3.056342104558595, 3.086418964074849, 3.1117541049726807, 3.1027415890232297, 3.0957004968701725, 3.0887979741871785, 3.0720566514492056, 3.0703321197684788, 3.062759686391969, 3.0538397747390222, 3.0508805200040947, 3.108924857421947, 3.16695642184999, 3.203535827380662, 3.219226042399047, 3.206811079459174, 3.190866317276805, 3.1751200381760234, 3.159513641855319, 3.0877674004369418, 3.034421146008415, 2.9825136263841703, 2.9318300554269627, 2.9165895848512777, 2.8973771587258836, 2.8742194431923975, 2.8508066523209754, 2.814845608476156, 2.779198275668508, 2.7419544653679995, 2.6863373486537347, 2.592363314442053, 2.501905405932565, 2.4079028978419355, 2.379764246342799, 2.373944881449362, 2.368940209959468, 2.3631855649510687, 2.3592354432731377, 2.3516116268992295, 2.340118253747054, 2.331415371934799, 2.3094757018718584], "O21": [4.553999999999999, 4.553999999999999, 4.553999999999999, 4.553999999999999, 4.553999999999999, 4.553999999999999, 4.553999999999999, 4.553999999999999, 4.553999999999999, 4.553999999999999, 4.553999999999999, 4.553999999999999, 4.553999999999999, 4.553999999999999, 4.553999999999999, 4.553999999999999, 4.553999999999999, 4.553999999999999, 4.553999999999999, 4.553999999999999, 4.553999999999999, 4.553999999999999, 4.553999999999999, 4.553999999999999, 4.553999999999999, 4.553999999999999, 4.553999999999999, 4.553999999999999, 4.553999999999999, 4.553999999999999, 4.553999999999999, 4.553999999999999, 4.553999999999999, 4.553999999999999, 4.553999999999999, 4.553999999999999, 4.553999999999999, 4.553999999999999, 4.553999999999999, 4.553999999999999, 4.553999999999999, 4.553999999999999, 4.553999999999999, 4.553999999999999, 4.553999999999999, 4.553999999999999, 4.553999999999999, 4.553999999999999, 4.553999999999999, 4.553999999999999, 4.553999999999999, 4.553999999999999, 4.553999999999999, 4.553999999999999, 4.553999999999999, 4.553999999999999, 4.553999999999999, 4.553999999999999, 4.553999999999999], "mode": "3"}