{"O23": 5.0, "O34": [4.858984145032195, 4.859029106779516, 4.861540209701643, 4.861411151552661, 4.864006825016956, 4.864729649979946, 4.866495122830411, 4.866717363701361, 4.867410360648832, 4.867601943401653, 4.865870607765917, 4.871337245493692, 4.876135942020931, 4.879364537613684, 4.881013995886285, 4.88401748940729, 4.8856062061007, 4.886948072547287, 4.888423803000524, 4.889204616103806, 4.891043977175545, 4.893349851513513, 4.893671495084836, 4.895278735595925, 4.895145309405243, 4.896248950225467, 4.896490178812215, 4.898118492079954, 4.899848162946482, 4.901923844204419, 4.901989845240038, 4.9026132271192004, 2.8577273745907377, 2.8513162094750504, 2.8513162094750504, 2.8513162094750504, 2.8513162094750504, 2.8513162094750504, 2.8513162094750504, 2.8513162094750504, 2.8513162094750504, 2.8513162094750504, 2.8381196193983094, 2.8368952807326013, 4.913410381799692, 4.910838579377646, 4.910484977026648, 4.909626899719454, 4.910502928986938, 4.911105408250972, 4.911105408250972, 4.911105408250972, 4.911105408250972, 4.911105408250972, 4.912286301904454, 4.916031912114234, 4.91533666046583, 4.915608812431631, 4.916692231028798, 4.916698718205647], "O35": 4.045539398717654, "O46": 4.013574538475741, "O22": [3.8384517510545875, 3.838493242158641, 3.8408105104775525, 3.840691414459105, 3.8430867252335257, 3.843753754598231, 3.845382948793431, 3.8455880346642175, 3.8462275384684332, 3.8464043327525896, 3.8448066406855936, 3.8498513030552286, 3.854279583288849, 3.857258960285202, 3.8587810951864765, 3.8615527459702625, 3.863018827996978, 3.864257114399931, 3.865618931709929, 3.8663394730510587, 3.868036851960151, 3.8701647334992466, 3.8704615490742835, 3.871944725046244, 3.871821598159705, 3.8728400478160796, 3.8730626557214594, 3.8745652778224264, 3.8761614336254526, 3.8780768909238352, 3.8781377972720006, 3.87871305966624, 1.9959800730292006, 1.990060699420764, 1.990060699420764, 1.990060699420764, 1.990060699420764, 1.990060699420764, 1.990060699420764, 1.990060699420764, 1.990060699420764, 1.990060699420764, 1.9778764013077006, 1.9767459799482743, 3.8886767709323204, 3.88630348856998, 3.885977181146163, 3.885185339704055, 3.885993747376274, 3.8865497206496293, 3.8865497206496293, 3.8865497206496293, 3.8865497206496293, 3.8865497206496293, 3.8876394599140403, 3.8910959426402676, 3.89045435817779, 3.8907055024549613, 3.8917052908623626, 3.8917112772873947], "O21": [4.553999999999999, 4.553999999999999, 4.553999999999999, 4.553999999999999, 4.553999999999999, 4.553999999999999, 4.553999999999999, 4.553999999999999, 4.553999999999999, 4.553999999999999, 4.553999999999999, 4.553999999999999, 4.553999999999999, 4.553999999999999, 4.553999999999999, 4.553999999999999, 4.553999999999999, 4.553999999999999, 4.553999999999999, 4.553999999999999, 4.553999999999999, 4.553999999999999, 4.553999999999999, 4.553999999999999, 4.553999999999999, 4.553999999999999, 4.553999999999999, 4.553999999999999, 4.553999999999999, 4.553999999999999, 4.553999999999999, 4.553999999999999, 4.531000000000001, 4.531000000000001, 4.531000000000001, 4.531000000000001, 4.531000000000001, 4.531000000000001, 4.531000000000001, 4.531000000000001, 4.531000000000001, 4.531000000000001, 4.531000000000001, 4.531000000000001, 4.553999999999999, 4.553999999999999, 4.553999999999999, 4.553999999999999, 4.553999999999999, 4.553999999999999, 4.553999999999999, 4.553999999999999, 4.553999999999999, 4.553999999999999, 4.553999999999999, 4.553999999999999, 4.553999999999999, 4.553999999999999, 4.553999999999999, 4.553999999999999], "mode": "3"}