{"O23": 2.1403222635600283, "O34": [4.7762102409571945, 4.7762102409571945, 4.7762102409571945, 4.7762102409571945, 4.7762102409571945, 2.7290035250041935, 2.7290035250041935, 2.7290035250041935, 2.7290035250041935, 2.7288035714272896, 1.8110639355240001, 1.8110639355240001, 1.8110639355240001, 1.8110639355240001, 1.81232107587, 2.6637027273065317, 2.6637027273065317, 2.6637027273065317, 2.6637027273065317, 2.6639011966377, 4.681240387577498, 4.681240387577498, 4.681240387577498, 4.681240387577498, 4.681240387577498, 2.799964822728331, 2.799964822728331, 2.799964822728331, 2.799964822728331, 2.7995616897638986, 1.8110639355240001, 1.8110639355240001, 1.8110639355240001, 1.8110639355240001, 1.813039441782, 2.69185724139824, 2.69185724139824, 2.69185724139824, 2.69185724139824, 2.6920563506636648, 4.637014169978272, 4.637014169978272, 4.637014169978272, 4.637014169978272, 4.636770975664965, 2.8896004264944883, 2.8896004264944883, 2.8896004264944883, 2.8896004264944883, 2.888989614966487, 1.8110639355240001, 1.8110639355240001, 1.8110639355240001, 1.8110639355240001, 1.8126802588259998, 2.777225039406962, 2.777225039406962, 2.777225039406962, 2.777225039406962], "O35": 2.436967775164735, "O46": 1.5839769956572503, "O22": [3.7620672493062104, 3.7620672493062104, 3.7620672493062104, 3.7620672493062104, 3.7620672493062104, 1.8771304498687489, 1.8771304498687489, 1.8771304498687489, 1.8771304498687489, 1.8771304498687489, 1.05, 1.05, 1.05, 1.05, 1.05, 1.816838785011212, 1.816838785011212, 1.816838785011212, 1.816838785011212, 1.816838785011212, 3.6744282160554467, 3.6744282160554467, 3.6744282160554467, 3.6744282160554467, 3.6744282160554467, 1.942648405714376, 1.942648405714376, 1.942648405714376, 1.942648405714376, 1.942648405714376, 1.05, 1.05, 1.05, 1.05, 1.05, 1.842833605713147, 1.842833605713147, 1.842833605713147, 1.842833605713147, 1.842833605713147, 3.633615865432584, 3.633615865432584, 3.633615865432584, 3.633615865432584, 3.633615865432584, 2.0254081877095915, 2.0254081877095915, 2.0254081877095915, 2.0254081877095915, 2.0254081877095915, 1.05, 1.05, 1.05, 1.05, 1.05, 1.921652959360218, 1.921652959360218, 1.921652959360218, 1.921652959360218], "O21": [4.553999999999999, 4.553999999999999, 4.553999999999999, 4.553999999999999, 4.553999999999999, 4.531000000000001, 4.531000000000001, 4.531000000000001, 4.531000000000001, 4.53, 4.408, 4.408, 4.408, 4.408, 4.415, 4.531000000000001, 4.531000000000001, 4.531000000000001, 4.531000000000001, 4.532, 4.553999999999999, 4.553999999999999, 4.553999999999999, 4.553999999999999, 4.553999999999999, 4.531000000000001, 4.531000000000001, 4.531000000000001, 4.531000000000001, 4.529, 4.408, 4.408, 4.408, 4.408, 4.419, 4.531000000000001, 4.531000000000001, 4.531000000000001, 4.531000000000001, 4.532, 4.553999999999999, 4.553999999999999, 4.553999999999999, 4.553999999999999, 4.553, 4.531000000000001, 4.531000000000001, 4.531000000000001, 4.531000000000001, 4.5280000000000005, 4.408, 4.408, 4.408, 4.408, 4.417, 4.531000000000001, 4.531000000000001, 4.531000000000001, 4.531000000000001, 4.531000000000001], "mode": "3"}