{"O23": 5.0, "O34": [5.0, 5.0, 5.0, 5.0, 5.0, 5.0, 5.0, 5.0, 5.0, 5.0, 3.322451440964527, 3.322451440964527, 3.322451440964527, 3.322451440964527, 3.322451440964527, 3.322451440964527, 3.322451440964527, 3.322451440964527, 3.322451440964527, 3.3226648832363552, 5.0, 5.0, 5.0, 5.0, 5.0, 5.0, 5.0, 5.0, 5.0, 5.0, 3.197442715657824, 3.197442715657824, 3.197442715657824, 3.197442715657824, 3.197442715657824, 3.197442715657824, 3.197442715657824, 3.197442715657824, 3.197442715657824, 3.1976533165605723, 5.0, 5.0, 5.0, 5.0, 5.0, 5.0, 5.0, 5.0, 5.0, 5.0, 3.1852877496268044, 3.1852877496268044, 3.1852877496268044, 3.1852877496268044, 3.1852877496268044, 3.1852877496268044, 3.1852877496268044, 3.1852877496268044, 3.1852877496268044, 3.1852877496268044], "O35": 3.523219858850869, "O46": 3.6386880777131525, "O22": [4.199367683977367, 4.199367683977367, 4.199367683977367, 4.199367683977367, 4.199367683977367, 4.199367683977367, 4.199367683977367, 4.199367683977367, 4.199367683977367, 4.199367683977367, 2.425055806388024, 2.425055806388024, 2.425055806388024, 2.425055806388024, 2.425055806388024, 2.425055806388024, 2.425055806388024, 2.425055806388024, 2.425055806388024, 2.425055806388024, 4.088522337586558, 4.088522337586558, 4.088522337586558, 4.088522337586558, 4.088522337586558, 4.088522337586558, 4.088522337586558, 4.088522337586558, 4.088522337586558, 4.088522337586558, 2.3096363255211068, 2.3096363255211068, 2.3096363255211068, 2.3096363255211068, 2.3096363255211068, 2.3096363255211068, 2.3096363255211068, 2.3096363255211068, 2.3096363255211068, 2.3096363255211068, 4.111541879340998, 4.111541879340998, 4.111541879340998, 4.111541879340998, 4.111541879340998, 4.111541879340998, 4.111541879340998, 4.111541879340998, 4.111541879340998, 4.111541879340998, 2.298413749930377, 2.298413749930377, 2.298413749930377, 2.298413749930377, 2.298413749930377, 2.298413749930377, 2.298413749930377, 2.298413749930377, 2.298413749930377, 2.298413749930377], "O21": [4.553999999999999, 4.553999999999999, 4.553999999999999, 4.553999999999999, 4.553999999999999, 4.553999999999999, 4.553999999999999, 4.553999999999999, 4.553999999999999, 4.553999999999999, 4.531000000000001, 4.531000000000001, 4.531000000000001, 4.531000000000001, 4.531000000000001, 4.531000000000001, 4.531000000000001, 4.531000000000001, 4.531000000000001, 4.532, 4.553999999999999, 4.553999999999999, 4.553999999999999, 4.553999999999999, 4.553999999999999, 4.553999999999999, 4.553999999999999, 4.553999999999999, 4.553999999999999, 4.553, 4.531000000000001, 4.531000000000001, 4.531000000000001, 4.531000000000001, 4.531000000000001, 4.531000000000001, 4.531000000000001, 4.531000000000001, 4.531000000000001, 4.532, 4.553999999999999, 4.553999999999999, 4.553999999999999, 4.553999999999999, 4.553999999999999, 4.553999999999999, 4.553999999999999, 4.553999999999999, 4.553999999999999, 4.553, 4.531000000000001, 4.531000000000001, 4.531000000000001, 4.531000000000001, 4.531000000000001, 4.531000000000001, 4.531000000000001, 4.531000000000001, 4.531000000000001, 4.531000000000001], "mode": "3"}