{"O23": 2.1403222635600283, "O34": [4.701778024359199, 4.701778024359199, 4.701778024359199, 4.701778024359199, 4.701778024359199, 2.337944519232573, 2.337944519232573, 2.337944519232573, 2.337944519232573, 2.3377534541789666, 1.8110639355240001, 1.8110639355240001, 1.8110639355240001, 1.8110639355240001, 1.811243527002, 2.3940636740444217, 2.3940636740444217, 2.3940636740444217, 2.3940636740444217, 2.3940636740444217, 4.291472644254913, 4.291472644254913, 4.291472644254913, 4.291472644254913, 4.291472644254913, 2.4902225550907175, 2.4902225550907175, 2.4902225550907175, 2.4902225550907175, 2.4900280288538896, 1.8110639355240001, 1.8110639355240001, 1.8110639355240001, 1.8110639355240001, 1.8119618929140002, 2.381402004271902, 2.381402004271902, 2.381402004271902, 2.381402004271902, 2.3815940570865948, 4.140868280263369, 4.140868280263369, 4.140868280263369, 4.140868280263369, 4.140868280263369, 2.60579789003308, 2.60579789003308, 2.60579789003308, 2.60579789003308, 2.605403583651231, 1.8110639355240001, 1.8110639355240001, 1.8110639355240001, 1.8110639355240001, 1.8126802588259998, 2.4061054681125, 2.4061054681125, 2.4061054681125, 2.4061054681125], "O35": 2.2807714459281407, "O46": 1.5119507798857177, "O22": [3.693380531645611, 3.693380531645611, 3.693380531645611, 3.693380531645611, 3.693380531645611, 1.5160690333655855, 1.5160690333655855, 1.5160690333655855, 1.5160690333655855, 1.5160690333655855, 1.05, 1.05, 1.05, 1.05, 1.05, 1.5678833663186023, 1.5678833663186023, 1.5678833663186023, 1.5678833663186023, 1.5678833663186023, 3.3147470435411175, 3.3147470435411175, 3.3147470435411175, 3.3147470435411175, 3.3147470435411175, 1.656666034119407, 1.656666034119407, 1.656666034119407, 1.656666034119407, 1.656666034119407, 1.05, 1.05, 1.05, 1.05, 1.05, 1.556192955521539, 1.556192955521539, 1.556192955521539, 1.556192955521539, 1.556192955521539, 3.1757679844622837, 3.1757679844622837, 3.1757679844622837, 3.1757679844622837, 3.1757679844622837, 1.763375746800176, 1.763375746800176, 1.763375746800176, 1.763375746800176, 1.763375746800176, 1.05, 1.05, 1.05, 1.05, 1.05, 1.5790014512093486, 1.5790014512093486, 1.5790014512093486, 1.5790014512093486], "O21": [4.553999999999999, 4.553999999999999, 4.553999999999999, 4.553999999999999, 4.553999999999999, 4.531000000000001, 4.531000000000001, 4.531000000000001, 4.531000000000001, 4.53, 4.408, 4.408, 4.408, 4.408, 4.409, 4.531000000000001, 4.531000000000001, 4.531000000000001, 4.531000000000001, 4.531000000000001, 4.553999999999999, 4.553999999999999, 4.553999999999999, 4.553999999999999, 4.553999999999999, 4.531000000000001, 4.531000000000001, 4.531000000000001, 4.531000000000001, 4.53, 4.408, 4.408, 4.408, 4.408, 4.413, 4.531000000000001, 4.531000000000001, 4.531000000000001, 4.531000000000001, 4.532, 4.553999999999999, 4.553999999999999, 4.553999999999999, 4.553999999999999, 4.553999999999999, 4.531000000000001, 4.531000000000001, 4.531000000000001, 4.531000000000001, 4.529, 4.408, 4.408, 4.408, 4.408, 4.417, 4.531000000000001, 4.531000000000001, 4.531000000000001, 4.531000000000001], "mode": "3"}