{"O23": 2.0447026773277854, "O34": [2.2813807605849297, 2.275843590637363, 2.2778216396676134, 2.277857483107021, 2.277945420170744, 2.2795475995861776, 2.279711825013322, 2.2874874515410704, 2.299086467420624, 2.30699517075325, 2.3033174133164875, 2.2991990666526627, 2.3053621815126784, 2.3103014889640696, 2.3192349916127215, 2.340530698237204, 2.3379479768704345, 2.3364040296128876, 2.3454073047914687, 2.364464684823103, 2.3670712019091895, 2.3752178349895248, 2.3800393690198005, 2.3858603526076134, 2.39209286041384, 2.399300972437867, 2.4084099173542683, 2.40654158024234, 2.398083678679157, 2.3913718689842463, 1.9937976000456792, 1.987334476712564, 1.9811029073533797, 1.978631259312576, 1.9803634205381688, 1.9803634205381688, 1.9803634205381688, 1.9803634205381688, 1.9803634205381688, 1.9803634205381688, 1.9680558805314494, 1.970363876802255, 1.9728094222168984, 1.9716696461195484, 1.9599912256077128, 2.620343047686481, 2.622426399182099, 2.6246360935863007, 2.6227711150097446, 2.632055419123306, 2.634502137992357, 2.6200322554467412, 2.6027900442420213, 2.5886451906929158, 2.5747188165662753, 2.5740244538408534, 2.575230813779015, 2.5772622653366093, 2.5756897445531943, 2.5793283357343575, 2.5913764390845793, 2.586513428099599, 2.559688990437579, 2.5164496074342626, 2.495200657857958, 2.478003871789132, 2.480622561397056, 2.482390770271391, 2.483032597102911, 2.4695299213172355, 2.458250153947209, 2.463897357105035, 2.473133592912855, 2.482340572157898, 2.493218762459454, 2.5009509979320894, 2.5077928392022963, 2.519149210078097, 2.536538720011724, 2.5428256565926493, 2.122370929352191, 2.1247379998185316, 2.129880003050543, 2.136079472373566, 2.1368085615573587, 2.136315748455084, 2.136315748455084, 2.136315748455084, 2.136315748455084, 2.136315748455084, 2.1373318706717885, 2.144074510944806, 2.1544698659131907, 2.1644100716170867, 2.1766162941238267, 2.4079750988134583, 2.402300815010431, 2.4185021553040893, 2.423458848910704, 2.452211165900662, 2.4699456730245624, 2.4620932260630948, 2.4592330297621383, 2.469214413504646, 2.467799039043449, 2.454301045326498, 2.4489592151849697, 2.456117269097666, 2.4696602783462516, 2.490013495037393, 2.4961358191050125, 2.5019112644547445, 2.49692285454699, 2.491894634241688, 2.4940609622263024, 2.495971856683687, 2.4994567440391755, 2.4928628579790812, 2.4885824173915725, 2.4708276393165867, 2.4593207838140736, 2.465709526415619, 2.468733538849559, 2.4578512663209073, 2.4588546613816904, 2.4638306942449955, 2.467737308155075, 2.471602488623032, 2.4670585917054764, 2.4405884001460123, 2.0555770797178665, 2.04838196808887, 2.0423145673959255, 2.0403117950827014, 2.038253551257329, 2.037731241581916, 2.037731241581916, 2.037731241581916, 2.037731241581916, 2.037731241581916, 2.0318074598515605, 2.0275275540016424, 2.021325474560611, 2.0208335184462505, 2.0243853347935388, 2.3404258428920106, 2.3363536496208805, 2.336561707474915, 2.344398271280194, 2.3438033390860404, 2.344570870834503, 2.347660489957603, 2.3478322952815445, 2.3457050556192165, 2.3446790728959717, 2.3419083099460125, 2.342020395166476, 2.343024952014674, 2.3383822571739654, 2.343983341993621, 2.3481660667071362, 2.34505974309738, 2.347142407553198, 2.3569177276028723, 2.3598567943329156, 2.364144536829946, 2.3675594030465965, 2.3687013634981477, 2.363899419462945, 2.367446890393559, 2.366813160288023, 2.3646506527887894, 2.36605539615775, 2.371400451107321, 2.377342712546926, 1.983567514616988, 1.984682594215042, 1.9838875972080932, 1.982743856362606, 1.981310421082719, 1.980761553231719, 1.980761553231719, 1.980761553231719, 1.980761553231719, 1.980761553231719, 1.976926120802084, 1.976831330661064, 1.9792617986826095, 1.9837937465982283, 1.988102219911093, 2.2866415281931554, 2.291571133252641, 2.2957776957909326, 2.2951359178665474, 2.2926676027860644, 2.3035581792796553, 2.335079116208264, 2.3352047758606678, 2.3284131340154777, 2.325149314915058, 2.3202496827836736, 2.3163229179131553, 2.3159776814059496, 2.3165684205744097, 2.3150512115275976, 2.3144658133742038, 2.31140865684432, 2.3023074031613975, 2.301686526770467, 2.2993828432072547, 2.301880861316718, 2.299507666261408, 2.296818711384793, 2.2974354242262054, 2.3000171830645755, 2.288337651786506, 2.2469071805429386, 2.2394322302613983, 2.2429052535240226, 2.2410319455749903, 4.627475642050374, 4.626799007687084, 4.615847060324666, 4.605848591328659, 4.595605105232639, 4.590580851903848, 4.589445753319215, 4.587558581752047, 4.584851071803034, 4.575982488159719, 4.565046389996225, 4.555355014625964, 4.556620274377131, 4.5566420556009675, 4.554267469469287, 4.549808108498068, 4.5434394278931745, 4.544218468767126, 4.534709583059925], "O35": 2.459723845165238, "O46": 1.5928839968381252,