{"O23": 5.0, "O34": [3.323240042948278, 3.317668545038793, 3.31760260964729, 3.318147217796685, 3.3163123930326437, 3.311379942926703, 3.3037334861319727, 3.2963770987853724, 3.294341871359547, 3.2916755482453883, 3.2809736101884788, 3.2722579869996586, 3.2650412306237246, 3.257573228823212, 3.258403138081017, 3.2562120432889294, 3.247699242475162, 3.239112255611394, 3.2300343162387493, 3.2196280792513576, 3.210013738060032, 3.206197656184863, 3.1967704255988827, 3.186791211967583, 3.1758628633258237, 3.1728017157019908, 3.17263050936556, 3.1732143252749863, 3.167592367256465, 3.162585401464959, 3.161308615921275, 3.157675014879736, 3.1555128222466555, 3.15498130916811, 3.138264625632171, 4.484838308910491, 4.4873217641650305, 4.486069078857494, 4.486389775811227, 4.48320281490977, 4.480323188087055, 4.477671129972027, 4.475010993876168, 4.472919987602936, 4.472988622325578, 4.470742221456364, 4.4679987930041625, 4.468064033795427, 4.471736426026456, 4.470269684113761, 4.469761780754214, 4.470415282011213, 4.466741443651899, 4.460104175154117, 4.45710690042738, 4.456472802202547, 4.456521485587627, 4.458113844174617, 4.459062418088105, 4.463285503139808, 4.4725149741060415, 4.482177489494037, 4.486133110182769, 4.488951152666724, 4.490244643317087, 4.493774541644197, 4.495842153299278, 4.498572358711402, 4.502409148259142, 4.507624792535159, 4.5098958866829095, 4.510118866929658, 4.506451354970328, 4.503571608907944, 4.505466009990039, 4.505049532016579, 4.504204800601402, 4.506637598871522, 4.505992733188849, 4.506250031766114, 4.500443829530329, 4.493998454107816, 4.493054314396147, 4.493354473211131, 4.4928928032195845, 4.493831223281283, 4.498821278396558, 4.499747911912957, 4.4959170739393945, 4.486934515856539, 3.2620140941018625, 3.260242888599993, 3.261747711602146, 3.2655143036763845, 3.2732391256437228, 3.282530673120411, 3.29158618994715, 3.2993328068750727, 3.304153368825434, 3.305455155580755, 3.3043423434505654, 3.303293195801999, 3.30838351056432, 3.3105527093942, 3.3116860160312442, 3.3128971661517617, 3.3118395710384254, 3.302109932035949, 3.299946475458994, 3.3039298743004992, 3.306790479870458, 3.3029848189608573, 3.298304059812059, 3.291017781293073, 3.284001002121991, 3.273939510179945, 3.2698029938306514, 3.2654591483658035, 3.2614468850322353, 3.259485690596282, 3.2588730448942016, 3.259498497894784, 3.264042287241799, 3.268644079213538, 3.2709793862799468, 3.273148907727789, 3.2741022655892813, 3.270992454499637, 3.2692284256039112, 3.2673006104643845, 3.2672757283301026, 3.2707444940856125, 3.272576529941026, 3.2778111405535464, 3.2807036465626602, 3.2839483990990845, 3.2816350418314433, 3.2805724742807874, 3.2844402511850985, 3.2839791071983826, 3.284934811406722, 3.285946818373948, 3.2850970018580314, 3.2846833129722217, 3.283952922450684, 3.2848175280153775, 3.2869155338458818, 3.288396203623921, 3.2856262366568734, 3.2842607601766693, 3.2860996972138077, 3.2858462263188315, 3.2890058161329274, 3.286231585864977, 3.280303055649721, 3.2729156181465116, 3.266891999801866, 3.2626870023401886, 3.260103457766064, 3.264046408465227, 3.264392573723831, 3.2596916852613003, 3.2496052376105315, 3.237465000313126, 3.2286438752175606, 3.2171651212847583, 3.2174990760087354, 3.2204687475228857, 3.2267348613905895, 3.226346729480244, 3.223346729095917, 3.2225671603186865, 3.219110332874063, 3.218849495911667, 3.2210707704730592, 3.226193991778944, 3.228322553136641, 3.22702189158852, 3.2175386375580235, 3.20478500630452, 4.447096066043033, 4.444959713027196, 4.4470351867713465, 4.446123738338629, 4.459504186009801, 4.47614969929147, 4.483317157152667, 4.482423907926402, 4.483204470978255, 4.484732742110216, 4.492267305491071, 4.491283150473972, 4.492461389936207, 4.49484440807592, 4.501457510882588, 4.508024260728723, 4.513628132060556, 4.515294017836248, 4.514153998239066, 4.509713708610007, 4.510472621157925, 4.5122522882958584, 4.511321349128001, 4.512675939313343, 4.512067760861418, 4.507557535397859, 4.502969465729735, 4.503819818095807, 4.502763685764911, 4.500935122066487, 4.499165171866362, 4.500568552804065, 4.500118691710366, 4.503645756682337, 4.5044636431106735, 4.504386502324591, 4.504582986375238, 4.502516154597951, 4.501050439943462, 4.503698836327663, 4.507556920497755, 4.511363759688586, 4.516180998282628, 4.520292675410085, 4.510294682605267, 3.2040426731833995, 3.202778340114737, 3.202778340114737, 3.202778340114737, 3.202778340114737, 3.202778340114737, 3.202778340114737, 3.202778340114737], "O35": 3.65614889402939, "O46": 3.685721223922043,