{"O23": 3.0514022966709105, "O34": [4.765281356948634, 4.765281356948634, 4.765281356948634, 4.765281356948634, 4.765281356948634, 4.765281356948634, 4.765281356948634, 4.765281356948634, 4.765281356948634, 4.765281356948634, 2.8676555934043444, 2.8676555934043444, 2.8676555934043444, 2.8676555934043444, 2.8676555934043444, 2.8676555934043444, 2.8676555934043444, 2.8676555934043444, 2.8676555934043444, 2.867858698454867, 4.677251311426937, 4.677251311426937, 4.677251311426937, 4.677251311426937, 4.677251311426937, 4.677251311426937, 4.677251311426937, 4.677251311426937, 4.677251311426937, 4.677007203026775, 2.598618544461791, 2.598618544461791, 2.598618544461791, 2.598618544461791, 2.598618544461791, 2.598618544461791, 2.598618544461791, 2.598618544461791, 2.598618544461791, 2.598815534470742, 4.577983244293136, 4.577983244293136, 4.577983244293136, 4.577983244293136, 4.577983244293136, 4.577983244293136, 4.577983244293136, 4.577983244293136, 4.577983244293136, 4.577741391014289, 2.675192470404308, 2.675192470404308, 2.675192470404308, 2.675192470404308, 2.675192470404308, 2.675192470404308, 2.675192470404308, 2.675192470404308, 2.675192470404308, 2.675192470404308], "O35": 3.0690039010963632, "O46": 2.251827264686904, "O22": [3.7519819770336444, 3.7519819770336444, 3.7519819770336444, 3.7519819770336444, 3.7519819770336444, 3.7519819770336444, 3.7519819770336444, 3.7519819770336444, 3.7519819770336444, 3.7519819770336444, 2.005146712066501, 2.005146712066501, 2.005146712066501, 2.005146712066501, 2.005146712066501, 2.005146712066501, 2.005146712066501, 2.005146712066501, 2.005146712066501, 2.005146712066501, 3.6707470607734534, 3.6707470607734534, 3.6707470607734534, 3.6707470607734534, 3.6707470607734534, 3.6707470607734534, 3.6707470607734534, 3.6707470607734534, 3.6707470607734534, 3.6707470607734534, 1.756747118784257, 1.756747118784257, 1.756747118784257, 1.756747118784257, 1.756747118784257, 1.756747118784257, 1.756747118784257, 1.756747118784257, 1.756747118784257, 1.756747118784257, 3.579141597284993, 3.579141597284993, 3.579141597284993, 3.579141597284993, 3.579141597284993, 3.579141597284993, 3.579141597284993, 3.579141597284993, 3.579141597284993, 3.579141597284993, 1.827447165989307, 1.827447165989307, 1.827447165989307, 1.827447165989307, 1.827447165989307, 1.827447165989307, 1.827447165989307, 1.827447165989307, 1.827447165989307, 1.827447165989307], "O21": [4.553999999999999, 4.553999999999999, 4.553999999999999, 4.553999999999999, 4.553999999999999, 4.553999999999999, 4.553999999999999, 4.553999999999999, 4.553999999999999, 4.553999999999999, 4.531000000000001, 4.531000000000001, 4.531000000000001, 4.531000000000001, 4.531000000000001, 4.531000000000001, 4.531000000000001, 4.531000000000001, 4.531000000000001, 4.532, 4.553999999999999, 4.553999999999999, 4.553999999999999, 4.553999999999999, 4.553999999999999, 4.553999999999999, 4.553999999999999, 4.553999999999999, 4.553999999999999, 4.553, 4.531000000000001, 4.531000000000001, 4.531000000000001, 4.531000000000001, 4.531000000000001, 4.531000000000001, 4.531000000000001, 4.531000000000001, 4.531000000000001, 4.532, 4.553999999999999, 4.553999999999999, 4.553999999999999, 4.553999999999999, 4.553999999999999, 4.553999999999999, 4.553999999999999, 4.553999999999999, 4.553999999999999, 4.553, 4.531000000000001, 4.531000000000001, 4.531000000000001, 4.531000000000001, 4.531000000000001, 4.531000000000001, 4.531000000000001, 4.531000000000001, 4.531000000000001, 4.531000000000001], "mode": "3"}