{"O23": 5.0, "O34": [4.00546893045764, 3.9957342976381325, 3.988842439180937, 3.978836054184947, 3.972109509727732, 3.967677906404598, 3.964458455952206, 3.961248158720513, 3.9565262330062354, 3.952173170587937, 3.9371759106296933, 3.9292228582712196, 3.9158239588949915, 3.9138271356636904, 3.908635397870285, 3.8986973760592996, 3.8969379804472783, 3.9001908734611512, 3.9151378956929093, 3.9270710574144796, 3.9280925754858287, 3.9274843562780037, 3.928687110792224, 3.933324999965688, 3.938884921956715, 3.936534102283908, 3.9415109858617354, 3.944576318202982, 3.9505240190914064, 3.9634403490657175, 3.9791175645425985, 3.996360741223933, 4.016875310899166, 4.044956983740816, 4.0703318670218795, 4.092226910208681, 4.104044556784346, 4.109789801893955, 4.099460976600184, 4.100530493250712, 4.11309223894023, 4.125643590125506, 4.1375326029365675, 4.150511402949718, 4.162684717234635, 4.184469346275609, 4.20006367145, 4.220218255039405, 1.8450376551900145, 1.8427008829756761, 1.842721031830986, 1.842721031830986, 1.842721031830986, 1.842721031830986, 1.842721031830986, 1.842721031830986, 1.842721031830986, 1.842721031830986, 1.8445105547228862, 1.8401272609154369, 1.8384631106265787], "O35": 2.628740258995784, "O46": 2.6917762653218382, "O22": [3.0508202489707505, 3.0418370424163297, 3.0354771735632644, 3.0262431916608454, 3.020035876050999, 3.0159463527215533, 3.012975414942821, 3.0100129238383193, 3.005655488400079, 3.001638443322683, 2.9877988372016118, 2.980459689090025, 2.968095064462648, 2.9662523780591616, 2.961461395816761, 2.9522905000751662, 2.950666914010158, 2.9536687128848405, 2.9674619591809224, 2.978473987942536, 2.9794166539890266, 2.9788553838440133, 2.9799652965069594, 2.9842451822709344, 2.989375928196119, 2.9872065706985564, 2.9917992835420577, 2.9946279997442944, 3.0001165915171195, 3.0120358967683423, 3.026502971946027, 3.042415130180941, 3.0613461592381803, 3.0872601790278815, 3.1106763491120066, 3.1308812915183433, 3.141786721866326, 3.147088485628999, 3.137556952925215, 3.138543912491459, 3.150136004181544, 3.1617185037298015, 3.172689791480469, 3.184666744644331, 3.1959003883472694, 3.2160034395886403, 3.2303940228510744, 3.248992853516688, 1.081455583911541, 1.0792920135049775, 1.0793106689249652, 1.0793106689249652, 1.0793106689249652, 1.0793106689249652, 1.0793106689249652, 1.0793106689249652, 1.0793106689249652, 1.0793106689249652, 1.0809675521877096, 1.0769091485885571, 1.0753683452980372], "O21": [4.553999999999999, 4.553999999999999, 4.553999999999999, 4.553999999999999, 4.553999999999999, 4.553999999999999, 4.553999999999999, 4.553999999999999, 4.553999999999999, 4.553999999999999, 4.553999999999999, 4.553999999999999, 4.553999999999999, 4.553999999999999, 4.553999999999999, 4.553999999999999, 4.553999999999999, 4.553999999999999, 4.553999999999999, 4.553999999999999, 4.553999999999999, 4.553999999999999, 4.553999999999999, 4.553999999999999, 4.553999999999999, 4.553999999999999, 4.553999999999999, 4.553999999999999, 4.553999999999999, 4.553999999999999, 4.553999999999999, 4.553999999999999, 4.553999999999999, 4.553999999999999, 4.553999999999999, 4.553999999999999, 4.553999999999999, 4.553999999999999, 4.553999999999999, 4.553999999999999, 4.553999999999999, 4.553999999999999, 4.553999999999999, 4.553999999999999, 4.553999999999999, 4.553999999999999, 4.553999999999999, 4.553999999999999, 4.408, 4.408, 4.408, 4.408, 4.408, 4.408, 4.408, 4.408, 4.408, 4.408, 4.408, 4.408, 4.408], "mode": "3"}