{"O23": 3.9388799963136254, "O34": [5.0, 5.0, 5.0, 5.0, 5.0, 5.0, 5.0, 5.0, 5.0, 5.0, 3.072366613374813, 3.072366613374813, 3.072366613374813, 3.072366613374813, 3.072366613374813, 3.072366613374813, 3.072366613374813, 3.072366613374813, 3.072366613374813, 3.0725743713770464, 5.0, 5.0, 5.0, 5.0, 5.0, 5.0, 5.0, 5.0, 5.0, 5.0, 2.912638434824297, 2.912638434824297, 2.912638434824297, 2.912638434824297, 2.912638434824297, 2.912638434824297, 2.912638434824297, 2.912638434824297, 2.912638434824297, 2.912842562306288, 4.907718339424487, 4.907718339424487, 4.907718339424487, 4.907718339424487, 4.907718339424487, 4.907718339424487, 4.907718339424487, 4.907718339424487, 4.907718339424487, 4.9074689953919375, 3.040156429462811, 3.040156429462811, 3.040156429462811, 3.040156429462811, 3.040156429462811, 3.040156429462811, 3.040156429462811, 3.040156429462811, 3.040156429462811, 3.040156429462811], "O35": 3.352158342526496, "O46": 2.7979949558024995, "O22": [3.9943926323063703, 3.9943926323063703, 3.9943926323063703, 3.9943926323063703, 3.9943926323063703, 3.9943926323063703, 3.9943926323063703, 3.9943926323063703, 3.9943926323063703, 3.9943926323063703, 2.194154636071479, 2.194154636071479, 2.194154636071479, 2.194154636071479, 2.194154636071479, 2.194154636071479, 2.194154636071479, 2.194154636071479, 2.194154636071479, 2.194154636071479, 3.993391842729519, 3.993391842729519, 3.993391842729519, 3.993391842729519, 3.993391842729519, 3.993391842729519, 3.993391842729519, 3.993391842729519, 3.993391842729519, 3.993391842729519, 2.0466789826489875, 2.0466789826489875, 2.0466789826489875, 2.0466789826489875, 2.0466789826489875, 2.0466789826489875, 2.0466789826489875, 2.0466789826489875, 2.0466789826489875, 2.0466789826489875, 3.8834241031305603, 3.8834241031305603, 3.8834241031305603, 3.8834241031305603, 3.8834241031305603, 3.8834241031305603, 3.8834241031305603, 3.8834241031305603, 3.8834241031305603, 3.8834241031305603, 2.1644152503075653, 2.1644152503075653, 2.1644152503075653, 2.1644152503075653, 2.1644152503075653, 2.1644152503075653, 2.1644152503075653, 2.1644152503075653, 2.1644152503075653, 2.1644152503075653], "O21": [4.553999999999999, 4.553999999999999, 4.553999999999999, 4.553999999999999, 4.553999999999999, 4.553999999999999, 4.553999999999999, 4.553999999999999, 4.553999999999999, 4.553999999999999, 4.531000000000001, 4.531000000000001, 4.531000000000001, 4.531000000000001, 4.531000000000001, 4.531000000000001, 4.531000000000001, 4.531000000000001, 4.531000000000001, 4.532, 4.553999999999999, 4.553999999999999, 4.553999999999999, 4.553999999999999, 4.553999999999999, 4.553999999999999, 4.553999999999999, 4.553999999999999, 4.553999999999999, 4.553, 4.531000000000001, 4.531000000000001, 4.531000000000001, 4.531000000000001, 4.531000000000001, 4.531000000000001, 4.531000000000001, 4.531000000000001, 4.531000000000001, 4.532, 4.553999999999999, 4.553999999999999, 4.553999999999999, 4.553999999999999, 4.553999999999999, 4.553999999999999, 4.553999999999999, 4.553999999999999, 4.553999999999999, 4.553, 4.531000000000001, 4.531000000000001, 4.531000000000001, 4.531000000000001, 4.531000000000001, 4.531000000000001, 4.531000000000001, 4.531000000000001, 4.531000000000001, 4.531000000000001], "mode": "3"}