{"O23": 2.9375671327363313, "O34": [5.0, 5.0, 5.0, 5.0, 4.996571994482189, 4.9770346336789455, 4.958403593375417, 4.953904502776329, 4.94889500030899, 4.942951291560529, 4.920443333472158, 4.901492251650707, 4.881210117214044, 4.8431437900248095, 4.799255410384985, 4.760308079942862, 4.721062938996434, 4.699527515616277, 4.682301942080718, 4.6678904674756865, 4.655664482333786, 4.650343345050039, 4.646059918572446, 4.6420083694713155, 4.64217175434479, 4.634814178839187, 4.6253005813025245, 4.602004185292893, 4.5826069690605085, 4.566774279844754, 4.543192317965859, 4.496345722611573, 4.44711759898956, 4.435906748534771, 4.437793278014784, 4.446677487486795, 4.460113445966332, 4.462194365739786, 4.457684703246127, 4.45421835435715, 4.4386991199145855, 4.418386023745527, 4.392216064308861, 4.366654894974478, 4.353630580402129, 4.347265882364828, 4.336500879770062, 4.322196289581581, 4.304181666116727, 4.281675108269779, 4.265267355655454, 4.257922992848821, 4.273795760141006, 4.281662620239848, 4.2914327684295674, 4.279952586219997, 4.2675699943649175, 4.2426335807410345, 4.225584316671846, 4.219509358168837, 4.218195984637807, 4.214248765046256, 4.208754361910904, 4.204236671975672, 4.184265597609258, 4.167250161707112, 4.158015899876668, 4.1492392673540905, 4.14002415668128, 4.129993060755435, 4.116641124862874, 4.102307863764165, 4.072174451661633, 4.04948344078424, 4.020003936252542, 4.009627612154321, 3.9998655026996524, 3.9918324820722604, 3.9814423293281447, 3.9705218150865322, 3.9592358394025355, 3.948392738733124, 3.9412920912147023, 3.9313658534693188, 3.922681819132559, 3.9200903836760563, 3.929203987491293, 3.9258460547474536, 3.945223964409033, 3.942682168583299, 3.943509883614779, 3.9455403572226766, 3.9467371800583044, 3.94881946300488, 3.952074090418915, 3.9537144361574357, 3.9519291504771163, 3.953443687651412, 3.9566058915884343, 3.9616599175379412, 2.3674037700464674, 2.3693687677680297, 2.404225864333517, 2.4357107882440565, 2.469275136560085, 2.499059754010392, 2.50912855870928, 2.5113276285796866, 2.515488388667843, 2.5207838021224083, 2.5252662829233685, 2.5439583949610305, 2.554742335306822, 2.556989226502164, 2.554808891239974, 2.5676023987113936, 2.5794856262216217, 2.591934055468455, 2.597602692605378, 2.5919895698742557, 2.5951707809125777, 2.5990881505726913, 2.573918465486017, 2.5538270763088113, 2.5280185351610696, 2.500100418823149, 2.4895435397736696, 2.479379917527799, 2.465314347297301, 2.455092308637894, 2.454217735181402, 2.4389865479706234, 2.4343591055216, 2.423653312788522, 2.414361153548632, 2.4027600470544614, 2.3916911570889163, 2.377455924719993, 2.3676974890947813, 2.3686450620342394, 2.3620629788794583, 2.381787583980812, 2.4214082854830377, 2.450583129714903, 2.482592466490776, 2.5146572920965093, 2.534670072236548, 2.5565800253347506, 2.56950117370942, 2.587016524118876, 2.6128052482088746, 2.638050854773171, 2.654946506791626, 2.659867540747672, 2.664627637313415, 2.6648523516744755, 2.664949504643526, 2.6741074093106207, 2.708726396463371, 2.741605235597016, 2.778719679938107, 2.783572512248104, 2.7851200883197, 2.7911663099450434, 2.797000962031932, 2.804145627457398, 2.81762943874369, 2.830618048153869, 2.8561764768333533, 2.8744690017495467, 2.860375879288207, 2.8369078797703366, 2.817808275208929, 2.8110720462410437, 2.8058452467875012, 2.8327650922293897, 2.8600749923928293, 2.8829943087588594, 2.8545625604161247, 2.831422123350177, 2.8145448920417464, 2.824676494662014, 2.8277888003471507, 2.8295311040285003, 2.83215093888846, 2.8460083208716664, 2.8117919099487545, 2.781085046709689, 2.74709004154153, 2.7088590985352203, 2.71384669251606, 2.734329894084409, 2.7583937265193383, 2.7850040455089276, 2.8160054246251978, 2.809414767683873, 2.796247298965321, 2.7733119094478997, 2.8021587477636163, 2.828605537166672, 1.816272088386, 1.8110639355240001, 1.8110639355240001, 1.8110639355240001, 1.8110639355240001, 1.8110639355240001, 1.8110639355240001, 1.8110639355240001, 1.8110639355240001, 1.8110639355240001, 1.8110639355240001, 1.8110639355240001, 1.8110639355240001, 1.8110639355240001, 1.8110639355240001, 1.8110639355240001, 1.8110639355240001, 1.8110639355240001, 1.8110639355240001, 1.8110639355240001, 1.8110639355240001, 1.8110639355240001, 1.8110639355240001, 1.8110639355240001, 1.8110639355240001, 1.8110639355240001, 1.8110639355240001, 1.8110639355240001, 1.8110639355240001, 1.8110639355240001, 1.8110639355240001, 1.8110639355240001, 1.8110639355240001, 1.8110639355240001, 1.8110639355240001, 1.8110639355240001, 1.8110639355240001, 1.8110639355240001, 1.8110639355240001, 1.8110639355240001, 1.8110639355240001, 1.8110639355240001, 1.8110639355240001, 1.8110639355240001, 1.8110639355240001, 1.8110639355240001, 1.8110639355240001, 1.8110639355240001, 1.8110639355240001, 1.8110639355240001, 1.8110639355240001, 1.8110639355240001, 1.8110639355240001, 1.8110639355240001, 1.8110639355240001, 1.8110639355240001, 1.8110639355240001, 1.8110639355240001, 1.8110639355240001, 1.8110639355240001, 1.8110639355240001, 1.8110639355240001, 1.8110639355240001, 1.8110639355240001, 1.8110639355240001, 1.8110639355240001, 1.8110639355240001, 1.8110639355240001, 1.8110639355240001, 1.8110639355240001, 1.8110639355240001, 1.8110639355240001, 1.8110639355240001, 1.8110639355240001, 1.8110639355240001, 1.8110639355240001, 1.8110639355240001, 1.8110639355240001, 1.8110639355240001, 1.8110639355240001, 1.8110639355240001, 1.8110639355240001, 1.8110639355240001, 1.8110639355240001, 1.8110639355240001, 1.8110639355240001, 1.8110639355240001, 1.8110639355240001, 1.8110639355240001, 1.8110639355240001, 1.8110639355240001, 1.8110639355240001, 1.8110639355240001, 1.8110639355240001, 1.8110639355240001, 1.8110639355240001, 1.8110639355240001, 1.8110639355240001, 1.8110639355240001], "O35": 2.2550408310626104, "O46": 1.6668230966079385,