{"O23": 4.594340904953616, "O34": [5.0, 5.0, 5.0, 5.0, 5.0, 3.188852474493452, 3.188852474493452, 3.188852474493452, 3.188852474493452, 3.189062880145465, 5.0, 5.0, 5.0, 5.0, 5.0, 3.095311539995613, 3.095311539995613, 3.095311539995613, 3.095311539995613, 3.0955198195214826, 4.9873694652995235, 4.9873694652995235, 4.9873694652995235, 4.9873694652995235, 4.987118311793326, 2.9702377347511466, 2.9702377347511466, 2.9702377347511466, 2.9702377347511466, 2.9704431714287116, 4.947343729295997, 4.941791221714804, 4.934005740363955, 4.928092534810036, 4.929107670151569, 4.9316655649453125, 4.93249967915039, 4.93007895277246, 4.930925769578913, 4.941019794934783, 4.941300323837954, 4.933781652219564, 4.924038062209467, 4.915857693766289, 4.915513929626185, 4.919624142639847, 4.9210424230694425, 4.913535867426509, 4.90584256739646, 4.899928815781824, 4.900513034818348, 4.901665906784286, 4.90547542322726, 4.909001831761844, 4.906445316154665, 4.902262425243237, 4.898778542001663, 4.899799940843584, 4.894761619275088, 4.870180989112115], "O35": 4.214574879106029, "O46": 3.8984006758388356, "O22": [4.244888149557593, 4.244888149557593, 4.244888149557593, 4.244888149557593, 4.244888149557593, 2.3017050297393054, 2.3017050297393054, 2.3017050297393054, 2.3017050297393054, 2.3017050297393054, 4.083250361528231, 4.083250361528231, 4.083250361528231, 4.083250361528231, 4.083250361528231, 2.21533948946955, 2.21533948946955, 2.21533948946955, 2.21533948946955, 2.21533948946955, 3.956926877122581, 3.956926877122581, 3.956926877122581, 3.956926877122581, 3.956926877122581, 2.0998599208558537, 2.0998599208558537, 2.0998599208558537, 2.0998599208558537, 2.0998599208558537, 3.9199907686242885, 3.9148668647830585, 3.907682352701605, 3.902225593533128, 3.9031623695392472, 3.9055228178173396, 3.9062925458936952, 3.9040586778610864, 3.904840128012024, 3.914154985225295, 3.9144138598154723, 3.9074755621503043, 3.898484089819999, 3.890935172384811, 3.8906179437503248, 3.894410885217044, 3.8957196871294917, 3.8887925701952413, 3.881693123864142, 3.8762358607859344, 3.8767749833574197, 3.877838863957011, 3.8813543199289224, 3.884608521381488, 3.882249345829137, 3.878389336545925, 3.8751743778155014, 3.876116933836006, 3.8714675254631814, 3.8487842992865047], "O21": [4.553999999999999, 4.553999999999999, 4.553999999999999, 4.553999999999999, 4.553999999999999, 4.531000000000001, 4.531000000000001, 4.531000000000001, 4.531000000000001, 4.532, 4.553999999999999, 4.553999999999999, 4.553999999999999, 4.553999999999999, 4.553999999999999, 4.531000000000001, 4.531000000000001, 4.531000000000001, 4.531000000000001, 4.532, 4.553999999999999, 4.553999999999999, 4.553999999999999, 4.553999999999999, 4.553, 4.531000000000001, 4.531000000000001, 4.531000000000001, 4.531000000000001, 4.532, 4.553999999999999, 4.553999999999999, 4.553999999999999, 4.553999999999999, 4.553999999999999, 4.553999999999999, 4.553999999999999, 4.553999999999999, 4.553999999999999, 4.553999999999999, 4.553999999999999, 4.553999999999999, 4.553999999999999, 4.553999999999999, 4.553999999999999, 4.553999999999999, 4.553999999999999, 4.553999999999999, 4.553999999999999, 4.553999999999999, 4.553999999999999, 4.553999999999999, 4.553999999999999, 4.553999999999999, 4.553999999999999, 4.553999999999999, 4.553999999999999, 4.553999999999999, 4.553999999999999, 4.553999999999999], "mode": "3"}