{"O23": 2.027801030138084, "O34": [2.689419808716372, 2.6893189872133125, 2.690087786472389, 2.684773939724219, 2.6793135876702485, 2.6725638869479726, 2.666910363440946, 2.6593547419247767, 2.6510129847449746, 2.647782490807554, 2.6445676872385873, 2.6430046787386656, 2.6462489780323066, 2.6539041790897344, 2.6601392774637627, 2.663790441296033, 2.6618769601016385, 2.662879662452717, 2.6641816175887656, 2.6632765950598007, 2.666642147417897, 2.67005430214995, 2.6705547424703213, 2.6763759398081266, 2.6837516325486974, 2.690016539284766, 2.6964320163891564, 2.7015268931396235, 2.708147308456248, 2.711581658062209, 2.7100088171988648, 2.703570892584263, 2.699609915412731, 2.6932581264751128, 2.6889535626576215, 2.687905085038779, 2.68865855085041, 2.6899110983205015, 2.69333323423913, 2.697097763148839, 2.7011396499177014, 2.7071103951153646, 2.71614110174502, 2.7223172173260495, 2.7292324193162147, 2.73812770531224, 2.752404219839324, 2.758778333376212, 2.765020168609152, 2.7711586810486284, 2.77976092215863, 2.7913344623028715, 2.798468712285273, 2.808105026568757, 2.817207638330546, 2.8274852587263517, 2.8385441414261354], "O35": 2.7245737981226976, "O46": 1.6430782404611857, "O22": [1.8405831450825074, 1.8404900574559049, 1.8411998831993142, 1.836293654201495, 1.831252158114933, 1.8250202174927024, 1.8198003678650143, 1.8128243275055624, 1.8051224548494869, 1.8021397675827697, 1.7991715670982924, 1.79772845479386, 1.8007238884272339, 1.8077918697206394, 1.8135486824208635, 1.8169197705832845, 1.815153069854485, 1.8160788563109227, 1.8172809402898293, 1.8164453407729981, 1.8195527263178781, 1.8227031394338018, 1.8231651916772784, 1.82853985311075, 1.8353497667792713, 1.8411341012837843, 1.8470574561143016, 1.8517615119966175, 1.8578740845158033, 1.861044989967907, 1.859592799526895, 1.8536487191032716, 1.8499915829494376, 1.8441270308555135, 1.8401526641066774, 1.8391846137392291, 1.839880282242496, 1.8410367485483834, 1.8441963772080237, 1.8476721343713822, 1.8514039736605232, 1.8569167113467298, 1.8652546851041532, 1.870957039498917, 1.8773417860183024, 1.8855547270694577, 1.8987361101390172, 1.904621274343431, 1.9103843071275444, 1.9160519428651397, 1.923994318093528, 1.934680068163881, 1.9412670598104507, 1.9501641859057801, 1.9585685490532414, 1.9680577875661596, 1.978268358844649], "O21": [4.531000000000001, 4.531000000000001, 4.531000000000001, 4.531000000000001, 4.531000000000001, 4.531000000000001, 4.531000000000001, 4.531000000000001, 4.531000000000001, 4.531000000000001, 4.531000000000001, 4.531000000000001, 4.531000000000001, 4.531000000000001, 4.531000000000001, 4.531000000000001, 4.531000000000001, 4.531000000000001, 4.531000000000001, 4.531000000000001, 4.531000000000001, 4.531000000000001, 4.531000000000001, 4.531000000000001, 4.531000000000001, 4.531000000000001, 4.531000000000001, 4.531000000000001, 4.531000000000001, 4.531000000000001, 4.531000000000001, 4.531000000000001, 4.531000000000001, 4.531000000000001, 4.531000000000001, 4.531000000000001, 4.531000000000001, 4.531000000000001, 4.531000000000001, 4.531000000000001, 4.531000000000001, 4.531000000000001, 4.531000000000001, 4.531000000000001, 4.531000000000001, 4.531000000000001, 4.531000000000001, 4.531000000000001, 4.531000000000001, 4.531000000000001, 4.531000000000001, 4.531000000000001, 4.531000000000001, 4.531000000000001, 4.531000000000001, 4.531000000000001, 4.531000000000001], "mode": "3"}