{"O23": 3.536925587835908, "O34": [4.95185268543981, 4.94655746561682, 4.943144166086848, 4.938673029766282, 4.934546262844735, 4.92832696146123, 4.927688189339206, 4.927785576081793, 4.9227667080088855, 4.918187915764985, 4.910320590134754, 4.905542652228697, 4.902958874589061, 4.893421657501055, 4.885049694986962, 4.878115847144767, 4.876957568032209, 4.874845978764231, 4.857387901645279, 4.8459962997764965, 4.840307026635758, 4.83750672277925, 4.8343864142270245, 4.831091344876282, 4.8280498785709405, 4.827986982638668, 4.820698402184185, 4.811109108573818, 4.809417250370416, 4.807888439725378, 3.1968581800719753, 3.1763261954289788, 3.19648325927282, 3.2277939085455127, 3.2594352487151994, 3.2715216141798, 3.2745389646568603, 3.273346312648166, 3.2557107079844156, 3.2455918799366175, 3.239942418874762, 3.2460465838173707, 3.233883856168365, 3.2099013909062903, 3.2230824461203893, 3.2371288499817443, 3.2541862203164826, 3.2727183453434674, 3.292044024147107, 3.271620126539351, 3.2360035967047196, 3.25354923572268, 3.242129757353368, 3.2036971049732195, 3.154517870736505, 1.8477608960635354, 1.8520207840114455, 1.8557962642750516, 1.857908070706472, 1.8577109151096372, 1.8584504180743409, 1.8574311010058462, 1.854730334791868, 1.8518853324328186, 1.8490196350113255, 1.8478225572395215, 1.8466573773334005, 1.8461584461907754, 1.8470860603560726, 1.844684550169463, 1.8395840796991147, 1.8353284247578943, 1.831994201842041, 1.8298804723705604, 1.8253263060260765, 1.8208618148200808, 1.816286155368207, 1.8126214481313636, 1.8110639355240001, 1.8110639355240001, 1.8110639355240001, 1.8110639355240001, 1.8110639355240001, 1.8110639355240001, 1.8110639355240001, 1.8110639355240001, 1.8110639355240001, 1.8110639355240001, 1.8110639355240001, 1.8110639355240001, 1.8110639355240001, 1.8110639355240001, 1.8110639355240001, 1.8110639355240001, 1.8110639355240001, 1.8110639355240001, 1.8110639355240001, 1.8110639355240001, 1.8110639355240001, 1.8110639355240001, 1.8110639355240001, 1.8110639355240001, 1.8110639355240001, 1.8110639355240001, 1.8110639355240001, 1.8110639355240001, 1.8110639355240001, 1.8110639355240001, 1.8110639355240001, 1.8110639355240001, 1.8110639355240001, 1.8110639355240001, 1.8110639355240001, 1.8110639355240001, 1.8110639355240001, 1.8110639355240001, 1.8110639355240001, 1.8110639355240001, 1.8110639355240001, 1.8110639355240001, 1.8110639355240001, 1.8110639355240001, 1.8110639355240001, 1.8110639355240001, 1.8110639355240001, 1.8110639355240001, 1.8110639355240001, 1.8110639355240001, 1.8110639355240001, 1.8110639355240001, 1.8110639355240001, 1.8110639355240001, 1.8110639355240001, 1.8110639355240001, 1.8110639355240001, 1.8110639355240001, 1.8110639355240001, 1.8110639355240001, 1.8110639355240001, 1.8110639355240001, 1.8110639355240001, 1.8110639355240001, 1.8110639355240001, 1.8110639355240001, 1.8110639355240001, 1.8110639355240001, 1.8110639355240001, 1.8110639355240001, 1.8110639355240001, 1.8110639355240001, 1.8110639355240001, 1.8110639355240001, 1.8110639355240001, 1.8110639355240001, 1.8110639355240001, 1.8110639355240001, 1.8110639355240001, 1.8110639355240001, 1.8110639355240001, 1.8110639355240001, 1.8110639355240001, 1.8110639355240001, 1.8110639355240001, 1.8110639355240001, 1.8110639355240001, 1.8110639355240001, 1.8110639355240001, 1.8110639355240001, 1.8110639355240001, 1.8110639355240001, 1.8110639355240001, 1.8112113432950723, 1.8119924869621031, 1.8130679093532955, 1.8151668997270531, 1.8177878401389655, 1.8190580079861283, 1.819706802824099, 1.8200418689964817, 1.8234084580073273, 1.8258240843300448, 1.8280229016523926, 1.8306787815512389, 1.8342000902736972, 1.83759718913699, 1.8383011526445447, 1.8354037647419916, 1.8334966224692182, 1.8319065994454737, 1.829727143318509, 1.8291121516735727, 1.8314430958318435, 1.83252712162269, 1.8327400276187913, 1.8314993755996996, 1.8306454486957382, 1.8327382759509343, 1.8350973046033368, 1.837109194776812, 1.8373576502570428, 1.8357943453268986, 1.8345899292289487, 1.8340549372654933, 1.8330435162869498, 1.8303986841514457, 1.8262273697429208, 1.8227724839036958, 1.8192959446252948, 1.8161537415848004, 1.8135949689927846, 1.8111033054797103, 1.8110639355240001, 1.8110639355240001, 1.8110639355240001, 1.8110639355240001, 1.8110639355240001, 1.8110639355240001, 1.8110639355240001, 1.8110639355240001, 1.8110639355240001, 1.8110639355240001, 1.8110639355240001, 1.8110639355240001, 1.8110639355240001, 1.8110639355240001, 1.8110639355240001, 1.8110639355240001, 1.8110639355240001, 1.8110639355240001, 1.8110639355240001, 1.8110639355240001, 1.8110639355240001, 1.8110639355240001, 1.8110639355240001, 1.8110639355240001, 1.8110639355240001, 1.8112615350547365, 1.8126511545414612, 1.8133098954267095, 1.8138828566283876], "O35": 1.9514321461783068, "O46": 1.583741468161759, "O22": [3.92415167383106, 3.9192651974427926, 3.916115373995071, 3.911989369260704, 3.908181151699183, 3.9024419245513178, 3.901852459902806, 3.9019423292631132, 3.897310872750653, 3.8930855221637977, 3.885825483446608, 3.881416359454968, 3.8790320262543316, 3.870230996709159, 3.862505274545376, 3.856106657510891, 3.855037787147858, 3.853089193615462, 3.836978723327536, 3.826466450859702, 3.8212163385323676, 3.81863219299503, 3.8157527442517774, 3.8127120246748105, 3.809905332264755, 3.8098472913338313, 3.8031213238602635, 3.794272237632761, 3.7927109756947153, 3.7913001755072178, 2.3090966288423243, 2.2901396240184773, 2.308750467693184, 2.3376593208615843, 2.3668734980908828, 2.3780327353686763, 2.3808186291117046, 2.3797174637701604, 2.363434661669185, 2.354092034765398, 2.3488759359583957, 2.354511858947558, 2.3432821171216993, 2.321139313220082, 2.3333092681280845, 2.3462781919991746, 2.362027115317607, 2.379137666958923, 2.3969808999768123, 2.3781236909829384, 2.3452392553268795, 2.361438992920898, 2.3508954867622416, 2.3154109493815733, 2.2703912933796637, 1.0839769778787158, 1.087921122473907, 1.0914167637344376, 1.0933720428461013, 1.093189500443302, 1.093874191368751, 1.0929304261909694, 1.0904298410591555, 1.0877957105808516, 1.085142418960357, 1.084034068721708, 1.082955252075508, 1.0824933017628189, 1.083352161066448, 1.0811286510730784, 1.076406228022391, 1.0724660026829786, 1.0693789127281415, 1.0674218531123536, 1.0632052420669833, 1.059071659429195, 1.0548351483478653, 1.0514420696054432, 1.05, 1.05, 1.05, 1.05, 1.05, 1.05, 1.05, 1.05, 1.05, 1.05, 1.05, 1.05, 1.05, 1.05, 1.05, 1.05, 1.05, 1.05, 1.05, 1.05, 1.05, 1.05, 1.05, 1.05, 1.05, 1.05, 1.05, 1.05, 1.05, 1.05, 1.05, 1.05, 1.05, 1.05, 1.05, 1.05, 1.05, 1.05, 1.05, 1.05, 1.05, 1.05, 1.05, 1.05, 1.05, 1.05, 1.05, 1.05, 1.05, 1.05, 1.05, 1.05, 1.05, 1.05, 1.05, 1.05, 1.05, 1.05, 1.05, 1.05, 1.05, 1.05, 1.05, 1.05, 1.05, 1.05, 1.05, 1.05, 1.05, 1.05, 1.05, 1.05, 1.05, 1.05, 1.05, 1.05, 1.05, 1.05, 1.05, 1.05, 1.05, 1.05, 1.05, 1.05, 1.05, 1.05, 1.05, 1.05, 1.05, 1.05, 1.05, 1.05, 1.05, 1.050136481891231, 1.0508597271056737, 1.0518554390736023, 1.053798852055175, 1.0562255280819552, 1.0574015509517187, 1.058002257046541, 1.0583124880782009, 1.0614295451495894, 1.063666124989541, 1.0657019657355409, 1.0681609915307264, 1.071421300472068, 1.07456660600236, 1.075218391659045, 1.0725357584593542, 1.0707699737768932, 1.0692978034306266, 1.0672798888261261, 1.0667104804280358, 1.0688686547546742, 1.0698723324373496, 1.0700694578181285, 1.0689207630600857, 1.0681301293100596, 1.0700678359840814, 1.0722520131791267, 1.074114781836627, 1.0743448217699494, 1.072897389169313, 1.0717822445220409, 1.0712869062204389, 1.0703504518735723, 1.067901654980322, 1.0640395188442533, 1.0608407095148986, 1.0576218517016074, 1.0547125490883218, 1.0523434329959436, 1.05003645185036, 1.05, 1.05, 1.05, 1.05, 1.05, 1.05, 1.05, 1.05, 1.05, 1.05, 1.05, 1.05, 1.05, 1.05, 1.05, 1.05, 1.05, 1.05, 1.05, 1.05, 1.05, 1.05, 1.05, 1.05, 1.05, 1.0501829534322726, 1.0514695741732305, 1.0520794891132368, 1.052609982369042],