{"O23": 5.0, "O34": [2.4802501668564045, 2.4629949533912017, 2.446855391930901, 2.4291589240089198, 2.41860986437199, 2.408441269272269, 2.3986928330664266, 2.3928668264554465, 2.393427326191362, 2.393200714582419, 2.381561439833327, 2.374989552597201, 2.361817131745718, 2.348160794876018, 2.329584809542927, 2.31140968794066, 2.300522889204052, 2.295397792623692, 2.2875272524975, 2.2858132152789197, 1.8510455949508153, 1.8498060091536492, 1.848591673180313, 1.846918460240557, 1.8470200879179102, 1.8465437731956758, 1.8453760337949194, 1.8437068288081995, 1.8424043813400215, 1.841368374496413, 1.8403832931155046, 1.839830665863358, 1.839171671370875, 1.8391175260541948, 1.8390553843278525, 1.8388287523357882, 1.8370775872387408, 1.8357046214816808, 1.8348562989238744, 1.8341524340393371, 1.9243178547765711, 1.9158364124142642, 1.9513147168198786, 1.957648173231706, 1.9687451417979225, 1.9820867367345385, 1.996941798532866, 2.0277924102029656, 2.0832962449169736, 2.094218168240032, 2.1049779727394213, 2.116251416002669, 2.1296259684028334, 2.140897169386544, 2.155763302370035, 2.1700251132272927, 2.1695099110955347, 2.1875207219314494, 2.216636167846203], "O35": 2.0705022724723623, "O46": 2.0733609913042716, "O22": [1.6433346819085357, 1.6274114160214133, 1.612517683819712, 1.5961872243586979, 1.586452457425986, 1.5770687865836708, 1.568072842140427, 1.5626965509392863, 1.56321378512724, 1.5630046659001968, 1.5522638386750338, 1.5461992421371789, 1.534043613925553, 1.5214414236681637, 1.5042993376446794, 1.4875271722705852, 1.4774807366647797, 1.4727512515320205, 1.4654882464491017, 1.4639065175167465, 1.0665194444278334, 1.0653749455230737, 1.064253759563481, 1.0627088964476252, 1.0628027284080188, 1.0623629511217958, 1.0612847873768856, 1.0597436247695955, 1.058541086224668, 1.0575845500167316, 1.0566750328504924, 1.0561647968617711, 1.055556352914919, 1.0555063610097357, 1.0554489860882894, 1.055239738719294, 1.0536229030470832, 1.052355255572564, 1.0515720066514227, 1.0507563018003012, 1.1303153536723758, 1.1224886025218517, 1.1552283003189328, 1.1610728707517124, 1.1713132529629928, 1.1836249965390682, 1.1973333809216442, 1.2258026023192239, 1.27702203925568, 1.2871008881451786, 1.297030132328842, 1.30743336697477, 1.3197755239940694, 1.330176689444312, 1.343895290415944, 1.3570562175044396, 1.3565807843522424, 1.373201322276116, 1.4000693171379404], "O21": [4.553999999999999, 4.553999999999999, 4.553999999999999, 4.553999999999999, 4.553999999999999, 4.553999999999999, 4.553999999999999, 4.553999999999999, 4.553999999999999, 4.553999999999999, 4.553999999999999, 4.553999999999999, 4.553999999999999, 4.553999999999999, 4.553999999999999, 4.553999999999999, 4.553999999999999, 4.553999999999999, 4.553999999999999, 4.553999999999999, 4.531000000000001, 4.531000000000001, 4.531000000000001, 4.531000000000001, 4.531000000000001, 4.531000000000001, 4.531000000000001, 4.531000000000001, 4.531000000000001, 4.531000000000001, 4.531000000000001, 4.531000000000001, 4.531000000000001, 4.531000000000001, 4.531000000000001, 4.531000000000001, 4.531000000000001, 4.531000000000001, 4.531000000000001, 4.532, 4.553999999999999, 4.553999999999999, 4.553999999999999, 4.553999999999999, 4.553999999999999, 4.553999999999999, 4.553999999999999, 4.553999999999999, 4.553999999999999, 4.553999999999999, 4.553999999999999, 4.553999999999999, 4.553999999999999, 4.553999999999999, 4.553999999999999, 4.553999999999999, 4.553999999999999, 4.553999999999999, 4.553999999999999], "mode": "3"}