{"O23": 2.195053940640312, "O34": [4.361522344261254, 4.36857932407414, 4.37847405749942, 4.3854764111016, 4.395634755736367, 4.403912929691301, 4.403912929691301, 4.403912929691301, 4.403912929691301, 4.403912929691301, 4.407682132842382, 4.4225958559717995, 4.432757148938874, 4.434975811438852, 4.447535583297038, 4.45977205490361, 3.605373477044826, 3.596964611422174, 3.59047304079707, 3.5852192275795574, 3.578244033804801, 3.5701019887292604, 3.5676397852038257, 3.565099585656203, 3.5627727297043137, 3.557660969172267, 3.5524419951263315, 3.545525084110248, 3.5354347175561864, 3.527560687971529, 3.520836928732525, 3.516811113197319, 3.509013237744973, 3.4983997163161895, 3.496960512135646, 3.4967546517650803, 2.8189684466292775, 2.8374335493483307, 2.8374335493483307, 2.8374335493483307, 2.8374335493483307, 2.8374335493483307, 2.8374335493483307, 2.8374335493483307, 2.8374335493483307, 2.8374335493483307, 2.8365671443190257, 2.8365845104997294, 1.9190964573123401, 1.920295902635858, 1.917721890470183, 1.917721890470183, 1.917721890470183, 1.917721890470183, 1.917721890470183, 1.917721890470183, 1.917721890470183, 1.917721890470183, 1.9119967380002132, 1.9088532730765153, 1.9074303314830445], "O35": 2.5294753282015265, "O46": 1.6261647672148816, "O22": [3.3793895355487362, 3.385901779871141, 3.3950327287018034, 3.401494563466583, 3.410868775087821, 3.418507948327264, 3.418507948327264, 3.418507948327264, 3.418507948327264, 3.418507948327264, 3.421986202831521, 3.4357487204170343, 3.4451256527857907, 3.447173054457881, 3.458763324678693, 3.4700552505250233, 2.6862752888688064, 2.678511455564651, 2.6725178442409443, 2.6676670436856282, 2.6612269072675234, 2.653709427079575, 2.6514360957421252, 2.6490907513482385, 2.646942385261309, 2.6422227407286796, 2.6374041068808265, 2.6310177824325107, 2.6217014337810918, 2.614431409990655, 2.6082234209168047, 2.604506420059469, 2.597306708724388, 2.5875073356768303, 2.58617853083563, 2.585988461726106, 1.9601942882106256, 1.977242958731492, 1.977242958731492, 1.977242958731492, 1.977242958731492, 1.977242958731492, 1.977242958731492, 1.977242958731492, 1.977242958731492, 1.977242958731492, 1.9764430144199443, 1.9766459258066431, 1.1500251396578138, 1.1511356819649892, 1.14875245585779, 1.14875245585779, 1.14875245585779, 1.14875245585779, 1.14875245585779, 1.14875245585779, 1.14875245585779, 1.14875245585779, 1.1434516523044582, 1.1405411813388877, 1.1392237083293186], "O21": [4.553999999999999, 4.553999999999999, 4.553999999999999, 4.553999999999999, 4.553999999999999, 4.553999999999999, 4.553999999999999, 4.553999999999999, 4.553999999999999, 4.553999999999999, 4.553999999999999, 4.553999999999999, 4.553999999999999, 4.553999999999999, 4.553999999999999, 4.553999999999999, 4.531000000000001, 4.531000000000001, 4.531000000000001, 4.531000000000001, 4.531000000000001, 4.531000000000001, 4.531000000000001, 4.531000000000001, 4.531000000000001, 4.531000000000001, 4.531000000000001, 4.531000000000001, 4.531000000000001, 4.531000000000001, 4.531000000000001, 4.531000000000001, 4.531000000000001, 4.531000000000001, 4.531000000000001, 4.531000000000001, 4.531000000000001, 4.531000000000001, 4.531000000000001, 4.531000000000001, 4.531000000000001, 4.531000000000001, 4.531000000000001, 4.531000000000001, 4.531000000000001, 4.531000000000001, 4.531000000000001, 4.53, 4.408, 4.408, 4.408, 4.408, 4.408, 4.408, 4.408, 4.408, 4.408, 4.408, 4.408, 4.408, 4.408], "mode": "3"}