{"O23": 3.914316407468664, "O34": [5.0, 5.0, 5.0, 5.0, 5.0, 5.0, 5.0, 5.0, 5.0, 5.0, 3.7534917577487352, 3.7534917577487352, 3.7534917577487352, 3.7534917577487352, 3.7534917577487352, 3.7534917577487352, 3.7534917577487352, 3.7534917577487352, 3.7534917577487352, 3.7534917577487352, 5.0, 5.0, 5.0, 5.0, 5.0, 5.0, 5.0, 5.0, 5.0, 5.0, 3.7804874969463325, 3.7804874969463325, 3.7804874969463325, 3.7804874969463325, 3.7804874969463325, 3.7804874969463325, 3.7804874969463325, 3.7804874969463325, 3.7804874969463325, 3.7807113500873495, 5.0, 5.0, 5.0, 5.0, 5.0, 5.0, 5.0, 5.0, 5.0, 5.0, 3.7110361013395257, 3.7110361013395257, 3.7110361013395257, 3.7110361013395257, 3.7110361013395257, 3.7110361013395257, 3.7110361013395257, 3.7110361013395257, 3.7110361013395257, 3.7110361013395257], "O35": 3.9926768565265056, "O46": 3.2218912385175513, "O22": [4.154860469805074, 4.154860469805074, 4.154860469805074, 4.154860469805074, 4.154860469805074, 4.154860469805074, 4.154860469805074, 4.154860469805074, 4.154860469805074, 4.154860469805074, 2.8230316234670663, 2.8230316234670663, 2.8230316234670663, 2.8230316234670663, 2.8230316234670663, 2.8230316234670663, 2.8230316234670663, 2.8230316234670663, 2.8230316234670663, 2.8230316234670663, 4.162871456126153, 4.162871456126153, 4.162871456126153, 4.162871456126153, 4.162871456126153, 4.162871456126153, 4.162871456126153, 4.162871456126153, 4.162871456126153, 4.162871456126153, 2.8479565572759724, 2.8479565572759724, 2.8479565572759724, 2.8479565572759724, 2.8479565572759724, 2.8479565572759724, 2.8479565572759724, 2.8479565572759724, 2.8479565572759724, 2.8479565572759724, 4.195960116776225, 4.195960116776225, 4.195960116776225, 4.195960116776225, 4.195960116776225, 4.195960116776225, 4.195960116776225, 4.195960116776225, 4.195960116776225, 4.195960116776225, 2.783832681068504, 2.783832681068504, 2.783832681068504, 2.783832681068504, 2.783832681068504, 2.783832681068504, 2.783832681068504, 2.783832681068504, 2.783832681068504, 2.783832681068504], "O21": [4.553999999999999, 4.553999999999999, 4.553999999999999, 4.553999999999999, 4.553999999999999, 4.553999999999999, 4.553999999999999, 4.553999999999999, 4.553999999999999, 4.553999999999999, 4.531000000000001, 4.531000000000001, 4.531000000000001, 4.531000000000001, 4.531000000000001, 4.531000000000001, 4.531000000000001, 4.531000000000001, 4.531000000000001, 4.531000000000001, 4.553999999999999, 4.553999999999999, 4.553999999999999, 4.553999999999999, 4.553999999999999, 4.553999999999999, 4.553999999999999, 4.553999999999999, 4.553999999999999, 4.553999999999999, 4.531000000000001, 4.531000000000001, 4.531000000000001, 4.531000000000001, 4.531000000000001, 4.531000000000001, 4.531000000000001, 4.531000000000001, 4.531000000000001, 4.532, 4.553999999999999, 4.553999999999999, 4.553999999999999, 4.553999999999999, 4.553999999999999, 4.553999999999999, 4.553999999999999, 4.553999999999999, 4.553999999999999, 4.553999999999999, 4.531000000000001, 4.531000000000001, 4.531000000000001, 4.531000000000001, 4.531000000000001, 4.531000000000001, 4.531000000000001, 4.531000000000001, 4.531000000000001, 4.531000000000001], "mode": "3"}