{"O23": 3.759511049200042, "O34": [4.989719655240769, 4.999888685699246, 5.0, 5.0, 5.0, 5.0, 4.988267191465397, 4.968867610061545, 4.95626970024631, 4.9392101973936535, 4.915586128964813, 4.905530577198853, 4.895654686191165, 4.87740827078547, 4.869039676361548, 4.862271877283953, 4.853087364914074, 4.835704389761535, 4.820829049254397, 4.831133316383804, 4.841003921516357, 4.8321742856806775, 4.821220715574805, 4.79484818016538, 4.783413519167804, 4.784493127362765, 4.787946986356946, 4.797479182216088, 4.798187663282572, 4.8028269062272875, 4.801775181502255, 4.803437734446717, 4.804914753120044, 4.8020360163535605, 4.78946369995394, 4.778983226962699, 4.769960459374653, 4.780268029071928, 4.7875986028104345, 4.773583111191417, 4.751890474125395, 4.734541562820696, 4.728758758640942, 4.736831350419595, 4.741645364026324, 4.741522968131853, 4.74487518832804, 4.7437579254831785, 4.745162346567913, 4.754023104396556, 4.766395912972886, 4.772725771083773, 4.7702697767572495, 4.7691755229392605, 4.775307334410257, 4.781948056435425, 4.802356089124876, 4.817727317891794, 4.830452874576112, 4.841811746147405, 4.845468899444921, 4.845475501019751, 4.840199272677955, 4.8276386580708985, 4.815899285190435, 4.814623220129417, 4.815517369790662, 4.811277465402388, 4.810473760077946, 4.824731798334503, 4.833166261073705, 4.831995180052113, 4.839443437184519, 4.8358291752201605, 4.834626811028444, 4.8410509007533555, 4.830949255367725, 4.814250822617054, 4.8012469668755156, 4.782953584769568, 4.773319594578644, 4.766661483119216, 4.7648517224283236, 4.77180858227153, 4.787806828770361, 4.794475282922096, 4.800143643872309, 4.809640466999331, 4.814996509104078, 4.800138377838449, 4.792378860416965, 4.791794742106899, 4.782169944320933, 4.781051829223368, 4.778081191257061, 4.766747583448022, 4.759916622550044, 4.7556583616028005, 4.76463429728785, 4.7716768907930085, 4.780480493906695, 4.790129935929411, 4.792406861016708, 4.790294466408794, 4.775026104110952, 4.751415885492201, 4.728333933744076, 4.7181769035352845, 4.705692297478755, 4.696830808681244, 4.691225733623505, 4.683933035768062, 4.682140299962767, 4.685728072791633, 4.6862096983217, 4.690700775065459, 4.704640876084728, 4.711611940260623, 4.70057188734172, 4.692995367161876, 4.691572066574718, 4.698947390716237, 4.702481896535661, 4.7024816842127315, 4.704909342690898, 4.719275222911538, 4.728537295436977, 4.727489338911443, 4.727390097107379, 4.735993777528109, 4.727816053060611, 4.716474636056359, 4.73240803289171, 4.735524850675868, 4.742451489819505, 4.74910240260272, 4.745244291041784, 4.747064546974968, 4.752916675695166, 4.751693592991796, 4.75236054158673, 4.745953783247865, 4.743593863913373, 4.744658502934518, 4.748936931181888, 4.75026252139297, 4.760266089386287, 4.770201986526484, 4.7841252206331175, 4.7816878634900615, 2.6050001054935232, 2.597655651216385, 2.5964427665611587, 2.5843548188109238, 2.5749284433970234, 2.577505195290159, 2.5858830944203435, 2.597931867836403, 2.6016418149166194, 2.604645640509701, 2.6110507674932553, 2.6223898707274373, 2.6336827410651025, 2.6300127532502824, 2.6257186908928656, 2.625920574231876, 2.6062185712060044, 2.594992280496018, 2.6007274494950092, 2.6046443825009473, 2.6060074827697437, 2.604742914519096, 2.598614888211334, 2.6096146446618698, 2.6152495848220783, 2.604413743006985, 2.598718552215364, 2.5882006892385445, 2.5799165913794173, 2.5729504518884623, 2.568591143219232, 2.5601549966126447, 2.55300772920601, 2.5412524452469687, 2.535475719359136, 2.5270351599933516, 2.518885100622833, 2.518955751087478, 2.518123917919339, 2.5193107549842755, 2.5333081954311525, 2.545313095158308, 2.5566896510760473, 2.56216312924297, 2.569772939776195, 2.5841757140648443, 2.581003945067176, 2.574324232190545, 2.5709984822883403, 2.5715973289446534, 2.5666909399780318, 2.5800067900767774, 2.591667687083463, 2.610500590980803, 2.6240141659087723, 2.630194463623303, 2.6361564578353867, 2.633299088939601, 2.631438929780976, 2.6332747336997424, 2.659636941246899, 2.6769967480025834, 2.678527856123811, 2.6631409856503834, 2.6492569109100974, 2.6403435693149246, 2.6409689787510864, 2.6483160072624563, 2.656245868295333, 2.6579150349556975, 2.660553619795333, 2.650425014580933, 2.6399191175408263, 2.6402063746331095, 2.6368215442247127, 2.639692450195404, 2.650628373343051, 2.656034624763278, 2.6576404815311245, 2.6498105892094723, 2.6069880219551393, 2.578744881175937, 2.571874402184518, 2.5796595773257374, 2.588417512210748, 2.5855921135472033, 2.5796899073167663, 2.572253806704831, 2.583951031264226, 2.5945164296197643, 2.601283549208138, 2.6029583159155383, 2.606574200752781, 2.601371426342728, 2.6050331963622493, 2.6043372794875395, 2.5943767558652318, 2.5903263756211334, 2.5912727997648024, 2.599637362858031, 2.611409151952335, 2.6174573882832597, 2.618043814390772, 2.617646185112877, 2.617870625568611, 2.6289670680402843, 2.638093695012729, 2.643823152096262, 2.630076285152578, 2.6209823131110075, 2.629282264938679, 2.708083818408909, 2.769262184247944, 2.815708886737824, 2.8846313334691773, 2.9517045135840516, 2.9769611849703996, 3.0004040293899816, 3.0227040381091967, 3.0385255143826364, 3.0460224568687124, 3.055948687058492, 3.0674031474524988, 3.076498492085888, 3.0838502760639295, 3.0900370118498834, 3.0985602717400913, 3.1087729388143686, 3.1197813577878257, 3.1312862076113452, 3.130770183792582, 3.0752608971597497, 3.030004611541478, 2.9938820518795715, 2.9337747754810772, 2.875884283982514, 2.8568709251560023, 2.8400824013751684, 2.8184551577190913, 2.790011293380217, 2.7860228677729757, 2.7808313695293623, 2.775717581148255, 2.7742839923885234, 2.7721386130823498, 2.7695368046064943, 2.765732358930567, 2.761278529976939, 2.755470249585872], "O35": 3.036670194247149, "O46": 2.5303599675252633,