{"O23": 5.0, "O34": [1.8110639355240001, 1.8110639355240001, 1.8110639355240001, 1.8110639355240001, 1.8110639355240001, 1.8110639355240001, 1.8110639355240001, 1.8110639355240001, 1.8110639355240001, 1.8110639355240001, 1.8110639355240001, 1.8110639355240001, 1.8110639355240001, 1.8110639355240001, 1.81232107587, 2.619948690491962, 2.619948690491962, 2.619948690491962, 2.619948690491962, 2.619948690491962, 2.619948690491962, 2.619948690491962, 2.619948690491962, 2.619948690491962, 2.6201461653216103, 4.52250922047551, 4.52250922047551, 4.52250922047551, 4.52250922047551, 4.52250922047551, 4.52250922047551, 4.52250922047551, 4.52250922047551, 4.52250922047551, 4.52226862742724, 2.3481602073915044, 2.3481602073915044, 2.3481602073915044, 2.3481602073915044, 2.3481602073915044, 2.3481602073915044, 2.3481602073915044, 2.3481602073915044, 2.3481602073915044, 2.3477776128920587, 1.8110639355240001, 1.8110639355240001, 1.8110639355240001, 1.8110639355240001, 1.8110639355240001, 1.8110639355240001, 1.8110639355240001, 1.8110639355240001, 1.8110639355240001, 1.8110639355240001, 1.8110639355240001, 1.8110639355240001, 1.8110639355240001, 1.8110639355240001, 1.8110639355240001, 1.8110639355240001, 1.8110639355240001, 1.8110639355240001, 1.8110639355240001, 1.8133986247379998, 2.321991410876095, 2.321991410876095, 2.321991410876095, 2.321991410876095, 2.321991410876095, 2.321991410876095, 2.321991410876095, 2.321991410876095, 2.321991410876095, 2.322372815775229, 4.561042013872639, 4.561042013872639, 4.561042013872639, 4.561042013872639, 4.561042013872639, 4.561042013872639, 4.561042013872639, 4.561042013872639, 4.561042013872639, 4.560800545456023, 2.3345078203468415, 2.3345078203468415, 2.3345078203468415, 2.3345078203468415, 2.3345078203468415, 2.3345078203468415, 2.3345078203468415, 2.3345078203468415, 2.3345078203468415, 2.333743872588362, 1.8110639355240001, 1.8110639355240001, 1.8110639355240001, 1.8110639355240001, 1.8110639355240001, 1.8110639355240001, 1.8110639355240001, 1.8110639355240001, 1.8110639355240001, 1.8110639355240001, 1.8110639355240001, 1.8110639355240001, 1.8110639355240001, 1.8110639355240001, 1.8110639355240001, 1.8110639355240001, 1.8110639355240001, 1.8110639355240001, 1.8110639355240001, 1.813578216216, 2.429182091937781, 2.429182091937781, 2.429182091937781, 2.429182091937781, 2.429182091937781, 2.429182091937781, 2.429182091937781, 2.429182091937781, 2.429182091937781, 2.429761508415169, 4.655546818763309, 4.655546818763309, 4.655546818763309, 4.655546818763309, 4.655546818763309, 4.655546818763309, 4.655546818763309, 4.655546818763309, 4.655546818763309, 4.655303203434739, 2.368074959868824, 2.368074959868824, 2.368074959868824, 2.368074959868824, 2.368074959868824, 2.368074959868824, 2.368074959868824, 2.368074959868824, 2.368074959868824, 2.367307960271136, 1.8110639355240001, 1.8110639355240001, 1.8110639355240001, 1.8110639355240001, 1.8110639355240001, 1.8110639355240001, 1.8110639355240001, 1.8110639355240001, 1.8110639355240001, 1.8110639355240001, 1.8110639355240001, 1.8110639355240001, 1.8110639355240001, 1.8110639355240001, 1.8110639355240001, 1.8110639355240001, 1.8110639355240001, 1.8110639355240001, 1.8110639355240001, 1.8110639355240001, 1.8110639355240001, 1.8110639355240001, 1.8110639355240001, 1.8110639355240001, 1.8110639355240001, 1.8110639355240001, 1.8110639355240001, 1.8110639355240001, 1.8110639355240001, 1.8110639355240001, 1.8110639355240001, 1.8110639355240001, 1.8110639355240001, 1.8110639355240001], "O35": 2.091174087016457, "O46": 2.1079860990998425, "O22": [1.05, 1.05, 1.05, 1.05, 1.05, 1.05, 1.05, 1.05, 1.05, 1.05, 1.05, 1.05, 1.05, 1.05, 1.05, 1.776441059151841, 1.776441059151841, 1.776441059151841, 1.776441059151841, 1.776441059151841, 1.776441059151841, 1.776441059151841, 1.776441059151841, 1.776441059151841, 1.776441059151841, 3.5279496701113335, 3.5279496701113335, 3.5279496701113335, 3.5279496701113335, 3.5279496701113335, 3.5279496701113335, 3.5279496701113335, 3.5279496701113335, 3.5279496701113335, 3.5279496701113335, 1.5255010903768804, 1.5255010903768804, 1.5255010903768804, 1.5255010903768804, 1.5255010903768804, 1.5255010903768804, 1.5255010903768804, 1.5255010903768804, 1.5255010903768804, 1.5255010903768804, 1.05, 1.05, 1.05, 1.05, 1.05, 1.05, 1.05, 1.05, 1.05, 1.05, 1.05, 1.05, 1.05, 1.05, 1.05, 1.05, 1.05, 1.05, 1.05, 1.05, 1.5013396656338465, 1.5013396656338465, 1.5013396656338465, 1.5013396656338465, 1.5013396656338465, 1.5013396656338465, 1.5013396656338465, 1.5013396656338465, 1.5013396656338465, 1.5013396656338465, 3.563508077770176, 3.563508077770176, 3.563508077770176, 3.563508077770176, 3.563508077770176, 3.563508077770176, 3.563508077770176, 3.563508077770176, 3.563508077770176, 3.563508077770176, 1.5128959588436763, 1.5128959588436763, 1.5128959588436763, 1.5128959588436763, 1.5128959588436763, 1.5128959588436763, 1.5128959588436763, 1.5128959588436763, 1.5128959588436763, 1.5128959588436763, 1.05, 1.05, 1.05, 1.05, 1.05, 1.05, 1.05, 1.05, 1.05, 1.05, 1.05, 1.05, 1.05, 1.05, 1.05, 1.05, 1.05, 1.05, 1.05, 1.05, 1.60030789950358, 1.60030789950358, 1.60030789950358, 1.60030789950358, 1.60030789950358, 1.60030789950358, 1.60030789950358, 1.60030789950358, 1.60030789950358, 1.60030789950358, 3.6507179601004887, 3.6507179601004887, 3.6507179601004887, 3.6507179601004887, 3.6507179601004887, 3.6507179601004887, 3.6507179601004887, 3.6507179601004887, 3.6507179601004887, 3.6507179601004887, 1.5438882100510152, 1.5438882100510152, 1.5438882100510152, 1.5438882100510152, 1.5438882100510152, 1.5438882100510152, 1.5438882100510152, 1.5438882100510152, 1.5438882100510152, 1.5438882100510152, 1.05, 1.05, 1.05, 1.05, 1.05, 1.05, 1.05, 1.05, 1.05, 1.05, 1.05, 1.05, 1.05, 1.05, 1.05, 1.05, 1.05, 1.05, 1.05, 1.05, 1.05, 1.05, 1.05, 1.05, 1.05, 1.05, 1.05, 1.05, 1.05, 1.05, 1.05, 1.05, 1.05, 1.05, 1.05],