{"O23": 3.3365132307218044, "O34": [5.0, 5.0, 5.0, 5.0, 5.0, 5.0, 5.0, 5.0, 5.0, 5.0, 5.0, 5.0, 5.0, 5.0, 5.0, 5.0, 5.0, 5.0, 5.0, 5.0, 3.108728672989962, 3.102811338480616, 3.0918201530989595, 3.0819820645823635, 3.0746059913207286, 3.066711383344951, 3.072132481524201, 3.078094142667891, 3.0787002966628028, 3.0787480798327587, 3.074182480221476, 3.067921156771974, 3.057075879790209, 3.020731525379989, 3.021885115626091, 3.0201524139604223, 3.020133974829738, 3.020249299036532, 3.0232859733504225, 3.035942255015037, 1.8110639355240001, 1.8110639355240001, 1.8110639355240001, 1.8110639355240001, 1.8110639355240001, 1.8110639355240001, 1.8110639355240001, 1.8110639355240001, 1.8110639355240001, 1.8110639355240001, 1.8110639355240001, 1.8110639355240001, 1.8110639355240001, 1.8110639355240001, 1.8110639355240001, 1.8110639355240001, 1.8110639355240001, 1.8110639355240001, 1.8110639355240001, 1.8110639355240001, 1.8110639355240001, 1.8110639355240001, 1.8110639355240001, 1.8110639355240001, 1.8110639355240001, 1.8110639355240001, 1.8110639355240001, 1.8110639355240001, 1.8110639355240001, 1.8110639355240001, 1.8110639355240001, 1.8110639355240001, 1.8110639355240001, 1.8110639355240001, 1.8110639355240001, 1.8110639355240001, 1.8110639355240001, 1.8110639355240001, 1.8110639355240001, 1.8110639355240001, 1.8110639355240001, 1.8110639355240001, 1.8110639355240001, 1.8110639355240001, 1.8110639355240001, 1.8110639355240001, 1.8110639355240001, 1.8110639355240001, 1.8110639355240001, 1.8110639355240001, 1.8110639355240001, 1.8110639355240001, 1.8110639355240001, 1.8110639355240001, 1.8110639355240001, 1.8110639355240001, 1.8110639355240001, 1.8110639355240001, 1.8110639355240001, 1.8110639355240001, 1.8110639355240001, 1.8110639355240001, 1.8110639355240001, 1.8110639355240001, 1.8110639355240001, 1.8110639355240001, 1.8110639355240001, 1.8110639355240001, 1.8110639355240001, 1.8110639355240001, 1.8110639355240001, 1.8111657390538494, 1.8120318279487722, 1.8132819183807056, 1.8154840288611571, 1.8171278554214436, 1.817883980695912, 1.8185895517972943, 1.8195486464072472, 1.8229729837306798, 1.824601730686317, 1.827381546717575, 1.8300025043347121, 1.8333991567180898, 1.8363315188011606, 1.8345562126034571, 1.832122758525375, 1.8305043655419933, 1.8285224037247605, 1.827278612148873, 1.8291693387715513, 1.832055967533082, 1.8328247721808972, 1.8317440293827894, 1.8303657317729907, 1.8310070336306044, 1.833155198641826, 1.8353244773892199, 1.8372472090836853, 1.8361407105236431, 1.8343439084132975, 1.834793701455821, 1.8341588617159499, 1.8320036622713773, 1.8290157930295097, 1.825136172397912, 1.822416499372898, 1.8193894622061237, 1.8162654753033982, 1.8133521254305656, 1.8110639355240001, 1.8110639355240001, 1.8110639355240001, 1.8110639355240001, 1.8110639355240001, 1.8110639355240001, 1.8110639355240001, 1.8110639355240001, 1.8110639355240001, 1.8110639355240001, 1.8110639355240001, 1.8110639355240001, 1.8110639355240001, 1.8110639355240001, 1.8110639355240001, 1.8110639355240001, 1.8110639355240001, 1.8110639355240001, 1.8110639355240001, 1.8110639355240001, 1.8110639355240001, 1.8110639355240001, 1.8110639355240001, 1.8110639355240001, 1.8110639355240001, 1.8110639355240001, 1.8118550751891447, 1.8126492133602532, 1.81319203067894], "O35": 1.9352545838073665, "O46": 1.5409018717423362, "O22": [4.150424594543933, 4.140382768159677, 4.129169982153387, 4.119891018694729, 4.11264310859642, 4.10456582668103, 4.095599632797993, 4.088048501695727, 4.083582106047829, 4.079517660518522, 4.075769452332601, 4.07265255602086, 4.0683883983148545, 4.058962312469863, 4.046760963548836, 4.03395804590751, 4.019629870547426, 4.005410134180017, 3.99325157491338, 3.9836162447884176, 2.2277274129615363, 2.222263988904464, 2.212115921977532, 2.2030324994682444, 2.196222234467897, 2.188933210825936, 2.1939384641475934, 2.1994428146048994, 2.2000024713748285, 2.2000465891646623, 2.1958312103126056, 2.1900501842257607, 2.18003683326948, 2.14648040344285, 2.147545503394966, 2.145945714850142, 2.1459286901593777, 2.146035168007599, 2.1488389032829662, 2.160715400410237, 1.05, 1.05, 1.05, 1.05, 1.05, 1.05, 1.05, 1.05, 1.05, 1.05, 1.05, 1.05, 1.05, 1.05, 1.05, 1.05, 1.05, 1.05, 1.05, 1.05, 1.05, 1.05, 1.05, 1.05, 1.05, 1.05, 1.05, 1.05, 1.05, 1.05, 1.05, 1.05, 1.05, 1.05, 1.05, 1.05, 1.05, 1.05, 1.05, 1.05, 1.05, 1.05, 1.05, 1.05, 1.05, 1.05, 1.05, 1.05, 1.05, 1.05, 1.05, 1.05, 1.05, 1.05, 1.05, 1.05, 1.05, 1.05, 1.05, 1.05, 1.05, 1.05, 1.05, 1.05, 1.05, 1.05, 1.05, 1.05, 1.05, 1.05, 1.05, 1.050094257841271, 1.0508961521341809, 1.0520535857288908, 1.054092475543762, 1.055614461502657, 1.0563145426904836, 1.0569678167859693, 1.0578558232003112, 1.0610263482731488, 1.0625343723293126, 1.06510814809745, 1.0675348400542015, 1.070679732197718, 1.073394747287906, 1.071751026976456, 1.0694979407762846, 1.0679995032548393, 1.066164444660599, 1.0650128430500478, 1.0667634288121637, 1.0694361003395216, 1.0701479211041796, 1.0691472830784678, 1.067871145035701, 1.068464913530676, 1.0704538563202968, 1.0724623478936948, 1.0742425665082358, 1.0732180817404338, 1.071554458795698, 1.071970913129548, 1.0713831277794537, 1.0693876719494384, 1.0666212638970312, 1.0630292011637814, 1.0605111105957985, 1.0577084377492902, 1.0548160010916836, 1.0521185890246665, 1.05, 1.05, 1.05, 1.05, 1.05, 1.05, 1.05, 1.05, 1.05, 1.05, 1.05, 1.05, 1.05, 1.05, 1.05, 1.05, 1.05, 1.05, 1.05, 1.05, 1.05, 1.05, 1.05, 1.05, 1.05, 1.05, 1.0507325003081014, 1.0514677768725822, 1.0519703605132447], "O21": [4.553999999999999, 4.553999999999999, 4.553999999999999, 4.553999999999999, 4.553999999999999, 4.553999999999999, 4.553999999999999, 4.553999999999999, 4.553999999999999, 4.553999999999999, 4.553999999999999, 4.553999999999999, 4.553999999999999, 4.553999999999999, 4.553999999999999, 4.553999999999999, 4.553999999999999, 4.553999999999999, 4.553999999999999, 4.553999999999999, 4.531000000000001, 4.531000000000001, 4.531000000000001, 4.531000000000001, 4.531000000000001, 4.531000000000001, 4.531000000000001, 4.531000000000001, 4.531000000000001, 4.531000000000001, 4.531000000000001, 4.531000000000001, 4.531000000000001, 4.531000000000001, 4.531000000000001, 4.531000000000001, 4.531000000000001, 4.531000000000001, 4.531000000000001, 4.53, 4.408, 4.408, 4.408, 4.408, 4.408, 4.408, 4.408, 4.408, 4.408, 4.408, 4.408, 4.408, 4.408, 4.408, 4.408, 4.408, 4.408, 4.408, 4.408, 4.408, 4.408, 4.408, 4.408, 4.408, 4.408, 4.408, 4.408, 4.408, 4.408, 4.408, 4.408, 4.408, 4.408, 4.408, 4.408, 4.408, 4.408, 4.408, 4.408, 4.408, 4.408, 4.408, 4.408, 4.408, 4.408, 4.408, 4.408, 4.408, 4.408, 4.408, 4.408, 4.408, 4.408, 4.408, 4.408, 4.408, 4.408, 4.408, 4.408, 4.408, 4.408, 4.408, 4.408, 4.408, 4.408, 4.408, 4.408, 4.408, 4.408, 4.408, 4.408, 4.408, 4.408, 4.408, 4.408, 4.408, 4.408, 4.408, 4.408, 4.408, 4.408, 4.408, 4.408, 4.408, 4.408, 4.408, 4.408, 4.408, 4.408, 4.408, 4.408, 4.408, 4.408, 4.408, 4.408, 4.408, 4.408, 4.408, 4.408, 4.408, 4.408, 4.408, 4.408, 4.408, 4.408, 4.408, 4.408, 4.408, 4.408, 4.408, 4.408, 4.408, 4.408, 4.408, 4.408, 4.408, 4.408, 4.408, 4.408, 4.408, 4.408, 4.408, 4.408, 4.408, 4.408, 4.408, 4.408, 4.408, 4.408, 4.408, 4.408, 4.408, 4.408, 4.408, 4.408, 4.408, 4.408, 4.408, 4.408], "mode": "3"}