{"O23": 2.967987223532548, "O34": [4.24810049206234, 4.271552962202537, 4.2876466492570415, 4.29278514468232, 4.288596825173174, 4.281259364547788, 4.272785916558473, 4.273126989121467, 4.257303500755393, 4.253006150674979, 4.249412379403271, 4.2527004299776205, 4.245210353873982, 4.241154624443046, 4.23149673530318, 4.2339909210296005, 4.235863629854454, 4.252685518723257, 4.267197422422739, 4.272336678419279, 4.264341480820515, 4.244503252943158, 4.229352060447372, 4.218555483134985, 4.210106214069111, 4.2050259435477315, 4.197005171753644, 4.187127204666342, 4.196839815718542, 4.195698358704593, 4.192528013799922, 4.205120153481069, 4.208330354872268, 4.209545101123682, 4.222362692861141, 4.214783979950755, 4.205184777122456, 4.181704022764182, 4.173834522784857, 4.162923228750277, 4.167202722368139, 4.155414114710958, 4.14672590350369, 4.147969371469016, 4.1611819310452764, 4.17441640268593, 4.1935591651383675, 4.227509103149739, 4.2392909687745535, 4.234978015687171, 4.241636403322924, 4.234045242961202, 4.233202327219654, 4.23667378749458, 4.228349728302536, 4.225311948675277, 4.221334188849511, 4.226905123009122, 4.231425720453007, 4.24299743294428], "O35": 4.219034727702041, "O46": 2.7359428328297235, "O22": [3.274722832142528, 3.296364982122604, 3.3112163810108184, 3.31595823071795, 3.312093211876031, 3.305322137341953, 3.2975027634705922, 3.297817508293558, 3.283215451180623, 3.2792498179487617, 3.275933453557656, 3.27896769614476, 3.272055786677308, 3.2683131231498326, 3.25940073635192, 3.2617023933307663, 3.2634305458457984, 3.278953935905373, 3.292345650913777, 3.2970882024828967, 3.289710162365228, 3.2714032675906424, 3.2574216111420626, 3.247458432676453, 3.239661371332699, 3.234973252089575, 3.2275716118748807, 3.2184561351714165, 3.227419019841274, 3.2263656730618506, 3.22344005032338, 3.2350601898617883, 3.2380225925238224, 3.2391435712695023, 3.250971759989377, 3.2439780556809596, 3.2351198251381925, 3.213451574227765, 3.2061895290017115, 3.1961204889150405, 3.2000696440429612, 3.1891910110696386, 3.1811734517728047, 3.182320935173919, 3.194513603761098, 3.206726492998005, 3.2243916060352253, 3.2557209136034317, 3.266593324968762, 3.262613293142, 3.268757713025152, 3.2617525220969004, 3.260974671883678, 3.264178166588957, 3.256496650040792, 3.253693359730366, 3.250022647254481, 3.2551635553076923, 3.2593352032106746, 3.2700136833778117], "O21": [4.553999999999999, 4.553999999999999, 4.553999999999999, 4.553999999999999, 4.553999999999999, 4.553999999999999, 4.553999999999999, 4.553999999999999, 4.553999999999999, 4.553999999999999, 4.553999999999999, 4.553999999999999, 4.553999999999999, 4.553999999999999, 4.553999999999999, 4.553999999999999, 4.553999999999999, 4.553999999999999, 4.553999999999999, 4.553999999999999, 4.553999999999999, 4.553999999999999, 4.553999999999999, 4.553999999999999, 4.553999999999999, 4.553999999999999, 4.553999999999999, 4.553999999999999, 4.553999999999999, 4.553999999999999, 4.553999999999999, 4.553999999999999, 4.553999999999999, 4.553999999999999, 4.553999999999999, 4.553999999999999, 4.553999999999999, 4.553999999999999, 4.553999999999999, 4.553999999999999, 4.553999999999999, 4.553999999999999, 4.553999999999999, 4.553999999999999, 4.553999999999999, 4.553999999999999, 4.553999999999999, 4.553999999999999, 4.553999999999999, 4.553999999999999, 4.553999999999999, 4.553999999999999, 4.553999999999999, 4.553999999999999, 4.553999999999999, 4.553999999999999, 4.553999999999999, 4.553999999999999, 4.553999999999999, 4.553999999999999], "mode": "3"}