{"O23": 1.404719631613272, "O34": [5.0, 5.0, 5.0, 5.0, 5.0, 5.0, 5.0, 5.0, 5.0, 5.0, 5.0, 5.0, 5.0, 5.0, 5.0, 5.0, 5.0, 5.0, 5.0, 5.0, 5.0, 5.0, 5.0, 5.0, 5.0, 5.0, 5.0, 5.0, 5.0, 5.0, 5.0, 5.0, 5.0, 5.0, 5.0, 5.0, 5.0, 5.0, 5.0, 5.0, 5.0, 5.0, 5.0, 5.0, 5.0, 5.0, 5.0, 5.0, 5.0, 5.0, 5.0, 5.0, 5.0, 5.0, 5.0, 5.0, 5.0, 5.0, 5.0, 5.0, 5.0, 5.0, 5.0, 5.0, 5.0, 5.0, 5.0, 5.0, 5.0, 5.0, 5.0, 5.0, 5.0, 5.0, 5.0, 5.0, 5.0, 5.0, 5.0, 5.0, 4.995500113282791, 4.9895698057019136, 4.982916262165665, 4.976391096416922, 4.971975522686796, 4.972458775856505, 4.972752935382355, 4.9705611855345655, 4.965271578098934, 4.959983541197986, 4.963192039499375, 4.970270549353533, 4.978125496377529, 4.9856481380228015, 4.9949718455937875, 5.0, 5.0, 5.0, 5.0, 5.0, 5.0, 5.0, 5.0, 5.0, 5.0, 5.0, 5.0, 5.0, 5.0, 5.0, 5.0, 5.0, 5.0, 5.0, 5.0, 5.0, 5.0, 5.0, 5.0, 5.0, 5.0, 5.0, 5.0, 5.0, 5.0, 5.0, 5.0, 5.0, 5.0, 5.0, 5.0, 5.0, 5.0, 5.0, 5.0, 5.0, 5.0, 5.0, 5.0, 5.0, 5.0, 5.0, 5.0, 5.0, 5.0, 5.0, 5.0, 5.0, 5.0, 5.0, 5.0, 5.0, 5.0, 5.0, 5.0, 5.0, 5.0, 5.0, 5.0, 5.0, 5.0, 5.0, 5.0, 5.0, 5.0, 5.0, 5.0, 5.0, 5.0, 5.0, 5.0, 5.0, 5.0, 5.0, 5.0, 5.0, 5.0, 5.0, 5.0, 5.0], "O35": 4.998539229169546, "O46": 1.994116715441384, "O22": [4.02861080101685, 4.029609747664364, 4.0307367881096114, 4.030559985523571, 4.034406421931632, 4.038684008768219, 4.041724412731013, 4.043541425899795, 4.046332743288209, 4.055235818654445, 4.055109792781697, 4.059936645258141, 4.066824461898423, 4.07777563349768, 4.092299091805528, 4.096000466882986, 4.091809865927543, 4.081685892469476, 4.0767422903240815, 4.077258872649477, 4.075882647373942, 4.076196771610408, 4.076233080733231, 4.074443008074365, 4.069421580371636, 4.063564238942898, 4.058751511483852, 4.0531328915532505, 4.045922133058827, 4.033815777453171, 4.028194889812875, 4.0263164131949125, 4.0233398623982755, 4.0172531235335915, 4.005653711669076, 3.994600777984308, 3.9937143743640933, 3.9977598262735254, 3.9986252928088586, 3.9974038633888918, 3.9975667875602063, 4.0009696949361535, 4.005401319905455, 4.009938645745083, 4.015266806843652, 4.019974996368369, 4.023100117328035, 4.0299533368070275, 4.037814798543229, 4.0422724293842744, 4.047404080526927, 4.051974578640252, 4.054677722962777, 4.057075846604285, 4.057760370334821, 4.054210609135368, 4.052625160578955, 4.05401512784161, 4.054212994759696, 4.054877062394194, 4.055567671821743, 4.0506051416619675, 4.044571283937843, 4.041662530800315, 4.0377297941784, 4.034491719930539, 4.032071990506319, 4.028056145340901, 4.024684728639551, 4.02250757416908, 4.014394577156164, 4.0020655518613655, 3.9916532712908155, 3.9820206466346217, 3.974962568404443, 3.9737553199064926, 3.9711724737156797, 3.9707542509721896, 3.9725593550652025, 3.968857069675988, 3.964429912071018, 3.9589573709985384, 3.952817421293894, 3.9467959397640184, 3.9427212086869003, 3.94316715905011, 3.943438612101258, 3.9414160456662035, 3.936534748439373, 3.9316549005160484, 3.9346157315515153, 3.941147843989282, 3.9483964596175145, 3.9553384208591287, 3.9639424219053043, 3.973898776269387, 3.9828869420841837, 3.984611213324748, 3.9875973564325013, 3.9913350488509227, 3.998958012680791, 4.0083396620326495, 4.017963212843687, 4.025058890397243, 4.027865635658636, 4.027579074780926, 4.027991494343471, 4.0331377055173006, 4.035779092137198, 4.039003274892147, 4.044899497510221, 4.0500029834054345, 4.058281621375885, 4.063975656037132, 4.0632184395071205, 4.058526916707005, 4.059642625527818, 4.05759324003818, 4.053474949982619, 4.050454142787366, 4.04867418872562, 4.044711509310883, 4.040931009607116, 4.039797624272882, 4.042637919491313, 4.050849767153331, 4.05461126467224, 4.049724774315539, 4.050562090675445, 4.0502834018257365, 4.046597946844254, 4.050745200061831, 4.048400634526851, 4.048185459556178, 4.050409298894111, 4.051903263527868, 4.047502455548899, 4.049150766395123, 4.052057066441064, 4.052662720662451, 4.052363852395603, 4.055613013493369, 4.056887541109916, 4.056577841595322, 4.054867874399625, 4.047932685788662, 4.044363409577298, 4.045594249287381, 4.047288333319165, 4.051600346819957, 4.054724208889785, 4.048154233026856, 4.043414871515536, 4.042885180210824, 4.048233194200158, 4.0551248080445355, 4.061173021480438, 4.06497300597103, 4.063868993599891, 4.063370075104134, 4.059989024760157, 4.056668580129612, 4.056449613389877, 4.056716672119371, 4.058177879851292, 4.057835404307401, 4.0586732323166315, 4.0596643023139825, 4.057441393702875, 4.051388690407829, 4.050272744532904, 4.052743737585491, 4.055992763982965, 4.0539660303875085, 4.0459848470451325, 4.033736149785882, 4.022552528393531, 4.015188550018147, 4.013265755968555, 4.01563531926817],