{"O23": 5.0, "O34": [4.056908308674967, 4.056908308674967, 4.056908308674967, 4.056908308674967, 4.056908308674967, 4.056908308674967, 4.056908308674967, 4.056908308674967, 2.749273560524297, 2.749273560524297, 2.749273560524297, 2.749273560524297, 2.749273560524297, 2.749273560524297, 2.749273560524297, 2.749273560524297, 3.449921804188671, 3.449921804188671, 3.449921804188671, 3.449921804188671, 3.449921804188671, 3.449921804188671, 3.449921804188671, 3.449921804188671, 2.6388313925376883, 2.6388313925376883, 2.6388313925376883, 2.6388313925376883, 2.6388313925376883, 2.6388313925376883, 2.6388313925376883, 2.6388313925376883, 3.182648366117592, 3.182648366117592, 3.182648366117592, 3.182648366117592, 2.5372115045042993, 2.537015914684072, 2.537015914684072, 2.537015914684072, 2.537015914684072, 2.537015914684072, 2.537015914684072, 2.537015914684072, 3.0749055481024263, 3.0749055481024263, 3.0749055481024263, 3.0749055481024263, 3.0749055481024263, 3.0749055481024263, 3.0749055481024263, 3.0749055481024263, 2.371670552738967, 2.371670552738967, 2.371670552738967, 2.371670552738967, 2.371670552738967, 2.371670552738967, 2.371670552738967], "O35": 2.737243706492188, "O46": 2.686607854744141, "O22": [3.098288968965117, 3.098288968965117, 3.098288968965117, 3.098288968965117, 3.098288968965117, 3.098288968965117, 3.098288968965117, 3.098288968965117, 1.8958455993204713, 1.8958455993204713, 1.8958455993204713, 1.8958455993204713, 1.8958455993204713, 1.8958455993204713, 1.8958455993204713, 1.8958455993204713, 2.5381563736586994, 2.5381563736586994, 2.5381563736586994, 2.5381563736586994, 2.5381563736586994, 2.5381563736586994, 2.5381563736586994, 2.5381563736586994, 1.7938752955392228, 1.7938752955392228, 1.7938752955392228, 1.7938752955392228, 1.7938752955392228, 1.7938752955392228, 1.7938752955392228, 1.7938752955392228, 2.2915140456716485, 2.2915140456716485, 2.2915140456716485, 2.2915140456716485, 1.6998699405590025, 1.6998699405590025, 1.6998699405590025, 1.6998699405590025, 1.6998699405590025, 1.6998699405590025, 1.6998699405590025, 1.6998699405590025, 2.192088005991347, 2.192088005991347, 2.192088005991347, 2.192088005991347, 2.192088005991347, 2.192088005991347, 2.192088005991347, 2.192088005991347, 1.5472079900220734, 1.5472079900220734, 1.5472079900220734, 1.5472079900220734, 1.5472079900220734, 1.5472079900220734, 1.5472079900220734], "O21": [4.553999999999999, 4.553999999999999, 4.553999999999999, 4.553999999999999, 4.553999999999999, 4.553999999999999, 4.553999999999999, 4.553999999999999, 4.531000000000001, 4.531000000000001, 4.531000000000001, 4.531000000000001, 4.531000000000001, 4.531000000000001, 4.531000000000001, 4.531000000000001, 4.553999999999999, 4.553999999999999, 4.553999999999999, 4.553999999999999, 4.553999999999999, 4.553999999999999, 4.553999999999999, 4.553999999999999, 4.531000000000001, 4.531000000000001, 4.531000000000001, 4.531000000000001, 4.531000000000001, 4.531000000000001, 4.531000000000001, 4.531000000000001, 4.553999999999999, 4.553999999999999, 4.553999999999999, 4.553999999999999, 4.532, 4.531000000000001, 4.531000000000001, 4.531000000000001, 4.531000000000001, 4.531000000000001, 4.531000000000001, 4.531000000000001, 4.553999999999999, 4.553999999999999, 4.553999999999999, 4.553999999999999, 4.553999999999999, 4.553999999999999, 4.553999999999999, 4.553999999999999, 4.531000000000001, 4.531000000000001, 4.531000000000001, 4.531000000000001, 4.531000000000001, 4.531000000000001, 4.531000000000001], "mode": "3"}