{"O23": 5.0, "O34": [3.8407389925618918, 3.8497869534188807, 3.8597070506253033, 3.8863766968409883, 3.8998943013324125, 3.906718524505281, 3.9140951727457813, 3.9208220937845555, 3.926860942762811, 3.920638980977228, 3.911643617542642, 3.949454985350645, 3.987055522883559, 4.019168633490218, 4.039529374077662, 4.085391639037908, 4.13044335100239, 4.153902224757994, 4.1684406606296545, 4.189819169400694, 4.200539193712075, 4.21251342062403, 4.208698622637295, 4.188285139321644, 4.178070496243862, 4.166896933135259, 4.163956695592632, 4.161321912326057, 4.166863686613174, 4.168648590851638, 4.1755164276032755, 4.157684975591697, 4.1437959849846955, 4.139748797989462, 4.136658875675282, 4.1010589087016065, 4.063923769130738, 4.055648612704771, 4.0483601206200195, 4.029263415880033, 4.014953833556546, 4.000931104887702, 4.0113431340243695, 4.025585444761455, 4.043475017404364, 4.062073571409473, 4.07581804426145, 4.080651125723906, 1.8110639355240001, 1.8110639355240001, 1.8110639355240001, 1.8110639355240001, 1.8110639355240001, 1.8110639355240001, 1.8110639355240001, 1.8110639355240001, 1.8110639355240001, 1.8110639355240001], "O35": 2.7163996636983296, "O46": 2.7070236521737474, "O22": [2.8988059834867075, 2.9071555229898065, 2.9163098777454004, 2.9409208666887845, 2.9533950334620886, 2.95969248786761, 2.966499725084706, 2.9727073882073953, 2.9782800922557606, 2.9725384100649754, 2.964237407935441, 2.9991300775843435, 3.033828191162753, 3.0634624579125442, 3.082251532106636, 3.1245736419211774, 3.166147766154828, 3.187795825448687, 3.2012120245837585, 3.2209403043942597, 3.2308328390633188, 3.2418827631512652, 3.238362433323358, 3.2195246876662007, 3.2100985233363546, 3.1997874589937654, 3.1970741813946812, 3.194642779743625, 3.199756778804728, 3.201403904459211, 3.2077416058667425, 3.1912865818760854, 3.1784696966613635, 3.17473491617024, 3.1718835081202346, 3.1390315390131724, 3.104762898852053, 3.097126510215429, 3.090400624290243, 3.0727780137235348, 3.059573002697155, 3.046632702798387, 3.0562410167553233, 3.06938394895787, 3.0858926071888733, 3.1030555197854963, 3.1157390427185336, 3.120411816866741, 1.05, 1.05, 1.05, 1.05, 1.05, 1.05, 1.05, 1.05, 1.05, 1.05], "O21": [4.553999999999999, 4.553999999999999, 4.553999999999999, 4.553999999999999, 4.553999999999999, 4.553999999999999, 4.553999999999999, 4.553999999999999, 4.553999999999999, 4.553999999999999, 4.553999999999999, 4.553999999999999, 4.553999999999999, 4.553999999999999, 4.553999999999999, 4.553999999999999, 4.553999999999999, 4.553999999999999, 4.553999999999999, 4.553999999999999, 4.553999999999999, 4.553999999999999, 4.553999999999999, 4.553999999999999, 4.553999999999999, 4.553999999999999, 4.553999999999999, 4.553999999999999, 4.553999999999999, 4.553999999999999, 4.553999999999999, 4.553999999999999, 4.553999999999999, 4.553999999999999, 4.553999999999999, 4.553999999999999, 4.553999999999999, 4.553999999999999, 4.553999999999999, 4.553999999999999, 4.553999999999999, 4.553999999999999, 4.553999999999999, 4.553999999999999, 4.553999999999999, 4.553999999999999, 4.553999999999999, 4.553, 4.408, 4.408, 4.408, 4.408, 4.408, 4.408, 4.408, 4.408, 4.408, 4.408], "mode": "3"}