{"O23": 5.0, "O34": [2.6534450405655945, 2.6534450405655945, 2.6534450405655945, 2.6534450405655945, 2.6530485682046927, 1.8110639355240001, 1.8110639355240001, 1.8110639355240001, 1.8110639355240001, 1.8119618929140002, 2.676871543484558, 2.676871543484558, 2.676871543484558, 2.676871543484558, 2.6764740061845345, 1.8110639355240001, 1.8110639355240001, 1.8110639355240001, 1.8110639355240001, 1.8126802588259998, 2.4209584143857423, 2.4209584143857423, 2.4209584143857423, 2.4209584143857423, 2.420572510572105, 1.8110639355240001, 1.8110639355240001, 1.8110639355240001, 1.8110639355240001, 1.812500667348, 2.3589438587003824, 2.3589438587003824, 2.3589438587003824, 2.3589438587003824, 2.35836923163454, 1.8110639355240001, 1.8110639355240001, 1.8110639355240001, 1.8110639355240001, 1.81232107587, 2.4047438553281033, 2.4047438553281033, 2.4047438553281033, 2.4047438553281033, 2.404358688607763, 1.8110639355240001, 1.8110639355240001, 1.8110639355240001, 1.8110639355240001, 1.8132190332600002, 2.343772813677425, 2.343772813677425, 2.343772813677425, 2.343772813677425, 2.343390418623335, 1.8110639355240001, 1.8110639355240001, 1.8110639355240001, 1.8110639355240001, 1.8110639355240001], "O35": 1.5430559494920555, "O46": 1.5880771764940416, "O22": [1.8073679510703835, 1.8073679510703835, 1.8073679510703835, 1.8073679510703835, 1.8073679510703835, 1.05, 1.05, 1.05, 1.05, 1.05, 1.8289974397224773, 1.8289974397224773, 1.8289974397224773, 1.8289974397224773, 1.8289974397224773, 1.05, 1.05, 1.05, 1.05, 1.05, 1.5927150487522066, 1.5927150487522066, 1.5927150487522066, 1.5927150487522066, 1.5927150487522066, 1.05, 1.05, 1.05, 1.05, 1.05, 1.535457542879431, 1.535457542879431, 1.535457542879431, 1.535457542879431, 1.535457542879431, 1.05, 1.05, 1.05, 1.05, 1.05, 1.5777442858368416, 1.5777442858368416, 1.5777442858368416, 1.5777442858368416, 1.5777442858368416, 1.05, 1.05, 1.05, 1.05, 1.05, 1.5214502474969502, 1.5214502474969502, 1.5214502474969502, 1.5214502474969502, 1.5214502474969502, 1.05, 1.05, 1.05, 1.05, 1.05], "O21": [4.531000000000001, 4.531000000000001, 4.531000000000001, 4.531000000000001, 4.529, 4.408, 4.408, 4.408, 4.408, 4.413, 4.531000000000001, 4.531000000000001, 4.531000000000001, 4.531000000000001, 4.529, 4.408, 4.408, 4.408, 4.408, 4.417, 4.531000000000001, 4.531000000000001, 4.531000000000001, 4.531000000000001, 4.529, 4.408, 4.408, 4.408, 4.408, 4.416, 4.531000000000001, 4.531000000000001, 4.531000000000001, 4.531000000000001, 4.5280000000000005, 4.408, 4.408, 4.408, 4.408, 4.415, 4.531000000000001, 4.531000000000001, 4.531000000000001, 4.531000000000001, 4.529, 4.408, 4.408, 4.408, 4.408, 4.42, 4.531000000000001, 4.531000000000001, 4.531000000000001, 4.531000000000001, 4.529, 4.408, 4.408, 4.408, 4.408, 4.408], "mode": "3"}