{"O23": 5.0, "O34": [3.689533925650094, 3.678810537112166, 3.677449082636771, 3.6731645166524554, 3.6667196896366425, 3.6632689507920304, 3.6666623598871855, 3.6663837149041845, 3.6656921708971058, 3.6610609736485746, 3.6523851715091142, 3.657829130197853, 3.6656036292037104, 3.677274129222015, 3.6882102400280465, 3.6975903843927354, 3.6813378633961857, 3.669053906995608, 3.6616556537885465, 3.6500462636402053, 3.6595266223789196, 3.663602316236207, 3.661870046129958, 3.661701065309348, 3.662269118593375, 3.665005679180101, 3.6636852889861977, 3.6642328389227323, 3.66373955644417, 3.6645721500846773, 3.664151593463241, 3.6523185985647544, 3.651711553300716, 3.6507247348948164, 3.6506945867447187, 3.657813523599482, 3.667708475123436, 3.6711091470208292, 3.6781345193818806, 3.684034684446309, 3.6912335042704036, 3.695858093730193, 3.705642449042983, 3.7216981686814967, 3.7297902741554996, 3.7383628639369775, 3.744265589445001, 3.7527543193428783, 3.7789342223051245, 3.78264163414986, 3.7891635811440696, 3.800026405204827, 3.806273583169947, 3.8139437272013725, 3.8214526892216467, 3.8242938494002585, 3.825404482693809, 3.831279687692489, 3.8313643644330106, 3.8364188847567178, 2.2755288748287867, 2.2755288748287867, 2.2755288748287867, 2.2755288748287867, 2.2755288748287867, 1.8121414843919998, 1.8110639355240001, 1.8110639355240001, 1.8110639355240001, 1.8110639355240001, 2.3254608286229486, 2.325842408583556, 2.325842408583556, 2.325842408583556, 2.325842408583556, 3.684207757316966, 3.684207757316966, 3.684207757316966, 3.684207757316966, 3.684207757316966, 2.270494592780987, 2.270115546092895, 2.270115546092895, 2.270115546092895, 2.270115546092895, 1.812500667348, 1.8110639355240001, 1.8110639355240001, 1.8110639355240001, 1.8110639355240001, 2.430227622136582, 2.4308071494235497, 2.4308071494235497, 2.4308071494235497, 2.4308071494235497, 3.8612215654995294, 3.861447140876668, 3.861447140876668, 3.861447140876668, 3.861447140876668, 2.375491699076382, 2.3751078795699256, 2.3751078795699256, 2.3751078795699256, 2.3751078795699256, 1.8139373991719998, 1.8110639355240001, 1.8110639355240001, 1.8110639355240001, 1.8110639355240001, 2.3298583327162397, 2.330431015545533, 2.330431015545533, 2.330431015545533, 2.330431015545533, 3.863442576688262, 3.863668202522346, 3.863668202522346, 3.863668202522346, 3.863668202522346, 2.3321417256123786, 2.331759876651175, 2.331759876651175, 2.331759876651175, 2.331759876651175, 1.8142965821280002, 1.8110639355240001, 1.8110639355240001, 1.8110639355240001, 1.8110639355240001, 2.2852723342840626, 2.286031874732488, 2.286031874732488, 2.286031874732488, 2.286031874732488, 3.6745017192156753, 3.674723052690222, 3.674723052690222, 3.674723052690222, 3.674723052690222, 2.2246282860123556, 2.223874396764213, 2.223874396764213, 2.223874396764213, 2.223874396764213, 1.8146557650839998, 1.8110639355240001, 1.8110639355240001, 1.8110639355240001, 1.8110639355240001, 2.3429163830682564, 2.3438723820191067, 2.3438723820191067, 2.3438723820191067, 2.3438723820191067, 3.8922171462056747, 3.8924434257406024, 3.8924434257406024, 3.8924434257406024, 3.8924434257406024, 2.329170841592875, 2.328407448464738, 2.328407448464738, 2.328407448464738, 2.328407448464738, 1.815194539518, 1.8110639355240001, 1.8110639355240001, 1.8110639355240001, 1.8110639355240001, 2.357704721122355, 2.358853962994406, 2.358853962994406, 2.358853962994406, 2.358853962994406, 3.745711741321195, 3.745934692545453, 3.745934692545453, 3.745934692545453, 3.745934692545453, 4.361076631821559, 4.371614059725438, 4.3809993485391825, 4.397163877531811, 4.406882231745612, 4.394928870126723, 4.383077203245162, 4.3765008791290905, 4.390191408495865, 4.40049392899508, 4.401886461781944, 4.397854635887097, 4.40179500045366, 4.3984613200255716, 4.393232159045901, 4.404219075919213, 4.419520809490275, 4.42036489987451, 4.428526229403591, 4.445687866291921, 4.460558792287201, 4.464062344377692, 4.464356299432989, 4.454234044915213, 4.457775012615224, 4.490806462571854, 4.543610672485476, 4.584583238997333, 4.579892177654895, 4.578306788027927, 4.59048935002121, 4.630455961868775, 4.642997633197942, 4.6454770319901995, 4.639751869117148, 4.641672491552404, 4.645702203700978, 4.629404261370525, 4.620427577876854, 4.624931129658896, 4.638517327820893, 4.642168774083349, 4.637626959001689, 4.626861575660738, 4.607884344747135, 4.571999022297913, 4.519544143476608, 4.46013926206094, 4.458796735507642, 4.4536229331743895, 4.441247789261421, 4.395789983567982, 4.373192418857401, 4.363664817590911, 4.366764955643334, 4.353272903919058, 4.321006673667852, 4.332381382512875], "O35": 3.1408327033920487, "O46": 3.0327856396190365,