{"O23": 5.0, "O34": [4.462546591776469, 4.462546591776469, 4.462546591776469, 4.462546591776469, 4.462546591776469, 2.643226918633269, 2.6390708198991883, 2.6390708198991883, 2.6390708198991883, 2.6390708198991883, 4.582404606078368, 4.584824693072284, 4.584824693072284, 4.584824693072284, 4.584824693072284, 2.8346527653544977, 2.8316184761091274, 2.8316184761091274, 2.8316184761091274, 2.8316184761091274, 4.726661820525611, 4.7276428332018146, 4.7276428332018146, 4.7276428332018146, 4.7276428332018146, 3.3074458519921777, 3.3063804670482826, 3.3063804670482826, 3.3063804670482826, 5.0, 5.0, 5.0, 5.0, 5.0, 5.0, 3.4612865048383967, 3.456740118903088, 3.456740118903088, 3.456740118903088, 3.456740118903088, 5.0, 5.0, 5.0, 5.0, 5.0, 3.6757438821756843, 3.6724229286474017, 3.6724229286474017, 3.6724229286474017, 3.6724229286474017, 5.0, 5.0, 5.0, 5.0, 5.0, 3.732307680612252, 3.7311940169549223, 3.7311940169549223, 3.7311940169549223], "O35": 2.9350737000363183, "O46": 3.130535240789739, "O22": [3.4726156180585384, 3.4726156180585384, 3.4726156180585384, 3.4726156180585384, 3.4726156180585384, 1.7940963567627644, 1.7940963567627644, 1.7940963567627644, 1.7940963567627644, 1.7940963567627644, 3.585454947634625, 3.585454947634625, 3.585454947634625, 3.585454947634625, 3.585454947634625, 1.9718739516255854, 1.9718739516255854, 1.9718739516255854, 1.9718739516255854, 1.9718739516255854, 3.7172488094360374, 3.7172488094360374, 3.7172488094360374, 3.7172488094360374, 3.7172488094360374, 2.4102176143987224, 2.4102176143987224, 2.4102176143987224, 2.4102176143987224, 4.020253183664328, 4.020253183664328, 4.020253183664328, 4.020253183664328, 4.020253183664328, 4.020253183664328, 2.5490433877024157, 2.5490433877024157, 2.5490433877024157, 2.5490433877024157, 2.5490433877024157, 4.145349657253975, 4.145349657253975, 4.145349657253975, 4.145349657253975, 4.145349657253975, 2.7481814708364563, 2.7481814708364563, 2.7481814708364563, 2.7481814708364563, 2.7481814708364563, 4.163951801063521, 4.163951801063521, 4.163951801063521, 4.163951801063521, 4.163951801063521, 2.802444311176562, 2.802444311176562, 2.802444311176562, 2.802444311176562], "O21": [4.553999999999999, 4.553999999999999, 4.553999999999999, 4.553999999999999, 4.553999999999999, 4.552, 4.531000000000001, 4.531000000000001, 4.531000000000001, 4.531000000000001, 4.544, 4.553999999999999, 4.553999999999999, 4.553999999999999, 4.553999999999999, 4.546, 4.531000000000001, 4.531000000000001, 4.531000000000001, 4.531000000000001, 4.55, 4.553999999999999, 4.553999999999999, 4.553999999999999, 4.553999999999999, 4.5360000000000005, 4.531000000000001, 4.531000000000001, 4.531000000000001, 4.532, 4.553999999999999, 4.553999999999999, 4.553999999999999, 4.553999999999999, 4.553999999999999, 4.552, 4.531000000000001, 4.531000000000001, 4.531000000000001, 4.531000000000001, 4.544, 4.553999999999999, 4.553999999999999, 4.553999999999999, 4.553999999999999, 4.546, 4.531000000000001, 4.531000000000001, 4.531000000000001, 4.531000000000001, 4.55, 4.553999999999999, 4.553999999999999, 4.553999999999999, 4.553999999999999, 4.5360000000000005, 4.531000000000001, 4.531000000000001, 4.531000000000001], "mode": "3"}