{"O23": 5.0, "O34": [1.854208951292793, 1.854208951292793, 1.854208951292793, 1.854208951292793, 1.8540288812419905, 1.8110639355240001, 1.8110639355240001, 1.8110639355240001, 1.8110639355240001, 1.8119618929140002, 1.858666485744483, 1.858666485744483, 1.858666485744483, 1.858666485744483, 1.858486314376748, 1.8110639355240001, 1.8110639355240001, 1.8110639355240001, 1.8110639355240001, 1.811782301436, 1.9700352930180214, 1.9700352930180214, 1.9700352930180214, 1.9700352930180214, 1.9696698875977732, 1.8110639355240001, 1.8110639355240001, 1.8110639355240001, 1.8110639355240001, 1.811602709958, 1.9695656617283, 1.9695656617283, 1.9695656617283, 1.9695656617283, 1.9693829696925973, 1.8110639355240001, 1.8110639355240001, 1.8110639355240001, 1.8110639355240001, 1.81232107587, 2.2737037228161796, 2.2737037228161796, 2.2737037228161796, 2.2737037228161796, 2.2735141179151506, 1.8110639355240001, 1.8110639355240001, 1.8110639355240001, 1.8110639355240001, 1.8121414843919998, 2.1031384040625283, 2.1031384040625283, 2.1031384040625283, 2.1031384040625283, 2.1027669479436084, 1.8110639355240001, 1.8110639355240001, 1.8110639355240001, 1.8110639355240001], "O35": 1.9041893456625507, "O46": 1.836671950884413, "O22": [1.0694401441301329, 1.0694401441301329, 1.0694401441301329, 1.0694401441301329, 1.0694401441301329, 1.05, 1.05, 1.05, 1.05, 1.05, 1.0735557473498136, 1.0735557473498136, 1.0735557473498136, 1.0735557473498136, 1.0735557473498136, 1.05, 1.05, 1.05, 1.05, 1.05, 1.1763816092145956, 1.1763816092145956, 1.1763816092145956, 1.1763816092145956, 1.1763816092145956, 1.05, 1.05, 1.05, 1.05, 1.05, 1.1759480026841271, 1.1759480026841271, 1.1759480026841271, 1.1759480026841271, 1.1759480026841271, 1.05, 1.05, 1.05, 1.05, 1.05, 1.4567560585738981, 1.4567560585738981, 1.4567560585738981, 1.4567560585738981, 1.4567560585738981, 1.05, 1.05, 1.05, 1.05, 1.05, 1.2992745668128507, 1.2992745668128507, 1.2992745668128507, 1.2992745668128507, 1.2992745668128507, 1.05, 1.05, 1.05, 1.05], "O21": [4.531000000000001, 4.531000000000001, 4.531000000000001, 4.531000000000001, 4.53, 4.408, 4.408, 4.408, 4.408, 4.413, 4.531000000000001, 4.531000000000001, 4.531000000000001, 4.531000000000001, 4.53, 4.408, 4.408, 4.408, 4.408, 4.412, 4.531000000000001, 4.531000000000001, 4.531000000000001, 4.531000000000001, 4.529, 4.408, 4.408, 4.408, 4.408, 4.4110000000000005, 4.531000000000001, 4.531000000000001, 4.531000000000001, 4.531000000000001, 4.53, 4.408, 4.408, 4.408, 4.408, 4.415, 4.531000000000001, 4.531000000000001, 4.531000000000001, 4.531000000000001, 4.53, 4.408, 4.408, 4.408, 4.408, 4.414, 4.531000000000001, 4.531000000000001, 4.531000000000001, 4.531000000000001, 4.529, 4.408, 4.408, 4.408, 4.408], "mode": "3"}