{"O23": 4.594340904953616, "O34": [4.3228342498246235, 4.298093538330298, 4.306233875382569, 4.33145798451432, 4.356125939024908, 4.356125939024908, 4.356125939024908, 4.356125939024908, 4.356125939024908, 4.356125939024908, 4.335658761899927, 4.322930938008414, 4.313539532515354, 4.307812412626046, 4.267502215095959, 2.291900393630473, 2.291900393630473, 2.291900393630473, 2.291900393630473, 2.291900393630473, 4.2503709580934705, 4.2503709580934705, 4.2503709580934705, 4.2503709580934705, 4.2503709580934705, 2.2876958496565125, 2.2876958496565125, 2.2876958496565125, 2.2876958496565125, 2.2876958496565125, 4.38388511607744, 4.38388511607744, 4.38388511607744, 4.38388511607744, 4.38388511607744, 2.2207509150734763, 2.2207509150734763, 2.2207509150734763, 2.2207509150734763, 2.2207509150734763, 4.257353928414731, 4.278029694299836, 4.261463191636546, 4.249599650110736, 4.2402164840137075, 4.241763367742389, 4.252749711526292, 4.258954712703609, 4.252974144440208, 4.242394077399089, 4.245066798672207, 4.249105506415724, 4.251285892483051, 4.2499747281342275, 4.257212248525632, 4.245677371489568, 4.233448590742397, 4.250470368439208, 4.23694793864218], "O35": 3.5276599259834693, "O46": 3.2433065205577027, "O22": [3.3436878146964912, 3.3208568640301794, 3.328368840138473, 3.3516458744841002, 3.374409684352674, 3.374409684352674, 3.374409684352674, 3.374409684352674, 3.374409684352674, 3.374409684352674, 3.3555223895662536, 3.3437770394204716, 3.335110566124076, 3.3298255284774085, 3.2926269163287727, 1.473556888225901, 1.473556888225901, 1.473556888225901, 1.473556888225901, 1.473556888225901, 3.27681803857821, 3.27681803857821, 3.27681803857821, 3.27681803857821, 3.27681803857821, 1.4696748689383192, 1.4696748689383192, 1.4696748689383192, 1.4696748689383192, 1.4696748689383192, 3.4000261021331073, 3.4000261021331073, 3.4000261021331073, 3.4000261021331073, 3.4000261021331073, 1.407865186635852, 1.407865186635852, 1.407865186635852, 1.407865186635852, 1.407865186635852, 3.2832619862773536, 3.3023417686441348, 3.2870540512676287, 3.276106268647649, 3.267447398739878, 3.268874876931204, 3.279013173600278, 3.284739204389499, 3.2792202823079917, 3.269456901464338, 3.2719233126484046, 3.2756502684099242, 3.2776623482463543, 3.2764523940148327, 3.2831312428038206, 3.272486754725426, 3.2612019260731926, 3.2769097753376712, 3.264431155729038], "O21": [4.553999999999999, 4.553999999999999, 4.553999999999999, 4.553999999999999, 4.553999999999999, 4.553999999999999, 4.553999999999999, 4.553999999999999, 4.553999999999999, 4.553999999999999, 4.553999999999999, 4.553999999999999, 4.553999999999999, 4.553999999999999, 4.553999999999999, 4.531000000000001, 4.531000000000001, 4.531000000000001, 4.531000000000001, 4.531000000000001, 4.553999999999999, 4.553999999999999, 4.553999999999999, 4.553999999999999, 4.553999999999999, 4.531000000000001, 4.531000000000001, 4.531000000000001, 4.531000000000001, 4.531000000000001, 4.553999999999999, 4.553999999999999, 4.553999999999999, 4.553999999999999, 4.553999999999999, 4.531000000000001, 4.531000000000001, 4.531000000000001, 4.531000000000001, 4.531000000000001, 4.553999999999999, 4.553999999999999, 4.553999999999999, 4.553999999999999, 4.553999999999999, 4.553999999999999, 4.553999999999999, 4.553999999999999, 4.553999999999999, 4.553999999999999, 4.553999999999999, 4.553999999999999, 4.553999999999999, 4.553999999999999, 4.553999999999999, 4.553999999999999, 4.553999999999999, 4.553999999999999, 4.553999999999999], "mode": "3"}