{"O23": 3.585138116644481, "O34": [3.515251382535386, 3.5209573243636747, 3.5305660028022103, 3.5412216307938307, 3.5448633919046064, 3.52634347302683, 3.4984396505455364, 3.4694074727942876, 3.4396961561735666, 3.414323656527149, 3.3686826747112604, 3.3777015182128194, 3.387425303534057, 3.3979546953442226, 3.4105149888066086, 3.426808347404058, 3.434927183849493, 3.4449349718526716, 3.453505414582982, 3.4518341309563265, 3.453633025365029, 3.4612693453663157, 3.4647933530352746, 3.4722906724683438, 3.483609733343502, 3.495874040505957, 3.519183020640447, 3.548289242119347, 3.5842396022471386, 3.621846561103108, 3.664417405752799, 3.6711079402849043, 3.672308798111925, 3.6743665237765373, 3.676609449593922, 3.6816481892261264, 2.1554498268962856, 2.15023824059088, 2.1467097285483256, 2.1441847915631094, 2.145086057023616, 2.1539785571929277, 2.159687761575264, 2.1656671229209308, 2.1756249899771114, 2.1772003942222344, 2.1703595620934637, 2.1667363945432276, 2.1723170985917197, 2.1775961438677434, 2.1811916539719522, 2.1868490737774193, 2.1944391313972194, 2.1999842680744135, 2.20908959684043, 2.217804154489184, 2.227284596228297, 2.2384978238447615, 2.250819305229427], "O35": 2.56415020237253, "O46": 2.0656282549707012, "O22": [2.598443095025905, 2.6037085893677467, 2.6125755640887034, 2.6224086732557965, 2.6257693231012014, 2.608678975705994, 2.5829290778254075, 2.5561379235723702, 2.5287200538739, 2.5053060834292245, 2.4631881756867733, 2.4715108454328925, 2.48048404181853, 2.4902006591041443, 2.5017914106659944, 2.5168270682465055, 2.5243192034017983, 2.533554480011846, 2.5414633615009268, 2.5399210859670025, 2.5415811218761726, 2.548627986525216, 2.5518799724374306, 2.5587985661143033, 2.5692438971020155, 2.5805615098491965, 2.6020712459638857, 2.6289307284334953, 2.662106043488684, 2.696810082721654, 2.736094840326271, 2.742268925653962, 2.7433770880369335, 2.7452759757526057, 2.747345767831813, 2.7519955619975804, 1.3474006785852124, 1.3427614407704997, 1.3395035959505874, 1.3371723433492964, 1.338004473997135, 1.3462148429184468, 1.351486102219393, 1.3570067951209432, 1.3662008081256058, 1.3676553653149661, 1.361339283848946, 1.35799404441293, 1.3631466604608782, 1.3680207575587942, 1.3713404611127773, 1.3765639081593026, 1.3835717430770496, 1.3886915200769958, 1.397098391811091, 1.4051444679336675, 1.4138976782494506, 1.4242507548619798, 1.435627072646521], "O21": [4.553999999999999, 4.553999999999999, 4.553999999999999, 4.553999999999999, 4.553999999999999, 4.553999999999999, 4.553999999999999, 4.553999999999999, 4.553999999999999, 4.553999999999999, 4.553999999999999, 4.553999999999999, 4.553999999999999, 4.553999999999999, 4.553999999999999, 4.553999999999999, 4.553999999999999, 4.553999999999999, 4.553999999999999, 4.553999999999999, 4.553999999999999, 4.553999999999999, 4.553999999999999, 4.553999999999999, 4.553999999999999, 4.553999999999999, 4.553999999999999, 4.553999999999999, 4.553999999999999, 4.553999999999999, 4.553999999999999, 4.553999999999999, 4.553999999999999, 4.553999999999999, 4.553999999999999, 4.553999999999999, 4.532, 4.531000000000001, 4.531000000000001, 4.531000000000001, 4.531000000000001, 4.531000000000001, 4.531000000000001, 4.531000000000001, 4.531000000000001, 4.531000000000001, 4.531000000000001, 4.531000000000001, 4.531000000000001, 4.531000000000001, 4.531000000000001, 4.531000000000001, 4.531000000000001, 4.531000000000001, 4.531000000000001, 4.531000000000001, 4.531000000000001, 4.531000000000001, 4.531000000000001], "mode": "3"}