{"O23": 3.7619431328086477, "O34": [3.195147470371017, 3.1738284313049627, 3.1589049832957894, 3.1585855657415696, 3.152304221882176, 3.1625640967672073, 3.152504724325235, 3.1444325724469007, 3.1338325884146823, 3.1239557204308506, 3.1053296765423477, 3.085008196912989, 3.080365375038796, 3.0762769375188252, 3.06156329642233, 3.0543168316932796, 3.0243985427766917, 3.017026362382819, 3.0021109852041366, 2.9659227812415807, 2.964926167783842, 2.969134517942302, 2.972691282593324, 2.960819048103291, 2.951676248624034, 2.932787638026146, 2.929605884422258, 2.9219543125593206, 2.934333645014429, 2.939586359872083, 2.9474234439518785, 2.9511697765317124, 2.9542196568917523, 2.956281084024554, 2.9600710431193593, 2.960189637961678, 2.962656103997318, 2.935931410355064, 2.913225915927502, 2.9139455703451786, 2.904488461960553, 2.903251972303733, 2.897815756653509, 2.8968018666948807, 2.8916405483800314, 2.8857290857501807, 2.8825408574451528, 2.885986587461859, 2.875360674252582, 2.87030603428817, 2.870387691379703, 2.8831814876971413, 2.8882106500290483, 2.9013727577743293, 2.9119937472766337, 2.920392855752425, 2.927598484687952, 2.9328170306853742, 2.94413458636261, 2.9544404217191413, 2.9544966230496157, 2.946840864966492, 2.9773929697791672, 2.997075269557989, 3.00422934472665, 3.0110569567151075, 3.0175149705058435, 3.0160000284720727, 3.0117903727669955, 3.008813520593562, 3.006757067469649, 2.9992224283108877, 3.002342334697943, 2.994122325129479, 2.9852232236074765, 2.979761891094633, 2.981041104470384, 2.9776492016378873, 2.967787508138223, 2.962288660425262, 2.962966168461312, 2.9631105861196527, 2.9278234403563483, 2.9123238674133978, 2.9118374837254657, 2.9055536209834925, 2.9051397172216142, 2.9112160622434526, 2.9122769649520186, 2.916313463886763, 2.917917140059372, 2.9190476996211747, 2.911647630137971, 2.907251922355962, 2.916686332769575, 2.9181637102614078, 2.9131091032946563, 2.914879363052719, 2.914023897118111, 2.910902860826482, 2.9118879519464524, 2.9103623831084073, 2.9061256930786312, 2.903253501172835, 2.899186008185857, 2.902838138043, 2.9008516362777907, 2.895497436945009, 2.892723015456882, 2.8894179760373073, 2.885602467018611, 2.8817740413351185, 2.885348759031891, 2.888284717011114, 2.8796771384207607, 2.877898810046181, 2.8767749555046573, 2.8739739781961022, 2.87505256527539, 2.877573994541107, 4.249070335656257, 4.245797853765767, 4.246358005625335, 4.249728318474514, 4.247631967733303, 4.249598550628364, 4.254605947564257, 4.257221346542913, 4.258989964845655, 4.262062950052691, 4.262569401445824, 4.26803350006303, 4.273831415257137, 4.280914756556089, 4.288774213676344, 4.290452715160222, 4.285812833475858, 4.284407894839738, 4.2807801570373805, 4.276751102429697, 4.274547829491991, 4.280778070958574, 4.284510259872591, 4.2834258146450095, 4.287185627737032, 4.296251372619692, 4.294335362373899, 4.2914451728375385, 4.2903244714812505, 4.285460012520536, 4.279853448802244, 4.276272721592458, 4.27240737611085, 4.265949843708032, 4.262199798383227, 4.262293896453846, 4.265846225788883, 4.265747461044775, 4.261483763522032, 4.262821462276124, 4.264083870556021, 4.263025157585988, 4.269786605777103, 4.275935688921254, 4.284317438033981, 4.273366451921545, 4.269058844697517, 4.2689090385941695, 4.269756379443008, 4.271913506096837, 4.2754257094414685, 4.275126761138174, 4.281030315483875, 4.290243955998949, 4.2938553063340255, 4.289737449646055, 4.287156074976815, 4.293781577351148, 4.308147732332955, 4.311166021057417, 4.310520690232917, 4.306957212134495, 4.299018902019939, 4.298511495549515, 4.29435009921877, 4.300774010290181, 4.307639341809581, 4.310661740167016, 4.3095808837330996, 4.3124235035104075, 4.31842062815587, 4.324267270974712, 4.326029617026413, 4.323490953023839, 4.31830620650686, 4.321771551774146, 4.325620403127355, 4.321218366103528, 4.316611098099028, 4.316320844180708, 4.318898532786045, 4.320304524589339, 4.319725247447715, 4.313978401585558, 4.306894058953108, 4.306185893071413, 4.308375335340562, 4.306377741378803, 4.303985601358476, 4.300293447273297, 4.289145198478921, 4.284214025566975, 4.279595722318937, 4.2786974294416655, 4.277960475439521, 4.27671221639352, 4.280149289255537, 4.276973287624795, 4.2694671931089125, 4.267011055695107, 4.2650575017900065, 4.267621648297821, 4.270245767293261, 4.271321887180949, 4.279005537428741, 4.279641924150347, 4.276809393893624, 4.282358679864462, 4.290898833243687, 4.295462055887203, 4.303222068465848, 4.305627160880425, 4.3058405850813495, 4.303447929454064, 4.30761999958107, 4.312444367204327, 4.308756026696617, 4.315199534727267, 4.326745231612879, 4.33570951010799], "O35": 3.6323338808645715, "O46": 2.9002755868712704,