{"O23": 5.0, "O34": [2.659431014706048, 2.659431014706048, 2.659431014706048, 2.659431014706048, 2.659431014706048, 2.659431014706048, 2.659431014706048, 2.659431014706048, 1.8176794730975752, 1.817320004951281, 1.817320004951281, 1.817320004951281, 1.817320004951281, 1.817320004951281, 1.817320004951281, 1.8176794730975752, 2.5176641540724716, 2.5176641540724716, 2.5176641540724716, 2.5176641540724716, 2.5176641540724716, 2.5176641540724716, 2.5176641540724716, 2.5176641540724716, 1.8110639355240001, 1.8110639355240001, 1.8110639355240001, 1.8110639355240001, 1.8110639355240001, 1.8110639355240001, 1.8110639355240001, 1.8110639355240001, 2.5999345878357327, 2.600131612235755, 2.600131612235755, 2.600131612235755, 1.8121414843919998, 1.8110639355240001, 1.8110639355240001, 1.8110639355240001, 1.8110639355240001, 1.8110639355240001, 1.8110639355240001, 1.8110639355240001, 2.467812100367581, 2.4680061216389606, 2.4680061216389606, 2.4680061216389606, 2.4680061216389606, 2.4680061216389606, 2.4680061216389606, 2.4680061216389606, 1.811782301436, 1.8110639355240001, 1.8110639355240001, 1.8110639355240001, 1.8110639355240001, 1.8110639355240001, 1.8110639355240001], "O35": 2.008198306251657, "O46": 1.9261720221137428, "O22": [1.8128947495084828, 1.8128947495084828, 1.8128947495084828, 1.8128947495084828, 1.8128947495084828, 1.8128947495084828, 1.8128947495084828, 1.8128947495084828, 1.055792368888683, 1.055792368888683, 1.055792368888683, 1.055792368888683, 1.055792368888683, 1.055792368888683, 1.055792368888683, 1.055792368888683, 1.6820026264321544, 1.6820026264321544, 1.6820026264321544, 1.6820026264321544, 1.6820026264321544, 1.6820026264321544, 1.6820026264321544, 1.6820026264321544, 1.05, 1.05, 1.05, 1.05, 1.05, 1.05, 1.05, 1.05, 1.7581441212459565, 1.7581441212459565, 1.7581441212459565, 1.7581441212459565, 1.05, 1.05, 1.05, 1.05, 1.05, 1.05, 1.05, 1.05, 1.6361537921984928, 1.6361537921984928, 1.6361537921984928, 1.6361537921984928, 1.6361537921984928, 1.6361537921984928, 1.6361537921984928, 1.6361537921984928, 1.05, 1.05, 1.05, 1.05, 1.05, 1.05, 1.05], "O21": [4.531000000000001, 4.531000000000001, 4.531000000000001, 4.531000000000001, 4.531000000000001, 4.531000000000001, 4.531000000000001, 4.531000000000001, 4.41, 4.408, 4.408, 4.408, 4.408, 4.408, 4.408, 4.41, 4.531000000000001, 4.531000000000001, 4.531000000000001, 4.531000000000001, 4.531000000000001, 4.531000000000001, 4.531000000000001, 4.531000000000001, 4.408, 4.408, 4.408, 4.408, 4.408, 4.408, 4.408, 4.408, 4.53, 4.531000000000001, 4.531000000000001, 4.531000000000001, 4.414, 4.408, 4.408, 4.408, 4.408, 4.408, 4.408, 4.408, 4.53, 4.531000000000001, 4.531000000000001, 4.531000000000001, 4.531000000000001, 4.531000000000001, 4.531000000000001, 4.531000000000001, 4.412, 4.408, 4.408, 4.408, 4.408, 4.408, 4.408], "mode": "3"}