{"O23": 5.0, "O34": [2.8312239059795337, 2.814195980904612, 2.814195980904612, 2.814195980904612, 2.814195980904612, 2.814195980904612, 2.814195980904612, 2.814195980904612, 2.814195980904612, 2.814195980904612, 2.7755501824517195, 2.752500771119086, 2.1783304848461045, 2.1783304848461045, 2.1783304848461045, 2.1783304848461045, 2.1783304848461045, 2.1783304848461045, 2.1783304848461045, 2.1783304848461045, 1.9732553918977218, 1.9731669072591997, 1.9731669072591997, 1.9731669072591997, 1.9731669072591997, 1.9731669072591997, 1.9731669072591997, 1.9731669072591997, 1.9731669072591997, 1.9731669072591997, 1.9748333679334564, 1.9770549098127121, 2.2891911656738926, 2.2891911656738926, 2.2891911656738926, 2.2891911656738926, 2.2891911656738926, 2.2891911656738926, 2.2891911656738926, 2.2891911656738926, 2.8441505270231873, 2.8441505270231873, 2.8441505270231873, 2.8441505270231873, 2.8441505270231873, 2.8441505270231873, 2.8441505270231873, 2.8441505270231873, 3.5023865230564373, 3.4994940483527612, 3.4994940483527612, 3.4994940483527612, 3.4994940483527612, 3.4994940483527612, 3.4994940483527612, 3.4994940483527612, 3.4994940483527612, 3.4994940483527612, 3.4926356673594365], "O35": 2.685444219249976, "O46": 2.653502575324982, "O22": [1.9672163990907245, 1.9515028769705398, 1.9515028769705398, 1.9515028769705398, 1.9515028769705398, 1.9515028769705398, 1.9515028769705398, 1.9515028769705398, 1.9515028769705398, 1.9515028769705398, 1.9158401872317827, 1.8945699835376169, 1.368698768267997, 1.368698768267997, 1.368698768267997, 1.368698768267997, 1.368698768267997, 1.368698768267997, 1.368698768267997, 1.368698768267997, 1.179354698813928, 1.1792730017082431, 1.1792730017082431, 1.1792730017082431, 1.1792730017082431, 1.1792730017082431, 1.1792730017082431, 1.1792730017082431, 1.1792730017082431, 1.1792730017082431, 1.18081163051544, 1.18286276102492, 1.4710554813558487, 1.4710554813558487, 1.4710554813558487, 1.4710554813558487, 1.4710554813558487, 1.4710554813558487, 1.4710554813558487, 1.4710554813558487, 1.9791452010331205, 1.9791452010331205, 1.9791452010331205, 1.9791452010331205, 1.9791452010331205, 1.9791452010331205, 1.9791452010331205, 1.9791452010331205, 2.586571287209857, 2.583902085587328, 2.583902085587328, 2.583902085587328, 2.583902085587328, 2.583902085587328, 2.583902085587328, 2.583902085587328, 2.583902085587328, 2.583902085587328, 2.5775731100384522], "O21": [4.553999999999999, 4.553999999999999, 4.553999999999999, 4.553999999999999, 4.553999999999999, 4.553999999999999, 4.553999999999999, 4.553999999999999, 4.553999999999999, 4.553999999999999, 4.553999999999999, 4.553999999999999, 4.531000000000001, 4.531000000000001, 4.531000000000001, 4.531000000000001, 4.531000000000001, 4.531000000000001, 4.531000000000001, 4.531000000000001, 4.531000000000001, 4.531000000000001, 4.531000000000001, 4.531000000000001, 4.531000000000001, 4.531000000000001, 4.531000000000001, 4.531000000000001, 4.531000000000001, 4.531000000000001, 4.531000000000001, 4.531000000000001, 4.531000000000001, 4.531000000000001, 4.531000000000001, 4.531000000000001, 4.531000000000001, 4.531000000000001, 4.531000000000001, 4.531000000000001, 4.553999999999999, 4.553999999999999, 4.553999999999999, 4.553999999999999, 4.553999999999999, 4.553999999999999, 4.553999999999999, 4.553999999999999, 4.553999999999999, 4.553999999999999, 4.553999999999999, 4.553999999999999, 4.553999999999999, 4.553999999999999, 4.553999999999999, 4.553999999999999, 4.553999999999999, 4.553999999999999, 4.553999999999999], "mode": "3"}