{"O23": 2.250179787116873, "O34": [4.776084522193726, 4.770774065514188, 4.765699165123533, 4.762269394338809, 4.763586613220622, 4.767711197500011, 4.771626070055019, 4.774089251203853, 4.776140548735391, 4.777265076455933, 4.777724121282279, 4.777992393758926, 4.777314365336343, 4.776036687094687, 4.77770162927096, 4.779151942443808, 4.779245891869638, 4.779546742504246, 4.779078886335025, 4.779577859633098, 4.781763928611982, 4.783858101244989, 4.786019974927798, 4.78844869455514, 4.788702093491484, 4.786557644779171, 4.784172840747437, 4.782788502790916, 4.781537016162926, 4.781395651710669, 4.780279767234652, 4.779221381402193, 4.779499641470987, 4.781190557175044, 4.78096706453904, 4.781935902494796, 4.783751056941106, 4.785276513159534, 4.786897737504266, 4.786129639270527, 4.8013049599411435, 4.81749390608533, 4.832121828926502, 4.8461957568414356, 4.852688273235429, 4.858720490740693, 4.865149290967433, 4.871901559715317, 4.875959709101853, 4.877462587726992, 4.882097987346778, 4.887640912293427, 4.892855305496055, 4.898927548307626, 4.904107940402014, 4.909849450380246, 4.9164940112397275, 4.924742457171599, 4.9341858851863165], "O35": 4.82910820877575, "O46": 2.5470585419802636, "O22": [3.761951234902694, 3.7570506978064224, 3.7523675341681386, 3.749202510898668, 3.7504180523075847, 3.754224255707328, 3.757836935245215, 3.760109980921533, 3.7620029366982983, 3.763040660973789, 3.763464271660424, 3.7637118359101773, 3.7630861451951025, 3.7619070922438826, 3.7634435158304664, 3.764781877845948, 3.764868575219495, 3.7651462028858727, 3.7647144610129324, 3.7651749180517173, 3.7671922421299477, 3.7691247634352423, 3.7711197598770507, 3.773361004151973, 3.7735948429652133, 3.7716159264426032, 3.769415207873543, 3.7681377283799518, 3.7669828452849483, 3.7668523928993656, 3.7658226446875123, 3.764845956740105, 3.7651027376295505, 3.7666631298207403, 3.766456888809924, 3.7673509411728316, 3.7690259819906733, 3.770433686683182, 3.771929767062361, 3.771220959116987, 3.785224881261901, 3.800164186093223, 3.8136629646070914, 3.8266505116297695, 3.832641864041986, 3.8382084485075443, 3.8441410030686343, 3.850372057284839, 3.854116953969066, 3.855503823855806, 3.859781412237298, 3.8648964731373465, 3.8697083619947574, 3.875311882172285, 3.880092394501781, 3.8853907114516892, 3.891522371861573, 3.899134111814465, 3.907848591960855], "O21": [4.553999999999999, 4.553999999999999, 4.553999999999999, 4.553999999999999, 4.553999999999999, 4.553999999999999, 4.553999999999999, 4.553999999999999, 4.553999999999999, 4.553999999999999, 4.553999999999999, 4.553999999999999, 4.553999999999999, 4.553999999999999, 4.553999999999999, 4.553999999999999, 4.553999999999999, 4.553999999999999, 4.553999999999999, 4.553999999999999, 4.553999999999999, 4.553999999999999, 4.553999999999999, 4.553999999999999, 4.553999999999999, 4.553999999999999, 4.553999999999999, 4.553999999999999, 4.553999999999999, 4.553999999999999, 4.553999999999999, 4.553999999999999, 4.553999999999999, 4.553999999999999, 4.553999999999999, 4.553999999999999, 4.553999999999999, 4.553999999999999, 4.553999999999999, 4.553999999999999, 4.553999999999999, 4.553999999999999, 4.553999999999999, 4.553999999999999, 4.553999999999999, 4.553999999999999, 4.553999999999999, 4.553999999999999, 4.553999999999999, 4.553999999999999, 4.553999999999999, 4.553999999999999, 4.553999999999999, 4.553999999999999, 4.553999999999999, 4.553999999999999, 4.553999999999999, 4.553999999999999, 4.553999999999999, 4.553999999999999], "mode": "3"}