{"O23": 4.594340904953616, "O34": [4.673800768843846, 4.665021326627211, 4.659220794697376, 4.658323404665775, 4.652141340860492, 4.6476934593537464, 4.644369722656838, 4.638279912598105, 4.631690374876254, 4.62351420527835, 4.605589420454584, 4.599212712333754, 4.590264495153429, 4.580196932926237, 4.57304208692169, 4.5640354438738955, 4.565182657531881, 4.565414836709324, 4.569274432721264, 4.566534770319698, 4.55916966766966, 4.558169932099834, 4.555727922530899, 4.550173196974892, 4.549727674481726, 4.547543934296209, 4.544176023008319, 4.545356658269197, 4.548839767451425, 4.55793304659024, 2.6524725038913326, 2.6524725038913326, 2.6524725038913326, 2.6524725038913326, 2.6524725038913326, 4.703249702064217, 4.703249702064217, 4.703249702064217, 4.703249702064217, 4.703249702064217, 2.7695438553465537, 2.7695438553465537, 2.7695438553465537, 2.7695438553465537, 2.7695438553465537, 4.713810990347926, 4.713810990347926, 4.713810990347926, 4.713810990347926, 4.713810990347926, 2.7159015488433953, 2.71570189760405, 2.71570189760405, 2.71570189760405, 2.71570189760405, 4.583132144062892, 4.583374119808901, 4.583374119808901, 4.583374119808901], "O35": 3.5799391712963384, "O46": 3.3071060853529803, "O22": [3.66756286910198, 3.6594611210107133, 3.6541083380740216, 3.653280218496918, 3.6475753545205216, 3.643470809537108, 3.64040363547575, 3.6347839040848395, 3.6287030195203065, 3.6211579768172313, 3.6046168244696317, 3.5987323409715097, 3.590474845828644, 3.5811844090280784, 3.5745818529054576, 3.566270441847596, 3.567329100909814, 3.567543357939049, 3.5711050277867704, 3.5685768427284366, 3.5617802598858646, 3.5608576949273236, 3.5586041865749944, 3.553478235966696, 3.5530671038105113, 3.5510519287637052, 3.5479439899932306, 3.549033490810627, 3.552247735232137, 3.56063909485253, 1.8064700163238927, 1.8064700163238927, 1.8064700163238927, 1.8064700163238927, 1.8064700163238927, 3.69473860904317, 3.69473860904317, 3.69473860904317, 3.69473860904317, 3.69473860904317, 1.9145609881836425, 1.9145609881836425, 1.9145609881836425, 1.9145609881836425, 1.9145609881836425, 3.704484660680908, 3.704484660680908, 3.704484660680908, 3.704484660680908, 3.704484660680908, 1.8648491716984212, 1.8648491716984212, 1.8648491716984212, 1.8648491716984212, 1.8648491716984212, 3.584116345605262, 3.584116345605262, 3.584116345605262, 3.584116345605262], "O21": [4.553999999999999, 4.553999999999999, 4.553999999999999, 4.553999999999999, 4.553999999999999, 4.553999999999999, 4.553999999999999, 4.553999999999999, 4.553999999999999, 4.553999999999999, 4.553999999999999, 4.553999999999999, 4.553999999999999, 4.553999999999999, 4.553999999999999, 4.553999999999999, 4.553999999999999, 4.553999999999999, 4.553999999999999, 4.553999999999999, 4.553999999999999, 4.553999999999999, 4.553999999999999, 4.553999999999999, 4.553999999999999, 4.553999999999999, 4.553999999999999, 4.553999999999999, 4.553999999999999, 4.553999999999999, 4.531000000000001, 4.531000000000001, 4.531000000000001, 4.531000000000001, 4.531000000000001, 4.553999999999999, 4.553999999999999, 4.553999999999999, 4.553999999999999, 4.553999999999999, 4.531000000000001, 4.531000000000001, 4.531000000000001, 4.531000000000001, 4.531000000000001, 4.553999999999999, 4.553999999999999, 4.553999999999999, 4.553999999999999, 4.553999999999999, 4.532, 4.531000000000001, 4.531000000000001, 4.531000000000001, 4.531000000000001, 4.553, 4.553999999999999, 4.553999999999999, 4.553999999999999], "mode": "3"}