{"O23": 4.594340904953616, "O34": [4.36864116269432, 4.36864116269432, 4.36864116269432, 4.36864116269432, 4.36864116269432, 2.1640840599396176, 2.1640840599396176, 2.1640840599396176, 2.1640840599396176, 2.1642711732552007, 4.323556832144136, 4.323556832144136, 4.323556832144136, 4.323556832144136, 4.323556832144136, 2.153638271309683, 2.153638271309683, 2.153638271309683, 2.153638271309683, 2.153825147199112, 4.544115768382277, 4.544115768382277, 4.544115768382277, 4.544115768382277, 4.544115768382277, 2.1592641794903025, 2.1592641794903025, 2.1592641794903025, 2.1592641794903025, 2.159451183253058, 4.474866094372368, 4.459565090332355, 4.4471172143589275, 4.438718236747976, 4.4373709218060045, 4.443199937678174, 4.4502989464872185, 4.454919970376399, 4.4571140893930385, 4.458945318180465, 4.454579405482478, 4.448992963430119, 4.434513895190793, 4.418055128548152, 4.399745643810924, 4.380150556243121, 4.370959720713237, 4.371332353154593, 4.374945837258768, 4.393948698056553, 4.396665500100447, 4.40321344601635, 4.409835959627571, 4.414877899334241, 4.414188147576221, 4.406117877136979, 4.393809603429061, 4.381554453253089, 4.3701039073593835, 4.356855570592654], "O35": 3.598555746467203, "O46": 3.336684192561752, "O22": [3.3859588451049727, 3.3859588451049727, 3.3859588451049727, 3.3859588451049727, 3.3859588451049727, 1.355545166686332, 1.355545166686332, 1.355545166686332, 1.355545166686332, 1.355545166686332, 3.344354620147617, 3.344354620147617, 3.344354620147617, 3.344354620147617, 3.344354620147617, 1.3459006598892695, 1.3459006598892695, 1.3459006598892695, 1.3459006598892695, 1.3459006598892695, 3.547888386483408, 3.547888386483408, 3.547888386483408, 3.547888386483408, 3.547888386483408, 1.3510950125236068, 1.3510950125236068, 1.3510950125236068, 1.3510950125236068, 1.3510950125236068, 3.483984165647195, 3.4698642617607325, 3.458377250066874, 3.4506265981291926, 3.449383283805787, 3.454762351980168, 3.4613133810375247, 3.4655777033657618, 3.467602456091099, 3.469292330455224, 3.465263427024373, 3.460108208148519, 3.4467467939975145, 3.431558496388019, 3.414662339506793, 3.396579816792554, 3.3880984312587104, 3.3884422998207455, 3.3917768553906145, 3.409312865925014, 3.4118199552400688, 3.417862458512699, 3.4239737735239686, 3.42862652074718, 3.427990011632922, 3.4205426936241254, 3.4091845081541, 3.397875345556248, 3.3873086790130693, 3.375082994913351], "O21": [4.553999999999999, 4.553999999999999, 4.553999999999999, 4.553999999999999, 4.553999999999999, 4.531000000000001, 4.531000000000001, 4.531000000000001, 4.531000000000001, 4.532, 4.553999999999999, 4.553999999999999, 4.553999999999999, 4.553999999999999, 4.553999999999999, 4.531000000000001, 4.531000000000001, 4.531000000000001, 4.531000000000001, 4.532, 4.553999999999999, 4.553999999999999, 4.553999999999999, 4.553999999999999, 4.553999999999999, 4.531000000000001, 4.531000000000001, 4.531000000000001, 4.531000000000001, 4.532, 4.553999999999999, 4.553999999999999, 4.553999999999999, 4.553999999999999, 4.553999999999999, 4.553999999999999, 4.553999999999999, 4.553999999999999, 4.553999999999999, 4.553999999999999, 4.553999999999999, 4.553999999999999, 4.553999999999999, 4.553999999999999, 4.553999999999999, 4.553999999999999, 4.553999999999999, 4.553999999999999, 4.553999999999999, 4.553999999999999, 4.553999999999999, 4.553999999999999, 4.553999999999999, 4.553999999999999, 4.553999999999999, 4.553999999999999, 4.553999999999999, 4.553999999999999, 4.553999999999999, 4.553999999999999], "mode": "3"}