{"O23": 5.0, "O34": [4.732882827446776, 4.710985014810732, 4.697164608226124, 4.689598550049014, 4.691007319020798, 4.685677205206843, 4.681316332093205, 4.6822038941342035, 4.687685359775819, 4.689801121155676, 4.678104620315201, 4.671377908779852, 4.655549428558599, 4.612943875557043, 4.578907820053148, 4.5778938106984155, 4.575464660265311, 4.583167755223507, 4.595232206115869, 4.597184691388534, 4.6066266234900874, 4.622515801569317, 4.652465819101993, 4.670177286408678, 4.68436331614801, 4.703365471585683, 4.721391307974901, 4.740597950850201, 4.72008018597464, 4.702989582662077, 4.7157722303541805, 4.707881614782469, 4.709470447492531, 4.715855233992221, 4.733695604034756, 4.740262166786804, 4.7293351559105785, 4.719840044791163, 4.721091005332838, 4.711320324693019, 4.699272967944248, 4.691689180179377, 4.669654163858155, 4.657427716683197, 4.638698967697698, 4.611096565923733, 4.578234364611792, 4.531242769092617, 4.525198137502227, 4.547271447801833, 4.539467909251992, 4.555269592676465, 4.56317818288499, 4.5651752993802175, 4.551899395915168, 4.541913889400004, 4.552974228053969, 4.556768077759985, 4.5303373976818895, 4.514603856640263, 4.488480080616906, 4.475300735063413, 4.456777109036047, 4.435632415586636, 4.415864206494566, 4.393566038334627, 4.3726729520484255, 4.354293414588768, 4.332283084131161, 4.3095994189280775, 4.277618940044029, 4.237954958020623, 4.199026718626242, 4.163271791904241, 4.133967832101595, 4.104469086393699, 4.0759479795618265, 4.043403557737164, 4.005908614530729, 3.9751781038060194, 3.93327756108943, 3.904181739599748, 3.882319772482692, 3.879138490577961, 3.877830139000036, 3.875836268205647, 3.8739187612100796, 3.871045871452026, 3.8719436061522985, 3.8716173437774004, 3.8671025205736473, 3.86189095079124, 3.859405353990108, 3.8599220490852457, 3.8676497746426115, 3.8786595061494236, 3.8691569237858134, 3.8664880680549634, 3.866720576544994, 3.8718577259654814, 3.8691168505401397, 3.8709852503099373, 3.8781043456775026, 3.87674841486405, 3.8757442684740235, 3.876572521313098, 3.8771124498463814, 3.8723472795709397, 3.8706347598340916, 3.8698093319204823, 3.8760467972055777, 3.8857058825184416, 3.8943414796546225, 3.8995015882962103, 3.8946379665595314, 3.8811648998869344, 3.893503840391935, 3.8994336613696743, 3.905291656998144, 3.9027626485578866, 4.553888957020066, 4.560522362258196, 4.542353494347143, 4.529771149152314, 4.51657044967218, 4.542851220924279, 4.5602062595103945, 4.55775354947449, 4.547105634442695, 4.538902245064191, 4.534855601710759, 4.554457519115716, 4.558119722828398, 4.569881439661484, 4.581811431993794, 4.585916221057047, 4.588629439944982, 4.583223838700505, 4.5729196886023455, 4.542747280888266, 4.51236571908369, 4.506644893936875, 4.517672973725528, 4.523575205690219, 4.5343484232662465, 4.529041624792345, 4.536549842538867, 4.544646534698251, 4.555814779403597, 4.562532460519783, 4.552253945706495, 4.524399674496652, 4.519370608708221, 4.509711848980255, 4.503251230697789, 4.508001226067152, 4.515251844674812, 4.521294763713645, 4.530879631608259, 4.542623075749077, 4.550160941048909, 4.5550185462677995, 4.556079630151708, 4.550051827246305, 4.543172918602049, 4.53636099540476, 4.5161168458557395, 4.513652429971931, 4.504302096951357, 4.510029884880148, 4.519157240257492, 4.530585038399559, 4.5504049765187, 4.577636192929875, 4.596615102621944, 4.60930376052397, 4.621004898223461, 4.6308891616910905, 4.644226838377477, 4.660815663900594, 4.681406058261684, 4.69341682883155, 4.689861192854658, 4.689170111594737, 4.693911850520738, 4.68388838089047, 4.681620758765146, 4.684557360046395, 4.687974648873839, 4.680884426363313, 4.675485846174108, 4.675810012233695, 4.671720943883848, 4.650077881149194, 4.621862186100116, 4.601079878618645, 4.583642292834438, 4.56295066782482, 4.536639017466008, 4.5101582473457285, 4.486060518645653, 4.4658089897020865, 4.468227341879524, 4.474018116731804, 4.486362973366546, 4.508171765562619, 4.505034365131206, 4.487027013011615, 4.480530429843, 4.48661168067285, 4.493751055932523, 4.490605536180454, 4.48086437147837, 4.476361438372083, 4.483745647683448, 4.4950016460347, 4.487627740277029, 4.490611443804162, 4.491052293930281, 4.49429431791328, 4.51443588947447, 4.523814804863608, 4.513918125440849, 4.5021413154419605, 4.477939823549577, 4.469805895431923, 4.474242392742338, 4.481829586758919, 4.4896126024437, 4.489754078611664, 4.4835349936136915, 4.47665215589094, 4.472245202264697, 4.481001943102423, 4.486909530420607, 4.505067991278411, 4.533161120722127, 4.547021142538204, 4.562626583514045, 4.565700927423158, 4.541968821757976, 4.534121631578122, 4.546656581583165, 4.567397261810362, 4.586278705900905, 4.573737653011551, 4.567667140213588, 4.566571118740017, 4.56941690470769, 4.577520332702443, 4.577662873483098, 4.572164162282599, 4.560349976357106, 4.555247952001352, 4.552721783319591, 4.520954993288153, 4.521196403095103, 4.537170917006741, 4.536289549082403, 4.533606890676525, 4.547440326058189, 4.5585217349196165, 4.56563899598099, 4.563290953673157, 4.559252912252929, 4.578165701959557, 4.608524805342672, 4.643988432500466, 4.670956481059481, 4.671023899642388, 4.6644291932760735, 4.663410629425366, 4.667994698051834, 4.665010757055392, 4.669044450752861, 4.674724853787824, 4.655736241549942, 4.635388985496535, 4.629287600976494, 4.626230521397106, 4.620642105879881, 4.620701659605292, 4.62666218556795, 4.657465372577674, 4.687613917706959, 4.681888069602035, 4.650548882465532, 4.607527545801209, 4.567266120551412, 4.541003471507074, 4.548268833363545, 4.561418859171592, 4.575935047159499, 4.586608825291009, 4.588563732917848, 4.601829931261056, 4.614227284542188, 4.621982993201598, 4.634978656317976], "O35": 4.4535823060553685, "O46": 4.419244563779026,