{"O23": 5.0, "O34": [2.3099064101452167, 2.3099064101452167, 2.3099064101452167, 2.3099064101452167, 2.309715982380055, 1.8110639355240001, 1.8110639355240001, 1.8110639355240001, 1.8110639355240001, 1.8119618929140002, 2.253615492298791, 2.253615492298791, 2.253615492298791, 2.253615492298791, 2.2534263439905073, 1.8110639355240001, 1.8110639355240001, 1.8110639355240001, 1.8110639355240001, 1.811782301436, 2.4457235362252496, 2.4457235362252496, 2.4457235362252496, 2.4457235362252496, 2.4457235362252496, 1.8110639355240001, 1.8110639355240001, 1.8110639355240001, 1.8110639355240001, 1.8110639355240001, 2.564328311189953, 2.564524526263484, 2.564524526263484, 2.564524526263484, 2.564524526263484, 1.8110639355240001, 1.8110639355240001, 1.8110639355240001, 1.8110639355240001, 1.8110639355240001, 2.5046095639051407, 2.50480442157855, 2.50480442157855, 2.50480442157855, 2.50480442157855, 1.811243527002, 1.8110639355240001, 1.8110639355240001, 1.8110639355240001, 1.8110639355240001, 2.411860008568208, 2.4120527580551037, 2.4120527580551037, 2.4120527580551037, 2.4120527580551037, 1.812500667348, 1.8110639355240001, 1.8110639355240001, 1.8110639355240001], "O35": 1.583920454215071, "O46": 1.6131260420488034, "O22": [1.4901816884029604, 1.4901816884029604, 1.4901816884029604, 1.4901816884029604, 1.4901816884029604, 1.05, 1.05, 1.05, 1.05, 1.05, 1.4382087681174642, 1.4382087681174642, 1.4382087681174642, 1.4382087681174642, 1.4382087681174642, 1.05, 1.05, 1.05, 1.05, 1.05, 1.615580472740084, 1.615580472740084, 1.615580472740084, 1.615580472740084, 1.615580472740084, 1.05, 1.05, 1.05, 1.05, 1.05, 1.7252684050267875, 1.7252684050267875, 1.7252684050267875, 1.7252684050267875, 1.7252684050267875, 1.05, 1.05, 1.05, 1.05, 1.05, 1.6701293460279725, 1.6701293460279725, 1.6701293460279725, 1.6701293460279725, 1.6701293460279725, 1.05, 1.05, 1.05, 1.05, 1.05, 1.584492532860299, 1.584492532860299, 1.584492532860299, 1.584492532860299, 1.584492532860299, 1.05, 1.05, 1.05, 1.05], "O21": [4.531000000000001, 4.531000000000001, 4.531000000000001, 4.531000000000001, 4.53, 4.408, 4.408, 4.408, 4.408, 4.413, 4.531000000000001, 4.531000000000001, 4.531000000000001, 4.531000000000001, 4.53, 4.408, 4.408, 4.408, 4.408, 4.412, 4.531000000000001, 4.531000000000001, 4.531000000000001, 4.531000000000001, 4.531000000000001, 4.408, 4.408, 4.408, 4.408, 4.408, 4.53, 4.531000000000001, 4.531000000000001, 4.531000000000001, 4.531000000000001, 4.408, 4.408, 4.408, 4.408, 4.408, 4.53, 4.531000000000001, 4.531000000000001, 4.531000000000001, 4.531000000000001, 4.409, 4.408, 4.408, 4.408, 4.408, 4.53, 4.531000000000001, 4.531000000000001, 4.531000000000001, 4.531000000000001, 4.416, 4.408, 4.408, 4.408], "mode": "3"}