{"O23": 5.0, "O34": [2.139101758530645, 2.1345753170927457, 2.1317074294696234, 2.129600472950866, 2.12969443414233, 2.1257416699645497, 2.1257416699645497, 2.1257416699645497, 2.1257416699645497, 2.1257416699645497, 2.123424617737907, 2.1204757727887085, 2.110768989403079, 2.103480097823266, 2.101281311439652, 2.096601729000681, 3.0920560710832024, 3.086831511478822, 3.084823061588342, 3.0866403358254666, 3.088422217621927, 3.079267202901541, 3.07685136397127, 3.0755315761868864, 3.0761901072303828, 3.07915016119909, 3.0823216444828696, 3.0834994601902808, 3.0782147377949234, 3.064888954633036, 3.05419710003127, 3.0396305222665254, 3.0338577342342425, 3.0315323724024106, 3.0195291712671217, 3.01836345994426, 3.003827793530315, 2.9869264193797838, 2.983858037098533, 2.975917692738019, 2.9689476870061307, 2.9697943157371323, 2.9657681989570785, 2.9589872422672165, 2.949327588319101, 2.9324507671317614, 2.9120408680927903, 2.896257906265526, 3.630652543283973, 3.642603023697775, 3.642603023697775, 3.642603023697775, 3.642603023697775, 3.642603023697775, 3.642603023697775, 3.642603023697775, 3.642603023697775, 3.642603023697775, 3.6445352709728733], "O35": 2.953763588072407, "O46": 2.9271026401918054, "O22": [1.3324792226699436, 1.3282999982225696, 1.3256521022470422, 1.323706767415353, 1.3237935209752654, 1.320143967807921, 1.320143967807921, 1.320143967807921, 1.320143967807921, 1.320143967807921, 1.3180046534161893, 1.3152820102378155, 1.3063198206265847, 1.2995900497232082, 1.297559929167132, 1.2932393109506448, 2.2079146625596255, 2.203093392055414, 2.2012399764664634, 2.202916973446298, 2.2045613099641677, 2.196112980194895, 2.1938836223428613, 2.1926657103275913, 2.193273408686216, 2.19600497306118, 2.1989316463061117, 2.200018545214257, 2.1951417559464446, 2.1828446036180322, 2.1729780642098877, 2.159535895483246, 2.154208714864275, 2.1520628500909007, 2.1409861883295584, 2.1399104594561376, 2.1264968160015076, 2.110900076210408, 2.1080685454961565, 2.1007411244391667, 2.0943091405794805, 2.095090417172703, 2.0913750804652964, 2.0851175527587005, 2.076203537379892, 2.0606294552836397, 2.0417950172291794, 2.0272303583700673, 2.7049363221301634, 2.71596433273644, 2.71596433273644, 2.71596433273644, 2.71596433273644, 2.71596433273644, 2.71596433273644, 2.71596433273644, 2.71596433273644, 2.71596433273644, 2.717747427867839], "O21": [4.531000000000001, 4.531000000000001, 4.531000000000001, 4.531000000000001, 4.531000000000001, 4.531000000000001, 4.531000000000001, 4.531000000000001, 4.531000000000001, 4.531000000000001, 4.531000000000001, 4.531000000000001, 4.531000000000001, 4.531000000000001, 4.531000000000001, 4.531000000000001, 4.553999999999999, 4.553999999999999, 4.553999999999999, 4.553999999999999, 4.553999999999999, 4.553999999999999, 4.553999999999999, 4.553999999999999, 4.553999999999999, 4.553999999999999, 4.553999999999999, 4.553999999999999, 4.553999999999999, 4.553999999999999, 4.553999999999999, 4.553999999999999, 4.553999999999999, 4.553999999999999, 4.553999999999999, 4.553999999999999, 4.553999999999999, 4.553999999999999, 4.553999999999999, 4.553999999999999, 4.553999999999999, 4.553999999999999, 4.553999999999999, 4.553999999999999, 4.553999999999999, 4.553999999999999, 4.553999999999999, 4.553999999999999, 4.553999999999999, 4.553999999999999, 4.553999999999999, 4.553999999999999, 4.553999999999999, 4.553999999999999, 4.553999999999999, 4.553999999999999, 4.553999999999999, 4.553999999999999, 4.553999999999999], "mode": "3"}