{"O23": 3.9745344741010187, "O34": [4.631067556719684, 4.6211801902409775, 4.612006957233397, 4.6035842551987125, 4.598629712600159, 4.591738010896528, 4.583743674659314, 4.576780456652273, 4.568550898018673, 4.560928578754856, 4.5366805032305955, 4.515497956088197, 4.497908995539501, 4.488029865045869, 4.479104151640219, 4.473434118718108, 4.472714491941061, 4.473680075215287, 4.475410760877158, 4.474918360126444, 4.470231125464315, 4.4672375646238915, 4.464526137431701, 4.459069615214668, 4.45369460357851, 4.452513656796627, 4.4522056619034185, 4.45247230850564, 4.4515870139828175, 4.454652588517104, 4.45532892456504, 4.457454422694548, 4.459904666644458, 4.458072216073111, 4.456855662614877, 4.455723257912742, 4.453888380597646, 4.452476364437796, 4.450587780890811, 4.448070762576136, 4.451156343091361, 4.454317009901626, 4.458247466747426, 4.464438430233019, 4.468129961075202, 4.469876667438724, 4.472829973077173, 4.4740493871407825, 4.4754015276382955, 4.474048041751745, 4.471808272732835, 4.471172951550232, 4.471888120917219, 4.472955961400647, 4.472299096653437, 4.471831057629231, 4.4733292871071475, 4.47358804611647, 4.473222234012954, 4.4771411690060035], "O35": 4.48002517486121, "O46": 3.607087111243268, "O22": [3.6281282773343366, 3.619004126788105, 3.610538985019861, 3.6027664399709836, 3.5981943435837134, 3.5918346193842448, 3.5844573741387475, 3.578031654052483, 3.5704373434679906, 3.5634033988251703, 3.541027057054466, 3.521479612394039, 3.5052483617021943, 3.496131811396925, 3.487895082939347, 3.4826627256584834, 3.4819986476084774, 3.4828896965220517, 3.4844867887873296, 3.48403239695425, 3.4797069747303557, 3.476944489913378, 3.474442360559726, 3.469407032874211, 3.4644469238844544, 3.4633571355926787, 3.4630729151403314, 3.4633189790185694, 3.4625020212855486, 3.465330960985696, 3.4659550899622547, 3.467916518716932, 3.470177625829944, 3.4684866239926495, 3.4673639775402942, 3.4663189843154756, 3.4646257430572645, 3.463322721869173, 3.46157992001805, 3.4592571929217923, 3.462104594320745, 3.4650212860268175, 3.4686483468881466, 3.474361423569428, 3.477768001369762, 3.4793798776823426, 3.4821052146375644, 3.4832305008822417, 3.4844782682716198, 3.48322925934516, 3.4811623803879237, 3.4805761002972884, 3.481236065009277, 3.4822214777934737, 3.481615317108021, 3.48118340649486, 3.4825659861068075, 3.4828047712435106, 3.4824671965504614, 3.486083624942641], "O21": [4.553999999999999, 4.553999999999999, 4.553999999999999, 4.553999999999999, 4.553999999999999, 4.553999999999999, 4.553999999999999, 4.553999999999999, 4.553999999999999, 4.553999999999999, 4.553999999999999, 4.553999999999999, 4.553999999999999, 4.553999999999999, 4.553999999999999, 4.553999999999999, 4.553999999999999, 4.553999999999999, 4.553999999999999, 4.553999999999999, 4.553999999999999, 4.553999999999999, 4.553999999999999, 4.553999999999999, 4.553999999999999, 4.553999999999999, 4.553999999999999, 4.553999999999999, 4.553999999999999, 4.553999999999999, 4.553999999999999, 4.553999999999999, 4.553999999999999, 4.553999999999999, 4.553999999999999, 4.553999999999999, 4.553999999999999, 4.553999999999999, 4.553999999999999, 4.553999999999999, 4.553999999999999, 4.553999999999999, 4.553999999999999, 4.553999999999999, 4.553999999999999, 4.553999999999999, 4.553999999999999, 4.553999999999999, 4.553999999999999, 4.553999999999999, 4.553999999999999, 4.553999999999999, 4.553999999999999, 4.553999999999999, 4.553999999999999, 4.553999999999999, 4.553999999999999, 4.553999999999999, 4.553999999999999, 4.553999999999999, 4.553999999999999], "mode": "3"}