{"O23": 5.0, "O34": [2.758411945919174, 2.759560409488307, 2.7632326212028895, 2.7604070161476324, 2.760027884201706, 2.762986385342653, 2.766620038643997, 2.7635100024361696, 2.7573574102407648, 2.7573664482472955, 2.7476425576575187, 2.748310207524487, 2.747715710818796, 2.7474154566749944, 2.745553595671352, 2.747819439729603, 2.7523687728886452, 2.75530435770454, 2.7546208225956432, 2.7546527295930265, 2.75551986981328, 2.754125902163809, 2.749260635214637, 2.752049159499613, 4.345938717930904, 4.344848879539906, 4.344848879539906, 4.344848879539906, 4.344848879539906, 4.344848879539906, 4.344848879539906, 4.344848879539906, 4.344848879539906, 4.344848879539906, 4.344172902901138, 4.3520195697496655, 4.897027009742879, 4.896204315566483, 4.894453374811435, 4.893933270381516, 4.892337296312458, 4.888532873778327, 4.885768071318196, 4.883370783891376, 4.879616987672203, 4.876282101764424, 4.870272294602002, 4.861546070502763, 4.858195649290943, 4.857902168153551, 4.856096394383615, 4.852747925987961, 4.849785997170358, 4.847470775675117, 4.845224890935446, 4.842473701085237, 4.837985193540037], "O35": 3.683147043281496, "O46": 3.6713376701486222, "O22": [1.9042829919556719, 1.905343358491037, 1.908733879982162, 1.9061250231378692, 1.9057749738731355, 1.908506532530298, 1.9118614533701228, 1.9089899836890745, 1.9033093482339312, 1.9033176929476245, 1.8943397084019447, 1.8949561437816134, 1.8944072500865567, 1.8941300280180915, 1.892410987767425, 1.8945030220977255, 1.898703382274337, 1.9014137824856834, 1.9007826803987722, 1.900812139855021, 1.9016127629620483, 1.9003257246209047, 1.895833665493234, 1.8982231911388827, 3.365008825275628, 3.364003112624848, 3.364003112624848, 3.364003112624848, 3.364003112624848, 3.364003112624848, 3.364003112624848, 3.364003112624848, 3.364003112624848, 3.364003112624848, 3.363379315314297, 3.370620289922275, 3.87355804812345, 3.8727988585520805, 3.871183074704986, 3.870703117668038, 3.8692303384699245, 3.8657195832028224, 3.8631681986727604, 3.86095596031465, 3.8574919234654677, 3.854414460812231, 3.8488685568122287, 3.8408159188774382, 3.8377241201061705, 3.8374532930779823, 3.835786908832509, 3.8326969121375303, 3.8299636176351743, 3.8278271104554373, 3.8257545878561814, 3.823215765164757, 3.8190737301083546], "O21": [4.531000000000001, 4.531000000000001, 4.531000000000001, 4.531000000000001, 4.531000000000001, 4.531000000000001, 4.531000000000001, 4.531000000000001, 4.531000000000001, 4.531000000000001, 4.531000000000001, 4.531000000000001, 4.531000000000001, 4.531000000000001, 4.531000000000001, 4.531000000000001, 4.531000000000001, 4.531000000000001, 4.531000000000001, 4.531000000000001, 4.531000000000001, 4.531000000000001, 4.531000000000001, 4.532, 4.553999999999999, 4.553999999999999, 4.553999999999999, 4.553999999999999, 4.553999999999999, 4.553999999999999, 4.553999999999999, 4.553999999999999, 4.553999999999999, 4.553999999999999, 4.553999999999999, 4.553999999999999, 4.553999999999999, 4.553999999999999, 4.553999999999999, 4.553999999999999, 4.553999999999999, 4.553999999999999, 4.553999999999999, 4.553999999999999, 4.553999999999999, 4.553999999999999, 4.553999999999999, 4.553999999999999, 4.553999999999999, 4.553999999999999, 4.553999999999999, 4.553999999999999, 4.553999999999999, 4.553999999999999, 4.553999999999999, 4.553999999999999, 4.553999999999999], "mode": "3"}