{"O23": 5.0, "O34": [5.0, 5.0, 5.0, 5.0, 5.0, 5.0, 5.0, 5.0, 5.0, 5.0, 5.0, 5.0, 4.9937933932011, 4.985853312934121, 4.9779753339970245, 4.969664729209272, 4.9631525448992555, 4.962872661309465, 4.9581162087714095, 4.929701595690245, 4.9072725308901335, 4.889358134969985, 4.89276681768654, 4.890320128570333, 4.892658630262414, 4.898246774817081, 4.899436891635705, 4.897334597326015, 4.892532374871009, 4.889404428171182, 4.8891066858492, 4.895360546884287, 4.9047492444650365, 4.912915843158323, 4.918503860134726, 4.9226220361054995, 4.920065137592816, 4.916260890815416, 4.9174490697427915, 4.924768476772054, 4.918643175493122, 4.895460412939332, 4.87876940463005, 4.867117187514347, 4.860801794355173, 4.858663777321448, 4.858099536087033, 4.856474498739284, 4.85457109504614, 4.85013526369787, 4.844029409314428, 4.836038862843856, 4.824662531726757, 4.818183180103378, 4.8183904710629974, 4.8117312989775245, 4.809481731149267, 4.808582837886992, 4.809298482377081, 4.807322975103866, 4.803822164291713, 4.815979477180753, 4.822234862163555, 4.830011377603947, 4.83615045744193, 4.837823886090069, 4.835968075906107, 4.833298674823916, 4.832430364138145, 4.8345827180992105, 4.837483463005406, 4.837534204700937, 4.835435070393843, 4.828280101683581, 4.818245902706221, 4.826534117641303, 4.830271560560927, 4.832746509734811, 4.833627918163943, 4.835960207465794, 4.8357030714445, 4.8312412621822265, 4.829531403441436, 4.824382458447413, 4.819676736970577, 4.812440149778859, 4.8139294825197485, 4.827359717563281, 4.84829214218673, 4.87305268690534, 4.896787271344953, 4.923499698851001, 4.95300922106007, 4.980745325455538, 4.999465390020429, 5.0, 5.0, 5.0, 5.0, 5.0, 5.0, 5.0, 5.0, 5.0, 5.0, 5.0, 5.0, 5.0, 5.0, 5.0, 5.0, 5.0, 5.0, 4.989677878950643, 4.978818955649945, 3.2246483141842543, 3.2246483141842543, 3.2246483141842543, 3.2246483141842543, 3.2246483141842543, 3.2246483141842543, 3.2246483141842543, 3.2246483141842543, 3.2246483141842543, 3.2238034371092263, 1.814676407638007, 1.814676407638007, 1.814676407638007, 1.814676407638007, 1.814676407638007, 1.814676407638007, 1.814676407638007, 1.814676407638007, 1.814676407638007, 1.8179105363511772, 3.117364208880013, 3.117364208880013, 3.117364208880013, 3.117364208880013, 3.117364208880013, 3.117364208880013, 3.117364208880013, 3.117364208880013, 3.117364208880013, 3.1179905511871757, 5.0, 5.0, 5.0, 5.0, 5.0, 5.0, 5.0, 5.0, 5.0, 5.0, 5.0, 5.0, 5.0, 5.0, 5.0, 5.0, 5.0, 5.0, 5.0, 5.0, 5.0, 5.0, 5.0, 5.0, 5.0, 5.0, 5.0, 5.0, 5.0, 5.0, 5.0, 5.0, 5.0, 5.0], "O35": 3.9657627967319264, "O46": 3.901234654123945, "O22": [4.023770077391415, 4.053307709224305, 4.048580191257927, 4.045629281784549, 4.032916388081583, 4.019415526602676, 4.00940091620899, 4.002280129863024, 3.9964165453980973, 3.9896428542558535, 3.9793162761715837, 3.9718241431254, 3.962854935458271, 3.9555277581091657, 3.9482578884247657, 3.9405887877216634, 3.9345792855799795, 3.9343210064907836, 3.92993170938961, 3.9037104493580546, 3.883012707013, 3.8664811416389204, 3.8696267046497743, 3.8673688779692146, 3.8695268683235837, 3.874683658283853, 3.8757819087678533, 3.8738418927064058, 3.8694103587149913, 3.8665238614205633, 3.8662491021329815, 3.872020221237571, 3.8806841956481763, 3.888220406234551, 3.8933770784644532, 3.8971773682194777, 3.8948178393184905, 3.8913072462412783, 3.8924037084218375, 3.8991581229353445, 3.8935056399278256, 3.872112378529672, 3.8567097662253476, 3.8459569956680912, 3.8401290941670156, 3.838156112855143, 3.837635425978786, 3.8361358269261934, 3.8343793489111526, 3.8302859239221556, 3.8246513866843714, 3.8172776386695526, 3.806779458188458, 3.8008002543447454, 3.8009915443031503, 3.7948464005227542, 3.792770479136288, 3.7919409723644235, 3.792601375524275, 3.790778359678266, 3.787547780033752, 3.79876665750493, 3.8045391829221504, 3.811715421180947, 3.8173806191664483, 3.8189248741454542, 3.817212315847938, 3.8147489685658647, 3.8139476836701407, 3.8159338952272654, 3.818610728666922, 3.8186575535590697, 3.8167204535763877, 3.8101177842198304, 3.800858135325715, 3.8085065744717777, 3.811955520349331, 3.814239425664809, 3.8150527972756856, 3.8172050547805805, 3.8169677673518, 3.812850369710556, 3.8112724967150147, 3.806521004052039, 3.802178522029576, 3.7955005344056363, 3.7968749040287877, 3.8092684454912558, 3.828585074845826, 3.8514343277895526, 3.873336815377693, 3.8979872832798756, 3.9252189352837488, 3.9508140614091167, 3.9680891050411167, 3.9756243358361245, 3.9804984303175472, 3.981896031485707, 3.9833539635711452, 3.9822367895603916, 3.9850650316891967, 3.9886699435918755, 3.995017016595774, 4.006914864628879, 4.007664212481573, 4.01880692581047, 4.028191915815054, 4.031292639250206, 4.0281859389241985, 4.020604525096521, 4.012187620110836, 3.9989496809563128, 3.9800765518557846, 3.959057101962648, 3.94926798277863, 2.3347550206433105, 2.3347550206433105, 2.3347550206433105, 2.3347550206433105, 2.3347550206433105, 2.3347550206433105, 2.3347550206433105, 2.3347550206433105, 2.3347550206433105, 2.3347550206433105, 1.0533447152925066, 1.0533447152925066, 1.0533447152925066, 1.0533447152925066, 1.0533447152925066, 1.0533447152925066, 1.0533447152925066, 1.0533447152925066, 1.0533447152925066, 1.0533447152925066, 2.2357005289739744, 2.2357005289739744, 2.2357005289739744, 2.2357005289739744, 2.2357005289739744, 2.2357005289739744, 2.2357005289739744, 2.2357005289739744, 2.2357005289739744, 2.2357005289739744, 4.063420709703932, 4.067957266754137, 4.068709303872403, 4.069076270246266, 4.069141814973713, 4.071555529178406, 4.0731788013107835, 4.0756929841838545, 4.078250847620317, 4.08184128914819, 4.087647153799003, 4.088215201544073, 4.089421647073712, 4.097985975281264, 4.107159065918684, 4.115262067814414, 4.115666938465216, 4.118865776435775, 4.120508702366875, 4.120534518592735, 4.114249150130138, 4.108491663575677, 4.105483068110569, 4.107196177385753, 4.115461122849012, 4.116061092784767, 4.116821550138786, 4.117024784981558, 4.116744212092078, 4.11480912883243, 4.100432543889164, 4.09120281572084, 4.080774051820129, 4.071810591981504, 4.068667522391016],