{"O23": 2.0693970447050605, "O34": [2.522696738354168, 2.508529710094405, 2.4992219335250447, 2.4892849934594397, 2.4885183140801184, 2.502007601003193, 2.498679186501123, 2.493354055320449, 2.494575844030898, 2.4884657513760207, 2.4832779846896016, 2.4804888101220426, 2.469711831016502, 2.461899255609216, 2.4547216121749007, 2.438570935375667, 2.4236707925979792, 2.4276551647928297, 2.420730316756082, 2.4127328430511925, 2.4161126215972635, 2.4164515164648335, 2.4173426360919685, 2.4171346970939744, 2.4149789774137105, 2.3993548345138396, 2.400757997081773, 2.403047288842165, 2.3984830711910434, 2.4020682803391082, 2.4078372672135617, 2.4164351128663246, 2.4193706020378696, 2.4213077782979724, 2.4199267487203477, 2.4251359243460793, 2.426982113283323, 2.425435030128656, 2.4225107479519927, 2.4183627292470886, 2.4159783823075798, 2.417846316443442, 2.4167819843312968, 2.4208290728147217, 2.4214258245625553, 2.4292076778812746, 2.431550785317728, 2.435340858269747, 2.444773000558066, 2.456399882020568, 2.4582799057742597, 2.458738501442702, 2.462999422746895, 2.466326506497604, 2.470167706023317, 2.470423225126127, 2.4764821199919735, 2.482455184387004, 2.487749275100949], "O35": 2.446658698644787, "O46": 1.5306180622051757, "O22": [1.6866491682138363, 1.6735688728731948, 1.6649750828235397, 1.655800391529281, 1.6550925230526163, 1.667547065646394, 1.6644739691645576, 1.659557321347266, 1.6606853883549337, 1.6550439923600184, 1.6502541719987909, 1.6476789511104484, 1.6377286589958513, 1.6305153753188102, 1.6238883188713182, 1.6089765378956833, 1.5952193642262107, 1.598898100803853, 1.592504448172625, 1.5851204494877296, 1.5882409699496054, 1.5885538686659748, 1.5893766317531266, 1.5891846434647765, 1.587194286025484, 1.5727686492703756, 1.5740641772006496, 1.576177860592661, 1.571963757692535, 1.575273950462309, 1.580600406424034, 1.5885387233645603, 1.5912490352683004, 1.593037613447465, 1.5917625207167763, 1.596572107767531, 1.5982766781340882, 1.5968482695639543, 1.5941483049821965, 1.5903184749893562, 1.5881170279680423, 1.5898416754894522, 1.588858986804703, 1.592595628792159, 1.5931466045482305, 1.6003315227851411, 1.6024948937279877, 1.6059942354859056, 1.6147028513341974, 1.6254378509849068, 1.6271736607464755, 1.6275970781827347, 1.6315311501744154, 1.634603017984965, 1.638149564468631, 1.6383854830585176, 1.6439796085751772, 1.6494944875563653, 1.654382475977707], "O21": [4.531000000000001, 4.531000000000001, 4.531000000000001, 4.531000000000001, 4.531000000000001, 4.531000000000001, 4.531000000000001, 4.531000000000001, 4.531000000000001, 4.531000000000001, 4.531000000000001, 4.531000000000001, 4.531000000000001, 4.531000000000001, 4.531000000000001, 4.531000000000001, 4.531000000000001, 4.531000000000001, 4.531000000000001, 4.531000000000001, 4.531000000000001, 4.531000000000001, 4.531000000000001, 4.531000000000001, 4.531000000000001, 4.531000000000001, 4.531000000000001, 4.531000000000001, 4.531000000000001, 4.531000000000001, 4.531000000000001, 4.531000000000001, 4.531000000000001, 4.531000000000001, 4.531000000000001, 4.531000000000001, 4.531000000000001, 4.531000000000001, 4.531000000000001, 4.531000000000001, 4.531000000000001, 4.531000000000001, 4.531000000000001, 4.531000000000001, 4.531000000000001, 4.531000000000001, 4.531000000000001, 4.531000000000001, 4.531000000000001, 4.531000000000001, 4.531000000000001, 4.531000000000001, 4.531000000000001, 4.531000000000001, 4.531000000000001, 4.531000000000001, 4.531000000000001, 4.531000000000001, 4.531000000000001], "mode": "3"}