{"O23": 5.0, "O34": [4.905153605259625, 4.905153605259625, 4.905153605259625, 4.905153605259625, 4.905153605259625, 2.993923693362437, 2.993923693362437, 2.993923693362437, 2.993923693362437, 2.994129668406826, 4.986014096414629, 4.986014096414629, 4.986014096414629, 4.986014096414629, 4.986014096414629, 3.016882324523376, 3.016882324523376, 3.016882324523376, 3.016882324523376, 3.017088821402897, 4.925222323950944, 4.925222323950944, 4.925222323950944, 4.925222323950944, 4.925222323950944, 2.9956592219140656, 2.9956592219140656, 2.9956592219140656, 2.9956592219140656, 2.9958652364059186, 4.798874254783824, 4.798874254783824, 4.798874254783824, 4.798874254783824, 4.7986273834156705, 2.9367395164329495, 2.9367395164329495, 2.9367395164329495, 2.9367395164329495, 2.936944191717248, 4.824381295219124, 4.824381295219124, 4.824381295219124, 4.824381295219124, 4.824133844395036, 2.832483092130111, 2.832483092130111, 2.832483092130111, 2.832483092130111, 2.8328877033338418, 4.776706003520352, 4.776706003520352, 4.776706003520352, 4.776706003520352, 4.776459635759224, 2.9182202365420777, 2.9182202365420777, 2.9182202365420777, 2.9182202365420777], "O35": 2.5911072541631466, "O46": 2.8127914845473603, "O22": [3.881057343419402, 3.881057343419402, 3.881057343419402, 3.881057343419402, 3.881057343419402, 2.121728962717077, 2.121728962717077, 2.121728962717077, 2.121728962717077, 2.121728962717077, 3.955676130548345, 3.955676130548345, 3.955676130548345, 3.955676130548345, 3.955676130548345, 2.1429264693991845, 2.1429264693991845, 2.1429264693991845, 2.1429264693991845, 2.1429264693991845, 3.8995769371862457, 3.8995769371862457, 3.8995769371862457, 3.8995769371862457, 3.8995769371862457, 2.1233313613013935, 2.1233313613013935, 2.1233313613013935, 2.1233313613013935, 2.1233313613013935, 3.782981804722091, 3.782981804722091, 3.782981804722091, 3.782981804722091, 3.782981804722091, 2.0689313040031734, 2.0689313040031734, 2.0689313040031734, 2.0689313040031734, 2.0689313040031734, 3.8065199306145305, 3.8065199306145305, 3.8065199306145305, 3.8065199306145305, 3.8065199306145305, 1.972672244161137, 1.972672244161137, 1.972672244161137, 1.972672244161137, 1.972672244161137, 3.762524743449993, 3.762524743449993, 3.762524743449993, 3.762524743449993, 3.762524743449993, 2.051832612165549, 2.051832612165549, 2.051832612165549, 2.051832612165549], "O21": [4.553999999999999, 4.553999999999999, 4.553999999999999, 4.553999999999999, 4.553999999999999, 4.531000000000001, 4.531000000000001, 4.531000000000001, 4.531000000000001, 4.532, 4.553999999999999, 4.553999999999999, 4.553999999999999, 4.553999999999999, 4.553999999999999, 4.531000000000001, 4.531000000000001, 4.531000000000001, 4.531000000000001, 4.532, 4.553999999999999, 4.553999999999999, 4.553999999999999, 4.553999999999999, 4.553999999999999, 4.531000000000001, 4.531000000000001, 4.531000000000001, 4.531000000000001, 4.532, 4.553999999999999, 4.553999999999999, 4.553999999999999, 4.553999999999999, 4.553, 4.531000000000001, 4.531000000000001, 4.531000000000001, 4.531000000000001, 4.532, 4.553999999999999, 4.553999999999999, 4.553999999999999, 4.553999999999999, 4.553, 4.531000000000001, 4.531000000000001, 4.531000000000001, 4.531000000000001, 4.533, 4.553999999999999, 4.553999999999999, 4.553999999999999, 4.553999999999999, 4.553, 4.531000000000001, 4.531000000000001, 4.531000000000001, 4.531000000000001, 4.531000000000001], "mode": "3"}