{"O23": 4.26235074726335, "O34": [4.366824606070138, 4.381026281835966, 4.365509207296087, 4.354891919868559, 4.351402352207553, 4.352863062241704, 4.362704996426258, 4.376951611542213, 4.39257320129633, 4.408960575272691, 4.428194399470454, 4.4442200420529545, 4.443896328986389, 4.444086506303517, 4.448098173060869, 4.450350706514185, 4.451520895013054, 4.451274568572582, 4.450486766801429, 4.4539960043109135, 4.453971588321271, 4.453939580805926, 4.4624239970231585, 4.4681735426320355, 4.471499456219084, 4.472828866123978, 4.470369361022735, 4.456794010741433, 4.443706816076712, 4.431575988904787, 4.416352992492075, 4.411134558144063, 4.416234325159152, 4.433481205984389, 4.436829382120565, 4.436789792492771, 4.447543392467491, 4.461431829050088, 4.475655336692147, 4.483054482733053, 4.483051570201016, 4.475755141510653, 4.482521446533688, 4.489416618316419, 4.4956520918897445, 4.505841792285322, 4.5188548684626815, 4.538105354607844, 4.55008288958041, 4.555298272071605, 4.5616440653604675, 4.5647649436104425, 4.566484259839922, 4.5549250780059864, 4.554330419386249, 4.560436451979894, 4.559089469706576, 4.558339812118752, 4.554391046347863, 4.553790872461883, 2.4463814473173398, 2.434870099292227, 2.426005708991677, 2.4174272929578295, 2.409823574725412, 2.4048891423702874, 2.3976260827753206, 2.3929386199851983, 2.39076354262748, 2.382931824327012, 2.377066282460473, 2.3917601239318707, 2.387916111769204, 2.391206326533827, 2.3833985370468374, 2.370542054585489, 2.3552559494746768, 2.343473387165146, 2.335403907794529, 2.3317961217408403, 2.325075877523459, 2.321341255987257, 2.3191316406420674, 2.314226967974075, 2.3126155354811173, 2.312108151787829, 2.311705396494835, 2.3053240064994776, 2.2984214715176132, 2.299004290095458, 2.2911336742332464, 2.2629382549758983, 2.252679758106127, 2.2385291728017105, 2.2378566532953887, 2.2356320136973595, 2.237415118653648, 2.241358334767706, 2.2426064085116137, 2.2431301065394513, 2.252418687372534, 2.2539593099973363, 2.249500172756022, 2.249143719119599, 2.247782174115244, 2.2406690768360558, 2.2355222096130465, 2.2352747139852855, 2.233229399964026, 2.2383176525388153, 2.2358018969043103, 2.2331942331606784, 2.2307995326857024, 2.229528112899362, 2.2251121358246246, 2.226362239650433, 2.221942540003201, 2.2137059673690866, 2.208515319767135, 2.20497832357351, 2.1960741938352735, 2.1932626398040456, 2.191941679737811, 2.189897777001009, 2.186860601726805, 2.1864655252444996, 2.187161046644655, 2.186578098538614, 2.183560780965096, 2.173773013131081, 2.1744260030928437, 2.175242372154687, 2.1762787843086406, 2.1716169963496217, 2.1663959757463362, 2.161297730565233, 2.1608148715827458, 2.1591452764239456, 2.15627995759457, 2.1515832206514065, 2.1473170001941853, 2.142950891590346, 2.1399650335350064, 2.1382719374302415, 2.132762572956627, 2.128385827895944, 2.124615421085504, 2.1212361935286146, 2.1209554944820095, 2.12103976220575, 2.1178658844778546, 2.1170888734077975, 2.115875606256585, 2.1154988468764517, 2.119309005855667, 2.1206622076525994, 2.121603192704949, 2.1245201192066454, 2.1288954335292813, 2.1338337343640825, 2.1359645769125217, 2.1396389128583015, 2.1409904966791506, 2.1411578458830194, 2.1430831194107407, 2.143529478903171, 2.143031301340795, 2.140647347679619, 2.1376789008979147, 2.13808840422816, 2.136746137483459, 2.1349078838537023, 2.1322793410423535, 2.1428764476093507, 2.1399291426605624, 2.1401023300096895, 2.140994238844597, 2.1402739145876315, 2.1344243205432676, 2.131454655700013, 2.131645675811356, 2.129884020592224, 2.128166307262695, 2.127324614286361, 2.1291843057379145, 2.1308334973679717, 2.1294181119930387, 2.1293446934191245, 2.132147019688911, 2.1289312779356506, 2.1287924900311515, 2.12856711682264, 2.129451079380378, 2.1186346707211756, 2.114653409879478, 2.112341600556114, 2.1090731235657643, 2.105426801033633, 2.1057982085987756, 2.104213405569867, 2.1023447935680917, 2.099892327977464, 2.1001286567746122, 2.0988912044634307, 2.09619833323284, 2.093852177089235, 2.0950326813467472, 2.093680846843211, 2.090784624873221, 2.09173476713667, 2.0923405856451316, 2.0924572161140684, 2.093975824536877, 2.0945674458764665, 2.0967450698359147, 2.098492790280593, 2.0977261497006316, 2.101009253772596, 2.0967810168201853, 2.0956279523212316, 2.0942177244127134, 2.0941611937164777, 2.092194047428252, 2.090915975880518, 2.08868110356882, 2.0877703408009376, 2.086205098350438, 2.0870520167583955, 2.0880293847615743, 2.0866448047966033, 2.0868158634963696, 2.087913438673985, 2.088617035791053, 2.0877147636380027, 2.0875551516482624, 2.08645541789582, 2.08832958348279, 2.0831596969264177, 2.089807613275559, 2.0974040952530553, 2.105575160671875, 2.111011544485885, 2.1193028933042006, 2.128826427988178, 2.1384248172855105, 2.141687071867041, 2.148454892612943, 2.161627577912666, 2.175364887587547, 2.1842911149075848, 2.1901091382421676, 2.198019752117482, 2.1992362036170983, 2.2055225050035236, 2.2070699788602868, 2.2074911753514743, 2.208208501719018, 2.2149635248367616, 2.2132133050726392, 2.207943207622597, 2.2003235444242923, 2.196821410698841, 2.1923452593424013, 2.186450263584326, 2.1806719674974673, 2.183088654136811, 2.180836837419986, 2.1738607759768156, 2.1621551554657237, 2.1568244338845393, 2.1544113684053032, 2.1469935488690135, 2.1474398119731104, 2.1427474020930224, 2.1449154117867835, 2.1465116412697527, 2.1460944819024492, 2.1447164027496957, 2.1458375570733788, 2.146984309534552, 2.154473779159408, 2.156941120330519, 2.1593959299019208, 2.159325403485018, 2.163624837408204, 2.1633725420814764, 2.167187169149284, 2.169516085087799, 2.1718038845326193, 2.1633067650042466, 2.163297853937902, 2.165163914795226, 2.1639998868228383, 2.166693813914073, 2.1660803401336306, 2.167252570102727, 2.1694619478454324, 2.170508931725669, 2.17186047599115], "O35": 2.2899413675015867, "O46": 2.042486820861508,