{"O23": 1.404719631613272, "O34": [5.0, 5.0, 5.0, 5.0, 5.0, 5.0, 5.0, 5.0, 5.0, 5.0, 5.0, 5.0, 5.0, 5.0, 5.0, 5.0, 5.0, 5.0, 5.0, 5.0, 5.0, 5.0, 5.0, 5.0, 5.0, 5.0, 5.0, 5.0, 5.0, 5.0, 5.0, 5.0, 5.0, 5.0, 5.0, 5.0, 5.0, 5.0, 5.0, 5.0, 5.0, 5.0, 5.0, 5.0, 5.0, 5.0, 5.0, 5.0, 5.0, 5.0, 5.0, 5.0, 5.0, 5.0, 5.0, 5.0, 5.0, 5.0, 5.0, 5.0, 5.0, 5.0, 5.0, 5.0, 5.0, 5.0, 5.0, 5.0, 5.0, 5.0, 5.0, 5.0, 5.0, 5.0, 5.0, 5.0, 5.0, 5.0, 5.0, 5.0, 5.0, 5.0, 5.0, 5.0, 5.0, 5.0, 5.0, 5.0, 5.0, 5.0, 5.0, 5.0, 5.0, 5.0, 5.0, 5.0, 5.0, 5.0, 5.0, 5.0, 5.0, 5.0, 5.0, 5.0, 5.0, 5.0, 5.0, 5.0, 5.0, 5.0, 5.0, 5.0, 5.0, 5.0, 5.0, 5.0, 5.0, 5.0, 5.0, 5.0, 5.0, 5.0, 5.0, 5.0, 5.0, 5.0, 5.0, 5.0, 5.0, 5.0, 5.0, 5.0, 5.0, 5.0, 5.0, 5.0, 5.0, 5.0, 5.0, 5.0, 5.0, 5.0, 5.0, 5.0, 5.0, 5.0, 5.0, 5.0, 5.0, 5.0, 5.0, 5.0, 5.0, 5.0, 5.0, 5.0, 5.0, 5.0, 5.0, 5.0, 5.0, 5.0, 5.0, 5.0, 5.0, 5.0, 5.0, 5.0, 5.0, 5.0, 5.0, 5.0, 5.0, 5.0, 5.0, 5.0, 5.0, 5.0, 5.0, 5.0], "O35": 4.999999999999998, "O46": 1.994227565934954, "O22": [4.157088358629272, 4.157109485517456, 4.163402474843093, 4.168328352399683, 4.169651445667658, 4.1679123177031725, 4.162030592570238, 4.155685435200039, 4.1589833462748675, 4.165574338716745, 4.162464414904006, 4.16163018640246, 4.159460125281559, 4.155621035529429, 4.150773255989743, 4.1517125293679245, 4.156512338137729, 4.161831427898538, 4.164415217411782, 4.161291213255578, 4.159161069673675, 4.158355503971881, 4.154135142203333, 4.1496769701832905, 4.1468877585497195, 4.145935181698058, 4.1485971877904575, 4.153684091911079, 4.151135842961606, 4.142854236486669, 4.14192480600611, 4.139243263122097, 4.139889204096065, 4.143094490386867, 4.144188961016106, 4.141502665690753, 4.139582497074896, 4.1333961441857126, 4.129975535013712, 4.127285115524962, 4.127746410943012, 4.127502999657752, 4.122946596933588, 4.121006354301431, 4.120335344899509, 4.121024262154648, 4.1220117360409985, 4.118502812516046, 4.114715213464984, 4.1130640254915045, 4.110215765122657, 4.108639186221383, 4.102555843322772, 4.097573882167926, 4.092645352291923, 4.088011836687869, 4.081841126887588, 4.078284848897712, 4.076658222706294, 4.077682642755585, 4.072637424646348, 4.068757586522191, 4.073475507006493, 4.077119384116226, 4.073619115767772, 4.069521835159531, 4.066132463341465, 4.065507159124011, 4.062856088350281, 4.061725441017963, 4.060645994969803, 4.059642028641445, 4.058383135267639, 4.05508484420294, 4.05596725181236, 4.062323478634036, 4.065693436518417, 4.07015112987216, 4.073754531785746, 4.078959746496778, 4.08087305130102, 4.083750175547719, 4.083260792752371, 4.077367343189699, 4.077757412302367, 4.07993298628936, 4.076898288269705, 4.075756504126509, 4.076098411933517, 4.073548697305129, 4.073317507159654, 4.07018747322725, 4.076127524745753, 4.081186870265652, 4.079840830395941, 4.079356750661773, 4.082013505402036, 4.081205446507027, 4.078578087136041, 4.076153633894107, 4.077398240006549, 4.068075898101034, 4.062204032272373, 4.05942157203137, 4.054932382003945, 4.047341229565937, 4.045377216665023, 4.050892173823508, 4.055890902428512, 4.06093132732235, 4.063026918993801, 4.069233838902676, 4.067192827607243, 4.06488664011269, 4.065766742444063, 4.061242151697833, 4.057244328826964, 4.0550842900020445, 4.054388884567996, 4.053317022761751, 4.055359617895664, 4.066852837853729, 4.072035974820789, 4.07960190495085, 4.092724487566917, 4.109627496437649, 4.124369789067417, 4.1279394597665835, 4.1309150373433745, 4.13330986400784, 4.1389244074836435, 4.144505779630079, 4.149800210706709, 4.158218132594847, 4.160871109118498, 4.166509319205625, 4.171221857763603, 4.176051184013764, 4.179446305246866, 4.182792750360895, 4.1829554030582505, 4.184757364120978, 4.1867648888002025, 4.188256606777995, 4.185495588497045, 4.179221394337227, 4.173668824139328, 4.170515758488534, 4.16621262460516, 4.163831253984163, 4.158625329990131, 4.153646769835618, 4.148870002743632, 4.142228793239916, 4.142072578521943, 4.140045416742036, 4.13605293057626, 4.134700501956575, 4.13442676116902, 4.1313131365718645, 4.129992517820484, 4.128581001761313, 4.1294300273078814, 4.13097104747091, 4.1324091363180075, 4.1349752070927215, 4.137002713267235, 4.138606687948954, 4.139089314242024, 4.139589441269542, 4.153838047734606, 4.155342631154881, 4.158506734239088, 4.16044696339649, 4.16350765419307, 4.166876804458803, 4.174128494168572, 4.178884010138123, 4.183636239601898, 4.18961214590978], "O21": [4.553999999999999, 4.553999999999999, 4.553999999999999, 4.553999999999999, 4.553999999999999, 4.553999999999999, 4.553999999999999, 4.553999999999999, 4.553999999999999, 4.553999999999999, 4.553999999999999, 4.553999999999999, 4.553999999999999, 4.553999999999999, 4.553999999999999, 4.553999999999999, 4.553999999999999, 4.553999999999999, 4.553999999999999, 4.553999999999999, 4.553999999999999, 4.553999999999999, 4.553999999999999, 4.553999999999999, 4.553999999999999, 4.553999999999999, 4.553999999999999, 4.553999999999999, 4.553999999999999, 4.553999999999999, 4.553999999999999, 4.553999999999999, 4.553999999999999, 4.553999999999999, 4.553999999999999, 4.553999999999999, 4.553999999999999, 4.553999999999999, 4.553999999999999, 4.553999999999999, 4.553999999999999, 4.553999999999999, 4.553999999999999, 4.553999999999999, 4.553999999999999, 4.553999999999999, 4.553999999999999, 4.553999999999999, 4.553999999999999, 4.553999999999999, 4.553999999999999, 4.553999999999999, 4.553999999999999, 4.553999999999999, 4.553999999999999, 4.553999999999999, 4.553999999999999, 4.553999999999999, 4.553999999999999, 4.553999999999999, 4.553999999999999, 4.553999999999999, 4.553999999999999, 4.553999999999999, 4.553999999999999, 4.553999999999999, 4.553999999999999, 4.553999999999999, 4.553999999999999, 4.553999999999999, 4.553999999999999, 4.553999999999999, 4.553999999999999, 4.553999999999999, 4.553999999999999, 4.553999999999999, 4.553999999999999, 4.553999999999999, 4.553999999999999, 4.553999999999999, 4.553999999999999, 4.553999999999999, 4.553999999999999, 4.553999999999999, 4.553999999999999, 4.553999999999999, 4.553999999999999, 4.553999999999999, 4.553999999999999, 4.553999999999999, 4.553999999999999, 4.553999999999999, 4.553999999999999, 4.553999999999999, 4.553999999999999, 4.553999999999999, 4.553999999999999, 4.553999999999999, 4.553999999999999, 4.553999999999999, 4.553999999999999, 4.553999999999999, 4.553999999999999, 4.553999999999999, 4.553999999999999, 4.553999999999999, 4.553999999999999, 4.553999999999999, 4.553999999999999, 4.553999999999999, 4.553999999999999, 4.553999999999999, 4.553999999999999, 4.553999999999999, 4.553999999999999, 4.553999999999999, 4.553999999999999, 4.553999999999999, 4.553999999999999, 4.553999999999999, 4.553999999999999, 4.553999999999999, 4.553999999999999, 4.553999999999999, 4.553999999999999, 4.553999999999999, 4.553999999999999, 4.553999999999999, 4.553999999999999, 4.553999999999999, 4.553999999999999, 4.553999999999999, 4.553999999999999, 4.553999999999999, 4.553999999999999, 4.553999999999999, 4.553999999999999, 4.553999999999999, 4.553999999999999, 4.553999999999999, 4.553999999999999, 4.553999999999999, 4.553999999999999, 4.553999999999999, 4.553999999999999, 4.553999999999999, 4.553999999999999, 4.553999999999999, 4.553999999999999, 4.553999999999999, 4.553999999999999, 4.553999999999999, 4.553999999999999, 4.553999999999999, 4.553999999999999, 4.553999999999999, 4.553999999999999, 4.553999999999999, 4.553999999999999, 4.553999999999999, 4.553999999999999, 4.553999999999999, 4.553999999999999, 4.553999999999999, 4.553999999999999, 4.553999999999999, 4.553999999999999, 4.553999999999999, 4.553999999999999, 4.553999999999999, 4.553999999999999, 4.553999999999999, 4.553999999999999, 4.553999999999999, 4.553999999999999, 4.553999999999999, 4.553999999999999, 4.553999999999999, 4.553999999999999, 4.553999999999999], "mode": "3"}