{"O23": 3.059244494747835, "O34": [4.481376760284682, 4.484348855948229, 4.504259450046685, 4.499449542672552, 4.485967999550298, 4.4745146554675985, 4.483868762368527, 4.494225999121007, 4.499146569798016, 4.515726462181252, 4.5211180365993595, 4.531333320274676, 4.543426313766761, 4.548100891086848, 4.5498538847640555, 4.55133728712655, 4.547675482375497, 4.542881209780972, 4.5403776090001635, 4.539639950966853, 4.5466647939221145, 4.546249131113594, 4.530815698722254, 4.531924875010203, 4.538299843470855, 4.544508724285012, 4.5321446863037185, 4.515547149868687, 4.502244141048817, 4.476826134070884, 4.466337304414747, 4.4598503983365, 4.4497983334019136, 4.445455315799035, 4.455535467210149, 4.467941780553536, 4.4849537666464165, 4.499046718424304, 4.482146146146158, 4.484932747764442, 4.494612622826573, 4.486479766837297, 4.475609800284669, 4.459902797277731, 4.4467721108116525, 4.436531764925159, 4.438356779105007, 4.444605509098974, 4.462674366795136, 4.468753788360498, 4.476548394587589, 4.483173806718981, 4.489101726432503, 4.4925073482908235, 4.470259686051477, 4.442552433890071, 4.404857012792239, 4.370871858981853, 4.38890076666854], "O35": 4.471240703428357, "O46": 2.9550749397898968, "O22": [3.4899922665978473, 3.4927349431569104, 3.511108618129963, 3.5066699924261884, 3.4942291034080806, 3.4836598546709783, 3.492291908491721, 3.5018496595446544, 3.5063904063377556, 3.521690479868027, 3.5266658731416527, 3.5360926286206538, 3.5472521515749214, 3.5515658934899528, 3.5531835717920437, 3.554552468808776, 3.551173322512189, 3.5467491247233927, 3.5444387794478383, 3.5437580619926843, 3.550240650134377, 3.5498570727632366, 3.5356149628053486, 3.5366385206410325, 3.5425213987651247, 3.5482510097180486, 3.536841364475952, 3.5215250088562913, 3.50924887289514, 3.485792907876419, 3.476113721710672, 3.47012754654819, 3.460851410788362, 3.456843635156808, 3.4661456893693114, 3.477594346695057, 3.493293160179529, 3.50629826259372, 3.490702262777656, 3.4932737637665543, 3.5022064393709025, 3.4947013668546987, 3.4846704641393735, 3.4701759007615474, 3.458058785415426, 3.448608902302965, 3.450293041771427, 3.456059425905209, 3.472733529992811, 3.47834367478878, 3.485536607387944, 3.4916505971796488, 3.4971209347066963, 3.500263673130095, 3.479733330696581, 3.4541648296718126, 3.4193791566879197, 3.388017351664247, 3.4046545895244704], "O21": [4.553999999999999, 4.553999999999999, 4.553999999999999, 4.553999999999999, 4.553999999999999, 4.553999999999999, 4.553999999999999, 4.553999999999999, 4.553999999999999, 4.553999999999999, 4.553999999999999, 4.553999999999999, 4.553999999999999, 4.553999999999999, 4.553999999999999, 4.553999999999999, 4.553999999999999, 4.553999999999999, 4.553999999999999, 4.553999999999999, 4.553999999999999, 4.553999999999999, 4.553999999999999, 4.553999999999999, 4.553999999999999, 4.553999999999999, 4.553999999999999, 4.553999999999999, 4.553999999999999, 4.553999999999999, 4.553999999999999, 4.553999999999999, 4.553999999999999, 4.553999999999999, 4.553999999999999, 4.553999999999999, 4.553999999999999, 4.553999999999999, 4.553999999999999, 4.553999999999999, 4.553999999999999, 4.553999999999999, 4.553999999999999, 4.553999999999999, 4.553999999999999, 4.553999999999999, 4.553999999999999, 4.553999999999999, 4.553999999999999, 4.553999999999999, 4.553999999999999, 4.553999999999999, 4.553999999999999, 4.553999999999999, 4.553999999999999, 4.553999999999999, 4.553999999999999, 4.553999999999999, 4.553999999999999, 4.553999999999999], "mode": "3"}