{"O23": 5.0, "O34": [4.966468806611772, 4.954159368163401, 4.946440205484733, 4.9370759750825, 4.931351204517204, 4.925761952027597, 4.920923513062157, 4.915896821055959, 4.909451852689321, 4.90383209936519, 4.885366938042802, 4.857261356947361, 4.845753924299977, 4.837434048040901, 4.8342290437790085, 4.819289441435933, 4.811965052449867, 4.806878740781801, 4.8020432387419945, 4.797448075615472, 4.7989364396506105, 4.797480659255459, 4.794607842913932, 4.794189360906523, 4.790841814731983, 4.788036868175721, 4.784335964824554, 4.78149016270638, 4.781082450210448, 4.780552697200262, 4.781989506852467, 4.782329526881167, 4.104683243502636, 4.104683243502636, 4.104683243502636, 4.104683243502636, 4.104683243502636, 4.104683243502636, 4.104683243502636, 4.104683243502636, 2.8502489359137675, 2.864543809902403, 2.8764301668287815, 2.886754835969168, 2.8949060998755805, 2.901971348422821, 2.9077723186118245, 2.913148747579113, 2.9108880365401255, 2.9057358601823053, 2.9107533376868515, 2.9239995060589754, 2.9385199386033944, 2.9538897118240666, 2.958664544880368, 2.9624361361280465, 2.968746473188461, 2.9785156583083428, 2.9776347042052698], "O35": 3.350495755440288, "O46": 3.386332664980216, "O22": [3.937639561658637, 3.926280301355665, 3.919156988740249, 3.9105155928616218, 3.905232723192243, 3.900074910819666, 3.8956099559073047, 3.8909712793989675, 3.8850238047332364, 3.8798378459167533, 3.8627980292852215, 3.8368619467442966, 3.826242784594146, 3.8185651280940744, 3.8156075213896203, 3.8018211222334233, 3.795062110325456, 3.7903684162579374, 3.7859061715669142, 3.7816657137826124, 3.783039189475401, 3.7816957822580988, 3.7790447215486345, 3.7786585425954513, 3.775569396934395, 3.772980967072047, 3.769565740236284, 3.7669396084946394, 3.7665633677433266, 3.766074506909891, 3.767400407755301, 3.7677141812901724, 3.1423761077035066, 3.1423761077035066, 3.1423761077035066, 3.1423761077035066, 3.1423761077035066, 3.1423761077035066, 3.1423761077035066, 3.1423761077035066, 1.9890752949213262, 2.0022736291238252, 2.013248200238566, 2.0227808784526857, 2.030306870307887, 2.0368301535228586, 2.042186139403817, 2.047150150026274, 2.0450628549685104, 2.0403058948515627, 2.044938488675837, 2.0571685620026003, 2.07057515247961, 2.0847659318977656, 2.089174494189977, 2.092656771949239, 2.098483051881471, 2.107502856477215, 2.1066894791309956], "O21": [4.553999999999999, 4.553999999999999, 4.553999999999999, 4.553999999999999, 4.553999999999999, 4.553999999999999, 4.553999999999999, 4.553999999999999, 4.553999999999999, 4.553999999999999, 4.553999999999999, 4.553999999999999, 4.553999999999999, 4.553999999999999, 4.553999999999999, 4.553999999999999, 4.553999999999999, 4.553999999999999, 4.553999999999999, 4.553999999999999, 4.553999999999999, 4.553999999999999, 4.553999999999999, 4.553999999999999, 4.553999999999999, 4.553999999999999, 4.553999999999999, 4.553999999999999, 4.553999999999999, 4.553999999999999, 4.553999999999999, 4.553999999999999, 4.553999999999999, 4.553999999999999, 4.553999999999999, 4.553999999999999, 4.553999999999999, 4.553999999999999, 4.553999999999999, 4.553999999999999, 4.531000000000001, 4.531000000000001, 4.531000000000001, 4.531000000000001, 4.531000000000001, 4.531000000000001, 4.531000000000001, 4.531000000000001, 4.531000000000001, 4.531000000000001, 4.531000000000001, 4.531000000000001, 4.531000000000001, 4.531000000000001, 4.531000000000001, 4.531000000000001, 4.531000000000001, 4.531000000000001, 4.531000000000001, 4.531000000000001], "mode": "3"}