{"O23": 2.285792540947563, "O34": [5.0, 5.0, 5.0, 5.0, 5.0, 5.0, 5.0, 5.0, 4.991511571803229, 4.98193107494699, 4.949230649667607, 4.903877044204725, 4.857713319264488, 4.8136563615505645, 4.763667157730836, 4.721870580245502, 4.665388474609757, 4.607387932409199, 4.610218069331667, 4.619692817976014, 4.625508101355406, 4.627763745846156, 4.628589711466185, 4.622688192983558, 4.614334437059666, 4.617558090959355, 4.620753469484478, 4.6290444845240595, 4.627651127911043, 4.616541789744333, 4.608183654979715, 4.611168194586774, 4.61297092374804, 4.616659509801492, 4.622615111366894, 4.617592257048086, 4.623744462558886, 4.628182154958825, 4.616294006043938, 4.600931172021783, 2.6586351196986535, 2.6512072877158035, 2.6630959013175874, 2.6604903478784374, 2.656847720527007, 2.656700874380658, 2.6619631853722603, 2.6594270087771514, 2.6511669881739284, 2.645302715946203, 2.6383986232501844, 2.6283866538181324, 2.6309521357802343, 2.6297813994836017, 2.6288420879789833, 2.6283635069653766, 2.6403501533912754, 2.617464610608125, 2.6114479303067943, 2.6001767346504203, 2.594312044457576, 2.5914449787432092, 2.5807828939837654, 2.5727494430221287, 2.5616243146484368, 2.5502487335456085, 2.534987120575725, 2.5252477774460598, 2.5229678883296973, 2.5195185346181797, 2.516342679533514, 2.5179816941932054, 2.514192303087787, 2.5124581517661473, 2.5118519275176427, 2.5042037400939545, 2.472427315372319, 2.445323349779344, 2.4429842477772916, 2.451919317101422, 1.8110639355240001, 1.8110639355240001, 1.8110639355240001, 1.8110639355240001, 1.8110639355240001, 1.8110639355240001, 1.8110639355240001, 1.8110639355240001, 1.8110639355240001, 1.8110639355240001, 1.8110639355240001, 1.8110639355240001, 1.8110639355240001, 1.8110639355240001, 1.8110639355240001, 1.8110639355240001, 1.8110639355240001, 1.8110639355240001, 1.8110639355240001, 1.8110639355240001, 1.8110639355240001, 1.8110639355240001, 1.8110639355240001, 1.8110639355240001, 1.8110639355240001, 1.8110639355240001, 1.8110639355240001, 1.8110639355240001, 1.8110639355240001, 1.8110639355240001, 1.8110639355240001, 1.8110639355240001, 1.8110639355240001, 1.8110639355240001, 1.8110639355240001, 1.8110639355240001, 1.8110639355240001, 1.8110639355240001, 1.8110639355240001, 1.8110639355240001, 1.8110639355240001, 1.8110639355240001, 1.8110639355240001, 1.8110639355240001, 1.8110639355240001, 1.8110639355240001, 1.8110639355240001, 1.8110639355240001, 1.8110639355240001, 1.8110639355240001, 1.8110639355240001, 1.8110639355240001, 1.8110639355240001, 1.8110639355240001, 1.8110639355240001, 1.8110639355240001, 1.8110639355240001, 1.8110639355240001, 1.8110639355240001, 1.8110639355240001, 1.8110639355240001, 1.8110639355240001, 1.8110639355240001, 1.8110639355240001, 1.8110639355240001, 1.8110639355240001, 1.8110639355240001, 1.8110639355240001, 1.8110639355240001, 1.8110639355240001, 1.8110639355240001, 1.8110639355240001, 1.8110639355240001, 1.8110639355240001, 1.8110639355240001, 1.8110639355240001, 1.8110639355240001, 1.8110639355240001, 1.8110639355240001, 1.8110639355240001, 1.8110639355240001, 1.8110639355240001, 1.8110639355240001, 1.8110639355240001, 1.8110639355240001, 1.8110639355240001, 1.8110639355240001, 1.8110639355240001, 1.8110639355240001, 1.8110639355240001, 1.8110639355240001, 1.8110639355240001, 1.8110639355240001, 1.8110639355240001, 1.8110639355240001, 1.8110639355240001, 1.8110639355240001, 1.8110639355240001, 1.8110639355240001, 1.8166312713419999, 4.455118789633009, 4.433365565227632, 4.431910281274643, 4.41963565675798, 4.4048425922571, 4.396836566430591, 4.396921058569514, 4.396414969076729, 4.393706953624146, 4.394225751633261, 4.424620098673681, 4.449174243151574, 4.4357156515186835, 4.441778248340674, 4.4365673747392975, 4.4207415658981, 4.400023464102366, 4.385539368364978, 4.382738015903626, 4.3835186903647125, 4.388214180977376, 4.392184910080762, 4.388317159197559, 4.415653770051439, 4.426569004887186, 4.440119938233873, 4.464562800147061, 4.471167869532609, 4.475598037970188, 4.492976183813589, 4.488725470487522, 4.490416377091301, 4.518953615326985, 4.517906258577747, 4.517847330624503, 4.5233511573585705, 4.528882510662012, 4.537833653847136, 4.5431540863649635, 4.554261252501617, 4.56713035522885, 4.584588857644443, 4.593331913106584, 4.582091337620331, 4.588961299851654, 4.594112332876987, 4.581433158458575, 4.576369567735084, 4.58027820527217, 4.569123608341035, 4.556928741509468, 4.549905949269589, 4.536348685938874, 4.535571778513897, 4.536137429015055, 4.5412029863556995, 4.551771063717659, 4.562877475759512, 4.586237713549175, 4.604748604162271, 4.616607298881302, 4.629925678280694, 4.652531195104531, 4.67026878160437, 4.689461958593003, 4.703215670298898, 4.716315208733676, 4.737165021062134, 4.774157537683115, 4.824297962739198, 4.87242848016234, 4.874695534257624, 4.868430761922935, 4.859155562547302, 4.849630110825934, 4.8390499416092645, 4.825958999025164, 4.813370427269011, 4.799248471505825, 4.7814662088215805, 4.766161309648235, 4.747372033750835, 4.722926399119007, 4.698810002221342, 4.6702511179548925, 4.639899965834346, 4.6144283204930865, 4.5947225755300725, 4.5490084350509346, 4.48301559369217, 4.409886966126678, 4.395031978386441, 4.396823390469245, 4.403434476924593, 4.416102310302184, 4.425547493861709, 4.433825811950288, 4.439432105638618, 4.434708587534438, 4.439995585514037, 4.442757217261602, 4.443863623027335, 4.452492477925608, 4.464988792668452, 4.478166515088, 4.48948208300883, 4.541304058039402, 4.595972346921608, 4.629881124427336, 4.636558717053137, 4.647316421009461, 4.659319110641523, 4.673157444131692, 4.685740061352877, 4.696212086271264, 4.712234390382119, 4.7317934794978305, 4.7585447846080635], "O35": 3.028753747997161, "O46": 1.8400890162114054,