{"O23": 5.0, "O34": [3.2691364361633486, 3.2691364361633486, 3.2691364361633486, 3.2691364361633486, 3.2691364361633486, 3.2691364361633486, 3.2691364361633486, 3.2691364361633486, 3.2691364361633486, 3.2689242057077816, 1.8110639355240001, 1.8110639355240001, 1.8110639355240001, 1.8110639355240001, 1.8110639355240001, 1.8110639355240001, 1.8110639355240001, 1.8110639355240001, 1.8110639355240001, 1.8126802588259998, 3.1161349642994636, 3.1161349642994636, 3.1161349642994636, 3.1161349642994636, 3.1161349642994636, 3.1161349642994636, 3.1161349642994636, 3.1161349642994636, 3.1161349642994636, 3.1157174586412553, 1.8110639355240001, 1.8110639355240001, 1.8110639355240001, 1.8110639355240001, 1.8110639355240001, 1.8110639355240001, 1.8110639355240001, 1.8110639355240001, 1.8110639355240001, 1.81232107587, 2.973409226378854, 2.973409226378854, 2.973409226378854, 2.973409226378854, 2.973409226378854, 2.973409226378854, 2.973409226378854, 2.973409226378854, 2.973409226378854, 2.9727927000881755, 1.8110639355240001, 1.8110639355240001, 1.8110639355240001, 1.8110639355240001, 1.8110639355240001, 1.8110639355240001, 1.8110639355240001, 1.8110639355240001, 1.8110639355240001, 1.8110639355240001, 1.8110639355240001], "O35": 2.143698789697523, "O46": 2.1381983975606422, "O22": [2.3758305210211694, 2.3758305210211694, 2.3758305210211694, 2.3758305210211694, 2.3758305210211694, 2.3758305210211694, 2.3758305210211694, 2.3758305210211694, 2.3758305210211694, 2.3758305210211694, 1.05, 1.05, 1.05, 1.05, 1.05, 1.05, 1.05, 1.05, 1.05, 1.05, 2.2345655780255713, 2.2345655780255713, 2.2345655780255713, 2.2345655780255713, 2.2345655780255713, 2.2345655780255713, 2.2345655780255713, 2.2345655780255713, 2.2345655780255713, 2.2345655780255713, 1.05, 1.05, 1.05, 1.05, 1.05, 1.05, 1.05, 1.05, 1.05, 1.05, 2.102788131797495, 2.102788131797495, 2.102788131797495, 2.102788131797495, 2.102788131797495, 2.102788131797495, 2.102788131797495, 2.102788131797495, 2.102788131797495, 2.102788131797495, 1.05, 1.05, 1.05, 1.05, 1.05, 1.05, 1.05, 1.05, 1.05, 1.05, 1.05], "O21": [4.531000000000001, 4.531000000000001, 4.531000000000001, 4.531000000000001, 4.531000000000001, 4.531000000000001, 4.531000000000001, 4.531000000000001, 4.531000000000001, 4.53, 4.408, 4.408, 4.408, 4.408, 4.408, 4.408, 4.408, 4.408, 4.408, 4.417, 4.531000000000001, 4.531000000000001, 4.531000000000001, 4.531000000000001, 4.531000000000001, 4.531000000000001, 4.531000000000001, 4.531000000000001, 4.531000000000001, 4.529, 4.408, 4.408, 4.408, 4.408, 4.408, 4.408, 4.408, 4.408, 4.408, 4.415, 4.531000000000001, 4.531000000000001, 4.531000000000001, 4.531000000000001, 4.531000000000001, 4.531000000000001, 4.531000000000001, 4.531000000000001, 4.531000000000001, 4.5280000000000005, 4.408, 4.408, 4.408, 4.408, 4.408, 4.408, 4.408, 4.408, 4.408, 4.408, 4.408], "mode": "3"}