{"O23": 5.0, "O34": [5.0, 5.0, 5.0, 5.0, 5.0, 5.0, 5.0, 5.0, 5.0, 5.0, 5.0, 5.0, 5.0, 5.0, 5.0, 5.0, 5.0, 5.0, 5.0, 5.0, 5.0, 5.0, 5.0, 5.0, 5.0, 5.0, 5.0, 5.0, 5.0, 5.0, 5.0, 5.0, 5.0, 5.0, 5.0, 5.0, 5.0, 5.0, 5.0, 5.0, 5.0, 5.0, 5.0, 5.0, 5.0, 5.0, 5.0, 5.0, 5.0, 5.0, 5.0, 5.0, 5.0, 5.0, 5.0, 5.0, 4.99337300101274, 4.9899430879622, 4.988010024870955, 4.985821852253886, 4.9845775715356995, 4.979275258593334, 4.976405508671963, 4.975110001833578, 4.974003956210349, 4.971804973911485, 4.973478733292088, 4.973404606251172, 4.9723343825254585, 4.971510254759683, 4.968481725053227, 4.96775313630952, 4.970106518441332, 4.970071419827054, 4.969065128495791, 4.966620355714887, 4.969224448922062, 4.968829799040978, 4.962887887412677, 4.955946120697342, 4.9501200737693996, 4.946494991576858, 4.944673876081346, 4.9419680159826145, 4.93695975482551, 4.93674858954423, 4.939964264103168, 4.940348355021015, 4.937992486767366, 4.938152326554347, 4.934435799670475, 4.938418098061508, 4.933871391452729, 4.92586109778085, 4.919148300119293, 4.923885052224128, 4.929246794949496, 4.925873505043029, 4.929885167992253, 4.949469847134412, 4.96581575219744, 4.978002768733421, 4.985848460068052, 4.992763961786445, 5.0, 5.0, 4.995900982472526, 4.999294165080494, 5.0, 5.0, 5.0, 5.0, 5.0, 5.0, 5.0, 5.0, 5.0, 5.0, 5.0, 5.0, 5.0, 5.0, 5.0, 5.0, 5.0, 5.0, 5.0, 5.0, 5.0, 5.0, 5.0, 5.0, 5.0, 5.0, 5.0, 5.0, 5.0, 5.0, 5.0, 5.0, 5.0, 5.0, 5.0, 5.0, 5.0, 5.0, 5.0, 5.0, 5.0, 5.0, 5.0, 5.0, 5.0, 5.0, 5.0, 5.0, 5.0, 5.0, 5.0, 5.0, 5.0, 5.0, 5.0, 5.0, 5.0, 5.0, 5.0, 5.0, 5.0, 5.0, 5.0, 5.0, 5.0, 5.0, 5.0, 5.0, 5.0, 5.0, 5.0, 5.0, 5.0, 5.0, 5.0, 5.0, 5.0, 5.0, 5.0, 5.0, 5.0, 4.996106534083253, 4.994869997599536, 5.0, 5.0, 5.0, 5.0, 5.0, 5.0, 5.0, 5.0, 5.0, 5.0, 5.0, 5.0, 5.0, 5.0, 5.0, 5.0, 5.0, 5.0, 5.0, 5.0, 5.0, 5.0, 5.0, 5.0, 5.0, 5.0, 5.0, 5.0, 5.0, 5.0, 5.0, 5.0, 5.0, 5.0, 5.0, 5.0, 5.0, 5.0, 5.0, 5.0, 5.0, 5.0, 5.0, 5.0, 5.0, 5.0, 5.0, 5.0], "O35": 4.993127250746004, "O46": 4.860675967097003, "O22": [4.045157439868206, 4.049099740535366, 4.044855290749946, 4.041272523659743, 4.034228012919459, 4.0269057082903466, 4.019428742216018, 4.013201949005038, 4.007955579066108, 4.009020743226968, 4.0073656282812395, 4.005685864398171, 4.003857222459071, 4.007733754396094, 4.014096487697698, 4.01554535214527, 4.013002116722116, 4.01887618979197, 4.013080916796782, 4.007421173701156, 4.00797488318711, 4.007763231061913, 4.01482166891619, 4.017903049862461, 4.022065816115094, 4.028337250630241, 4.036133933650367, 4.043405938272406, 4.049063530583052, 4.046261104732252, 4.043587498138055, 4.039171910608051, 4.034035982665286, 4.029504062961895, 4.02482877459742, 4.026168290098743, 4.0263724981208275, 4.019416752779692, 4.02080436081542, 4.02081457348882, 4.018112126250621, 4.0157093304977876, 4.006425515959466, 4.0003326744638885, 3.996915831230325, 3.992661281379619, 3.9847087309614517, 3.977393462548445, 3.9721368432505617, 3.970441482646673, 3.971291475863429, 3.9715131298526605, 3.97304851638909, 3.971624525190882, 3.971083733656409, 3.968643798823176, 3.9624669937729577, 3.9593018392193158, 3.9575179912454517, 3.95549872591102, 3.9543504924942696, 3.949457470511767, 3.946809239522351, 3.9456137341820203, 3.944593065351845, 3.942563824746013, 3.944108384927905, 3.9440399798291037, 3.9430523677675318, 3.9422918552670123, 3.939497100866541, 3.938824752633249, 3.940996474790985, 3.9409640854746457, 3.9400354708006, 3.937779412531459, 3.940182493120193, 3.9398183066671253, 3.934335057275513, 3.927929132633806, 3.922552804227811, 3.919207545837881, 3.9175270041103225, 3.91503001212049, 3.9104083437651527, 3.91021347854794, 3.9131809318982955, 3.9135353744453, 3.9113613580720155, 3.9115088596623346, 3.908079215290339, 3.9117541159949956, 3.9075583743202653, 3.9001664034108074, 3.8939717734674004, 3.8983428908319455, 3.903290755151708, 3.9001778529437265, 3.9038798515262907, 3.9219527692519085, 3.937036917182569, 3.948283205445796, 3.9555232798407927, 3.961904966907539, 3.9696764766827046, 3.969850386323563, 3.9647998377579405, 3.967931097129445, 3.972808389780471, 3.9729630764825106, 3.974114795275715, 3.970138140578699, 3.969389072730297, 3.9704232023653687, 3.9706273340027134, 3.972647301243684, 3.9703292534015993, 3.9777565291329844, 3.9889167061086446, 3.9876224822341313, 3.98344705550873, 3.979355903448961, 3.977979802756794, 3.9785729972960415, 3.9807943261973406, 3.98275801366814, 3.998075079537952, 4.000095090206178, 4.00776982419538, 4.009696015800259, 4.012261164518218, 4.013952767729791, 4.014793134128839, 4.024285778078205, 4.033267071558063, 4.027315923527708, 4.030289044537763, 4.02910408628461, 4.021081745430764, 4.012533473672626, 4.008594247175186, 4.006886631983693, 4.006463206333996, 4.006969420980081, 4.004799546391988, 4.007352092204477, 3.9960442516804506, 3.9931083699652468, 3.984955906125779, 3.9867370719431383, 4.0014222520733576, 4.013180251322035, 4.025446536479891, 4.012140353502299, 4.002369989685041, 4.004239185193509, 4.001791030116279, 4.002090165839572, 4.001523421070333, 4.002815417430284, 4.003357875148371, 4.002949527354676, 4.003258796829364, 4.007099537520368, 4.007163053893085, 4.011339237904791, 4.015181558214972, 4.021759240739221, 4.025295826350109, 4.026206477691677, 4.017488226357473, 4.003388934035947, 3.9865173168170416, 3.9926552553606784, 3.9978117937123216, 3.9954028243679347, 3.99248912916589, 3.9897284780960383, 3.9894212236007704, 3.990444859469894, 3.996030114036297, 3.997418774174454, 3.997420729662808, 3.98874396184694, 3.9894509093532053, 3.988299407307675, 3.982655736375911, 3.9751006975535024, 3.971528417839077, 3.9649895226295726, 3.9638484356619115, 3.9730612008723964, 3.9792172388952722, 3.9838793385045346, 3.988737678315952, 3.9918461594015593, 3.995603232996933, 4.000938684296907, 4.007157455659265, 4.002243024841484, 3.9914422686862325, 3.985351511465927, 3.9814769866908395, 3.9803869904049485, 3.9733591844032676, 3.974396976432318, 3.9804756286208125, 3.978267923539749, 3.975615488655215, 3.9786214956701436, 3.977926569210462, 3.975771595832277, 3.977997464219296, 3.982004199957219, 3.9831652006503337, 3.98492701719307, 3.9903467461143083, 3.9895838692992474, 3.9875268215628212, 3.999663748915112, 4.007994775751325, 4.012637770937925, 4.014063727978344, 4.017139138934495, 4.019315158343308, 4.011362853916843, 4.006257841178674, 4.010101812618882, 4.037842763616243, 4.042249459230203, 4.043527918186603, 4.044348767920824, 4.045630111466525, 4.042771107292213, 4.0411129485486565, 4.040486475658739, 4.0338340004523925, 4.032908840921985, 4.0339553470580825],