{"O23": 3.3913218045519042, "O34": [5.0, 5.0, 5.0, 5.0, 5.0, 5.0, 5.0, 5.0, 5.0, 5.0, 5.0, 5.0, 5.0, 5.0, 5.0, 5.0, 5.0, 5.0, 5.0, 5.0, 5.0, 5.0, 5.0, 5.0, 5.0, 5.0, 5.0, 5.0, 5.0, 5.0, 5.0, 5.0, 5.0, 5.0, 5.0, 5.0, 5.0, 5.0, 5.0, 5.0, 5.0, 5.0, 5.0, 5.0, 5.0, 5.0, 5.0, 5.0, 5.0, 5.0, 5.0, 5.0, 5.0, 5.0, 5.0, 5.0, 5.0, 5.0, 5.0, 5.0, 5.0, 5.0, 5.0, 5.0, 5.0, 5.0, 5.0, 5.0, 5.0, 5.0, 5.0, 5.0, 5.0, 5.0, 5.0, 5.0, 5.0, 5.0, 5.0, 5.0, 5.0, 5.0, 5.0, 5.0, 5.0, 5.0, 5.0, 5.0, 5.0, 5.0, 5.0, 5.0, 5.0, 5.0, 5.0, 5.0, 5.0, 5.0, 5.0, 5.0, 5.0, 5.0, 5.0, 5.0, 5.0, 3.1430004643912586, 3.1430004643912586, 3.1430004643912586, 3.1430004643912586, 3.1430004643912586, 3.1430004643912586, 3.1430004643912586, 3.1430004643912586, 3.1430004643912586, 3.142372373996588, 1.8110639355240001, 1.8110639355240001, 1.8110639355240001, 1.8110639355240001, 1.8110639355240001, 1.8110639355240001, 1.8110639355240001, 1.8110639355240001, 1.8110639355240001, 1.814476173606, 3.0332168734207885, 3.0332168734207885, 3.0332168734207885, 3.0332168734207885, 3.0332168734207885, 3.0332168734207885, 3.0332168734207885, 3.0332168734207885, 3.0332168734207885, 3.0338374778811765, 5.0, 5.0, 5.0, 5.0, 5.0, 5.0, 5.0, 5.0, 5.0, 5.0, 5.0, 5.0, 5.0, 5.0, 5.0, 5.0, 5.0, 5.0, 5.0, 5.0, 5.0, 5.0, 5.0, 5.0, 5.0, 5.0, 5.0, 5.0, 5.0, 5.0, 5.0, 5.0, 5.0, 5.0, 5.0, 5.0, 5.0, 5.0, 5.0, 5.0, 5.0, 5.0, 5.0, 5.0, 5.0, 5.0], "O35": 4.044685542589678, "O46": 2.9907313128122457, "O22": [4.0363532551732915, 4.040239635815454, 4.049385743146768, 4.057279205275858, 4.059059880843215, 4.061232769167257, 4.0612370582599215, 4.060417346277267, 4.060653279312349, 4.057337215738099, 4.0527539804706425, 4.049955275322493, 4.049112503083517, 4.0488179686270405, 4.0492485466323025, 4.050571028673818, 4.054360599922108, 4.053615016760695, 4.051555742012197, 4.054566015724896, 4.053512888797308, 4.053621879639625, 4.048143883122714, 4.0425052930343535, 4.042721159297851, 4.041821976407083, 4.040661857109082, 4.0387763387534354, 4.035333145829331, 4.035477776565708, 4.034820700883695, 4.03608347168214, 4.038533676197455, 4.038554592524341, 4.038069565286651, 4.0373613785009494, 4.037130958478372, 4.0378469058817865, 4.033883056112417, 4.02783191365662, 4.0238064058935255, 4.0246937112443995, 4.026704704402541, 4.026015694368201, 4.023844902705003, 4.023685702887558, 4.0227730234194174, 4.024225236875482, 4.027184572641955, 4.027571605884093, 4.0304915659083616, 4.029252850838184, 4.028677348993942, 4.026097564799968, 4.026431848189229, 4.027610167914053, 4.020561790174422, 4.022630993089111, 4.023325463017849, 4.025412740837509, 4.026200272670403, 4.020355639908092, 4.018668062670383, 4.01892158756558, 4.018657225258581, 4.017826694794561, 4.017921618926574, 4.0149049812395985, 4.012191058351235, 4.009460254938909, 4.011838528121228, 4.011266922678722, 4.008094988221163, 4.0100325270413535, 4.008512526049749, 4.004418140472055, 4.0088079122344125, 4.007726865492416, 4.0079551482909785, 4.010680743172067, 4.016244269873738, 4.017705401944424, 4.014132143114166, 4.011333580274447, 4.008436954318714, 4.0102715035769645, 4.010215598671998, 4.0119528978687455, 4.012321366868655, 4.017853668104821, 4.016082373049404, 4.018849338939227, 4.022243724040225, 4.019901101812204, 4.016455463428098, 4.018014203376755, 4.020622931187909, 4.02146449771722, 4.022558294683224, 4.021662668497833, 4.018786162880159, 4.01928336427601, 4.0218108441603135, 4.025199472848575, 4.029089869687876, 2.2593702631882864, 2.2593702631882864, 2.2593702631882864, 2.2593702631882864, 2.2593702631882864, 2.2593702631882864, 2.2593702631882864, 2.2593702631882864, 2.2593702631882864, 2.2593702631882864, 1.05, 1.05, 1.05, 1.05, 1.05, 1.05, 1.05, 1.05, 1.05, 1.05, 2.158008017901571, 2.158008017901571, 2.158008017901571, 2.158008017901571, 2.158008017901571, 2.158008017901571, 2.158008017901571, 2.158008017901571, 2.158008017901571, 2.158008017901571, 4.023160178313117, 4.023347693027872, 4.024272843899224, 4.025693858676518, 4.026499570299236, 4.026681117803581, 4.0313922516033065, 4.0319261047983215, 4.032080802526401, 4.034633447736134, 4.038920749804756, 4.038357862074889, 4.037139968493606, 4.03481937112076, 4.034971171042477, 4.031919278383518, 4.029655416057921, 4.02974576487556, 4.030272458753234, 4.029744359609499, 4.035334266307421, 4.035048741150645, 4.034711682799789, 4.033831813153757, 4.031566390466652, 4.028336555377854, 4.024853680112618, 4.027131504483058, 4.023488703595921, 4.02153485362065, 4.022114554138666, 4.023749793131931, 4.025889274555865, 4.029198007022389, 4.032658370969799, 4.037276012364596, 4.035412489088779, 4.034848491596032, 4.0351190574348665, 4.034863697399327, 4.032213105032087, 4.03308904124114, 4.03343885216308, 4.033930253484771, 4.037609067343725, 4.044300648665196],