{"O23": 1.7688029718764249, "O34": [4.817918084376309, 4.811147743134466, 4.799284155273481, 4.787588166324338, 4.776034300230913, 4.770824809696501, 4.767302118542068, 4.761248876285173, 4.757449515573591, 4.755845944966815, 4.744027557282788, 4.738102924604449, 4.7367519203988, 4.7387819433749945, 4.739539149193489, 4.7338366796408184, 4.732877106719201, 4.73901894916023, 4.751286065251981, 4.769429685518454, 4.788850825063781, 4.801881628002439, 4.809858308438584, 4.816420797021331, 4.8260074810898015, 4.83281753743905, 4.839318151963458, 4.847390142750453, 4.8530870313941215, 4.8581634425368705, 4.866208179025927, 4.873695340839783, 4.876940192523471, 4.877478290727668, 4.874948691640865, 4.879714421398864, 4.884286915788605, 4.8878476794709655, 4.882992577412411, 4.866722276289772, 2.946499565727158, 2.941271603134023, 2.936916555956685, 2.9342746593504323, 2.9374584627407083, 2.935557790663305, 2.933423032303566, 2.9321340348893514, 2.930721802676967, 2.9311160446381805, 2.930781141876179, 2.9342523894398114, 2.9425117242899406, 2.948383900354121, 2.9534151484532964, 2.9771908808511607, 2.9885522283315495, 3.0024377669726174, 3.0221237527123295, 3.0281216188678584, 3.0203115800547784, 3.015149989204022, 3.0138383474085906, 3.020653943846949, 3.025966819681881, 3.032042786191432, 3.0391791096680874, 3.046512896172154, 3.055017368376703, 3.0625300187454836, 3.0794806455384243, 3.09351995122106, 3.1003799540961303, 3.109725333433511, 3.1101263854200147, 1.8110639355240001, 1.8110639355240001, 1.8110639355240001, 1.8110639355240001, 1.8110639355240001, 1.8110639355240001, 1.8110639355240001, 1.8110639355240001, 1.8110639355240001, 1.8110639355240001, 1.8110639355240001, 1.8110639355240001, 1.8110639355240001, 1.8110639355240001, 1.8110639355240001, 1.8110639355240001, 1.8110639355240001, 1.8110639355240001, 1.8110639355240001, 1.8110639355240001, 1.8110639355240001, 1.8110639355240001, 1.8110639355240001, 1.8110639355240001, 1.8110639355240001, 1.8110639355240001, 1.8110639355240001, 1.8110639355240001, 1.8110639355240001, 1.8110639355240001, 1.8110639355240001, 1.8110639355240001, 1.8110639355240001, 1.8110639355240001, 1.8132190332600002, 2.927838715285427, 2.9191268634370533, 2.932170825758825, 2.93332216388003, 2.945135383819894, 2.961368351847462, 2.9748575896221925, 2.9680355500830538, 2.960260596716948, 2.955772778346559, 2.9517665826187347, 2.956038866800831, 2.9468044275085976, 2.9533768476888387, 2.9486671177138324, 2.9473152420872997, 2.9444179526622554, 2.94003742998592, 2.933482984547016, 2.9324222407813356, 2.9301821122678016, 2.927704531587729, 2.909504775219342, 2.900317878625012, 2.8833979059621653, 2.865916268833767, 2.847062188238923, 2.8469709250179567, 2.84893935695778, 2.8476168633794385, 2.8474914100859547, 2.831064236762975, 2.8153767766316435, 2.7806184087066637, 2.7719247153764317, 4.915042257793744, 4.922782538814347, 4.9316172252329515, 4.941057947428517, 4.950716001872765, 4.956569220234967, 4.963124234751876, 4.97001223343231, 4.973761829958488, 4.977146478331457, 4.976735450370629, 4.962555736716119, 4.939800537294228, 4.919104298478961, 4.894863993273401, 4.879070194982128, 4.871243878962252, 4.864058328326411, 4.856980838309976, 4.848995010243612, 4.84142193514855, 4.824972907308546, 4.806445995893562, 4.78624846837972, 4.760481859603225, 4.743081535389509, 4.721634498513677, 4.695537862263233, 4.669312480677721, 4.638750650242877, 4.630714606949109, 4.641260892557433, 4.651670212582003, 4.663724696833592], "O35": 3.0926383570278957, "O46": 1.7086963489523084, "O22": [3.8005556216280203, 3.7943078899521523, 3.7833600645736576, 3.7725669009755576, 3.761904889624564, 3.7570975249933953, 3.753846753972603, 3.7482607676775004, 3.7447546835056875, 3.7432748941543728, 3.7323687799049394, 3.726901475683466, 3.725654756874421, 3.7275280803005315, 3.728226836627336, 3.722964546532605, 3.722079044026374, 3.727746791366767, 3.7390669962191185, 3.755810091877752, 3.773732093795305, 3.7857570357256605, 3.7931179880394335, 3.7991739114155783, 3.808020589534394, 3.8143049706679015, 3.8203037961075625, 3.8277527016687087, 3.8330098416505116, 3.8376943994243904, 3.845118154474735, 3.8520273746094125, 3.855021752872413, 3.8555183147257965, 3.8531839779800827, 3.857581836183101, 3.8618013750536027, 3.8650872797449454, 3.8606069479806715, 3.8455925680449035, 2.077942673569652, 2.0731157406734813, 2.0690947630727097, 2.066655522659293, 2.06959510094542, 2.067840226764166, 2.0658692227318247, 2.0646791025060374, 2.0633752006510506, 2.0637392008629365, 2.063429988023302, 2.0666349610423618, 2.0742607338703714, 2.079682463523433, 2.084327771619286, 2.1062797008455023, 2.116769535254403, 2.1295899336512156, 2.1477658349641557, 2.1533036131974908, 2.146092671536062, 2.1413270190987617, 2.1401159915105623, 2.1464087730806787, 2.1513141056426557, 2.1569239932611124, 2.1635128993470927, 2.1702841213478887, 2.1781362273867897, 2.1850725928554557, 2.200722960779855, 2.2136853309635853, 2.220019112614775, 2.2286476209767194, 2.2294031535323384, 1.05, 1.05, 1.05, 1.05, 1.05, 1.05, 1.05, 1.05, 1.05, 1.05, 1.05, 1.05, 1.05, 1.05, 1.05, 1.05, 1.05, 1.05, 1.05, 1.05, 1.05, 1.05, 1.05, 1.05, 1.05, 1.05, 1.05, 1.05, 1.05, 1.05, 1.05, 1.05, 1.05, 1.05, 1.05, 2.060713270860077, 2.0526696929797192, 2.0647130711993817, 2.0657760917839507, 2.076683136148099, 2.0916708959070625, 2.1041253931225965, 2.0978266626929476, 2.090648115122938, 2.0865045510215965, 2.082805664963665, 2.0867502282027806, 2.0782241498303176, 2.0842924088528902, 2.0799439556756822, 2.078695780537281, 2.0760207381309264, 2.071976239221047, 2.0659245761225487, 2.0649452005272275, 2.062876909138183, 2.060589380206116, 2.0437857016885577, 2.035303519080151, 2.019681453850409, 2.0035408086505386, 1.986132998202581, 1.986048735655624, 1.9878661719350423, 1.9866451249890198, 1.9865292950421782, 1.9713622272043343, 1.956878130194014, 1.9247860280480262, 1.916202705255277, 3.8901826807491138, 3.8973254815600473, 3.9054782094968234, 3.9141901926890106, 3.9231027320312912, 3.9285041344807414, 3.9345531607218347, 3.940909467738255, 3.944369629073041, 3.947493012975876, 3.947113712683793, 3.9340285456309867, 3.913029843329217, 3.893931168358695, 3.871561997107844, 3.8569873382624644, 3.849765143581857, 3.8431342529498402, 3.836603081627479, 3.82923368779842, 3.8222451861165956, 3.807065875561599, 3.789969075390285, 3.77133061568569, 3.747552957797829, 3.731495782409307, 3.711704264248522, 3.6876220540450193, 3.6634210364905573, 3.635218305009284, 3.627802572117591, 3.6375347791518027, 3.647140593115775, 3.658264579397212],