{"O23": 3.0341454072286864, "O34": [4.587144030467986, 4.587144030467986, 4.587144030467986, 4.587144030467986, 4.587144030467986, 4.587144030467986, 4.587144030467986, 4.587144030467986, 4.587144030467986, 4.587144030467986, 2.72371376178001, 2.72371376178001, 2.72371376178001, 2.72371376178001, 2.72371376178001, 2.72371376178001, 2.72371376178001, 2.72371376178001, 2.72371376178001, 2.72371376178001, 4.9565003306764055, 4.9565003306764055, 4.9565003306764055, 4.9565003306764055, 4.9565003306764055, 4.9565003306764055, 4.9565003306764055, 4.9565003306764055, 4.9565003306764055, 4.9565003306764055, 2.7186974352816793, 2.7186974352816793, 2.7186974352816793, 2.7186974352816793, 2.7186974352816793, 2.7186974352816793, 2.7186974352816793, 2.7186974352816793, 2.7186974352816793, 2.7186974352816793, 4.9007571461376855, 4.9007571461376855, 4.9007571461376855, 4.9007571461376855, 4.9007571461376855, 4.9007571461376855, 4.9007571461376855, 4.9007571461376855, 4.9007571461376855, 4.9007571461376855, 2.721320735839608, 2.721120961428378, 2.721120961428378, 2.721120961428378, 2.721120961428378, 2.721120961428378, 2.721120961428378, 2.721120961428378, 2.721120961428378], "O35": 3.070782446244557, "O46": 2.2561326332371534, "O22": [3.5875952530042556, 3.5875952530042556, 3.5875952530042556, 3.5875952530042556, 3.5875952530042556, 3.5875952530042556, 3.5875952530042556, 3.5875952530042556, 3.5875952530042556, 3.5875952530042556, 1.8722464569814825, 1.8722464569814825, 1.8722464569814825, 1.8722464569814825, 1.8722464569814825, 1.8722464569814825, 1.8722464569814825, 1.8722464569814825, 1.8722464569814825, 1.8722464569814825, 3.9284405625776735, 3.9284405625776735, 3.9284405625776735, 3.9284405625776735, 3.9284405625776735, 3.9284405625776735, 3.9284405625776735, 3.9284405625776735, 3.9284405625776735, 3.9284405625776735, 1.867614925871348, 1.867614925871348, 1.867614925871348, 1.867614925871348, 1.867614925871348, 1.867614925871348, 1.867614925871348, 1.867614925871348, 1.867614925871348, 1.867614925871348, 3.877000251474311, 3.877000251474311, 3.877000251474311, 3.877000251474311, 3.877000251474311, 3.877000251474311, 3.877000251474311, 3.877000251474311, 3.877000251474311, 3.877000251474311, 1.8698525467176772, 1.8698525467176772, 1.8698525467176772, 1.8698525467176772, 1.8698525467176772, 1.8698525467176772, 1.8698525467176772, 1.8698525467176772, 1.8698525467176772], "O21": [4.553999999999999, 4.553999999999999, 4.553999999999999, 4.553999999999999, 4.553999999999999, 4.553999999999999, 4.553999999999999, 4.553999999999999, 4.553999999999999, 4.553999999999999, 4.531000000000001, 4.531000000000001, 4.531000000000001, 4.531000000000001, 4.531000000000001, 4.531000000000001, 4.531000000000001, 4.531000000000001, 4.531000000000001, 4.531000000000001, 4.553999999999999, 4.553999999999999, 4.553999999999999, 4.553999999999999, 4.553999999999999, 4.553999999999999, 4.553999999999999, 4.553999999999999, 4.553999999999999, 4.553999999999999, 4.531000000000001, 4.531000000000001, 4.531000000000001, 4.531000000000001, 4.531000000000001, 4.531000000000001, 4.531000000000001, 4.531000000000001, 4.531000000000001, 4.531000000000001, 4.553999999999999, 4.553999999999999, 4.553999999999999, 4.553999999999999, 4.553999999999999, 4.553999999999999, 4.553999999999999, 4.553999999999999, 4.553999999999999, 4.553999999999999, 4.532, 4.531000000000001, 4.531000000000001, 4.531000000000001, 4.531000000000001, 4.531000000000001, 4.531000000000001, 4.531000000000001, 4.531000000000001], "mode": "3"}