{"O23": 5.0, "O34": [2.570390346057272, 2.570390346057272, 2.570390346057272, 2.570390346057272, 2.570390346057272, 2.570390346057272, 2.570390346057272, 2.570390346057272, 2.570390346057272, 2.570193997657376, 1.8110639355240001, 1.8110639355240001, 1.8110639355240001, 1.8110639355240001, 1.8110639355240001, 1.8110639355240001, 1.8110639355240001, 1.8110639355240001, 1.8110639355240001, 1.811782301436, 2.6608935259160496, 2.6608935259160496, 2.6608935259160496, 2.6608935259160496, 2.6608935259160496, 2.6608935259160496, 2.6608935259160496, 2.6608935259160496, 2.6608935259160496, 2.6606951204362486, 1.8110639355240001, 1.8110639355240001, 1.8110639355240001, 1.8110639355240001, 1.8110639355240001, 1.8110639355240001, 1.8110639355240001, 1.8110639355240001, 1.8110639355240001, 1.8114231184799998, 2.707485668721046, 2.707485668721046, 2.707485668721046, 2.707485668721046, 2.707485668721046, 2.707485668721046, 2.707485668721046, 2.707485668721046, 2.707485668721046, 2.707286204231375, 1.8110639355240001, 1.8110639355240001, 1.8110639355240001, 1.8110639355240001, 1.8110639355240001, 1.8110639355240001, 1.8110639355240001, 1.8110639355240001, 1.8110639355240001], "O35": 2.0755446452419197, "O46": 2.0139220864814398, "O22": [1.730684265990067, 1.730684265990067, 1.730684265990067, 1.730684265990067, 1.730684265990067, 1.730684265990067, 1.730684265990067, 1.730684265990067, 1.730684265990067, 1.730684265990067, 1.05, 1.05, 1.05, 1.05, 1.05, 1.05, 1.05, 1.05, 1.05, 1.05, 1.8142450735295168, 1.8142450735295168, 1.8142450735295168, 1.8142450735295168, 1.8142450735295168, 1.8142450735295168, 1.8142450735295168, 1.8142450735295168, 1.8142450735295168, 1.8142450735295168, 1.05, 1.05, 1.05, 1.05, 1.05, 1.05, 1.05, 1.05, 1.05, 1.05, 1.8572631982391008, 1.8572631982391008, 1.8572631982391008, 1.8572631982391008, 1.8572631982391008, 1.8572631982391008, 1.8572631982391008, 1.8572631982391008, 1.8572631982391008, 1.8572631982391008, 1.05, 1.05, 1.05, 1.05, 1.05, 1.05, 1.05, 1.05, 1.05], "O21": [4.531000000000001, 4.531000000000001, 4.531000000000001, 4.531000000000001, 4.531000000000001, 4.531000000000001, 4.531000000000001, 4.531000000000001, 4.531000000000001, 4.53, 4.408, 4.408, 4.408, 4.408, 4.408, 4.408, 4.408, 4.408, 4.408, 4.412, 4.531000000000001, 4.531000000000001, 4.531000000000001, 4.531000000000001, 4.531000000000001, 4.531000000000001, 4.531000000000001, 4.531000000000001, 4.531000000000001, 4.53, 4.408, 4.408, 4.408, 4.408, 4.408, 4.408, 4.408, 4.408, 4.408, 4.41, 4.531000000000001, 4.531000000000001, 4.531000000000001, 4.531000000000001, 4.531000000000001, 4.531000000000001, 4.531000000000001, 4.531000000000001, 4.531000000000001, 4.53, 4.408, 4.408, 4.408, 4.408, 4.408, 4.408, 4.408, 4.408, 4.408], "mode": "3"}