{"O23": 3.0762898993329473, "O34": [4.945586039469118, 4.960044856471555, 4.990623808979292, 4.997437699778143, 4.993296929316563, 4.990550169328597, 4.989154331446072, 4.989761684924832, 4.990203351007986, 4.985348358147306, 4.9854779206135325, 4.989949653725405, 4.991849818527785, 4.983592968796338, 4.976403200420299, 4.976847319653351, 4.973001381521784, 4.9744493106032, 4.980197492459854, 4.983897372726747, 4.986717609249214, 4.981236580446269, 4.960980736114715, 4.958347242018892, 4.9608310999668355, 4.963165293944233, 4.962337307192585, 4.954483777703083, 4.949885049771839, 4.952258036197568, 4.954012028139298, 4.956509787209617, 4.956309773356091, 4.974545740794738, 4.981146567419695, 4.989168025571306, 5.0, 5.0, 5.0, 5.0, 5.0, 5.0, 5.0, 5.0, 5.0, 5.0, 5.0, 5.0, 5.0, 5.0, 5.0, 5.0, 5.0, 5.0, 5.0, 5.0, 5.0, 5.0, 5.0, 5.0], "O35": 4.987492665562309, "O46": 3.212174884932106, "O22": [3.918368756673123, 3.9317114828009294, 3.959930014684775, 3.966217934282798, 3.962396794128824, 3.9598620593540446, 3.958573967625501, 3.959134438867962, 3.959542012294369, 3.9550617812988733, 3.9551813427058, 3.959307898164542, 3.9610613873021108, 3.953441892247529, 3.9468071094469948, 3.9472169466621487, 3.943667880429044, 3.9450040423835495, 3.950308516202759, 3.9537227989271697, 3.956325338507591, 3.9512673959245985, 3.9325751209371047, 3.930144908944391, 3.932437035356545, 3.9345910505131334, 3.93382697690581, 3.926579669391134, 3.9223359219730334, 3.9245257351491842, 3.9261443346587397, 3.928449289151413, 3.9282647145718386, 3.945093029029963, 3.9511843310956225, 3.958586604687202, 3.9696411815994623, 3.975630906326391, 3.9725035076994146, 3.971706624789191, 3.971606938869662, 3.972451087610338, 3.976155614277931, 3.9786260163506353, 3.98520634444681, 3.9880557772854437, 3.9888813998399044, 3.995206893283802, 3.9974763249179546, 3.9956137339263194, 3.996252290114599, 3.998354593687759, 3.9982643518238787, 3.990685348548054, 3.994035958781779, 3.9873896559889523, 3.9792963708200073, 3.97312237543741, 3.9738502185490256, 3.973812693691182], "O21": [4.553999999999999, 4.553999999999999, 4.553999999999999, 4.553999999999999, 4.553999999999999, 4.553999999999999, 4.553999999999999, 4.553999999999999, 4.553999999999999, 4.553999999999999, 4.553999999999999, 4.553999999999999, 4.553999999999999, 4.553999999999999, 4.553999999999999, 4.553999999999999, 4.553999999999999, 4.553999999999999, 4.553999999999999, 4.553999999999999, 4.553999999999999, 4.553999999999999, 4.553999999999999, 4.553999999999999, 4.553999999999999, 4.553999999999999, 4.553999999999999, 4.553999999999999, 4.553999999999999, 4.553999999999999, 4.553999999999999, 4.553999999999999, 4.553999999999999, 4.553999999999999, 4.553999999999999, 4.553999999999999, 4.553999999999999, 4.553999999999999, 4.553999999999999, 4.553999999999999, 4.553999999999999, 4.553999999999999, 4.553999999999999, 4.553999999999999, 4.553999999999999, 4.553999999999999, 4.553999999999999, 4.553999999999999, 4.553999999999999, 4.553999999999999, 4.553999999999999, 4.553999999999999, 4.553999999999999, 4.553999999999999, 4.553999999999999, 4.553999999999999, 4.553999999999999, 4.553999999999999, 4.553999999999999, 4.553999999999999], "mode": "3"}