{"O23": 3.757872679451733, "O34": [4.663190728892433, 4.652035497476143, 4.72444208807104, 4.790218606381291, 4.770611397609771, 4.753094731141681, 4.7370372109149255, 4.724454394809178, 4.710822935511285, 4.738310645067081, 4.757552194100879, 4.7633181643455185, 4.755297356201269, 4.751367031391912, 4.750858299623237, 4.751499450062959, 4.750607412860471, 4.747589952189367, 4.745254458349805, 4.746813238359717, 4.747809214839095, 4.750406585014573, 4.7024971842467576, 4.646898248004503, 4.654323689146084, 4.659915057629817, 4.667394296627015, 4.668306546035099, 4.6715182051230375, 4.633774713682344, 4.5662963018777, 4.536685097085806, 4.537993044865206, 4.5384945239270476, 4.537069257368635, 4.536089498333011, 4.539743554652226, 4.548934599707538, 4.559467981075217, 4.564960308524409, 2.595557387442537, 2.5982378364713825, 2.6059299693646523, 2.619365806587317, 2.6262127532459343, 2.6310385881231335, 2.639310073126511, 2.6459868391216883, 2.65674292172158, 2.665183678523115, 2.6641981477539933, 2.6627355737384897, 2.6625833282358666, 2.6642734266638026, 2.6709403972335632, 2.6850962176454374, 2.698053028082247, 2.712507241117256, 2.7178995957429084, 2.7166086210520644, 2.7137359586779786, 2.711250002968982, 2.7057860091121646, 2.694297552358131, 2.6861023589376805, 2.6852320872393416, 2.6805204545575947, 2.675938691305709, 2.665106756653356, 2.65440525280072, 2.6616782052423607, 2.6652319333676315, 2.6698503680188277, 2.676211046999706, 2.67474457230948, 1.8110639355240001, 1.8110639355240001, 1.8110639355240001, 1.8110639355240001, 1.8110639355240001, 1.8110639355240001, 1.8110639355240001, 1.8110639355240001, 1.8110639355240001, 1.8110639355240001, 1.8110639355240001, 1.8110639355240001, 1.8110639355240001, 1.8110639355240001, 1.8110639355240001, 1.8110639355240001, 1.8110639355240001, 1.8110639355240001, 1.8110639355240001, 1.8110639355240001, 1.8110639355240001, 1.8110639355240001, 1.8110639355240001, 1.8110639355240001, 1.8110639355240001, 1.8110639355240001, 1.8110639355240001, 1.8110639355240001, 1.8110639355240001, 1.8110639355240001, 1.8110639355240001, 1.8110639355240001, 1.8110639355240001, 1.8110639355240001, 1.81232107587, 2.7172153864194577, 2.7170803315700773, 2.7332642218813343, 2.7379935097714028, 2.7309216311893416, 2.727357708200906, 2.731689244967928, 2.7371200963454765, 2.7394933320499413, 2.736798897919372, 2.7327897964317893, 2.732206029927431, 2.7318659104430387, 2.7199196740978966, 2.7208023489949253, 2.7205087886730803, 2.7208971601948853, 2.720013580808827, 2.7183347086992153, 2.7195864228596696, 2.7151436193332708, 2.719039557315459, 2.7128537914814834, 2.716604624992703, 2.726353777381189, 2.729011298993032, 2.724780356897794, 2.718812735831551, 2.7147967854779393, 2.7169836469988087, 2.7261117809951685, 2.731248073434188, 2.7382591437032837, 2.7451146367665737, 2.7436383426272792, 4.657750219627769, 4.648094800926631, 4.638576744209721, 4.631890765091141, 4.625298034307638, 4.620509076331424, 4.615668259582231, 4.611755553348722, 4.606940585126878, 4.602039911381329, 4.593260232216545, 4.583507857599337, 4.575896158635466, 4.565552536731405, 4.554849000849346, 4.542626383920694, 4.5314721080649765, 4.519375791501336, 4.507400927819788, 4.4972273732380135, 4.486785919262619, 4.481485630255614, 4.530851294286569, 4.594626665131322, 4.654012415623276, 4.6593121659303, 4.6659973968872634, 4.67261449682638, 4.681751952988057, 4.692640579743371, 4.704738283324871, 4.7195875723232845, 4.736523106824087, 4.757181813372097], "O35": 2.9956353074236386, "O46": 2.4523848094424214, "O22": [3.657771828987637, 3.647477681295279, 3.714295133096013, 3.7749942946737858, 3.756900586403943, 3.7407360493386728, 3.725918025523777, 3.714306489864445, 3.701727256853648, 3.7270931619911067, 3.744849436172422, 3.7501703252757523, 3.7427686515168017, 3.7391417124998867, 3.7386722502568275, 3.7392639096382614, 3.738440729699916, 3.7356561899046357, 3.733500975223572, 3.734939431410012, 3.735858527446143, 3.7382554039608737, 3.6940441788458065, 3.6427369813653505, 3.6495892451095804, 3.6547490101405327, 3.661650919028875, 3.6624927509719902, 3.66545649880966, 3.6306264660818433, 3.56835678190941, 3.5410312963052943, 3.542238282257676, 3.5427010516377613, 3.5413858028629255, 3.5404816724294768, 3.5438536684036044, 3.5523352472893936, 3.562055546174497, 3.567123915249674, 1.7539207788376048, 1.756395614371209, 1.763497694510993, 1.7759028874561071, 1.7822246144149432, 1.7866802662497188, 1.7943172572097181, 1.8004818578257353, 1.8104128563763988, 1.818206134531718, 1.8172962024492074, 1.815945820440394, 1.815805253477296, 1.8173657068191549, 1.823521263403136, 1.8365912106342213, 1.8485541222680975, 1.8618995728416272, 1.8668782874874745, 1.8656863416591811, 1.863034037197157, 1.8607387756729188, 1.8556939171411113, 1.8450867238331299, 1.8375201722354575, 1.836716657861649, 1.8323664479316735, 1.8281361453292726, 1.8181351132309802, 1.808254506768222, 1.814969561202418, 1.8182506878146172, 1.8225148488045881, 1.8283876089989894, 1.8274005957101165, 1.05, 1.05, 1.05, 1.05, 1.05, 1.05, 1.05, 1.05, 1.05, 1.05, 1.05, 1.05, 1.05, 1.05, 1.05, 1.05, 1.05, 1.05, 1.05, 1.05, 1.05, 1.05, 1.05, 1.05, 1.05, 1.05, 1.05, 1.05, 1.05, 1.05, 1.05, 1.05, 1.05, 1.05, 1.05, 1.866246562904064, 1.8661218679232476, 1.881064314648862, 1.8854308254808274, 1.8789014208117312, 1.8756108813700587, 1.8796101520112005, 1.8846244103769596, 1.886815598490526, 1.8843278506327872, 1.8806262817118637, 1.8800872951194059, 1.8797732657248578, 1.8687434084577998, 1.8695583745982782, 1.8692873328780517, 1.8696459129637235, 1.8688301117163038, 1.8672800235375955, 1.8684357204558617, 1.864333718172801, 1.8679308042025213, 1.8622195398122143, 1.8656826521319432, 1.874683960679093, 1.8771376275257792, 1.8732312350798734, 1.8677213818773364, 1.864013489457316, 1.866032599890186, 1.874460527497308, 1.8792028221286454, 1.8856760830053974, 1.8920057007861593, 1.8904577327666252, 3.6527512781983185, 3.6438411711434417, 3.6350578229607193, 3.628887941409523, 3.622804110259035, 3.6183848168477253, 3.61391766769517, 3.6103069872582108, 3.6058636913587385, 3.6013413056326047, 3.5932393388834587, 3.5842397600388516, 3.57721561590416, 3.5676704287555707, 3.557793109757108, 3.5465139691319365, 3.5362207032394517, 3.525058113724922, 3.514007602020279, 3.504619354523404, 3.494983887061142, 3.490092732784358, 3.5356478107116422, 3.5945002954437926, 3.649301999108406, 3.6541926562680107, 3.6603618474089505, 3.6664681666350036, 3.6749002932086747, 3.6849484157265526, 3.6961122851936152, 3.709815342384607, 3.725443605653598, 3.7445076455109647],