{"O23": 5.0, "O34": [4.639317245134134, 4.639317245134134, 4.639317245134134, 4.639317245134134, 4.639317245134134, 2.4537565143862414, 2.449884326896783, 2.449884326896783, 2.449884326896783, 2.449884326896783, 4.719189642231723, 4.721150487665775, 4.721150487665775, 4.721150487665775, 4.721150487665775, 2.6326269926260197, 2.630452143394802, 2.630452143394802, 2.630452143394802, 2.630452143394802, 4.330273620038354, 4.3305098513428915, 4.3305098513428915, 4.3305098513428915, 2.548314288697408, 2.544007816379545, 2.544007816379545, 2.544007816379545, 2.544007816379545, 2.544007816379545, 4.541893915019557, 4.544545945360368, 4.544545945360368, 4.544545945360368, 4.544545945360368, 2.452572954919717, 2.4498624306447274, 2.4498624306447274, 2.4498624306447274, 2.4498624306447274, 4.703136859703611, 4.703870999101559, 4.703870999101559, 4.703870999101559, 4.703870999101559, 2.664791160629229, 2.6645926710702037, 2.6645926710702037, 2.6645926710702037, 2.6645926710702037, 4.559744474564694, 4.563367293181582, 4.563367293181582, 4.563367293181582, 4.563367293181582, 2.5085831543120762, 2.5052703938128063, 2.5052703938128063, 2.5052703938128063], "O35": 2.2492800526425314, "O46": 2.452126921994399, "O22": [3.635741163861303, 3.635741163861303, 3.635741163861303, 3.635741163861303, 3.635741163861303, 1.6194220949798603, 1.6194220949798603, 1.6194220949798603, 1.6194220949798603, 1.6194220949798603, 3.7112576146930745, 3.7112576146930745, 3.7112576146930745, 3.7112576146930745, 3.7112576146930745, 1.786138806876102, 1.786138806876102, 1.786138806876102, 1.786138806876102, 1.786138806876102, 3.3507709286820386, 3.3507709286820386, 3.3507709286820386, 3.3507709286820386, 1.7063255032565994, 1.7063255032565994, 1.7063255032565994, 1.7063255032565994, 1.7063255032565994, 1.7063255032565994, 3.5482853576605238, 3.5482853576605238, 3.5482853576605238, 3.5482853576605238, 3.5482853576605238, 1.6194018783586683, 1.6194018783586683, 1.6194018783586683, 1.6194018783586683, 1.6194018783586683, 3.6953119475266627, 3.6953119475266627, 3.6953119475266627, 3.6953119475266627, 3.6953119475266627, 1.8176604624337418, 1.8176604624337418, 1.8176604624337418, 1.8176604624337418, 1.8176604624337418, 3.565653866390687, 3.565653866390687, 3.565653866390687, 3.565653866390687, 3.565653866390687, 1.6705595741840011, 1.6705595741840011, 1.6705595741840011, 1.6705595741840011], "O21": [4.553999999999999, 4.553999999999999, 4.553999999999999, 4.553999999999999, 4.553999999999999, 4.551, 4.531000000000001, 4.531000000000001, 4.531000000000001, 4.531000000000001, 4.546, 4.553999999999999, 4.553999999999999, 4.553999999999999, 4.553999999999999, 4.542, 4.531000000000001, 4.531000000000001, 4.531000000000001, 4.531000000000001, 4.553, 4.553999999999999, 4.553999999999999, 4.553999999999999, 4.553, 4.531000000000001, 4.531000000000001, 4.531000000000001, 4.531000000000001, 4.531000000000001, 4.543, 4.553999999999999, 4.553999999999999, 4.553999999999999, 4.553999999999999, 4.545, 4.531000000000001, 4.531000000000001, 4.531000000000001, 4.531000000000001, 4.551, 4.553999999999999, 4.553999999999999, 4.553999999999999, 4.553999999999999, 4.532, 4.531000000000001, 4.531000000000001, 4.531000000000001, 4.531000000000001, 4.539, 4.553999999999999, 4.553999999999999, 4.553999999999999, 4.553999999999999, 4.548, 4.531000000000001, 4.531000000000001, 4.531000000000001], "mode": "3"}