{"O23": 3.9873683289397492, "O34": [3.253142428961426, 3.2623790222713236, 3.265953631003881, 3.280759186803289, 3.285961687168104, 3.282168901966674, 3.2796237720827173, 3.275906027819292, 3.272762799854518, 3.26792419208218, 3.257027520391208, 3.268509834062503, 3.274613015854313, 3.279889526634478, 3.2847234356204407, 3.2884321472070974, 3.2995659050079373, 3.3084741486033433, 3.301766887521803, 3.2900334019965767, 2.2392760724633187, 2.234909895156941, 2.23294102100852, 2.2231775169194634, 2.209631135458335, 2.202582378107109, 2.2019144623634554, 2.200079436515056, 2.197860687079321, 2.1935682001595085, 2.198978955637034, 2.1971073841778908, 2.199151338179351, 2.196134290905111, 2.1856496447809537, 2.1768946090238503, 2.1719134455671725, 2.1669840413047403, 2.157547759359763, 2.1471402782849447, 2.143995651483675, 2.142219740633858, 2.1402631615973213, 2.1438823202703023, 2.151722500880469, 2.150212877302909, 2.146162975337716, 2.141371792646848, 2.1398326317595044, 2.1395897779524344, 2.1356982163495672, 2.1323950871881068, 2.130500861037604, 2.1339041911954393, 2.1323750671744808, 2.1297513770957694, 2.121424426099098, 2.1219481685411137, 2.124114852641322], "O35": 2.3170695476776624, "O46": 1.9949516203143594, "O22": [2.356566599694786, 2.365090210918798, 2.3683888919467506, 2.382051591749105, 2.3868525057890184, 2.3833524895570024, 2.381003820852252, 2.3775730530714756, 2.374672454088573, 2.37020734339969, 2.360151796942966, 2.3707477790764866, 2.3763798500227207, 2.381249061538317, 2.3857098361449514, 2.389132268490519, 2.3994066001377696, 2.4076272072976264, 2.401437686559961, 2.390609920784843, 1.424969305117723, 1.4209380511645398, 1.4191202065977264, 1.41010564724888, 1.3975983897591917, 1.3910903327236581, 1.3904736518623328, 1.3887793882796908, 1.386730836009295, 1.382767619756211, 1.3877633237503253, 1.3860353179196157, 1.3879224830689725, 1.3851368692705006, 1.3754564856832385, 1.3673730364713779, 1.3627739710951612, 1.3582226945378078, 1.349510256580129, 1.3399011188192198, 1.3369977119407617, 1.3353580287278588, 1.333551536132097, 1.3368930742062242, 1.3441318455296511, 1.342738023064868, 1.338998783413894, 1.334575125644712, 1.3331540316358579, 1.3329298068045927, 1.3293367614482579, 1.3262870107039257, 1.3245380879915376, 1.3276803534539874, 1.3262685263975387, 1.3238460959144056, 1.316157893679865, 1.3166414605718328, 1.3186419413657542], "O21": [4.553999999999999, 4.553999999999999, 4.553999999999999, 4.553999999999999, 4.553999999999999, 4.553999999999999, 4.553999999999999, 4.553999999999999, 4.553999999999999, 4.553999999999999, 4.553999999999999, 4.553999999999999, 4.553999999999999, 4.553999999999999, 4.553999999999999, 4.553999999999999, 4.553999999999999, 4.553999999999999, 4.553999999999999, 4.553999999999999, 4.531000000000001, 4.531000000000001, 4.531000000000001, 4.531000000000001, 4.531000000000001, 4.531000000000001, 4.531000000000001, 4.531000000000001, 4.531000000000001, 4.531000000000001, 4.531000000000001, 4.531000000000001, 4.531000000000001, 4.531000000000001, 4.531000000000001, 4.531000000000001, 4.531000000000001, 4.531000000000001, 4.531000000000001, 4.531000000000001, 4.531000000000001, 4.531000000000001, 4.531000000000001, 4.531000000000001, 4.531000000000001, 4.531000000000001, 4.531000000000001, 4.531000000000001, 4.531000000000001, 4.531000000000001, 4.531000000000001, 4.531000000000001, 4.531000000000001, 4.531000000000001, 4.531000000000001, 4.531000000000001, 4.531000000000001, 4.531000000000001, 4.531000000000001], "mode": "3"}