{"O23": 5.0, "O34": [4.624399796464019, 4.610412190778442, 4.597584336507263, 4.585360750169325, 4.573980494434401, 4.567959905148244, 4.562185199822685, 4.556608974116763, 4.551607198912493, 4.5469087433975695, 4.529288790543243, 4.512202988384676, 4.496453066996965, 4.479499417882083, 4.463680179713646, 4.454966389161089, 4.452399516458743, 4.450985416904155, 4.451969222235326, 4.451565437490312, 4.452085529162993, 4.453464324201157, 4.45449453674976, 4.4566346520349995, 4.455663454970755, 4.456960714798696, 4.458823113549393, 4.458822739926897, 4.4594395590285005, 4.459242052559646, 4.458635250296749, 4.457668673296609, 4.458596615927824, 4.460707846898418, 4.462741002957497, 4.464388329550537, 4.464454546983834, 4.464278077061373, 4.464105921118702, 4.46469679588632, 4.465788471095924, 4.466740006596333, 4.468248212750079, 4.468732877667332, 4.471611450700624, 4.469153007492414, 4.466805310561611, 4.467429894326308, 4.465881056113723, 4.466632483182971, 4.467318329332041, 4.46843410157564, 4.468098212789169, 4.4672461363257145, 4.466055625191724, 4.465768019620178, 4.464377662943591, 4.463443599147512, 4.462285848687532, 4.462191913307018, 3.3187446533858753, 3.3187446533858753, 3.3187446533858753, 3.3187446533858753, 3.3187446533858753, 3.3187446533858753, 3.3187446533858753, 3.3187446533858753, 3.3187446533858753, 3.3187446533858753, 1.8447502936577413, 1.8431273929286023, 1.8431273929286023, 1.8431273929286023, 1.8431273929286023, 1.8431273929286023, 1.8431273929286023, 1.8431273929286023, 1.8431273929286023, 1.8431273929286023, 3.324729911597653, 3.3251569191289168, 3.3251569191289168, 3.3251569191289168, 3.3251569191289168, 3.3251569191289168, 3.3251569191289168, 3.3251569191289168, 3.3251569191289168, 3.3251569191289168, 4.494356836602967, 4.494596795551007, 4.494596795551007, 4.494596795551007, 4.494596795551007, 4.494596795551007, 4.494596795551007, 4.494596795551007, 4.494596795551007, 4.494596795551007, 3.203738042209391, 3.2033165733857683, 3.2033165733857683, 3.2033165733857683, 3.2033165733857683, 3.2033165733857683, 3.2033165733857683, 3.2033165733857683, 3.2033165733857683, 3.2033165733857683, 1.8353093448428908, 1.8327881318893193, 1.8327881318893193, 1.8327881318893193, 1.8327881318893193, 1.8327881318893193, 1.8327881318893193, 1.8327881318893193, 1.8327881318893193, 1.8327881318893193, 3.2640564713544595, 3.264692859722134, 3.264692859722134, 3.264692859722134, 3.264692859722134, 3.264692859722134, 3.264692859722134, 3.264692859722134, 3.264692859722134, 3.264692859722134, 4.454728980568789, 4.454968039250956, 4.454968039250956, 4.454968039250956, 4.454968039250956, 4.454968039250956, 4.454968039250956, 4.454968039250956, 4.454968039250956, 4.454968039250956, 3.2753021984359956, 3.27445279326402, 3.27445279326402, 3.27445279326402, 3.27445279326402, 3.27445279326402, 3.27445279326402, 3.27445279326402, 3.27445279326402, 3.27445279326402, 1.8800862240437117, 1.8759216189898527, 1.8759216189898527, 1.8759216189898527, 1.8759216189898527, 1.8759216189898527, 1.8759216189898527, 1.8759216189898527, 1.8759216189898527, 1.8759216189898527, 3.2139421609239553, 3.2152081891281483, 3.2152081891281483, 3.2152081891281483, 3.2152081891281483, 3.2152081891281483, 3.2152081891281483, 3.2152081891281483, 3.2152081891281483, 3.2152081891281483, 4.564658077291278, 4.564899633343325, 4.564899633343325, 4.564899633343325, 4.564899633343325, 4.564899633343325, 4.564899633343325, 4.564899633343325, 4.564899633343325, 4.564899633343325, 5.0, 5.0, 5.0, 5.0, 5.0, 5.0, 5.0, 5.0, 5.0, 5.0, 5.0, 5.0, 5.0, 5.0, 5.0, 5.0, 5.0, 5.0, 5.0, 5.0, 5.0, 5.0, 5.0, 5.0, 5.0, 5.0, 5.0, 5.0, 5.0, 5.0, 5.0, 5.0, 5.0, 5.0, 5.0, 5.0, 5.0, 5.0, 5.0, 5.0, 5.0, 5.0, 5.0, 5.0, 5.0, 5.0, 5.0, 5.0, 5.0, 4.9962590278122905, 4.996650797824641, 4.996150886995144, 4.995668804479736, 4.995843609590532, 4.994017500720919, 4.991913395868309, 4.987005916905049, 4.981881811617643, 4.978349541605858], "O35": 3.601768834908444, "O46": 3.5393154212813327, "O22": [3.6219752083133896, 3.609067320218883, 3.597229661140764, 3.5859496259360015, 3.5754478237823455, 3.569891969941768, 3.56456302002735, 3.559417228887701, 3.554801545827864, 3.550465768900281, 3.53420591823058, 3.51843898661804, 3.503904817773155, 3.488259838175676, 3.4736617031832737, 3.465620539036979, 3.4632518058642328, 3.4619468621007736, 3.462854726492078, 3.4624821103045704, 3.462962055569025, 3.464234420007797, 3.4651851093959474, 3.467160026993153, 3.4662637976237543, 3.467460920638584, 3.4691795589246293, 3.4691792141424367, 3.4697484203466304, 3.4695661596041405, 3.469006197028626, 3.4681142310958584, 3.468970544886159, 3.4709188077785127, 3.4727950224416344, 3.4743151902098752, 3.4743762962517613, 3.474213448223129, 3.474054581173775, 3.474599845713663, 3.4756072533971407, 3.476485338898929, 3.4778771250768936, 3.4783243782134097, 3.480980751249712, 3.4787120777875353, 3.4765456019843266, 3.4771219734893277, 3.4756926916827093, 3.4763861153278315, 3.4770190203110896, 3.4780486649538602, 3.477738703766404, 3.4769523999567693, 3.4758537855950093, 3.475588380591728, 3.4743053469692304, 3.4734433845130432, 3.4723750019953554, 3.4722883175829513, 2.4216333612989933, 2.4216333612989933, 2.4216333612989933, 2.4216333612989933, 2.4216333612989933, 2.4216333612989933, 2.4216333612989933, 2.4216333612989933, 2.4216333612989933, 2.4216333612989933, 1.0796869104943345, 1.0796869104943345, 1.0796869104943345, 1.0796869104943345, 1.0796869104943345, 1.0796869104943345, 1.0796869104943345, 1.0796869104943345, 1.0796869104943345, 1.0796869104943345, 2.4275537511071987, 2.4275537511071987, 2.4275537511071987, 2.4275537511071987, 2.4275537511071987, 2.4275537511071987, 2.4275537511071987, 2.4275537511071987, 2.4275537511071987, 2.4275537511071987, 3.502191833818927, 3.502191833818927, 3.502191833818927, 3.502191833818927, 3.502191833818927, 3.502191833818927, 3.502191833818927, 3.502191833818927, 3.502191833818927, 3.502191833818927, 2.315059607839858, 2.315059607839858, 2.315059607839858, 2.315059607839858, 2.315059607839858, 2.315059607839858, 2.315059607839858, 2.315059607839858, 2.315059607839858, 2.315059607839858, 1.0701139965949529, 1.0701139965949529, 1.0701139965949529, 1.0701139965949529, 1.0701139965949529, 1.0701139965949529, 1.0701139965949529, 1.0701139965949529, 1.0701139965949529, 1.0701139965949529, 2.371727805112507, 2.371727805112507, 2.371727805112507, 2.371727805112507, 2.371727805112507, 2.371727805112507, 2.371727805112507, 2.371727805112507, 2.371727805112507, 2.371727805112507, 3.465622061754722, 3.465622061754722, 3.465622061754722, 3.465622061754722, 3.465622061754722, 3.465622061754722, 3.465622061754722, 3.465622061754722, 3.465622061754722, 3.465622061754722, 2.380739067805861, 2.380739067805861, 2.380739067805861, 2.380739067805861, 2.380739067805861, 2.380739067805861, 2.380739067805861, 2.380739067805861, 2.380739067805861, 2.380739067805861, 1.110050424993915, 1.110050424993915, 1.110050424993915, 1.110050424993915, 1.110050424993915, 1.110050424993915, 1.110050424993915, 1.110050424993915, 1.110050424993915, 1.110050424993915, 2.326039034374182, 2.326039034374182, 2.326039034374182, 2.326039034374182, 2.326039034374182, 2.326039034374182, 2.326039034374182, 2.326039034374182, 2.326039034374182, 2.326039034374182, 3.567067923647884, 3.567067923647884, 3.567067923647884, 3.567067923647884, 3.567067923647884, 3.567067923647884, 3.567067923647884, 3.567067923647884, 3.567067923647884, 3.567067923647884, 4.009494155686595, 4.005730560944324, 4.003030545167019, 4.005566915269063, 4.008191982742016, 4.009615239101517, 4.0117875082753205, 4.013034930812892, 4.014824509696776, 4.0169751416293185, 4.0190722383898505, 4.02142578737318, 4.023870224092575, 4.026062018808059, 4.028791587823243, 4.028949582893659, 4.029888752420598, 4.031161414592198, 4.031207593200433, 4.031626414275535, 4.03447050335296, 4.036784991021027, 4.0379442344517145, 4.036637395006773, 4.034678802584799, 4.031233918372901, 