{"O23": 3.090336943456296, "O34": [3.829082436166879, 3.811145652840874, 3.7988396864072107, 3.788955816130149, 3.779912617713859, 3.7749931653920794, 3.7749931653920794, 3.7749931653920794, 3.7749931653920794, 3.7749931653920794, 3.7627116595632244, 3.7555107552365787, 3.7472704516653175, 3.7401292905613666, 3.7322033511189794, 3.73326465510398, 2.4111979641795616, 2.4072569488795392, 2.4058724385884074, 2.4082236302398554, 2.412021395235001, 2.414235875943078, 2.4129337446912604, 2.412890610501669, 2.4133473187844943, 2.4155271274671093, 2.422622831413693, 2.425911190901863, 2.4228378806284123, 2.407204823305668, 2.3988804991958923, 2.3925199786108866, 2.3939559572262294, 2.3972899455195753, 2.4041744899844435, 2.405587665836896, 2.4097545079907237, 2.412831184438078, 2.4154463142723843, 2.4130239594349154, 3.453410808785782, 3.453410808785782, 3.453410808785782, 3.453410808785782, 3.453410808785782, 3.453410808785782, 3.453410808785782, 3.453410808785782, 4.332767041802939, 4.2750428865005965, 4.2750428865005965, 4.2750428865005965, 4.2750428865005965, 4.2750428865005965, 4.2750428865005965, 4.2750428865005965, 4.2750428865005965, 4.2750428865005965, 4.271791133617538], "O35": 3.20681099943264, "O46": 2.2665929118512045, "O22": [2.88804920860355, 2.8714969839303714, 2.860140927633741, 2.8510200034137734, 2.8426748587337047, 2.8381351439688487, 2.8381351439688487, 2.8381351439688487, 2.8381351439688487, 2.8381351439688487, 2.82680166013792, 2.820156600982197, 2.8125523748727717, 2.8059624472992706, 2.7986483192300424, 2.799627700074812, 1.5837033090271526, 1.5800646034975896, 1.578786297054057, 1.5809571320830755, 1.5844635758382515, 1.5865081868291164, 1.585305940244035, 1.5852661148177856, 1.585687789647138, 1.5877003882551104, 1.5942517906783467, 1.5972879047103645, 1.5944503437686435, 1.58001647640357, 1.5723306995511062, 1.5664580856022514, 1.5677839123068449, 1.5708621550222257, 1.5772185957121911, 1.5785233688219367, 1.582370578343266, 1.5852112472443993, 1.5876257741275004, 1.5853892347409084, 2.5413760584219878, 2.5413760584219878, 2.5413760584219878, 2.5413760584219878, 2.5413760584219878, 2.5413760584219878, 2.5413760584219878, 2.5413760584219878, 3.3528538843015507, 3.299585515594183, 3.299585515594183, 3.299585515594183, 3.299585515594183, 3.299585515594183, 3.299585515594183, 3.299585515594183, 3.299585515594183, 3.299585515594183, 3.2965847688424503], "O21": [4.553999999999999, 4.553999999999999, 4.553999999999999, 4.553999999999999, 4.553999999999999, 4.553999999999999, 4.553999999999999, 4.553999999999999, 4.553999999999999, 4.553999999999999, 4.553999999999999, 4.553999999999999, 4.553999999999999, 4.553999999999999, 4.553999999999999, 4.553999999999999, 4.531000000000001, 4.531000000000001, 4.531000000000001, 4.531000000000001, 4.531000000000001, 4.531000000000001, 4.531000000000001, 4.531000000000001, 4.531000000000001, 4.531000000000001, 4.531000000000001, 4.531000000000001, 4.531000000000001, 4.531000000000001, 4.531000000000001, 4.531000000000001, 4.531000000000001, 4.531000000000001, 4.531000000000001, 4.531000000000001, 4.531000000000001, 4.531000000000001, 4.531000000000001, 4.531000000000001, 4.553999999999999, 4.553999999999999, 4.553999999999999, 4.553999999999999, 4.553999999999999, 4.553999999999999, 4.553999999999999, 4.553999999999999, 4.553999999999999, 4.553999999999999, 4.553999999999999, 4.553999999999999, 4.553999999999999, 4.553999999999999, 4.553999999999999, 4.553999999999999, 4.553999999999999, 4.553999999999999, 4.553999999999999], "mode": "3"}