{"O23": 5.0, "O34": [4.957510219498485, 4.957510219498485, 4.957510219498485, 4.957510219498485, 4.957510219498485, 4.957510219498485, 4.957510219498485, 4.957510219498485, 4.957510219498485, 4.957510219498485, 3.041287890642689, 3.041287890642689, 3.041287890642689, 3.041287890642689, 3.041287890642689, 3.041287890642689, 3.041287890642689, 3.041287890642689, 3.041287890642689, 3.041287890642689, 4.8796406441608315, 4.8796406441608315, 4.8796406441608315, 4.8796406441608315, 4.8796406441608315, 4.8796406441608315, 4.8796406441608315, 4.8796406441608315, 4.8796406441608315, 4.8796406441608315, 2.9882026921086977, 2.9882026921086977, 2.9882026921086977, 2.9882026921086977, 2.9882026921086977, 2.9882026921086977, 2.9882026921086977, 2.9882026921086977, 2.9882026921086977, 2.988408537118355, 4.784146734688596, 4.784146734688596, 4.784146734688596, 4.784146734688596, 4.784146734688596, 4.784146734688596, 4.784146734688596, 4.784146734688596, 4.784146734688596, 4.784146734688596, 2.890001342182373, 2.890001342182373, 2.890001342182373, 2.890001342182373, 2.890001342182373, 2.890001342182373, 2.890001342182373, 2.890001342182373, 2.890001342182373, 2.890001342182373], "O35": 3.2802016517219172, "O46": 3.342753871016438, "O22": [3.929372497048542, 3.929372497048542, 3.929372497048542, 3.929372497048542, 3.929372497048542, 3.929372497048542, 3.929372497048542, 3.929372497048542, 3.929372497048542, 3.929372497048542, 2.1654599186831702, 2.1654599186831702, 2.1654599186831702, 2.1654599186831702, 2.1654599186831702, 2.1654599186831702, 2.1654599186831702, 2.1654599186831702, 2.1654599186831702, 2.1654599186831702, 3.8575137538855406, 3.8575137538855406, 3.8575137538855406, 3.8575137538855406, 3.8575137538855406, 3.8575137538855406, 3.8575137538855406, 3.8575137538855406, 3.8575137538855406, 3.8575137538855406, 2.11644681146623, 2.11644681146623, 2.11644681146623, 2.11644681146623, 2.11644681146623, 2.11644681146623, 2.11644681146623, 2.11644681146623, 2.11644681146623, 2.11644681146623, 3.769391116968088, 3.769391116968088, 3.769391116968088, 3.769391116968088, 3.769391116968088, 3.769391116968088, 3.769391116968088, 3.769391116968088, 3.769391116968088, 3.769391116968088, 2.0257783497159116, 2.0257783497159116, 2.0257783497159116, 2.0257783497159116, 2.0257783497159116, 2.0257783497159116, 2.0257783497159116, 2.0257783497159116, 2.0257783497159116, 2.0257783497159116], "O21": [4.553999999999999, 4.553999999999999, 4.553999999999999, 4.553999999999999, 4.553999999999999, 4.553999999999999, 4.553999999999999, 4.553999999999999, 4.553999999999999, 4.553999999999999, 4.531000000000001, 4.531000000000001, 4.531000000000001, 4.531000000000001, 4.531000000000001, 4.531000000000001, 4.531000000000001, 4.531000000000001, 4.531000000000001, 4.531000000000001, 4.553999999999999, 4.553999999999999, 4.553999999999999, 4.553999999999999, 4.553999999999999, 4.553999999999999, 4.553999999999999, 4.553999999999999, 4.553999999999999, 4.553999999999999, 4.531000000000001, 4.531000000000001, 4.531000000000001, 4.531000000000001, 4.531000000000001, 4.531000000000001, 4.531000000000001, 4.531000000000001, 4.531000000000001, 4.532, 4.553999999999999, 4.553999999999999, 4.553999999999999, 4.553999999999999, 4.553999999999999, 4.553999999999999, 4.553999999999999, 4.553999999999999, 4.553999999999999, 4.553999999999999, 4.531000000000001, 4.531000000000001, 4.531000000000001, 4.531000000000001, 4.531000000000001, 4.531000000000001, 4.531000000000001, 4.531000000000001, 4.531000000000001, 4.531000000000001], "mode": "3"}