{"O23": 4.594340904953616, "O34": [4.985917311804772, 4.971505637415603, 4.956581104701319, 4.944268289963406, 4.9322393366122395, 4.928244515597894, 4.928244515597894, 4.928244515597894, 4.928244515597894, 4.928244515597894, 4.907815651047103, 4.891256873069019, 4.876732265839034, 4.864432477713273, 4.86028804853628, 2.8518988523889437, 2.8496691938472547, 2.8496691938472547, 2.8496691938472547, 2.8496691938472547, 4.729942686740759, 4.730187997729559, 4.730187997729559, 4.730187997729559, 2.767179320749351, 2.762763460534944, 2.762763460534944, 2.762763460534944, 2.762763460534944, 2.762763460534944, 4.798573003632263, 4.801289192156416, 4.801289192156416, 4.801289192156416, 4.801289192156416, 2.730026834670562, 2.7272280495699475, 2.7272280495699475, 2.7272280495699475, 2.7272280495699475, 4.688399697936938, 4.694331725235312, 4.693733305645006, 4.689704529179563, 4.690075310797728, 4.691548977940958, 4.694230431538877, 4.696230803793472, 4.697974345573227, 4.692998114257632, 4.693354534704476, 4.702259794224486, 4.7096077725312355, 4.714930750405141, 4.718345719454756, 4.7096668552796555, 4.694769283403131, 4.691432728364994, 4.685348616564355], "O35": 3.9023602082192563, "O46": 3.6334993702210316, "O22": [3.9555868168415254, 3.9422875943404447, 3.928515101572978, 3.9171527255997085, 3.906052299462374, 3.902365842768507, 3.902365842768507, 3.902365842768507, 3.902365842768507, 3.902365842768507, 3.883513903169485, 3.868233314201833, 3.8548298762614404, 3.8434795213628052, 3.8396550049134035, 1.9885400240577167, 1.9885400240577167, 1.9885400240577167, 1.9885400240577167, 1.9885400240577167, 3.7195975101103858, 3.7195975101103858, 3.7195975101103858, 3.7195975101103858, 1.9083007079727317, 1.9083007079727317, 1.9083007079727317, 1.9083007079727317, 1.9083007079727317, 1.9083007079727317, 3.7852103306086056, 3.7852103306086056, 3.7852103306086056, 3.7852103306086056, 3.7852103306086056, 1.8754911686712978, 1.8754911686712978, 1.8754911686712978, 1.8754911686712978, 1.8754911686712978, 3.681711435443207, 3.686509019968064, 3.68595679299807, 3.68223900190911, 3.6825811625148885, 3.6839410757838897, 3.686415545235672, 3.6882615067097144, 3.689870462715987, 3.6852783517859296, 3.685607259773891, 3.6938251132021844, 3.700605893547043, 3.7055179853138824, 3.7086693494093166, 3.700660415637675, 3.6869128025733224, 3.6838337996316084, 3.67821932664442], "O21": [4.553999999999999, 4.553999999999999, 4.553999999999999, 4.553999999999999, 4.553999999999999, 4.553999999999999, 4.553999999999999, 4.553999999999999, 4.553999999999999, 4.553999999999999, 4.553999999999999, 4.553999999999999, 4.553999999999999, 4.553999999999999, 4.553999999999999, 4.542, 4.531000000000001, 4.531000000000001, 4.531000000000001, 4.531000000000001, 4.553, 4.553999999999999, 4.553999999999999, 4.553999999999999, 4.553, 4.531000000000001, 4.531000000000001, 4.531000000000001, 4.531000000000001, 4.531000000000001, 4.543, 4.553999999999999, 4.553999999999999, 4.553999999999999, 4.553999999999999, 4.545, 4.531000000000001, 4.531000000000001, 4.531000000000001, 4.531000000000001, 4.551, 4.553999999999999, 4.553999999999999, 4.553999999999999, 4.553999999999999, 4.553999999999999, 4.553999999999999, 4.553999999999999, 4.553999999999999, 4.553999999999999, 4.553999999999999, 4.553999999999999, 4.553999999999999, 4.553999999999999, 4.553999999999999, 4.553999999999999, 4.553999999999999, 4.553999999999999, 4.553999999999999, 4.553999999999999], "mode": "3"}