{"O23": 5.0, "O34": [2.6666112807184486, 2.629959693691665, 2.5999645773404274, 2.5817541720749824, 2.574638963029651, 2.5568773995971545, 2.5477839534979445, 2.5293009615262405, 2.5134708364900504, 2.4995544632787423, 2.4706291009423906, 2.43566669073601, 2.4078142229442694, 2.4104835701589513, 2.429421860461689, 2.4628771669951846, 2.4820224171753735, 2.482603017095402, 2.476342397610189, 2.4767790445791773, 2.462701516062614, 2.46910241816932, 2.477787101450831, 2.4986315191740687, 2.5168259700534104, 2.5512889334653828, 2.553277464775565, 2.5595463837413797, 2.565446176580965, 2.5815879960735093, 2.6067105976559204, 2.6297902208315285, 2.6479940239607345, 2.6644673033168726, 2.678635443256141, 2.6763007605234463, 2.678860428322162, 2.6984007351482466, 2.7064351141496803, 2.7008607017673967, 2.704807990806428, 2.7087630333146056, 2.7140570111613638, 2.7197959735757826, 2.7083544313204575, 2.685686789849354, 2.6893423895138793, 2.6953186935412816, 2.7004801108407657, 2.6920027305884218, 2.682110701831155, 2.6723004290054475, 2.6626038978069233, 2.6451006618422404, 2.6225752714674306, 2.604314669290913, 2.581888443879714, 2.550251922297364, 2.5316144046997597, 2.527943472292596], "O35": 2.5906482685230174, "O46": 2.5541773466047633, "O22": [1.8195242273597638, 1.7856841323007902, 1.7579898993637795, 1.741176388811159, 1.734606977498014, 1.7182078787492352, 1.7098119781791987, 1.692746790665227, 1.6781309723753215, 1.665282104685017, 1.6385755664289214, 1.6062950737994983, 1.5805791298484018, 1.583043715172476, 1.6005292757194385, 1.631418272490391, 1.6490949173121279, 1.6496309802245097, 1.643850604101837, 1.644253756492673, 1.6312560954951345, 1.6371659933556508, 1.6451844867319037, 1.6644299583314788, 1.6812287383366344, 1.7130480960365577, 1.7148840898917523, 1.7206721288534796, 1.7261193568377393, 1.7410229599382905, 1.764218441898083, 1.7855276594666736, 1.8023350743236897, 1.8175447114653875, 1.830626033210155, 1.828470440723827, 1.8308337599865, 1.8488751572114825, 1.8562932302392523, 1.8511464232325996, 1.8547909212514289, 1.8584425779816327, 1.8633304621936722, 1.8686291968296889, 1.8580653192748495, 1.837136480870545, 1.8405116645987334, 1.8460295347046265, 1.85079502690353, 1.8429679346310799, 1.833834709561524, 1.8247769690403888, 1.8158242451853324, 1.7996636579656933, 1.778866158775085, 1.7620063018462182, 1.7413003608135864, 1.7120906325445309, 1.6948827728492508, 1.6914934325316628], "O21": [4.531000000000001, 4.531000000000001, 4.531000000000001, 4.531000000000001, 4.531000000000001, 4.531000000000001, 4.531000000000001, 4.531000000000001, 4.531000000000001, 4.531000000000001, 4.531000000000001, 4.531000000000001, 4.531000000000001, 4.531000000000001, 4.531000000000001, 4.531000000000001, 4.531000000000001, 4.531000000000001, 4.531000000000001, 4.531000000000001, 4.531000000000001, 4.531000000000001, 4.531000000000001, 4.531000000000001, 4.531000000000001, 4.531000000000001, 4.531000000000001, 4.531000000000001, 4.531000000000001, 4.531000000000001, 4.531000000000001, 4.531000000000001, 4.531000000000001, 4.531000000000001, 4.531000000000001, 4.531000000000001, 4.531000000000001, 4.531000000000001, 4.531000000000001, 4.531000000000001, 4.531000000000001, 4.531000000000001, 4.531000000000001, 4.531000000000001, 4.531000000000001, 4.531000000000001, 4.531000000000001, 4.531000000000001, 4.531000000000001, 4.531000000000001, 4.531000000000001, 4.531000000000001, 4.531000000000001, 4.531000000000001, 4.531000000000001, 4.531000000000001, 4.531000000000001, 4.531000000000001, 4.531000000000001, 4.531000000000001], "mode": "3"}