{"O23": 5.0, "O34": [2.253418563393851, 2.2769478733250166, 2.297432619046789, 2.313281192716334, 2.3211541814077195, 2.3284786175080185, 2.3421136359470704, 2.355570028224276, 2.3704068608967637, 2.3858387928997167, 2.422241756759287, 2.4399858548678552, 2.440278978840478, 2.4465455032598324, 2.4390596213127473, 2.4126639768556077, 2.38491112069383, 2.3547216375111897, 2.3270016532207314, 2.300828069667444, 2.2750579808833438, 2.246786484454235, 2.2164636818397776, 2.189266594219444, 2.165805789371069, 2.140717022501275, 2.109232479698423, 2.0757639860771184, 2.043808233382833, 2.011106387912245, 1.9769096696267225, 1.9632469829959747, 1.9641852201419454, 1.963699310773336, 1.9663893268923769, 1.9645461366322978, 1.9667677499412246, 1.9681184049391056, 1.9683883135343212, 1.9671361071985423, 1.965293427919958, 1.962860371449454, 1.9611581026456735, 1.959194631472632, 1.9553709312063816, 1.9507133982803335, 1.948617352936077, 1.9487216830280178, 1.9441395981874225, 1.9336100329908525, 1.9328109734965535, 1.9315655023444287, 1.9298960565288361, 1.9255065485889094, 1.9211741959889135, 1.9168771674006198, 1.9127063692924144, 1.9078014671761852, 1.902681868871864], "O35": 2.033923027123435, "O46": 2.0522579621550765, "O22": [1.4380269453533332, 1.4597513548355423, 1.4786647443697292, 1.4932975961241328, 1.5005666588667643, 1.5073292477201852, 1.519918342969217, 1.532342514219393, 1.546041234213269, 1.5602894043004722, 1.593899947727583, 1.6102829208929994, 1.6105535597357423, 1.6163393878333188, 1.6094277374181676, 1.585056865921669, 1.55943289253175, 1.5315592023710682, 1.505965579297205, 1.4817997347232725, 1.4580064333992429, 1.431903603911359, 1.40390682106597, 1.378795983990162, 1.357134824661676, 1.3339705820010281, 1.304901174431903, 1.2740000021361995, 1.2444955305272225, 1.2143021978750812, 1.182728662010417, 1.1701140209579677, 1.1709802872449993, 1.1705316513043025, 1.1730153200499969, 1.1713135183362737, 1.173364714796155, 1.1746117629386206, 1.1748609672230805, 1.17370481588357, 1.172003485954666, 1.1697570658423377, 1.16818537569714, 1.1663725196510233, 1.1628421300831069, 1.158541869992252, 1.1566066093541323, 1.156702936430671, 1.1524723369081804, 1.1427504799277117, 1.1420127151693917, 1.1408627823670192, 1.1393213974045024, 1.1352686024780319, 1.1312685785853223, 1.1273011690487933, 1.1234503070288127, 1.1189216530923032, 1.1141947720119454], "O21": [4.531000000000001, 4.531000000000001, 4.531000000000001, 4.531000000000001, 4.531000000000001, 4.531000000000001, 4.531000000000001, 4.531000000000001, 4.531000000000001, 4.531000000000001, 4.531000000000001, 4.531000000000001, 4.531000000000001, 4.531000000000001, 4.531000000000001, 4.531000000000001, 4.531000000000001, 4.531000000000001, 4.531000000000001, 4.531000000000001, 4.531000000000001, 4.531000000000001, 4.531000000000001, 4.531000000000001, 4.531000000000001, 4.531000000000001, 4.531000000000001, 4.531000000000001, 4.531000000000001, 4.531000000000001, 4.531000000000001, 4.531000000000001, 4.531000000000001, 4.531000000000001, 4.531000000000001, 4.531000000000001, 4.531000000000001, 4.531000000000001, 4.531000000000001, 4.531000000000001, 4.531000000000001, 4.531000000000001, 4.531000000000001, 4.531000000000001, 4.531000000000001, 4.531000000000001, 4.531000000000001, 4.531000000000001, 4.531000000000001, 4.531000000000001, 4.531000000000001, 4.531000000000001, 4.531000000000001, 4.531000000000001, 4.531000000000001, 4.531000000000001, 4.531000000000001, 4.531000000000001, 4.531000000000001], "mode": "3"}