{"O23": 4.594340904953616, "O34": [4.578546814944941, 4.589584911897108, 4.599112824226157, 4.600312386220683, 4.609237009385284, 4.618056237217382, 4.61805882120135, 4.6102667012102305, 4.598685336080672, 4.588476270830311, 4.590311675176668, 4.585150208341561, 4.587438445310654, 4.5939935713979345, 4.600389972495547, 4.6013794460693145, 4.5955769542205775, 4.582621358099559, 4.5687770991291154, 4.5610215358964785, 4.56347473344154, 4.55500744909229, 4.545550109819733, 4.540865727680877, 4.527388619934332, 4.51090528417572, 4.501798594402713, 4.504323586747076, 4.515946858335514, 4.528633273196574, 2.3553709730270502, 2.3553709730270502, 2.3553709730270502, 2.3553709730270502, 2.355753895318759, 4.64200772098857, 4.64200772098857, 4.64200772098857, 4.64200772098857, 4.64200772098857, 2.4421516588935615, 2.4421516588935615, 2.4421516588935615, 2.4421516588935615, 2.442345092509392, 4.386234877594373, 4.386234877594373, 4.386234877594373, 4.386234877594373, 4.3859973803571135, 2.4034943727317892, 2.4034943727317892, 2.4034943727317892, 2.4034943727317892, 2.403686927692012, 4.540241631864299, 4.540241631864299, 4.540241631864299, 4.540241631864299, 4.540241631864299], "O35": 3.3967428348076747, "O46": 3.126235738975696, "O22": [3.579661665341698, 3.589847720299038, 3.5986401633291165, 3.5997471299062282, 3.6079828522795787, 3.616121314893954, 3.616123699417556, 3.608933061139266, 3.5982456734308674, 3.5888246563702375, 3.590518383977628, 3.58575533604729, 3.587866941664055, 3.59391607086329, 3.5998187272171713, 3.6007318223136275, 3.595377230746179, 3.5834216903422798, 3.570646083883332, 3.5634891805099427, 3.565753013227076, 3.557939327218099, 3.549212009638092, 3.544889219748281, 3.5324524237346937, 3.517241453524421, 3.508837718450407, 3.5111678040528433, 3.5218938634176946, 3.533823155794062, 1.5321587282678821, 1.5321587282678821, 1.5321587282678821, 1.5321587282678821, 1.5321587282678821, 3.638223959132394, 3.638223959132394, 3.638223959132394, 3.638223959132394, 3.638223959132394, 1.612282589121702, 1.612282589121702, 1.612282589121702, 1.612282589121702, 1.612282589121702, 3.40219448315493, 3.40219448315493, 3.40219448315493, 3.40219448315493, 3.40219448315493, 1.5765906493025517, 1.5765906493025517, 1.5765906493025517, 1.5765906493025517, 1.5765906493025517, 3.5443132985261845, 3.5443132985261845, 3.5443132985261845, 3.5443132985261845, 3.5443132985261845], "O21": [4.553999999999999, 4.553999999999999, 4.553999999999999, 4.553999999999999, 4.553999999999999, 4.553999999999999, 4.553999999999999, 4.553999999999999, 4.553999999999999, 4.553999999999999, 4.553999999999999, 4.553999999999999, 4.553999999999999, 4.553999999999999, 4.553999999999999, 4.553999999999999, 4.553999999999999, 4.553999999999999, 4.553999999999999, 4.553999999999999, 4.553999999999999, 4.553999999999999, 4.553999999999999, 4.553999999999999, 4.553999999999999, 4.553999999999999, 4.553999999999999, 4.553999999999999, 4.553999999999999, 4.553, 4.531000000000001, 4.531000000000001, 4.531000000000001, 4.531000000000001, 4.533, 4.553999999999999, 4.553999999999999, 4.553999999999999, 4.553999999999999, 4.553999999999999, 4.531000000000001, 4.531000000000001, 4.531000000000001, 4.531000000000001, 4.532, 4.553999999999999, 4.553999999999999, 4.553999999999999, 4.553999999999999, 4.553, 4.531000000000001, 4.531000000000001, 4.531000000000001, 4.531000000000001, 4.532, 4.553999999999999, 4.553999999999999, 4.553999999999999, 4.553999999999999, 4.553999999999999], "mode": "3"}