{"O23": 3.3314234215633047, "O34": [3.835996909919476, 3.8185620115032215, 3.805509717402233, 3.7945967936486644, 3.78392075074611, 3.7753486710482345, 3.7835839482859, 3.790456811941514, 3.7965126064394488, 3.807586906490707, 3.7879725626991867, 3.7810187861331235, 3.7775305618096437, 3.7727754193296206, 3.7736017287503527, 3.7755723577864333, 3.7744988485807687, 3.765012642124543, 3.7641580921168734, 3.7597032479228774, 3.7627641104357, 3.7604186317143524, 3.762007382006307, 3.7625789104623175, 3.764640376701516, 3.760029583976574, 3.750799973868716, 3.739783482241581, 3.730582102851206, 3.713299016516114, 3.687530606760376, 3.6673352159756543, 3.6795959460949357, 3.687662464390834, 3.6893609299642933, 3.68801291380441, 3.6851049887258536, 3.684114445019317, 3.683512191035308, 3.6817581762217992, 3.6798931473012693, 3.6846790428303287, 3.6876907518817887, 3.68719521087153, 3.6914033671736135, 3.7007682551961696, 3.6993635340815083, 3.6989643517879514, 5.0, 5.0, 5.0, 5.0, 5.0, 5.0, 5.0, 5.0, 5.0, 5.0, 5.0, 5.0], "O35": 3.983127251028262, "O46": 2.848973131490821, "O22": [2.8944299470542307, 2.8783408662812318, 2.86629609211335, 2.8562255481073664, 2.8463735998771966, 2.8384632077797516, 2.846062795543413, 2.8524051358230604, 2.857993477349107, 2.8682129408512864, 2.8501126483209367, 2.8436956408811644, 2.8404766761613884, 2.836088587993528, 2.8368511137448253, 2.838669627909815, 2.83767898397785, 2.82892502750161, 2.828136441083168, 2.8240254708694557, 2.826850062273896, 2.8246856334542865, 2.826151746486041, 2.826679158075904, 2.8285814976273835, 2.8243266167093517, 2.815809449646871, 2.8056433322774232, 2.7971522167744656, 2.7812032295527924, 2.757423909705119, 2.738787421793338, 2.7501017336129667, 2.7575455891102023, 2.759112948388652, 2.7578689869750628, 2.7551855276078947, 2.7542714449833126, 2.7537156796003863, 2.7520970589845497, 2.7503759935541705, 2.7547924609117542, 2.7575716930607945, 2.7571144033680164, 2.7609977277805355, 2.7696397305171, 2.7683434412621963, 2.767770320200165, 4.266996338442037, 4.266826979373013, 4.266826979373013, 4.266826979373013, 4.266826979373013, 4.266826979373013, 4.266826979373013, 4.266826979373013, 4.266826979373013, 4.266826979373013, 4.265876935632543, 4.266277399027931], "O21": [4.553999999999999, 4.553999999999999, 4.553999999999999, 4.553999999999999, 4.553999999999999, 4.553999999999999, 4.553999999999999, 4.553999999999999, 4.553999999999999, 4.553999999999999, 4.553999999999999, 4.553999999999999, 4.553999999999999, 4.553999999999999, 4.553999999999999, 4.553999999999999, 4.553999999999999, 4.553999999999999, 4.553999999999999, 4.553999999999999, 4.553999999999999, 4.553999999999999, 4.553999999999999, 4.553999999999999, 4.553999999999999, 4.553999999999999, 4.553999999999999, 4.553999999999999, 4.553999999999999, 4.553999999999999, 4.553999999999999, 4.553999999999999, 4.553999999999999, 4.553999999999999, 4.553999999999999, 4.553999999999999, 4.553999999999999, 4.553999999999999, 4.553999999999999, 4.553999999999999, 4.553999999999999, 4.553999999999999, 4.553999999999999, 4.553999999999999, 4.553999999999999, 4.553999999999999, 4.553999999999999, 4.555, 4.559, 4.559, 4.559, 4.559, 4.559, 4.559, 4.559, 4.559, 4.559, 4.559, 4.559, 4.559], "mode": "3"}