{"O23": 4.220382272589658, "O34": [3.8616541156629767, 3.8640423684502605, 3.8640423684502605, 3.8640423684502605, 3.8640423684502605, 3.8640423684502605, 3.8640423684502605, 3.8640423684502605, 3.8640423684502605, 3.8640423684502605, 3.854080036467964, 3.864464774297373, 4.63636164470906, 4.630705380687139, 4.638305454683932, 4.643085391476304, 4.643506088519082, 4.639909280517969, 4.638291115353185, 4.637662259202667, 4.640854746190043, 4.640550096431254, 4.6376184724836165, 4.640087298772643, 4.642742602500184, 4.640891746764331, 4.6412601732928405, 4.644303376056057, 4.6411653560846515, 4.637208512599767, 4.633824557292199, 4.637935407703148, 4.639674847542121, 4.644344353489736, 4.644853307008269, 4.647231350292896, 4.650008049441333, 4.654444047591396, 4.659065950374625, 4.662330809433562, 4.660558848568251, 4.66278271495728, 4.6641145392305425, 4.66910248605504, 4.675311362331955, 4.683188625940783, 4.691552899450442, 4.699437181411628, 4.709648839746983, 4.715972240920454, 4.719048874714287, 4.718521792152142, 4.721782477089847, 4.725400639196009, 4.7247583365404555, 4.723111326476951, 4.724602882028404, 4.728636546843262, 4.730815907537348], "O35": 4.493440175680574, "O46": 3.719115240246416, "O22": [2.9181066468411236, 2.920310547952766, 2.920310547952766, 2.920310547952766, 2.920310547952766, 2.920310547952766, 2.920310547952766, 2.920310547952766, 2.920310547952766, 2.920310547952766, 2.911117218566851, 2.9207003478604525, 3.6330137092563834, 3.6277940580402204, 3.6348074745509336, 3.63921844313281, 3.6396066661405166, 3.636287499428256, 3.6347942420877954, 3.634213927986805, 3.6371599836379667, 3.6368788501056906, 3.634173521209388, 3.6364517762717536, 3.6389021143884017, 3.6371941281000764, 3.637534115407979, 3.640342410236951, 3.637446617237081, 3.6337952065483297, 3.6306724622124675, 3.6344659918751243, 3.6360711625736197, 3.6403802245806083, 3.6408498914564267, 3.6430443711473646, 3.645606734048194, 3.6497003129633825, 3.6539654463429376, 3.6569782875914254, 3.6553431061978823, 3.6573953100655046, 3.6586243294607645, 3.6632272515676094, 3.6689568583335253, 3.6762260679065784, 3.6839446945880447, 3.6912203807596575, 3.700643790742398, 3.706479082110956, 3.709318227395093, 3.7088318308750834, 3.711840820207027, 3.715179692679124, 3.714586970022578, 3.7130670943506336, 3.714443515203329, 3.7181658173050116, 3.72017695091781], "O21": [4.553999999999999, 4.553999999999999, 4.553999999999999, 4.553999999999999, 4.553999999999999, 4.553999999999999, 4.553999999999999, 4.553999999999999, 4.553999999999999, 4.553999999999999, 4.553999999999999, 4.553999999999999, 4.553999999999999, 4.553999999999999, 4.553999999999999, 4.553999999999999, 4.553999999999999, 4.553999999999999, 4.553999999999999, 4.553999999999999, 4.553999999999999, 4.553999999999999, 4.553999999999999, 4.553999999999999, 4.553999999999999, 4.553999999999999, 4.553999999999999, 4.553999999999999, 4.553999999999999, 4.553999999999999, 4.553999999999999, 4.553999999999999, 4.553999999999999, 4.553999999999999, 4.553999999999999, 4.553999999999999, 4.553999999999999, 4.553999999999999, 4.553999999999999, 4.553999999999999, 4.553999999999999, 4.553999999999999, 4.553999999999999, 4.553999999999999, 4.553999999999999, 4.553999999999999, 4.553999999999999, 4.553999999999999, 4.553999999999999, 4.553999999999999, 4.553999999999999, 4.553999999999999, 4.553999999999999, 4.553999999999999, 4.553999999999999, 4.553999999999999, 4.553999999999999, 4.553999999999999, 4.553999999999999, 4.553999999999999], "mode": "3"}