{"O23": 3.009214889839177, "O34": [4.825479400817123, 4.825479400817123, 4.825479400817123, 4.825479400817123, 4.825479400817123, 4.825479400817123, 4.825479400817123, 4.825479400817123, 4.825479400817123, 4.825479400817123, 2.872723907580872, 2.869473565630813, 2.869473565630813, 2.869473565630813, 2.869473565630813, 2.869473565630813, 2.869473565630813, 2.869473565630813, 2.869473565630813, 2.869473565630813, 4.883106062638243, 4.883354853193539, 4.883354853193539, 4.883354853193539, 4.883354853193539, 4.883354853193539, 4.883354853193539, 4.883354853193539, 4.883354853193539, 4.883354853193539, 2.7978961064704735, 2.794068889514027, 2.794068889514027, 2.794068889514027, 2.794068889514027, 2.794068889514027, 2.794068889514027, 2.794068889514027, 2.794068889514027, 2.794068889514027, 4.858073804549372, 4.858818504002463, 4.858818504002463, 4.858818504002463, 4.858818504002463, 4.858818504002463, 4.858818504002463, 4.858818504002463, 4.858818504002463, 4.858818504002463, 2.7330088364671883, 2.729009762093815, 2.729009762093815, 2.729009762093815, 2.729009762093815, 2.729009762093815, 2.729009762093815, 2.729009762093815, 2.729009762093815], "O35": 3.114627232377648, "O46": 2.268017038878609, "O22": [3.807533272318147, 3.807533272318147, 3.807533272318147, 3.807533272318147, 3.807533272318147, 3.807533272318147, 3.807533272318147, 3.807533272318147, 3.807533272318147, 3.807533272318147, 2.006825230186694, 2.006825230186694, 2.006825230186694, 2.006825230186694, 2.006825230186694, 2.006825230186694, 2.006825230186694, 2.006825230186694, 2.006825230186694, 2.006825230186694, 3.8609412593236745, 3.8609412593236745, 3.8609412593236745, 3.8609412593236745, 3.8609412593236745, 3.8609412593236745, 3.8609412593236745, 3.8609412593236745, 3.8609412593236745, 3.8609412593236745, 1.937204741288942, 1.937204741288942, 1.937204741288942, 1.937204741288942, 1.937204741288942, 1.937204741288942, 1.937204741288942, 1.937204741288942, 1.937204741288942, 1.937204741288942, 3.8382988960253783, 3.8382988960253783, 3.8382988960253783, 3.8382988960253783, 3.8382988960253783, 3.8382988960253783, 3.8382988960253783, 3.8382988960253783, 3.8382988960253783, 3.8382988960253783, 1.8771362085199512, 1.8771362085199512, 1.8771362085199512, 1.8771362085199512, 1.8771362085199512, 1.8771362085199512, 1.8771362085199512, 1.8771362085199512, 1.8771362085199512], "O21": [4.553999999999999, 4.553999999999999, 4.553999999999999, 4.553999999999999, 4.553999999999999, 4.553999999999999, 4.553999999999999, 4.553999999999999, 4.553999999999999, 4.553999999999999, 4.547, 4.531000000000001, 4.531000000000001, 4.531000000000001, 4.531000000000001, 4.531000000000001, 4.531000000000001, 4.531000000000001, 4.531000000000001, 4.531000000000001, 4.553, 4.553999999999999, 4.553999999999999, 4.553999999999999, 4.553999999999999, 4.553999999999999, 4.553999999999999, 4.553999999999999, 4.553999999999999, 4.553999999999999, 4.55, 4.531000000000001, 4.531000000000001, 4.531000000000001, 4.531000000000001, 4.531000000000001, 4.531000000000001, 4.531000000000001, 4.531000000000001, 4.531000000000001, 4.551, 4.553999999999999, 4.553999999999999, 4.553999999999999, 4.553999999999999, 4.553999999999999, 4.553999999999999, 4.553999999999999, 4.553999999999999, 4.553999999999999, 4.551, 4.531000000000001, 4.531000000000001, 4.531000000000001, 4.531000000000001, 4.531000000000001, 4.531000000000001, 4.531000000000001, 4.531000000000001], "mode": "3"}