{"O23": 5.0, "O34": [4.237583201568406, 4.234561961958712, 4.231968780476307, 4.229697053454379, 4.225021793549295, 4.225507297298153, 4.222211093807804, 4.219081368205244, 4.216705365749133, 4.216586933311042, 4.225000040620567, 4.232337121190797, 4.238287205792225, 4.243735938380539, 4.247356563373612, 4.250761743216743, 4.256024420426972, 4.261376377061552, 4.267655625635328, 4.271991611593444, 4.279042171728113, 4.2868314180789495, 4.29228691791703, 4.294300355015262, 4.296038905895031, 4.296643480006274, 4.2980014965536935, 4.299554950916635, 4.301513153346266, 4.299184651499602, 4.292566827168068, 4.289660774488273, 4.292235683614603, 4.296562610148697, 4.297851104814533, 4.297940981816182, 4.297648846200658, 4.297445216119998, 4.29588562586589, 4.292616095586784, 4.283926471085544, 4.2742958524761105, 4.266596406414566, 4.263162543579796, 4.259526346565115, 4.255806312633475, 4.252651048252653, 4.249278914100144, 4.244622662618103, 4.24072550818174, 4.2421961210151835, 4.239281916841505, 4.230613801848802, 4.218779904611409, 4.209244599084387, 4.200055701245422, 4.187031445969483, 4.171516267132522, 4.15544205336732, 4.141770802666308, 2.935985939589974, 2.935985939589974, 2.935985939589974, 2.935985939589974, 2.935985939589974, 2.935985939589974, 2.935985939589974, 2.935985939589974, 2.935985939589974, 2.935985939589974, 4.234789185187815, 4.235023247276387, 4.235023247276387, 4.235023247276387, 4.235023247276387, 4.235023247276387, 4.235023247276387, 4.235023247276387, 4.235023247276387, 4.235023247276387, 3.3555709232406103, 3.3551425526004666, 3.3551425526004666, 3.3551425526004666, 3.3551425526004666, 3.3551425526004666, 3.3551425526004666, 3.3551425526004666, 3.3551425526004666, 3.3551425526004666, 4.620306650409787, 4.620549470686453, 4.620549470686453, 4.620549470686453, 4.620549470686453, 4.620549470686453, 4.620549470686453, 4.620549470686453, 4.620549470686453, 4.620549470686453, 3.7157669911903066, 3.715322247237903, 3.715322247237903, 3.715322247237903, 3.715322247237903, 3.715322247237903, 3.715322247237903, 3.715322247237903, 3.715322247237903, 3.715322247237903, 4.766638157715182, 4.7668843023519125, 4.7668843023519125, 4.7668843023519125, 4.7668843023519125, 4.7668843023519125, 4.7668843023519125, 4.7668843023519125, 4.7668843023519125, 4.7668843023519125, 3.731832858238093, 3.731387383984941, 3.731387383984941, 3.731387383984941, 3.731387383984941, 3.731387383984941, 3.731387383984941, 3.731387383984941, 3.731387383984941, 3.731387383984941, 4.575467647626464, 4.575709449250396, 4.575709449250396, 4.575709449250396, 4.575709449250396, 4.575709449250396, 4.575709449250396, 4.575709449250396, 4.575709449250396, 4.575709449250396, 3.5599509905096753, 3.5590757081440043, 3.5590757081440043, 3.5590757081440043, 3.5590757081440043, 3.5590757081440043, 3.5590757081440043, 3.5590757081440043, 3.5590757081440043, 3.5590757081440043, 4.544359642129303, 4.544600737041378, 4.544600737041378, 4.544600737041378, 4.544600737041378, 4.544600737041378, 4.544600737041378, 4.544600737041378, 4.544600737041378, 4.544600737041378, 3.529935418977787, 3.5290628653036826, 3.5290628653036826, 3.5290628653036826, 3.5290628653036826, 3.5290628653036826, 3.5290628653036826, 3.5290628653036826, 3.5290628653036826, 3.5290628653036826, 4.348202095447838, 4.348438734051587, 4.348438734051587, 4.348438734051587, 4.348438734051587, 4.348438734051587, 4.348438734051587, 4.348438734051587, 4.348438734051587, 4.348438734051587, 4.980406301209886, 4.983281859941829, 4.985502688296664, 4.988191847128672, 4.989265513141218, 4.987796195831779, 4.986785564955901, 4.989108239139203, 4.992824509671755, 4.994950827267583, 4.998585667684158, 5.0, 5.0, 5.0, 4.998529188260055, 4.996143151422503, 4.9928201229871405, 4.988337965034782, 4.990495831535099, 4.996333964261924, 5.0, 5.0, 5.0, 5.0, 5.0, 5.0, 5.0, 5.0, 5.0, 5.0, 5.0, 5.0, 5.0, 5.0, 5.0, 5.0, 5.0, 5.0, 5.0, 5.0, 5.0, 5.0, 5.0, 5.0, 4.9954429675381515, 4.993315737929288, 4.991675787902185, 4.989518087333649, 4.986113412520667, 4.978606951336034, 4.97599294895179, 4.975888345988191, 4.975030162194474, 4.973775005769189, 4.973183829895087, 4.972568350023255, 4.9729917417459655, 4.972196759398199, 4.971310546955208, 4.9674104983219625], "O35": 4.241120475719663, "O46": 4.222574900877247,