{"O23": 3.9388799963136254, "O34": [4.710725112529586, 4.710725112529586, 4.710725112529586, 4.710725112529586, 4.710725112529586, 4.710725112529586, 4.710725112529586, 4.710725112529586, 4.710725112529586, 4.710480243688685, 2.9750407099115512, 2.9750407099115512, 2.9750407099115512, 2.9750407099115512, 2.9750407099115512, 2.9750407099115512, 2.9750407099115512, 2.9750407099115512, 2.9750407099115512, 2.9752462557576966, 4.914447798561869, 4.914447798561869, 4.914447798561869, 4.914447798561869, 4.914447798561869, 4.914447798561869, 4.914447798561869, 4.914447798561869, 4.914447798561869, 4.914447798561869, 3.16195432929233, 3.16195432929233, 3.16195432929233, 3.16195432929233, 3.16195432929233, 3.16195432929233, 3.16195432929233, 3.16195432929233, 3.16195432929233, 3.1621641235665536, 4.7632275117471945, 4.7632275117471945, 4.7632275117471945, 4.7632275117471945, 4.7632275117471945, 4.7632275117471945, 4.7632275117471945, 4.7632275117471945, 4.7632275117471945, 4.7629814501835686, 2.831556328286233, 2.831556328286233, 2.831556328286233, 2.831556328286233, 2.831556328286233, 2.831556328286233, 2.831556328286233, 2.831556328286233, 2.831556328286233, 2.831556328286233], "O35": 3.2674374730781484, "O46": 2.728384890310241, "O22": [3.7016369849279713, 3.7016369849279713, 3.7016369849279713, 3.7016369849279713, 3.7016369849279713, 3.7016369849279713, 3.7016369849279713, 3.7016369849279713, 3.7016369849279713, 3.7016369849279713, 2.104294466510731, 2.104294466510731, 2.104294466510731, 2.104294466510731, 2.104294466510731, 2.104294466510731, 2.104294466510731, 2.104294466510731, 2.104294466510731, 2.104294466510731, 3.8896341084334307, 3.8896341084334307, 3.8896341084334307, 3.8896341084334307, 3.8896341084334307, 3.8896341084334307, 3.8896341084334307, 3.8896341084334307, 3.8896341084334307, 3.8896341084334307, 2.276870203627932, 2.276870203627932, 2.276870203627932, 2.276870203627932, 2.276870203627932, 2.276870203627932, 2.276870203627932, 2.276870203627932, 2.276870203627932, 2.276870203627932, 3.7500866702442237, 3.7500866702442237, 3.7500866702442237, 3.7500866702442237, 3.7500866702442237, 3.7500866702442237, 3.7500866702442237, 3.7500866702442237, 3.7500866702442237, 3.7500866702442237, 1.9718165710752447, 1.9718165710752447, 1.9718165710752447, 1.9718165710752447, 1.9718165710752447, 1.9718165710752447, 1.9718165710752447, 1.9718165710752447, 1.9718165710752447, 1.9718165710752447], "O21": [4.553999999999999, 4.553999999999999, 4.553999999999999, 4.553999999999999, 4.553999999999999, 4.553999999999999, 4.553999999999999, 4.553999999999999, 4.553999999999999, 4.553, 4.531000000000001, 4.531000000000001, 4.531000000000001, 4.531000000000001, 4.531000000000001, 4.531000000000001, 4.531000000000001, 4.531000000000001, 4.531000000000001, 4.532, 4.553999999999999, 4.553999999999999, 4.553999999999999, 4.553999999999999, 4.553999999999999, 4.553999999999999, 4.553999999999999, 4.553999999999999, 4.553999999999999, 4.553999999999999, 4.531000000000001, 4.531000000000001, 4.531000000000001, 4.531000000000001, 4.531000000000001, 4.531000000000001, 4.531000000000001, 4.531000000000001, 4.531000000000001, 4.532, 4.553999999999999, 4.553999999999999, 4.553999999999999, 4.553999999999999, 4.553999999999999, 4.553999999999999, 4.553999999999999, 4.553999999999999, 4.553999999999999, 4.553, 4.531000000000001, 4.531000000000001, 4.531000000000001, 4.531000000000001, 4.531000000000001, 4.531000000000001, 4.531000000000001, 4.531000000000001, 4.531000000000001, 4.531000000000001], "mode": "3"}