{"O23": 1.7688029718764249, "O34": [1.8110639355240001, 1.8110639355240001, 1.8110639355240001, 1.8110639355240001, 1.8110639355240001, 1.8110639355240001, 1.8110639355240001, 1.8110639355240001, 1.8110639355240001, 1.8110639355240001, 1.8110639355240001, 1.8110639355240001, 1.8110639355240001, 1.8110639355240001, 1.8110639355240001, 1.8110639355240001, 1.8110639355240001, 1.8110639355240001, 1.8110639355240001, 1.8110639355240001, 1.8110639355240001, 1.8110639355240001, 1.8110639355240001, 1.8110639355240001, 1.8110639355240001, 1.8110639355240001, 1.8110639355240001, 1.8110639355240001, 1.8110639355240001, 1.8110639355240001, 1.8110639355240001, 1.8110639355240001, 1.8110639355240001, 1.8110639355240001, 1.8110639355240001, 1.8110639355240001, 1.8110639355240001, 1.8110639355240001, 1.8110639355240001, 1.8119618929140002, 2.537794311565613, 2.534190515942558, 2.5261316637139126, 2.5174233006704005, 2.511660078873296, 2.502012212288086, 2.5024415627269776, 2.502273871529013, 2.4987816308011914, 2.495362628147162, 2.496269324982438, 2.4857991393963794, 2.476785890543309, 2.4724060694202903, 2.47856865652253, 2.4817275575162956, 2.4843001528037005, 2.483716779696801, 2.4865114233985293, 2.4841888901089946, 2.48330819090749, 2.4875276809088436, 2.4904497002202675, 2.496251041303442, 2.501921810321816, 2.5095352678949254, 2.50954800173704, 2.5101430745709257, 2.514771868180469, 2.520376055237806, 2.5161063985897023, 2.52796623395504, 2.540954226817474, 2.5483265930153403, 2.551006670091937, 4.528184061185011, 4.515822635078019, 4.506697797965854, 4.5051999389453465, 4.50287288462976, 4.501661067548829, 4.499563970109454, 4.493607353179743, 4.491828259593627, 4.495182880517184, 4.492676679830942, 4.485341152953424, 4.478226004356152, 4.474700541818311, 4.46934949728882, 4.459242071438361, 4.448301643892752, 4.441971504752005, 4.436649656669408, 4.436685871748023, 4.436304367711863, 4.437451048863334, 4.439381055275195, 4.438445250291036, 4.4509585182163125, 4.449231573217126, 4.448320835182272, 4.451791797183833, 4.451315585569023, 4.443927059011015, 4.436487865104503, 4.435130563981113, 4.436198329074314, 4.439372220358075, 4.440283694079658, 2.5001372664494803, 2.502346637314573, 2.5091905589422576, 2.5069936151779957, 2.510797574473513, 2.509576425260297, 2.5032622083722322, 2.505668047788635, 2.5086599149037916, 2.5142894921611036, 2.5130113609634037, 2.51852086361571, 2.5177755035312894, 2.520985239062073, 2.5247141049204926, 2.530589435869756, 2.5387485169397856, 2.5487143277786344, 2.55375849830162, 2.55730428194902, 2.557339821447179, 2.5583379797597794, 2.5505758096224587, 2.546998128305808, 2.5425306891933226, 2.545215623387398, 2.553096727725807, 2.553490919407716, 2.5529460828885964, 2.5484424334108167, 2.5485315995752935, 2.5534235729464516, 2.5669458939338705, 2.5781913801677425, 2.5783544483017486, 1.8110639355240001, 1.8110639355240001, 1.8110639355240001, 1.8110639355240001, 1.8110639355240001, 1.8110639355240001, 1.8110639355240001, 1.8110639355240001, 1.8110639355240001, 1.8110639355240001, 1.8110639355240001, 1.8110639355240001, 1.8110639355240001, 1.8110639355240001, 1.8110639355240001, 1.8110639355240001, 1.8110639355240001, 1.8110639355240001, 1.8110639355240001, 1.8110639355240001, 1.8110639355240001, 1.8110639355240001, 1.8110639355240001, 1.8110639355240001, 1.8110639355240001, 1.8110639355240001, 1.8110639355240001, 1.8110639355240001, 1.8110639355240001, 1.8110639355240001, 1.8110639355240001, 1.8110639355240001, 1.8110639355240001, 1.8110639355240001], "O35": 2.184183616165777, "O46": 1.3926486933041788, "O22": [1.05, 1.05, 1.05, 1.05, 1.05, 1.05, 1.05, 1.05, 1.05, 1.05, 1.05, 1.05, 1.05, 1.05, 1.05, 1.05, 1.05, 1.05, 1.05, 1.05, 1.05, 1.05, 1.05, 1.05, 1.05, 1.05, 1.05, 1.05, 1.05, 1.05, 1.05, 1.05, 1.05, 1.05, 1.05, 1.05, 1.05, 1.05, 1.05, 1.05, 1.7005886277046836, 1.6972612742024145, 1.6898206052544555, 1.681780248557619, 1.676459115442225, 1.6675513232060735, 1.667947738773429, 1.6677929109326723, 1.6645685551056801, 1.661411819362295, 1.6622489647517429, 1.6525819324549311, 1.644260077312473, 1.6402162261407365, 1.6459060898073934, 1.6488226759250095, 1.6511979310267992, 1.6506593076548315, 1.653239578147712, 1.6510952031377553, 1.6502820611399613, 1.6541778799660831, 1.6568757552638294, 1.6622320835881852, 1.6674678558481704, 1.6744972957415427, 1.6745090527884423, 1.6750584784177058, 1.679332203744821, 1.6845065014528564, 1.6805643641932766, 1.6915144481788222, 1.7035061502780757, 1.7103129925783298, 1.712787484691622, 3.5331864640615605, 3.521779229080515, 3.513358747479017, 3.511976509728491, 3.509829083115915, 3.508710807435054, 3.506775587092186, 3.501278767516422, 3.4996370039840885, 3.5027326782870474, 3.5004199337954187, 3.4936506437412334, 3.4870847207424114, 3.483831392264132, 3.4788934003355636, 3.469566177025588, 3.4594702522734058, 3.4536287430481587, 3.4487176938628816, 3.4487511134625333, 3.4483990581131727, 3.449457225773598, 3.4512382530162857, 3.4503746837761073, 3.461922039750161, 3.460328399401988, 3.459487962167656, 3.462690997061801, 3.462251544708664, 3.4554333460735402, 3.4485683911543714, 3.4473158614931063, 3.4483012047065245, 3.451230100075456, 3.452071216208105, 1.6658202018398287, 1.667860094956616, 1.6741790289304104, 1.6721506096489334, 1.6756627725483655, 1.6745352959829924, 1.6687054338392624, 1.670926724679634, 1.673689089853801, 1.6788868301150908, 1.6777067425735501, 1.682793618984808, 1.6821054344297566, 1.6850689556381693, 1.6885117854130134, 1.693936427944337, 1.7014696373194704, 1.7106709847503452, 1.7153282240089558, 1.718602015553068, 1.7186348288660405, 1.7195564198508353, 1.7123896749260135, 1.7090864325382362, 1.7049616844304338, 1.7074406610785173, 1.7147172169282427, 1.7150811707176792, 1.7145781278457526, 1.7104199470191217, 1.710502273371859, 1.7150189903092452, 1.7275040329705031, 1.7378868936870264, 1.738218911139119, 1.05, 1.05, 1.05, 1.05, 1.05, 1.05, 1.05, 1.05, 1.05, 1.05, 1.05, 1.05, 1.05, 1.05, 1.05, 1.05, 1.05, 1.05, 1.05, 1.05, 1.05, 1.05, 1.05, 1.05, 1.05, 1.05, 1.05, 1.05, 1.05, 1.05, 1.05, 1.05, 1.05, 1.05],