{"O23": 5.0, "O34": [4.844983670059528, 4.831257649896851, 4.820819647820918, 4.813002493673813, 4.803850861290157, 4.795682770756307, 4.787500976825498, 4.77907367042152, 4.771778074035659, 4.764986982068471, 4.75238684734247, 4.738010342698606, 4.722371032546514, 4.705492903651379, 4.688638785034707, 4.674361171785963, 4.668020315782309, 4.660673298834248, 4.656804624154792, 4.660600099924804, 4.661258906102472, 4.661517101700873, 4.660337379246175, 4.657844550032243, 4.657556302976316, 4.65820602570404, 4.659562392860604, 4.66349070370953, 4.666600803011214, 4.670598375440661, 3.561668524517421, 3.561668524517421, 3.561668524517421, 3.561668524517421, 3.561668524517421, 3.561668524517421, 3.561668524517421, 3.561668524517421, 3.561668524517421, 3.561668524517421, 1.9243910889984324, 1.9243910889984324, 1.9243910889984324, 1.9243910889984324, 1.9243910889984324, 1.9243910889984324, 1.9243910889984324, 1.9243910889984324, 1.9243910889984324, 1.9243910889984324, 3.60359173791693, 3.6038115753262496, 3.6038115753262496, 3.6038115753262496, 3.6038115753262496, 3.6038115753262496, 3.6038115753262496, 3.6038115753262496, 3.6038115753262496, 3.6038115753262496, 4.641446192554471, 4.641446192554471, 4.641446192554471, 4.641446192554471, 4.641446192554471, 4.641446192554471, 4.641446192554471, 4.641446192554471, 4.641446192554471, 4.641446192554471, 3.7315580260548478, 3.731335290112333, 3.731335290112333, 3.731335290112333, 3.731335290112333, 3.731335290112333, 3.731335290112333, 3.731335290112333, 3.731335290112333, 3.731335290112333, 2.000753900866819, 1.9989151689880216, 1.9989151689880216, 1.9989151689880216, 1.9989151689880216, 1.9989151689880216, 1.9989151689880216, 1.9989151689880216, 1.9989151689880216, 1.9989151689880216, 3.639492290574511, 3.6401542809424488, 3.6401542809424488, 3.6401542809424488, 3.6401542809424488, 3.6401542809424488, 3.6401542809424488, 3.6401542809424488, 3.6401542809424488, 3.6401542809424488, 4.7387828077212, 4.739028319539921, 4.739028319539921, 4.739028319539921, 4.739028319539921, 4.739028319539921, 4.739028319539921, 4.739028319539921, 4.739028319539921, 4.739028319539921, 3.770660038188424, 3.770212798981132, 3.770212798981132, 3.770212798981132, 3.770212798981132, 3.770212798981132, 3.770212798981132, 3.770212798981132, 3.770212798981132, 3.770212798981132, 1.9729398625797523, 1.970191585249557, 1.970191585249557, 1.970191585249557, 1.970191585249557, 1.970191585249557, 1.970191585249557, 1.970191585249557, 1.970191585249557, 1.970191585249557, 3.5826920775859388, 3.5835695868729545, 3.5835695868729545, 3.5835695868729545, 3.5835695868729545, 3.5835695868729545, 3.5835695868729545, 3.5835695868729545, 3.5835695868729545, 3.5835695868729545, 4.704849112464969, 4.7050938533777975, 4.7050938533777975, 4.7050938533777975, 4.7050938533777975, 4.7050938533777975, 4.7050938533777975, 4.7050938533777975, 4.7050938533777975, 4.7050938533777975, 3.7592775570363255, 3.7583841540521434, 3.7583841540521434, 3.7583841540521434, 3.7583841540521434, 3.7583841540521434, 3.7583841540521434, 3.7583841540521434, 3.7583841540521434, 3.7583841540521434, 1.961610571379506, 1.9572204233195474, 1.9572204233195474, 1.9572204233195474, 1.9572204233195474, 1.9572204233195474, 1.9572204233195474, 1.9572204233195474, 1.9572204233195474, 1.9572204233195474, 3.7052598923643023, 3.706592933750943, 3.706592933750943, 3.706592933750943, 3.706592933750943, 3.706592933750943, 3.706592933750943, 3.706592933750943, 3.706592933750943, 3.706592933750943, 4.720390906692792, 4.720636000684196, 4.720636000684196, 4.720636000684196, 4.720636000684196, 4.720636000684196, 4.720636000684196, 4.720636000684196, 4.720636000684196, 4.720636000684196, 3.66618877007951, 3.66508261977292, 3.66508261977292, 3.66508261977292, 3.66508261977292, 3.66508261977292, 3.66508261977292, 3.66508261977292, 3.66508261977292, 3.66508261977292, 4.7120454406708205, 4.712290345069877, 4.712290345069877, 4.712290345069877, 4.712290345069877, 4.712290345069877, 4.712290345069877, 4.712290345069877, 4.712290345069877, 4.712290345069877, 5.0, 5.0, 5.0, 5.0, 5.0, 5.0, 5.0, 5.0, 5.0, 5.0, 5.0, 5.0, 5.0, 5.0, 5.0, 5.0, 5.0, 5.0, 5.0, 5.0, 5.0, 5.0, 5.0, 5.0, 5.0, 5.0, 5.0, 5.0, 5.0, 5.0], "O35": 3.5179680037137433, "O46": 3.4667600254603075,