{"O23": 5.0, "O34": [2.362197752579946, 2.362197752579946, 2.362197752579946, 2.362197752579946, 2.362197752579946, 2.362197752579946, 2.362197752579946, 2.362197752579946, 1.8114231184799998, 1.8110639355240001, 1.8110639355240001, 1.8110639355240001, 1.8110639355240001, 1.8110639355240001, 1.8110639355240001, 1.8114231184799998, 2.1702946908159686, 2.1702946908159686, 2.1702946908159686, 2.1702946908159686, 2.1702946908159686, 2.1702946908159686, 2.1702946908159686, 2.1702946908159686, 1.8110639355240001, 1.8110639355240001, 1.8110639355240001, 1.8110639355240001, 1.8110639355240001, 1.8110639355240001, 1.8110639355240001, 1.8110639355240001, 2.2484804264125335, 2.24866946230069, 2.24866946230069, 2.24866946230069, 1.8121414843919998, 1.8110639355240001, 1.8110639355240001, 1.8110639355240001, 1.8110639355240001, 1.8110639355240001, 1.8110639355240001, 1.8110639355240001, 2.125242824267165, 2.1254290589790803, 2.1254290589790803, 2.1254290589790803, 2.1254290589790803, 2.1254290589790803, 2.1254290589790803, 2.1254290589790803, 1.811782301436, 1.8110639355240001, 1.8110639355240001, 1.8110639355240001, 1.8110639355240001, 1.8110639355240001, 1.8110639355240001], "O35": 1.9439996777439863, "O46": 1.86652969994549, "O22": [1.5384618351114638, 1.5384618351114638, 1.5384618351114638, 1.5384618351114638, 1.5384618351114638, 1.5384618351114638, 1.5384618351114638, 1.5384618351114638, 1.05, 1.05, 1.05, 1.05, 1.05, 1.05, 1.05, 1.05, 1.3612793887563974, 1.3612793887563974, 1.3612793887563974, 1.3612793887563974, 1.3612793887563974, 1.3612793887563974, 1.3612793887563974, 1.3612793887563974, 1.05, 1.05, 1.05, 1.05, 1.05, 1.05, 1.05, 1.05, 1.4336421411613671, 1.4336421411613671, 1.4336421411613671, 1.4336421411613671, 1.05, 1.05, 1.05, 1.05, 1.05, 1.05, 1.05, 1.05, 1.3198553367738262, 1.3198553367738262, 1.3198553367738262, 1.3198553367738262, 1.3198553367738262, 1.3198553367738262, 1.3198553367738262, 1.3198553367738262, 1.05, 1.05, 1.05, 1.05, 1.05, 1.05, 1.05], "O21": [4.531000000000001, 4.531000000000001, 4.531000000000001, 4.531000000000001, 4.531000000000001, 4.531000000000001, 4.531000000000001, 4.531000000000001, 4.41, 4.408, 4.408, 4.408, 4.408, 4.408, 4.408, 4.41, 4.531000000000001, 4.531000000000001, 4.531000000000001, 4.531000000000001, 4.531000000000001, 4.531000000000001, 4.531000000000001, 4.531000000000001, 4.408, 4.408, 4.408, 4.408, 4.408, 4.408, 4.408, 4.408, 4.53, 4.531000000000001, 4.531000000000001, 4.531000000000001, 4.414, 4.408, 4.408, 4.408, 4.408, 4.408, 4.408, 4.408, 4.53, 4.531000000000001, 4.531000000000001, 4.531000000000001, 4.531000000000001, 4.531000000000001, 4.531000000000001, 4.531000000000001, 4.412, 4.408, 4.408, 4.408, 4.408, 4.408, 4.408], "mode": "3"}