{"O23": 2.1403222635600283, "O34": [4.611879656730422, 4.611879656730422, 4.611879656730422, 4.611879656730422, 4.611879656730422, 2.545884023607457, 2.541969975149822, 2.541969975149822, 2.541969975149822, 2.541969975149822, 1.82668839411, 1.8110639355240001, 1.8110639355240001, 1.8110639355240001, 1.8110639355240001, 2.3337837565583817, 2.337604903245396, 2.337604903245396, 2.337604903245396, 2.337604903245396, 4.157132538424776, 4.1573648363091795, 4.1573648363091795, 4.1573648363091795, 2.1017748699223433, 2.097691576278963, 2.097691576278963, 2.097691576278963, 2.097691576278963, 2.097691576278963, 1.8292026748019998, 1.8110639355240001, 1.8110639355240001, 1.8110639355240001, 1.8110639355240001, 2.104769583373135, 2.1105323630764268, 2.1105323630764268, 2.1105323630764268, 2.1105323630764268, 3.9923688421646353, 3.9930545376651825, 3.9930545376651825, 3.9930545376651825, 3.9930545376651825, 2.0635723081539696, 2.0633874836077326, 2.0633874836077326, 2.0633874836077326, 2.0633874836077326, 1.830998589582, 1.8110639355240001, 1.8110639355240001, 1.8110639355240001, 1.8110639355240001, 2.008213370513036, 2.0170343770495123, 2.0170343770495123, 2.0170343770495123], "O35": 2.184736503154153, "O46": 1.4831812805123006, "O22": [3.6104215109729303, 3.6104215109729303, 3.6104215109729303, 3.6104215109729303, 3.6104215109729303, 1.7044439819768105, 1.7044439819768105, 1.7044439819768105, 1.7044439819768105, 1.7044439819768105, 1.05, 1.05, 1.05, 1.05, 1.05, 1.5157554688456858, 1.5157554688456858, 1.5157554688456858, 1.5157554688456858, 1.5157554688456858, 3.190991154472262, 3.190991154472262, 3.190991154472262, 3.190991154472262, 1.2942455575688303, 1.2942455575688303, 1.2942455575688303, 1.2942455575688303, 1.2942455575688303, 1.2942455575688303, 1.05, 1.05, 1.05, 1.05, 1.05, 1.306101345574426, 1.306101345574426, 1.306101345574426, 1.306101345574426, 1.306101345574426, 3.0393641358568715, 3.0393641358568715, 3.0393641358568715, 3.0393641358568715, 3.0393641358568715, 1.262572883857376, 1.262572883857376, 1.262572883857376, 1.262572883857376, 1.262572883857376, 1.05, 1.05, 1.05, 1.05, 1.05, 1.2197754592584722, 1.2197754592584722, 1.2197754592584722, 1.2197754592584722], "O21": [4.553999999999999, 4.553999999999999, 4.553999999999999, 4.553999999999999, 4.553999999999999, 4.551, 4.531000000000001, 4.531000000000001, 4.531000000000001, 4.531000000000001, 4.495, 4.408, 4.408, 4.408, 4.408, 4.511, 4.531000000000001, 4.531000000000001, 4.531000000000001, 4.531000000000001, 4.553, 4.553999999999999, 4.553999999999999, 4.553999999999999, 4.553, 4.531000000000001, 4.531000000000001, 4.531000000000001, 4.531000000000001, 4.531000000000001, 4.5089999999999995, 4.408, 4.408, 4.408, 4.408, 4.5, 4.531000000000001, 4.531000000000001, 4.531000000000001, 4.531000000000001, 4.551, 4.553999999999999, 4.553999999999999, 4.553999999999999, 4.553999999999999, 4.532, 4.531000000000001, 4.531000000000001, 4.531000000000001, 4.531000000000001, 4.519, 4.408, 4.408, 4.408, 4.408, 4.4830000000000005, 4.531000000000001, 4.531000000000001, 4.531000000000001], "mode": "3"}