{"O23": 5.0, "O34": [2.040164233580385, 2.0415889901851787, 2.0413642215219507, 2.0408860826100717, 2.0437383316867144, 2.041740079010378, 2.042993626110304, 2.043342905056439, 2.0454678755791833, 2.045548222166867, 2.044334463137104, 2.040653094285809, 2.043267012946202, 2.0551633393980415, 2.0632903014891775, 2.0718463204783135, 2.0794445571756848, 2.0866538485874035, 2.094859127097479, 2.0942675084730578, 2.1073614764955195, 2.1138412055081304, 2.1165363601262985, 2.118504266223016, 2.109074377557818, 2.1077243868012996, 2.110662447352139, 2.1111010236668344, 2.105027777449539, 2.0995528531124474, 2.1030422391640533, 2.110356728573673, 2.111120623144393, 2.1021804817416396, 2.0937335283406546, 2.087164711172539, 2.0807694759343365, 2.075543778604841, 2.0671364167750848, 2.064877291617049, 2.5843163182202797, 2.576671062726989, 2.576598325030557, 2.5704895343820158, 2.5643278548943442, 2.5565801978666034, 2.552888262364501, 2.54676904618139, 2.5438513757489987, 2.5399010891158924, 2.5290091917773445, 2.5225525686506516, 2.525022952043768, 2.5198353685653028, 2.520940291890753, 2.5195539707425048, 2.5214531644231992, 2.527233063572683, 2.5367241686474555, 2.5421108050841723, 2.5443284768588543, 2.5438695357813095, 2.55052730090594, 2.5543088305401955, 2.5602678140277346, 2.56875151795541, 2.5738934897817187, 2.5776105258683075, 2.580334353290833, 2.58394471657663, 2.58815395026879, 2.5949978721792872, 2.6015123668888496, 2.597979711293258, 2.588004895476521, 2.5821086005877576, 2.5771934781636032, 2.573427844635166, 2.5687870358674028, 2.568675129719491, 4.193157104470004, 4.192139401073611, 4.19481247625158, 4.196996552287098, 4.198381798416257, 4.197859226555769, 4.193827364943363, 4.184610459910588, 4.177372235712167, 4.174179796583271, 4.1696847541927795, 4.1700969439222435, 4.1677198982266, 4.165648567394926, 4.165480246216693, 4.160776174390417, 4.151814014979159, 4.142573613310812, 4.142897374642918, 4.143934599081066, 4.146960180673973, 4.154350685211499, 4.160102481281232, 4.165802894770151, 4.173036054550377, 4.176763896796563, 4.180780962765203, 4.192251036410705, 4.200485109711811, 4.203734976295396, 4.210812323721834, 4.218918151332141, 4.2234451416655086, 4.228716908530227, 4.228804925567951, 4.236614065723601, 4.247865628222311, 4.261544841827738, 4.265169122990864, 4.268983141351157, 4.712544343326211, 4.723001915244779, 4.732645423092493, 4.741287092531711, 4.749301350477082, 4.75082266109646, 4.748423406595059, 4.743900125967383, 4.741745769699822, 4.7371814816537015, 4.736262917344105, 4.736208520549978, 4.735539183179932, 4.741203395665006, 4.746289351588844, 4.751366550801429, 4.752754630972696, 4.757026748455184, 4.758104137866354, 4.763044445832284, 4.768774308894633, 4.7786721994762225, 4.784799662965055, 4.783272209606636, 4.784108019554962, 4.786924889894592, 4.789767872227856, 4.79985829503244, 4.808336208126373, 4.814516704682615, 4.808890676661068, 4.810831342712002, 4.810451240736733, 4.804085212863372, 4.7976011956748215, 4.791640110920045, 4.786399790482971, 4.780854257923559, 4.7754330798230775, 4.771560408473722, 4.765110435613294, 4.746825086166681, 4.73267713031206, 4.7281296779605215, 4.718691777706249, 4.714498659147481, 4.711370471266127, 4.709223564107771, 4.69980713495341, 4.697576979431918, 4.706268898987526, 4.710261448503464, 4.720866098782154, 4.7258145473795485, 4.728045098363806, 4.730178162066212, 4.728780335513939, 4.731469654641964, 4.732893904691543, 4.73251558014005, 4.731952492005102, 4.732229600653873, 4.729749689097721, 4.730140450145161, 4.733836650356772, 4.73720580470615, 4.74191171676375, 4.744447168464339, 4.748378489506393, 4.750356644892363, 4.747955873721599, 4.749747405686286, 4.741096720417172, 4.742529309803753, 4.735462531327996, 4.731204478665806, 4.728983451824284, 4.744666620858636, 4.7469973072659, 4.748475036214207, 4.7504319959250205, 4.752600112715881, 4.757185539346885, 4.760259302773805, 4.7571955291403505, 4.75116487561771, 4.754277996220427, 4.761331398518501, 4.767814621889787, 4.776822399144192, 4.786571615912264, 4.795634090668001, 4.803744528554693, 4.8175445564202235, 4.833927972293512, 4.843864999016439, 4.855361195884559, 4.845112950506457, 4.842872246295993, 4.846143809034949, 4.850494859081194, 4.8509823831148475, 4.848842106545675, 4.849024936491798, 4.848000220746495, 4.850305123105906, 4.842240807797025, 4.831805180255219, 4.822847009314997, 4.815771972871338, 4.8062269651621286, 4.801164687309733, 4.791583351900984, 4.780756575623627, 4.769335820028253, 4.768602628819555, 4.764525580104408, 4.774019679997473, 4.775356433628173, 4.771177164819644, 4.766078588392936, 4.760854125638007, 4.755940548531032, 4.7489088919757885, 4.74462905855215, 4.739119164584962, 4.733189746553772, 4.72583664888635, 4.719923890472631, 4.711574592387275, 4.705229937056112, 4.695061007762722, 4.6904303702594214, 4.679967587493123, 4.671497349014006, 4.657326645516799, 4.644530278705109, 4.623711241965615, 4.61659734816774, 4.613621133568775, 4.609992504373961, 4.610906839952359, 4.612841327181144, 4.613835511372378, 4.612475291827497, 4.610294647556284, 4.609372885140526, 4.607130129043059, 4.606412331252745, 4.605235936494716, 4.6035509540274955, 4.601598737074254, 4.600133764013272, 4.59969560369477, 4.601923354763616, 4.604132439710175, 4.604888496640246, 4.604996367085476, 4.605682970325157, 4.602812015509551, 4.602950361282131, 4.601582873806954, 4.600162732433188, 4.602500270205984, 4.606838400784391, 4.606286412964399, 4.607379587295801, 4.610413903356228, 4.613525595951822, 4.612341496965111, 4.6135827816984065, 4.6125126237766185, 4.612608038585391, 4.613498444888136, 4.613903139303016, 4.6151363777239185, 4.61710997474352, 4.6197377121151835, 4.62112783445894], "O35": 3.7180355856208633, "O46": 3.6965001830906474,