{"O23": 5.0, "O34": [4.669487965464828, 4.667508563985401, 4.663338562980639, 4.662048008486894, 4.661337685343864, 4.659501606680264, 4.6584036383584735, 4.657098817169462, 4.656015991530223, 4.6562667500950905, 4.651383107423152, 4.647090993410456, 4.640073733861253, 4.633007196403701, 4.625103611576376, 4.61948086962424, 4.614677897791165, 4.609904330914866, 4.607209185787642, 4.606390964010775, 4.606051782222621, 4.6041187733703275, 4.605022388742606, 4.607594720001273, 4.611697894718796, 4.616943114036331, 4.622273232108942, 4.626945842363916, 4.63025118597157, 4.6317499494201595, 4.632313704127194, 4.6362037053280245, 4.6431980315083, 4.6502028296790785, 4.657225467541964, 4.662006715302756, 4.667671557910363, 4.675238127120375, 4.680491707677269, 4.685080143483076, 4.688533729267417, 4.6929269234396465, 4.695438461289252, 4.693872305605979, 4.690584120197394, 4.687078016106792, 4.68191136147582, 4.677997294471192, 4.675585651191094, 4.673616099783061, 4.67158871399678, 4.669957355162535, 4.668781366086351, 4.6650915343365815, 4.662955932609121, 4.661215527833815, 4.658488648372363, 4.653323381856493, 4.650098348677779, 4.644583165994292, 4.642134389342254, 4.640111804538381, 4.639450147017525, 4.638226445522741, 4.638200038739898, 4.638100566131782, 4.637829482959398, 4.638529383544606, 4.638561864068563, 4.638650938072735, 4.638182971515369, 4.638749227714274, 4.6382586875965774, 4.639522726009129, 4.640045087809981, 4.6416544388853564, 4.643522227035727, 4.6455436523185965, 4.64555722335041, 4.6458638971117265, 4.644732577753839, 4.642979978034571, 4.6411607150578735, 4.6417997768473604, 4.6411110853357425, 4.640095971156213, 4.640289507352679, 4.638800866358613, 4.637290626833223, 4.6362292958921065, 4.636214721340264, 4.635733721569585, 4.635611900820321, 4.63609863351955, 4.635486859626778, 4.635437252887883, 4.635858676992573, 4.635426152625105, 4.637116700231588, 4.638382573076104, 4.640441221559101, 4.641632537590162, 4.641971628098899, 4.643252187215482, 4.6438952738111015, 4.6441804967770866, 4.64462081607786, 4.645484716336334, 4.646921196167634, 4.647981450419351, 4.64880497154863, 4.648985753316884, 4.649776293135555, 4.6502740484357545, 4.652303279827316, 2.6074808984256084, 2.6074808984256084, 2.6074808984256084, 2.6074808984256084, 2.6074808984256084, 2.6074808984256084, 2.6074808984256084, 2.6074808984256084, 2.6074808984256084, 2.60728370698097, 1.8110639355240001, 1.8110639355240001, 1.8110639355240001, 1.8110639355240001, 1.8110639355240001, 1.8110639355240001, 1.8110639355240001, 1.8110639355240001, 1.8110639355240001, 1.8121414843919998, 2.654104624969436, 2.654104624969436, 2.654104624969436, 2.654104624969436, 2.654104624969436, 2.654104624969436, 2.654104624969436, 2.654104624969436, 2.654104624969436, 2.654302876141822, 4.648512279957367, 4.648568004638236, 4.648294486455536, 4.647964553625088, 4.648088079697216, 4.6474761955966315, 4.645523444726779, 4.643998414757002, 4.642416705082963, 4.64196217210167, 4.6428108881372046, 4.642960837633543, 4.642390912956545, 4.645897172414969, 4.6509694354390705, 4.655935342159568, 4.660612050377553, 4.664084343232964, 4.665554881805974, 4.67051342590755, 4.674784025861391, 4.684200975916129, 4.7087074408983165, 4.726976626520801, 4.739387729488476, 4.744448947950779, 4.751247270554236, 4.758594022770222, 4.767016433238398, 4.775339185575483, 4.783783897147724, 4.79240833159832, 4.802729553580111, 4.80892407525521], "O35": 3.753500700904163, "O46": 3.5995607736531223, "O22": [3.6635829754274405, 3.6617563659729795, 3.657908251611353, 3.656717316339114, 3.656061823766098, 3.654367473892702, 3.6533542588688044, 3.6521501581621005, 3.651150916941599, 3.651382319196338, 3.6468756498978214, 3.6429148485562535, 3.6364392584497494, 3.6299181942470473, 3.622624695217278, 3.6174359784680425, 3.6130037529438175, 3.6085986625776774, 3.6061115584597414, 3.6053564960588056, 3.6050434960598348, 3.6032596981381624, 3.6040935625155295, 3.6064673328930503, 3.61025377935691, 3.6150941148298843, 3.6200127956361863, 3.6243247223258725, 3.627374923079351, 3.6287579954442286, 3.6292782333487503, 3.632867961377729, 3.6393223883655135, 3.6457864790001424, 3.6522670322627957, 3.656679210618098, 3.661906778230144, 3.6688892762228416, 3.6737373275225567, 3.6779715772749113, 3.6811585772398163, 3.685212656260006, 3.687530325933899, 3.686085063409869, 3.683050696396523, 3.6798152320671385, 3.6750473967922055, 3.671435460623441, 3.6692099745550517, 3.667392454834898, 3.6655215650313138, 3.6640161324542335, 3.662930919177783, 3.65952590931518, 3.657555156869612, 3.6559490957192073, 3.6534327068727634, 3.6486661525629076, 3.6456900629942086, 3.6406006029036506, 3.6383408498262857, 3.6364743904123658, 3.6358638069123677, 3.6347345641877147, 3.634710195771451, 3.634618401555708, 3.6343682435706968, 3.6350141181137907, 3.6350440914328774, 3.6351262897235532, 3.6346944459834423, 3.635216992287119, 3.6347643174628907, 3.635930783457367, 3.636412823616478, 3.637897947236107, 3.639621558908553, 3.6414869483060817, 3.641499471776068, 3.641782473076045, 3.6407384814166415, 3.639121166662474, 3.637442334455908, 3.6380320664121557, 3.6373965357027944, 3.6364597792251634, 3.6366383761646524, 3.6352646448916786, 3.6338709823001083, 3.6328915765799925, 3.6328781270527157, 3.63243425614636, 3.6323218388653444, 3.632771000169631, 3.6322064497294377, 3.632160672185462, 3.632549566132428, 3.632150428763323, 3.6337104812707666, 3.634878640095527, 3.6367783793962896, 3.6378777365242922, 3.6381906522897975, 3.6393723637382616, 3.639965809821739, 3.64022901613522, 3.6406353467387556, 3.641432561652577, 3.6427581581362953, 3.6437365702777673, 3.6444965229686805, 3.6446633500073182, 3.645392867248727, 3.645852200308139, 3.6477247932528454, 1.764929653973325, 1.764929653973325, 1.764929653973325, 1.764929653973325, 1.764929653973325, 1.764929653973325, 1.764929653973325, 1.764929653973325, 1.764929653973325, 1.764929653973325, 1.05, 1.05, 1.05, 1.05, 1.05, 1.05, 1.05, 1.05, 1.05, 1.05, 1.8079769396773187, 1.8079769396773187, 1.8079769396773187, 1.8079769396773187, 1.8079769396773187, 1.8079769396773187, 1.8079769396773187, 1.8079769396773187, 1.8079769396773187, 1.8079769396773187, 3.644226424540747, 3.6442778477764977, 3.6440254427421084, 3.643720977764337, 3.643834968732601, 3.6432703165916482, 3.6414683005589468, 3.6400609892125204, 3.638601373326183, 3.638181926210667, 3.6389651289872504, 3.6391035037285806, 3.638577572120387, 3.641813179824593, 3.646493909677344, 3.651076492978362, 3.6553922013051032, 3.6585964643231272, 3.659953490519444, 3.664529279529625, 3.6684702275045478, 3.677160273551774, 3.699775059433836, 3.7166340279302075, 3.728087105164243, 3.7327576429962206, 3.7390311961237765, 3.7458108450210714, 3.7535831210097577, 3.761263431580433, 3.7690562872281497, 3.7770149927613987, 3.786539509060632, 3.7922558692711306],