{"O23": 3.5348821489551403, "O34": [4.007709305949507, 4.0150672466707285, 4.013389845684842, 3.9916843136711533, 3.9743419747340796, 3.952337492903675, 3.939468977326233, 3.9380863744333716, 3.9268681125218525, 3.9104810036366207, 3.884661882988416, 3.869349032171223, 3.8606418107838447, 3.854967370771335, 3.849032204634223, 3.8413694375251026, 3.8290059540974277, 3.80751117043392, 3.7856040297351456, 3.7919705668148715, 3.8007405669655734, 3.7891403288802685, 3.7744950226578284, 3.782614982638145, 3.7956991700769427, 3.8172252198767938, 3.822309701072593, 3.8170321800814073, 3.8231316519612806, 3.838145101706624, 3.8580384286757483, 3.87922559331206, 3.8996414727388684, 3.920347365626883, 3.946040622334473, 3.9638835490546556, 2.579261147026743, 2.5662815368951835, 2.5517088917020287, 2.5409201950031455, 2.529948561370657, 2.5196998711453125, 2.5239776286917537, 2.5312252725295274, 2.527253638913012, 2.524678034330597, 2.510123308474456, 2.4985478493530873, 2.488058222557669, 2.480448528826156, 2.471541628247802, 2.4609391896574326, 2.4544968110578678, 2.451408722679318, 2.4519407078550173, 2.4516509115765563], "O35": 2.888682654266681, "O46": 2.3001818659015916, "O22": [3.0528876875866744, 3.0596776613370413, 3.058129740649102, 3.038099680854571, 3.0220960147998737, 3.0017900814307805, 2.989914899734222, 2.988639021372953, 2.9782867085737674, 2.9631645373860866, 2.9393384210716094, 2.925207584872816, 2.9171724828111194, 2.9119360586276724, 2.906459034035884, 2.899387763758314, 2.8879786302632744, 2.868143050938195, 2.8479269448392093, 2.853802042409294, 2.861895077277355, 2.8511902734359698, 2.8376754533818147, 2.8451686253451824, 2.857242830971503, 2.8771072629678787, 2.881799267859157, 2.8769291241117623, 2.882557771517957, 2.8964123177199004, 2.914770058430998, 2.9343217641562602, 2.9531617209663037, 2.9722693048018223, 2.9959792727420096, 3.0124448856967763, 1.7388746002268025, 1.726890637830865, 1.7134358398643625, 1.703474728996616, 1.6933447140315254, 1.683882186496164, 1.6878318032455022, 1.6945234904634283, 1.6908565153055974, 1.688478481747608, 1.6750402285508452, 1.6643527067054165, 1.654667724507218, 1.6476417597364188, 1.6394180950412975, 1.6296289546831226, 1.623680761933492, 1.6208295564944404, 1.621320733831522, 1.6210531674201767], "O21": [4.553999999999999, 4.553999999999999, 4.553999999999999, 4.553999999999999, 4.553999999999999, 4.553999999999999, 4.553999999999999, 4.553999999999999, 4.553999999999999, 4.553999999999999, 4.553999999999999, 4.553999999999999, 4.553999999999999, 4.553999999999999, 4.553999999999999, 4.553999999999999, 4.553999999999999, 4.553999999999999, 4.553999999999999, 4.553999999999999, 4.553999999999999, 4.553999999999999, 4.553999999999999, 4.553999999999999, 4.553999999999999, 4.553999999999999, 4.553999999999999, 4.553999999999999, 4.553999999999999, 4.553999999999999, 4.553999999999999, 4.553999999999999, 4.553999999999999, 4.553999999999999, 4.553999999999999, 4.553999999999999, 4.531000000000001, 4.531000000000001, 4.531000000000001, 4.531000000000001, 4.531000000000001, 4.531000000000001, 4.531000000000001, 4.531000000000001, 4.531000000000001, 4.531000000000001, 4.531000000000001, 4.531000000000001, 4.531000000000001, 4.531000000000001, 4.531000000000001, 4.531000000000001, 4.531000000000001, 4.531000000000001, 4.531000000000001, 4.531000000000001, 4.531000000000001], "mode": "3"}