{"O23": 5.0, "O34": [3.4190366935585415, 3.4051902400221357, 3.3983775840594808, 3.3902888218236322, 3.3916811271463145, 3.388810048402597, 3.3938450400310933, 3.395754284221094, 3.402691774810524, 3.39357604783688, 3.389446142851533, 3.4017561726272634, 3.3921665103716085, 3.375268420036491, 3.342540687948598, 3.32178370142178, 3.310966787054994, 3.311306789156947, 3.3310611734745117, 3.3500703226237634, 3.3842515840650473, 3.402707818731884, 3.4086243113090418, 3.414131630174583, 3.415664235437625, 3.4186244162630963, 3.416078436010874, 3.414028246343409, 3.4066403353891666, 3.4207285120201667, 3.4392761797296387, 3.4554570266962914, 2.0017863513064973, 2.0001139760458972, 2.0001139760458972, 2.0001139760458972, 2.0001139760458972, 2.0001139760458972, 2.0001139760458972, 2.0001139760458972, 2.0001139760458972, 2.0001139760458972, 2.0025583174192905, 2.0078428289172012, 3.398900845390684, 3.389629651573969, 3.3764754834522757, 3.360552604374411, 3.3641164287308, 3.377858797693694, 3.377858797693694, 3.377858797693694, 3.377858797693694, 3.377858797693694, 3.3640651548279417, 3.3625041152274298, 3.36694193505266, 3.367300058366946, 3.3550185064749996], "O35": 2.9659100784117594, "O46": 2.9137987537963195, "O22": [2.5096553163111044, 2.4968776846869867, 2.490590904606891, 2.4831265222021828, 2.484411354052791, 2.4817618968141844, 2.486408232288484, 2.4881700999664544, 2.494572078560789, 2.4861600038768996, 2.482348890481933, 2.4937086964671002, 2.4848592700504164, 2.469265560593659, 2.43906411562348, 2.4199093821194015, 2.409927436437425, 2.410241193429333, 2.4284707166142723, 2.4460125300958557, 2.477555305001794, 2.4945868840354475, 2.5000466764984766, 2.505128879787241, 2.506543181682296, 2.509274863121821, 2.5069254096896016, 2.505033476259748, 2.498215845709305, 2.511216541575082, 2.528332495841281, 2.5432643266788673, 1.2056970882392792, 1.2041529985453834, 1.2041529985453834, 1.2041529985453834, 1.2041529985453834, 1.2041529985453834, 1.2041529985453834, 1.2041529985453834, 1.2041529985453834, 1.2041529985453834, 1.2064098379114867, 1.211288981925056, 2.4910737748606837, 2.48251823397837, 2.4703794495496507, 2.455685673795636, 2.4589744029044485, 2.471655984349754, 2.471655984349754, 2.471655984349754, 2.471655984349754, 2.471655984349754, 2.458927086886601, 2.457486545529671, 2.4615818055030574, 2.4619122849123825, 2.4505787585740193], "O21": [4.553999999999999, 4.553999999999999, 4.553999999999999, 4.553999999999999, 4.553999999999999, 4.553999999999999, 4.553999999999999, 4.553999999999999, 4.553999999999999, 4.553999999999999, 4.553999999999999, 4.553999999999999, 4.553999999999999, 4.553999999999999, 4.553999999999999, 4.553999999999999, 4.553999999999999, 4.553999999999999, 4.553999999999999, 4.553999999999999, 4.553999999999999, 4.553999999999999, 4.553999999999999, 4.553999999999999, 4.553999999999999, 4.553999999999999, 4.553999999999999, 4.553999999999999, 4.553999999999999, 4.553999999999999, 4.553999999999999, 4.553999999999999, 4.531000000000001, 4.531000000000001, 4.531000000000001, 4.531000000000001, 4.531000000000001, 4.531000000000001, 4.531000000000001, 4.531000000000001, 4.531000000000001, 4.531000000000001, 4.531000000000001, 4.531000000000001, 4.553999999999999, 4.553999999999999, 4.553999999999999, 4.553999999999999, 4.553999999999999, 4.553999999999999, 4.553999999999999, 4.553999999999999, 4.553999999999999, 4.553999999999999, 4.553999999999999, 4.553999999999999, 4.553999999999999, 4.553999999999999, 4.553999999999999], "mode": "3"}