{"O23": 4.594340904953616, "O34": [5.0, 5.0, 5.0, 5.0, 5.0, 2.8321102329328056, 2.8321102329328056, 2.8321102329328056, 2.8321102329328056, 2.8323125300598178, 4.925842871146891, 4.925842871146891, 4.925842871146891, 4.925842871146891, 4.925842871146891, 2.8185411880908644, 2.8185411880908644, 2.8185411880908644, 2.8185411880908644, 2.8185411880908644, 4.88481557241868, 4.88481557241868, 4.88481557241868, 4.88481557241868, 4.88481557241868, 3.0755353904724885, 3.0755353904724885, 3.0755353904724885, 3.0755353904724885, 3.0755353904724885, 4.856054420945355, 4.8551745146823455, 4.860568173881134, 4.872492447611337, 4.883582467753925, 4.892362733542409, 4.9081971779569695, 4.922521492323228, 4.931635260343967, 4.9357298502593085, 4.93639904706445, 4.940019108389838, 4.963315354102754, 4.980230118679227, 4.984021391844049, 4.987732933286526, 4.993014925197265, 4.99465261723211, 4.992542099690796, 4.989179239362557, 4.997754563293253, 5.0, 5.0, 5.0, 5.0, 5.0, 4.998560810983962, 4.98619465424563, 4.9770585771849], "O35": 4.11557271986478, "O46": 3.7697260430314197, "O22": [3.9874237571486377, 3.9874237571486377, 3.9874237571486377, 3.9874237571486377, 3.9874237571486377, 1.972327986471253, 1.972327986471253, 1.972327986471253, 1.972327986471253, 1.972327986471253, 3.900149583709368, 3.900149583709368, 3.900149583709368, 3.900149583709368, 3.900149583709368, 1.9597998040769893, 1.9597998040769893, 1.9597998040769893, 1.9597998040769893, 1.9597998040769893, 3.8622892241376285, 3.8622892241376285, 3.8622892241376285, 3.8622892241376285, 3.8622892241376285, 2.1970803407108903, 2.1970803407108903, 2.1970803407108903, 2.1970803407108903, 2.1970803407108903, 3.835748175366884, 3.834936189968389, 3.839913507096343, 3.8509173339397336, 3.8611513040833136, 3.869253812174075, 3.8838659796269077, 3.897084585514608, 3.9054948524591717, 3.90927337679051, 3.909890917609727, 3.9132315426983766, 3.9347295273745195, 3.9503386239708846, 3.953837244881945, 3.957262288643867, 3.962136558195962, 3.96364783510741, 3.961700230574, 3.958596952874435, 3.9665103387790506, 3.973603590376073, 3.9778465963160663, 3.9776360478905004, 3.9766984168067503, 3.976360588827949, 3.9672543513857867, 3.9558427509356755, 3.947411897008738], "O21": [4.553999999999999, 4.553999999999999, 4.553999999999999, 4.553999999999999, 4.553999999999999, 4.531000000000001, 4.531000000000001, 4.531000000000001, 4.531000000000001, 4.532, 4.553999999999999, 4.553999999999999, 4.553999999999999, 4.553999999999999, 4.553999999999999, 4.531000000000001, 4.531000000000001, 4.531000000000001, 4.531000000000001, 4.531000000000001, 4.553999999999999, 4.553999999999999, 4.553999999999999, 4.553999999999999, 4.553999999999999, 4.531000000000001, 4.531000000000001, 4.531000000000001, 4.531000000000001, 4.531000000000001, 4.553999999999999, 4.553999999999999, 4.553999999999999, 4.553999999999999, 4.553999999999999, 4.553999999999999, 4.553999999999999, 4.553999999999999, 4.553999999999999, 4.553999999999999, 4.553999999999999, 4.553999999999999, 4.553999999999999, 4.553999999999999, 4.553999999999999, 4.553999999999999, 4.553999999999999, 4.553999999999999, 4.553999999999999, 4.553999999999999, 4.553999999999999, 4.553999999999999, 4.553999999999999, 4.553999999999999, 4.553999999999999, 4.553999999999999, 4.553999999999999, 4.553999999999999, 4.553999999999999], "mode": "3"}