{"O23": 4.594340904953616, "O34": [4.653938518185536, 4.639471055930113, 4.637812527538593, 4.635148328206313, 4.6248256885501755, 4.595773511209661, 4.571576817434834, 4.559680033900255, 4.558413728409239, 4.55252170660755, 4.537345045023785, 4.5251895187216755, 4.514719757426572, 4.499337409860479, 4.481920755148982, 4.4787165748912905, 4.492845226006341, 4.490034589099976, 4.486136818846594, 4.471984372395089, 4.459895493276328, 4.459484505764137, 4.449707196473195, 4.43972213664405, 4.437361512095394, 4.460837325397923, 4.4846028642093705, 4.496139439577885, 4.492740561040799, 4.498353105306897, 2.4614137506204097, 2.4614137506204097, 2.4614137506204097, 2.4614137506204097, 2.4616076220513747, 4.532398361923201, 4.532398361923201, 4.532398361923201, 4.532398361923201, 4.532398361923201, 2.5577188617235116, 2.5577188617235116, 2.5577188617235116, 2.5577188617235116, 2.5577188617235116, 4.553030171490171, 4.553030171490171, 4.553030171490171, 4.553030171490171, 4.553030171490171, 2.549576722561199, 2.549576722561199, 2.549576722561199, 2.549576722561199, 2.549576722561199, 4.626551709346683, 4.626551709346683, 4.626551709346683, 4.626551709346683], "O35": 3.442748985523976, "O46": 3.1810975293755206, "O22": [3.6492338058894767, 3.6358831018446054, 3.6343525969561683, 3.6318940498956085, 3.6223682253537626, 3.5955586153002126, 3.573229689069145, 3.5622512304250566, 3.561082672350222, 3.5556454617384707, 3.5416403021868663, 3.5304230733941466, 3.520761483683139, 3.506566515260582, 3.4904942699421095, 3.4875374236361285, 3.500575469719129, 3.4979817887506237, 3.494384891370207, 3.4813248867371125, 3.470169160563484, 3.4697898975977663, 3.4607673088123967, 3.4515530059653794, 3.4493746004403647, 3.4710382917001947, 3.492969344260544, 3.503615399575369, 3.5004788839493424, 3.5056581901823565, 1.6300671127385074, 1.6300671127385074, 1.6300671127385074, 1.6300671127385074, 1.6300671127385074, 3.537075458614878, 3.537075458614878, 3.537075458614878, 3.537075458614878, 3.537075458614878, 1.718984793493026, 1.718984793493026, 1.718984793493026, 1.718984793493026, 1.718984793493026, 3.5561146776966837, 3.5561146776966837, 3.5561146776966837, 3.5561146776966837, 3.5561146776966837, 1.7114672264355695, 1.7114672264355695, 1.7114672264355695, 1.7114672264355695, 1.7114672264355695, 3.6239610128394064, 3.6239610128394064, 3.6239610128394064, 3.6239610128394064], "O21": [4.553999999999999, 4.553999999999999, 4.553999999999999, 4.553999999999999, 4.553999999999999, 4.553999999999999, 4.553999999999999, 4.553999999999999, 4.553999999999999, 4.553999999999999, 4.553999999999999, 4.553999999999999, 4.553999999999999, 4.553999999999999, 4.553999999999999, 4.553999999999999, 4.553999999999999, 4.553999999999999, 4.553999999999999, 4.553999999999999, 4.553999999999999, 4.553999999999999, 4.553999999999999, 4.553999999999999, 4.553999999999999, 4.553999999999999, 4.553999999999999, 4.553999999999999, 4.553999999999999, 4.553999999999999, 4.531000000000001, 4.531000000000001, 4.531000000000001, 4.531000000000001, 4.532, 4.553999999999999, 4.553999999999999, 4.553999999999999, 4.553999999999999, 4.553999999999999, 4.531000000000001, 4.531000000000001, 4.531000000000001, 4.531000000000001, 4.531000000000001, 4.553999999999999, 4.553999999999999, 4.553999999999999, 4.553999999999999, 4.553999999999999, 4.531000000000001, 4.531000000000001, 4.531000000000001, 4.531000000000001, 4.531000000000001, 4.553999999999999, 4.553999999999999, 4.553999999999999, 4.553999999999999], "mode": "3"}