{"O23": 5.0, "O34": [4.9729162919673815, 4.97042543881394, 4.969322434374574, 4.9661799674373714, 4.969267544569178, 4.972596993811302, 4.975397315771071, 4.976808543217275, 4.977898474602857, 4.97830697257213, 4.976061383847332, 4.978733678854736, 4.981686459561588, 4.982132624404679, 4.981842051669315, 4.982325846554276, 4.981779717688275, 4.981736962096248, 4.9805040547615045, 4.981230942069567, 2.865926915462778, 2.868633727157769, 2.8700881504444395, 2.872522697082805, 2.874557296832124, 2.8757794483579864, 2.8787104972208097, 2.8812813121140666, 2.8833803835246674, 2.8849936458783536, 2.884872129181452, 2.8871972537190653, 2.8900523526181967, 2.8933612141584435, 2.89256597060186, 2.8961846097171264, 2.899781626460783, 2.902097394618931, 2.9042967362588343, 2.9064753844923255, 5.0, 5.0, 5.0, 5.0, 5.0, 5.0, 5.0, 5.0, 5.0, 5.0, 5.0, 5.0, 5.0, 5.0, 5.0, 5.0, 5.0, 5.0, 5.0, 5.0, 5.0, 5.0, 5.0, 5.0, 5.0, 5.0], "O35": 3.9580340628569792, "O46": 3.9480986848552346, "O22": [3.9435893590243856, 3.9412907773738017, 3.9402729149753952, 3.9373730182755673, 3.9402222621702254, 3.94329470781959, 3.9458788700627787, 3.9471811634188385, 3.948186961885855, 3.948563927479019, 3.9464916780449455, 3.948957695867185, 3.9516825484108153, 3.9520942733332785, 3.951826130204589, 3.9522725804674965, 3.951768607847309, 3.951729152603166, 3.950591414646756, 3.9512621927799625, 2.003550638591532, 2.0060498145480414, 2.007392671059028, 2.0096404670305255, 2.0115189954793373, 2.012647397471356, 2.015353609676245, 2.0177272209554307, 2.0196652755345794, 2.0211547867899555, 2.0210425914688797, 2.0231893589559, 2.0258254472125636, 2.0288804906129245, 2.0281462490770763, 2.0314873074480344, 2.0348084020692605, 2.0369465308915946, 2.0389771641110275, 2.0408003557553585, 4.020908978366329, 4.020315390068404, 4.019509575760234, 4.0188760372122365, 4.017966877265102, 4.017132080825323, 4.017872823647784, 4.017993988896524, 4.0177369660817925, 4.016971464732279, 4.016176639049339, 4.013449164709376, 4.014074872374016, 4.015120556742682, 4.016350610666637, 4.021956994391934, 4.025152249661915, 4.026761642716051, 4.026186161291351, 4.0273143642499365, 4.028163524538134, 4.029212855902543, 4.030637308445252, 4.0322896734973765, 4.034717486595204, 4.03770393702847], "O21": [4.553999999999999, 4.553999999999999, 4.553999999999999, 4.553999999999999, 4.553999999999999, 4.553999999999999, 4.553999999999999, 4.553999999999999, 4.553999999999999, 4.553999999999999, 4.553999999999999, 4.553999999999999, 4.553999999999999, 4.553999999999999, 4.553999999999999, 4.553999999999999, 4.553999999999999, 4.553999999999999, 4.553999999999999, 4.553999999999999, 4.531000000000001, 4.531000000000001, 4.531000000000001, 4.531000000000001, 4.531000000000001, 4.531000000000001, 4.531000000000001, 4.531000000000001, 4.531000000000001, 4.531000000000001, 4.531000000000001, 4.531000000000001, 4.531000000000001, 4.531000000000001, 4.531000000000001, 4.531000000000001, 4.531000000000001, 4.531000000000001, 4.531000000000001, 4.532, 4.553999999999999, 4.553999999999999, 4.553999999999999, 4.553999999999999, 4.553999999999999, 4.553999999999999, 4.553999999999999, 4.553999999999999, 4.553999999999999, 4.553999999999999, 4.553999999999999, 4.553999999999999, 4.553999999999999, 4.553999999999999, 4.553999999999999, 4.553999999999999, 4.553999999999999, 4.553999999999999, 4.553999999999999, 4.553999999999999, 4.553999999999999, 4.553999999999999, 4.553999999999999, 4.553999999999999, 4.553999999999999, 4.553999999999999], "mode": "3"}