{"O23": 5.0, "O34": [4.286444354950969, 4.2681952713931155, 4.253418403029155, 4.242024456574514, 4.238374016588421, 4.236373091853629, 4.231909285047297, 4.2288807962351544, 4.225301576621506, 4.220140467944692, 4.202492077795481, 4.184350828854404, 4.170828870305053, 4.156484672705481, 4.157007212971206, 4.156478920976407, 4.152734296258976, 4.153611817523619, 4.151239304701227, 4.148844177464016, 4.149799314346025, 4.156358180887713, 4.163643661773528, 4.166295050374366, 4.165922561289958, 4.163509487339035, 4.160280140861451, 4.157485539749789, 4.153730362879169, 4.151078069881613, 4.150684471955303, 4.153365644146829, 4.153304851948772, 4.150952992599375, 4.151246701134525, 4.157587239446511, 4.167484650554298, 4.1753438352148455, 4.1737570010788065, 4.171391187879619, 4.16780024297374, 4.167108136388426, 4.16416913318205, 4.166118761572167, 4.165034847867087, 4.165720707533889, 4.172136374922443, 4.177135828050578, 1.8232687012972395, 1.8232687012972395, 1.8232687012972395, 1.8232687012972395, 1.8232687012972395, 1.8232687012972395, 1.8232687012972395, 1.8232687012972395, 1.8232687012972395], "O35": 2.78924387422549, "O46": 2.8100585554441175, "O22": [3.3101068930320823, 3.2932664749014107, 3.2796302481220168, 3.2691158120493045, 3.265747153259845, 3.263900681952118, 3.2597814409592836, 3.256986724296452, 3.2536837883060357, 3.248921070887386, 3.2326349780266823, 3.215894070648412, 3.2034158859113657, 3.1901789315974702, 3.1906611364455673, 3.190173623850247, 3.186718050545206, 3.1875278350457976, 3.1853384589150564, 3.183128213999309, 3.1840096228883663, 3.190062203812506, 3.196785310976282, 3.199232036178863, 3.1988882999079076, 3.1966614936036377, 3.193681423684021, 3.1911025406908213, 3.1876372297640896, 3.185189669976099, 3.1848264542763394, 3.1873006640437773, 3.1872445644576737, 3.1850742475372202, 3.1853452844101016, 3.1911963900839226, 3.2003298099040407, 3.207582336061324, 3.2061179912754505, 3.203934797617146, 3.2006210414218006, 3.199982359251776, 3.1972702207092647, 3.199069355289635, 3.198069109992208, 3.198702027449749, 3.2046224629098674, 3.2094507890666484, 1.0613001472218797, 1.0613001472218797, 1.0613001472218797, 1.0613001472218797, 1.0613001472218797, 1.0613001472218797, 1.0613001472218797, 1.0613001472218797, 1.0613001472218797], "O21": [4.553999999999999, 4.553999999999999, 4.553999999999999, 4.553999999999999, 4.553999999999999, 4.553999999999999, 4.553999999999999, 4.553999999999999, 4.553999999999999, 4.553999999999999, 4.553999999999999, 4.553999999999999, 4.553999999999999, 4.553999999999999, 4.553999999999999, 4.553999999999999, 4.553999999999999, 4.553999999999999, 4.553999999999999, 4.553999999999999, 4.553999999999999, 4.553999999999999, 4.553999999999999, 4.553999999999999, 4.553999999999999, 4.553999999999999, 4.553999999999999, 4.553999999999999, 4.553999999999999, 4.553999999999999, 4.553999999999999, 4.553999999999999, 4.553999999999999, 4.553999999999999, 4.553999999999999, 4.553999999999999, 4.553999999999999, 4.553999999999999, 4.553999999999999, 4.553999999999999, 4.553999999999999, 4.553999999999999, 4.553999999999999, 4.553999999999999, 4.553999999999999, 4.553999999999999, 4.553999999999999, 4.553, 4.408, 4.408, 4.408, 4.408, 4.408, 4.408, 4.408, 4.408, 4.408, 4.408], "mode": "3"}