{"O23": 5.0, "O34": [1.8110639355240001, 1.8110639355240001, 1.8110639355240001, 1.8110639355240001, 1.8110639355240001, 1.8110639355240001, 1.8110639355240001, 1.8110639355240001, 1.8110639355240001, 1.8110639355240001, 1.8110639355240001, 1.8110639355240001, 1.8110639355240001, 1.8110639355240001, 1.8110639355240001, 1.8110639355240001, 1.8110639355240001, 1.8110639355240001, 1.8110639355240001, 1.811782301436, 2.547591452887537, 2.5526334048486814, 2.5574849742484878, 2.560641050239484, 2.560378151808784, 2.569221424809028, 2.564669385064032, 2.5633354251185976, 2.565939920899975, 2.568833648560112, 2.5734789791413464, 2.5776578039041067, 2.581043532832922, 2.576342688855962, 2.5790106045913723, 2.5790982963130387, 2.577002679239853, 2.5796286868817733, 2.5863100785407447, 2.5940641091610073, 4.856893985601115, 4.858029671461286, 4.860298633637534, 4.858734044827957, 4.854120696728025, 4.8535604846844045, 4.8479337271536735, 4.841062964499166, 4.835529687273049, 4.8292086100433, 4.826396311150848, 4.823686167234299, 4.824101892682718, 4.817935052655244, 4.81444949466557, 4.815496674450772, 4.818961911992645, 4.819261636239125, 4.812536387656771, 4.820254047363148, 4.828481798194932, 4.836582317353546, 4.843175669338083, 4.845693855034388, 4.852145937136264, 4.857723122435069, 4.867104973060182, 4.875106582059479, 4.884010275588833, 4.895910425196425, 4.900663735218377, 4.9060466877178595, 4.910880593091622, 4.919368117571289, 4.925402059699904, 4.922154700756545, 4.921422728547883, 4.919974712966282, 4.913412446750119, 4.893650378374455, 4.882584864040078, 4.875184988764274, 4.865291933952154, 4.85539104996753, 4.845961930623768, 4.842145494888842, 4.839352672035212, 4.838312084252229, 4.832035953265207, 4.831555559444443, 4.82937934620857, 4.830214968342042, 4.836226941466767, 4.84061946948132, 4.845110519017382, 4.847945618799561, 4.849264460170075, 4.851109586771504, 4.85760507608558, 4.866884142541574, 4.863528404629966, 4.859417404430207, 4.86043433998375, 4.866925799515068, 4.86851425961482, 4.863506216642797, 4.861836048557181, 4.858463769233401, 4.854366474869259, 4.838950230723864, 4.831863245739608, 4.825537961217896, 4.807157851167251, 4.790144416760743, 4.777504195300484, 4.773157241861291, 4.768961845757631, 4.768399703092382, 4.7666582938878195, 4.757862500316497, 4.754051495044521, 4.7493747068430645, 4.744399590634237, 4.737443855163023, 4.728937427125793, 4.730110941533916, 4.7288566243965455, 4.72539105629246, 4.7283000111222675, 4.731903116438472, 4.729357297077482, 4.725808808371412, 4.731424864143847, 4.744138183608156, 4.767544494010515, 4.784639013958298, 4.793946065567033, 4.810088103243961, 4.829213671189664, 4.852596068210352, 4.866842403981875, 4.865876930579618, 4.861579258327012, 4.860086371586667, 4.860931780373948, 4.852355964792112, 4.8435863598642195, 4.852435434202538, 4.863855116937455, 4.873026613504696, 4.877279749404987, 4.876237939300061, 4.8734147054017525, 4.864897778695025, 4.851837913778216, 4.8416794201727695, 4.832981954879296, 4.817530608812812, 4.799681932205777, 4.779809059212422, 4.77087242347347, 4.777636700531219, 4.786182184939202, 4.799880136694842, 4.813811528139448, 4.826128564717686, 4.840369387596766, 4.839335580844597, 4.831161985338457, 4.825032794537499, 4.825047890520804, 4.824972495038801, 4.8334340669960865, 4.839871586305117, 4.8347753149930535, 4.830828959683175, 4.828914869137381, 4.827275542616987, 4.82853421605614, 4.829266541032302, 4.828253673560283, 4.825129850164135, 4.819457100926399, 4.807976076378897, 4.7962133621492224, 4.792209915812693, 4.798086939612521, 4.800842078776812, 4.80068361472139, 4.79497097616737, 4.789225290922282, 4.786094562963203, 4.774587955778743, 4.765637394648124, 4.77176034525048, 4.780603927772259, 4.784047578153142, 4.7879004019991, 4.790073954363334, 4.789419181199007, 4.785543763994799, 4.783474490260441, 4.78657534680418, 4.793532182347841, 4.798698448596601, 4.795589188412844, 4.780624549964148, 4.7669347290744195, 4.761714904833514, 4.764278810976795, 4.765984514334369, 4.768972242760466, 4.776710325852022, 4.778795247648341, 4.773334559300566, 4.759044542830626, 4.756989359866953, 4.753297528338483, 4.752319479575345, 4.755518469993117, 4.760511571082441, 4.759069480804391, 4.756677171732415, 4.751257574260367, 4.746270735281631, 4.740022644016881, 4.740418782970938, 4.745934315109195, 4.751406680297863, 4.756188525163178, 4.761948443247983, 4.7653513904850815, 4.763604085993593, 4.764886662984068, 4.764368722053144, 4.767738796405059, 4.765226506723705, 4.766357157246981, 4.762481703948061, 4.759357520248319, 4.7592523629242, 4.7635123917810205, 4.769972129689986, 4.77889375610137, 4.789732190305216, 4.8046068513985665, 4.813494177170274, 4.820931625845429, 4.826907957637741, 4.826722478463733, 4.825097526432935, 4.826313728933666, 4.828319146218921, 4.831752150377089, 4.835084149281707, 4.838524892768291, 4.845160091799293, 4.847747598541717, 4.857408604860654, 4.866796029730263, 2.7844483498650616, 2.7847470190031567, 2.7841319848447506, 2.780783505874797, 2.778277308207604, 2.7770086961306, 2.7782180234597926, 2.7770342137163366, 2.77626865028065, 2.7729084087127056, 2.7698866450029977, 2.7680239904658186, 2.7660727004583414, 2.7601949477599352, 2.7549423672175357, 2.7478245852945404, 2.7416392436498422, 2.741657771110752, 2.7479421579562224, 2.7564646903347523, 1.815733313952, 1.8110639355240001, 1.8110639355240001, 1.8110639355240001, 1.8110639355240001, 1.8110639355240001, 1.8110639355240001, 1.8110639355240001, 1.8110639355240001], "O35": 3.265611528560245, "O46": 3.2475715750451837,