{"O23": 2.9473709878135113, "O34": [4.874617271443284, 4.876556808625201, 4.865943374708746, 4.8616866405102055, 4.863303906439891, 4.867628867726341, 4.873429994969609, 4.882770761610713, 4.8857388580521794, 4.8867359559626005, 4.879370375555926, 4.8704729353979195, 4.858240789798871, 4.84753396994839, 4.840360931228364, 4.846208259386362, 4.8371231753781885, 4.83925547406485, 4.84923524056253, 4.848798655757273, 4.838718305321991, 4.830621501503515, 4.8377359960184245, 4.849539936102762, 4.856410308716418, 4.859859960423122, 4.860514707455635, 4.8559690383051315, 4.851874730740555, 4.848197787351596, 4.8453587975031835, 4.851896265980247, 4.8511814671555324, 4.854436060966903, 4.856756980711953, 4.8520315768643405, 4.854741741813809, 4.851441189936545, 4.854871313381179, 4.863314752709239, 4.868110621296861, 4.875258842865895, 4.883488636789116, 4.873912914373351, 4.8534503696085025, 4.833013771956549, 4.81291248451108, 4.801374714290754, 4.80438975789297, 4.799809639608897, 4.788364786781512, 4.777279099217276, 4.7804137075146, 4.78106142741585, 4.779940149640882, 4.778370436457713, 4.782011723211519, 4.781035916958717, 4.779250569109062], "O35": 4.821054365943991, "O46": 3.0465541091557777, "O22": [3.852878140446568, 3.8546679627694225, 3.8448737906736716, 3.840945638142214, 3.8424380656604535, 3.846429178761114, 3.8517825110583845, 3.860402254367606, 3.8631412404086305, 3.8640613713113945, 3.85726434759071, 3.8490537099398696, 3.8377657761721164, 3.8278854266981135, 3.8212660821743314, 3.826662049090465, 3.8182782520101948, 3.820245956380062, 3.829455374493285, 3.8290524901157372, 3.819750252241945, 3.8122784489925987, 3.8188437683983447, 3.8297365502730867, 3.8360765917968545, 3.8392599613595997, 3.8398641677989196, 3.8356693834999995, 3.831891119724481, 3.8284980033569345, 3.82587815803898, 3.831910992636992, 3.8312513698647384, 3.8342547382506216, 3.836396503826436, 3.83203585873553, 3.8345368232802675, 3.83149104437861, 3.834656393085811, 3.8424480746951755, 3.8468737452807296, 3.8534701883147915, 3.86106471602666, 3.852228153419364, 3.833345133416459, 3.814486057642262, 3.7959364091367163, 3.785289251201912, 3.788071560504325, 3.783844986235694, 3.773283573305222, 3.763053601303841, 3.765946245980241, 3.7665439677197474, 3.7655092425232066, 3.7640606971063377, 3.767420909210873, 3.766520426440896, 3.764872891418024], "O21": [4.553999999999999, 4.553999999999999, 4.553999999999999, 4.553999999999999, 4.553999999999999, 4.553999999999999, 4.553999999999999, 4.553999999999999, 4.553999999999999, 4.553999999999999, 4.553999999999999, 4.553999999999999, 4.553999999999999, 4.553999999999999, 4.553999999999999, 4.553999999999999, 4.553999999999999, 4.553999999999999, 4.553999999999999, 4.553999999999999, 4.553999999999999, 4.553999999999999, 4.553999999999999, 4.553999999999999, 4.553999999999999, 4.553999999999999, 4.553999999999999, 4.553999999999999, 4.553999999999999, 4.553999999999999, 4.553999999999999, 4.553999999999999, 4.553999999999999, 4.553999999999999, 4.553999999999999, 4.553999999999999, 4.553999999999999, 4.553999999999999, 4.553999999999999, 4.553999999999999, 4.553999999999999, 4.553999999999999, 4.553999999999999, 4.553999999999999, 4.553999999999999, 4.553999999999999, 4.553999999999999, 4.553999999999999, 4.553999999999999, 4.553999999999999, 4.553999999999999, 4.553999999999999, 4.553999999999999, 4.553999999999999, 4.553999999999999, 4.553999999999999, 4.553999999999999, 4.553999999999999, 4.553999999999999], "mode": "3"}