{"O23": 5.0, "O34": [3.8645535924934724, 3.8526549655856894, 3.8526549655856894, 3.8526549655856894, 3.8526549655856894, 3.8526549655856894, 3.8526549655856894, 3.8526549655856894, 3.8526549655856894, 3.8526549655856894, 3.835789725879192, 3.8325903982629943, 2.9177791664730437, 2.9177791664730437, 2.9177791664730437, 2.9177791664730437, 2.9177791664730437, 2.9177791664730437, 2.9177791664730437, 2.9177791664730437, 2.336402847372725, 2.348125651369067, 2.348125651369067, 2.348125651369067, 2.348125651369067, 2.348125651369067, 2.348125651369067, 2.348125651369067, 2.348125651369067, 2.348125651369067, 2.328209382230763, 2.3183065460701187, 2.9877287282370495, 2.975972698437558, 2.997847800917538, 3.020691888638016, 3.057614716126388, 3.0806362859106393, 3.0928437621311016, 3.1096365726814463, 3.097445078443587, 3.0848745597319924, 3.0902948546353404, 3.121624552575484, 3.1546552610052334, 3.181013380512012, 3.2142026101814696, 3.2342592486280433, 3.2402908030521407, 3.243307317552388, 3.236503166071631, 3.2375074002571713, 3.259492478588505, 3.283901031112192, 3.2852375456785037, 3.286456531723671, 3.266740846075029, 3.2575031587584338, 3.2540154044825416], "O35": 3.0412388481272328, "O46": 2.9290934908954247, "O22": [2.920782310089141, 2.909802150363712, 2.909802150363712, 2.909802150363712, 2.909802150363712, 2.909802150363712, 2.909802150363712, 2.909802150363712, 2.909802150363712, 2.909802150363712, 2.894238755761949, 2.8912863875171015, 2.0514253759644845, 2.0514253759644845, 2.0514253759644845, 2.0514253759644845, 2.0514253759644845, 2.0514253759644845, 2.0514253759644845, 2.0514253759644845, 1.5146456209974148, 1.525469185098583, 1.525469185098583, 1.525469185098583, 1.525469185098583, 1.525469185098583, 1.525469185098583, 1.525469185098583, 1.525469185098583, 1.525469185098583, 1.507080665104406, 1.4979374616522676, 2.1160092047001333, 2.1051549635006945, 2.125352057471179, 2.1464438071799044, 2.180534336224105, 2.2017899535957777, 2.2130610113927762, 2.228565668937775, 2.217309367167852, 2.2057031153613447, 2.210707627025271, 2.2396340676644892, 2.270131036658251, 2.294467261690836, 2.3251105919817676, 2.3436287137509435, 2.3491975960728926, 2.35198271796572, 2.345700503426518, 2.346627704212539, 2.3669263379406678, 2.389462544546126, 2.3906965369497466, 2.3918220162806656, 2.3736186932972614, 2.3650896160518418, 2.3618694025273284], "O21": [4.553999999999999, 4.553999999999999, 4.553999999999999, 4.553999999999999, 4.553999999999999, 4.553999999999999, 4.553999999999999, 4.553999999999999, 4.553999999999999, 4.553999999999999, 4.553999999999999, 4.553999999999999, 4.531000000000001, 4.531000000000001, 4.531000000000001, 4.531000000000001, 4.531000000000001, 4.531000000000001, 4.531000000000001, 4.531000000000001, 4.531000000000001, 4.531000000000001, 4.531000000000001, 4.531000000000001, 4.531000000000001, 4.531000000000001, 4.531000000000001, 4.531000000000001, 4.531000000000001, 4.531000000000001, 4.531000000000001, 4.531000000000001, 4.531000000000001, 4.531000000000001, 4.531000000000001, 4.531000000000001, 4.531000000000001, 4.531000000000001, 4.531000000000001, 4.531000000000001, 4.531000000000001, 4.531000000000001, 4.531000000000001, 4.531000000000001, 4.531000000000001, 4.531000000000001, 4.531000000000001, 4.531000000000001, 4.531000000000001, 4.531000000000001, 4.531000000000001, 4.531000000000001, 4.531000000000001, 4.531000000000001, 4.531000000000001, 4.531000000000001, 4.531000000000001, 4.531000000000001, 4.531000000000001], "mode": "3"}