{"O23": 5.0, "O34": [3.221055048240151, 3.2304446531298976, 3.2221217559175477, 3.215061164311321, 3.215381322903568, 3.2221874557599737, 3.2204425205216243, 3.2270535215890876, 3.2331178650952754, 3.2480819378601433, 3.2813253436181027, 3.298910579005514, 3.319341144197067, 3.3273456614316457, 3.333636867988247, 3.3328393328686423, 3.3399762797946058, 3.35807327557247, 3.3619396689635908, 3.3608519173121314, 3.3578474799528077, 3.3617816272255046, 3.3853023911431177, 3.393716488491993, 3.400356600611926, 3.429111517925677, 3.44567662186974, 3.444798609166346, 3.443725766218519, 3.4318921475649713, 3.4006321873796996, 3.3825236085125923, 3.3719174775447947, 3.364747120494752, 3.3600571087180895, 3.365750929797985, 3.3592918875755724, 3.3389300014733045, 3.329308142416796, 3.328705641810603, 3.33108247816234, 3.316061997256635, 3.291148256030487, 3.2826002898042383, 3.270215952884436, 3.2255145843554685, 3.2119663989844214, 3.2191392987173133, 3.2290806676029735, 3.2571935760225923, 3.2860920697833724, 3.286281258003279, 3.2843179407332492, 3.285970575495938, 3.288937640627779, 3.2913553506457767, 3.2905385499595257, 3.294932896421443, 3.300178263305384, 3.3020457712374607, 3.3076260069033623, 3.324109685303689, 3.341603311247782, 3.3608852289579847], "O35": 3.307578566425752, "O46": 3.394563664031814, "O22": [2.3314373891030513, 2.3401067305371077, 2.3324222711267644, 2.325903287625376, 2.326198887299891, 2.332482931226187, 2.330871847528929, 2.3369757279528365, 2.3425748841522585, 2.3563910838290276, 2.387084434436501, 2.403320731017862, 2.4221840961345076, 2.429574598049783, 2.435383214952387, 2.434646857636111, 2.441236339347475, 2.457945139895654, 2.461514947658557, 2.4605106359145927, 2.457736664742104, 2.4613690290811103, 2.4830855481025123, 2.490854211814491, 2.4969849702227576, 2.523534138055495, 2.5388285560494346, 2.5380178944722394, 2.537027347806108, 2.5261014694850665, 2.497239417115102, 2.4805199220002514, 2.470727372501756, 2.464107043510192, 2.459776795975918, 2.4650338520060338, 2.4590702738767525, 2.44027031957253, 2.4313865398639365, 2.4308302562363884, 2.433024768796612, 2.419156487968578, 2.396153844979301, 2.3882615812842594, 2.376827229524751, 2.3355548404415423, 2.3230459174173417, 2.32966859404611, 2.338847374431833, 2.364803780974582, 2.3914855117059504, 2.391660187562169, 2.3898474736133797, 2.391373337075343, 2.394112802791638, 2.3963450536563626, 2.395590908608107, 2.399648170900315, 2.4044911730284912, 2.4062154270396117, 2.411367610633943, 2.4265868491236966, 2.4427385634939816, 2.4605413922706934], "O21": [4.531000000000001, 4.531000000000001, 4.531000000000001, 4.531000000000001, 4.531000000000001, 4.531000000000001, 4.531000000000001, 4.531000000000001, 4.531000000000001, 4.531000000000001, 4.531000000000001, 4.531000000000001, 4.531000000000001, 4.531000000000001, 4.531000000000001, 4.531000000000001, 4.531000000000001, 4.531000000000001, 4.531000000000001, 4.531000000000001, 4.531000000000001, 4.531000000000001, 4.531000000000001, 4.531000000000001, 4.531000000000001, 4.531000000000001, 4.531000000000001, 4.531000000000001, 4.531000000000001, 4.531000000000001, 4.531000000000001, 4.531000000000001, 4.531000000000001, 4.531000000000001, 4.531000000000001, 4.531000000000001, 4.531000000000001, 4.531000000000001, 4.531000000000001, 4.531000000000001, 4.531000000000001, 4.531000000000001, 4.531000000000001, 4.531000000000001, 4.531000000000001, 4.531000000000001, 4.531000000000001, 4.531000000000001, 4.531000000000001, 4.531000000000001, 4.531000000000001, 4.531000000000001, 4.531000000000001, 4.531000000000001, 4.531000000000001, 4.531000000000001, 4.531000000000001, 4.531000000000001, 4.531000000000001, 4.531000000000001, 4.531000000000001, 4.531000000000001, 4.531000000000001, 4.531000000000001], "mode": "3"}