{"O23": 3.902698923826839, "O34": [4.919097890804441, 4.919097890804441, 4.919097890804441, 4.919097890804441, 4.919097890804441, 4.919097890804441, 4.919097890804441, 4.919097890804441, 4.919097890804441, 4.919097890804441, 2.9581593439170097, 2.9581593439170097, 2.9581593439170097, 2.9581593439170097, 2.9581593439170097, 2.9581593439170097, 2.9581593439170097, 2.9581593439170097, 2.9581593439170097, 2.9581593439170097, 4.947726749815926, 4.947726749815926, 4.947726749815926, 4.947726749815926, 4.947726749815926, 4.947726749815926, 4.947726749815926, 4.947726749815926, 4.947726749815926, 4.947726749815926, 3.017774490754267, 3.017774490754267, 3.017774490754267, 3.017774490754267, 3.017774490754267, 3.017774490754267, 3.017774490754267, 3.017774490754267, 3.017774490754267, 3.017981007912161, 4.966669478983731, 4.966669478983731, 4.966669478983731, 4.966669478983731, 4.966669478983731, 4.966669478983731, 4.966669478983731, 4.966669478983731, 4.966669478983731, 4.966669478983731, 3.025404073237849, 3.025404073237849, 3.025404073237849, 3.025404073237849, 3.025404073237849, 3.025404073237849, 3.025404073237849, 3.025404073237849], "O35": 3.3505780919395876, "O46": 2.833934960595747, "O22": [3.8939252552991257, 3.8939252552991257, 3.8939252552991257, 3.8939252552991257, 3.8939252552991257, 3.8939252552991257, 3.8939252552991257, 3.8939252552991257, 3.8939252552991257, 3.8939252552991257, 2.088708046485777, 2.088708046485777, 2.088708046485777, 2.088708046485777, 2.088708046485777, 2.088708046485777, 2.088708046485777, 2.088708046485777, 2.088708046485777, 2.088708046485777, 3.920344223398485, 3.920344223398485, 3.920344223398485, 3.920344223398485, 3.920344223398485, 3.920344223398485, 3.920344223398485, 3.920344223398485, 3.920344223398485, 3.920344223398485, 2.143750198806582, 2.143750198806582, 2.143750198806582, 2.143750198806582, 2.143750198806582, 2.143750198806582, 2.143750198806582, 2.143750198806582, 2.143750198806582, 2.143750198806582, 3.937824743924932, 3.937824743924932, 3.937824743924932, 3.937824743924932, 3.937824743924932, 3.937824743924932, 3.937824743924932, 3.937824743924932, 3.937824743924932, 3.937824743924932, 2.1507945266911026, 2.1507945266911026, 2.1507945266911026, 2.1507945266911026, 2.1507945266911026, 2.1507945266911026, 2.1507945266911026, 2.1507945266911026], "O21": [4.553999999999999, 4.553999999999999, 4.553999999999999, 4.553999999999999, 4.553999999999999, 4.553999999999999, 4.553999999999999, 4.553999999999999, 4.553999999999999, 4.553999999999999, 4.531000000000001, 4.531000000000001, 4.531000000000001, 4.531000000000001, 4.531000000000001, 4.531000000000001, 4.531000000000001, 4.531000000000001, 4.531000000000001, 4.531000000000001, 4.553999999999999, 4.553999999999999, 4.553999999999999, 4.553999999999999, 4.553999999999999, 4.553999999999999, 4.553999999999999, 4.553999999999999, 4.553999999999999, 4.553999999999999, 4.531000000000001, 4.531000000000001, 4.531000000000001, 4.531000000000001, 4.531000000000001, 4.531000000000001, 4.531000000000001, 4.531000000000001, 4.531000000000001, 4.532, 4.553999999999999, 4.553999999999999, 4.553999999999999, 4.553999999999999, 4.553999999999999, 4.553999999999999, 4.553999999999999, 4.553999999999999, 4.553999999999999, 4.553999999999999, 4.531000000000001, 4.531000000000001, 4.531000000000001, 4.531000000000001, 4.531000000000001, 4.531000000000001, 4.531000000000001, 4.531000000000001], "mode": "3"}