{"O23": 5.0, "O34": [2.2759137938799254, 2.2805981859309337, 2.2805981859309337, 2.2805981859309337, 2.2805981859309337, 2.2805981859309337, 2.2805981859309337, 2.2805981859309337, 2.2805981859309337, 2.2805981859309337, 2.283103985738742, 2.2963394730258493, 3.956407374120437, 3.9760099840154446, 4.001840822656255, 4.026560807469869, 4.0341809062386425, 4.039774471937535, 4.05015012567769, 4.054349841089616, 4.056619583759205, 4.047697115977384, 4.029165637285351, 4.003754813043166, 3.9852609086169717, 3.9890569772979383, 3.99391318343566, 3.986879631517411, 3.9881476939763307, 3.985801583029655, 3.9850409734988848, 3.99625296969597, 4.015656685805866, 4.007273500469406, 3.9912880891193407, 3.972424255896891, 3.961989160431746, 3.9501351469943993, 3.931483445144638, 3.9166741503694698, 3.902261076253939, 3.9054132786456197, 3.9063935436056467, 3.9156894714452424, 2.2833150355577216, 2.296101370879221, 2.3069990548532493, 2.3006751908326057, 2.306849148815005, 2.3122707388261117, 2.3122707388261117, 2.3122707388261117, 2.3122707388261117, 2.3122707388261117, 2.317461396312006, 2.321749043628345, 2.325858870551661, 2.333075699094454, 2.3505460195009484], "O35": 2.7192180024859947, "O46": 2.730914547001996, "O22": [1.4587965981780797, 1.4631216570679926, 1.4631216570679926, 1.4631216570679926, 1.4631216570679926, 1.4631216570679926, 1.4631216570679926, 1.4631216570679926, 1.4631216570679926, 1.4631216570679926, 1.4654352404779831, 1.4774799204362634, 3.0055458043532584, 3.02363526873857, 3.0474721985218167, 3.070284022421103, 3.077315917971165, 3.08247771061199, 3.09205245702648, 3.095927992109787, 3.0980225310209453, 3.0897887976541725, 3.072687782758596, 3.0492384460329034, 3.03217210500715, 3.035675151263559, 3.040156501882, 3.0336658770310807, 3.0348360564516703, 3.0326710442088523, 3.0319691469058045, 3.042315677647463, 3.0602216010623886, 3.0524855223773764, 3.037734041281219, 3.0203263266414004, 3.010696726869477, 2.999757736855065, 2.9825457789502843, 2.968879628787534, 2.9555791146064014, 2.9584879952710175, 2.9593925925760476, 2.967970958236715, 1.4656301009605932, 1.477435614386772, 1.4874973522682526, 1.4816585830099875, 1.4873589453124934, 1.4923646527382748, 1.4923646527382748, 1.4923646527382748, 1.4923646527382748, 1.4923646527382748, 1.4971571421497945, 1.5011158900386166, 1.5049104578880064, 1.5115736936091213, 1.5277038901769942], "O21": [4.531000000000001, 4.531000000000001, 4.531000000000001, 4.531000000000001, 4.531000000000001, 4.531000000000001, 4.531000000000001, 4.531000000000001, 4.531000000000001, 4.531000000000001, 4.531000000000001, 4.532, 4.553999999999999, 4.553999999999999, 4.553999999999999, 4.553999999999999, 4.553999999999999, 4.553999999999999, 4.553999999999999, 4.553999999999999, 4.553999999999999, 4.553999999999999, 4.553999999999999, 4.553999999999999, 4.553999999999999, 4.553999999999999, 4.553999999999999, 4.553999999999999, 4.553999999999999, 4.553999999999999, 4.553999999999999, 4.553999999999999, 4.553999999999999, 4.553999999999999, 4.553999999999999, 4.553999999999999, 4.553999999999999, 4.553999999999999, 4.553999999999999, 4.553999999999999, 4.553999999999999, 4.553999999999999, 4.553999999999999, 4.553999999999999, 4.531000000000001, 4.531000000000001, 4.531000000000001, 4.531000000000001, 4.531000000000001, 4.531000000000001, 4.531000000000001, 4.531000000000001, 4.531000000000001, 4.531000000000001, 4.531000000000001, 4.531000000000001, 4.531000000000001, 4.531000000000001, 4.531000000000001], "mode": "3"}