{"O23": 5.0, "O34": [4.963294813016141, 4.950034657889355, 4.945318708445315, 4.924929764385571, 4.901525255576439, 4.901525255576439, 4.901525255576439, 4.901525255576439, 4.901525255576439, 4.901525255576439, 4.910057027861688, 4.915724872400143, 4.910139227250437, 4.892185212576284, 4.877732195940226, 2.9182274747310726, 2.9182274747310726, 2.9182274747310726, 2.9182274747310726, 2.9182274747310726, 2.9182274747310726, 2.9182274747310726, 2.9182274747310726, 2.9182274747310726, 2.9178189656964206, 1.8110639355240001, 1.8110639355240001, 1.8110639355240001, 1.8110639355240001, 1.8110639355240001, 1.8110639355240001, 1.8110639355240001, 1.8110639355240001, 1.8110639355240001, 1.813039441782, 2.8622336376730937, 2.8622336376730937, 2.8622336376730937, 2.8622336376730937, 2.8622336376730937, 2.8622336376730937, 2.8622336376730937, 2.8622336376730937, 2.8622336376730937, 2.862436619485999, 4.80048181280145, 4.802467324005892, 4.821880676250698, 4.839132705895025, 4.82323392521939, 4.808782295765492, 4.794851782413897, 4.780272556760536, 4.782986121927773, 4.786239999479071, 4.77938251799327, 4.767017576896862, 4.761733272398411, 4.766869270357131, 4.766050823748742, 4.764220113014605, 4.7656162609349275, 4.766106447213549, 4.76826130240531, 4.770240769952561, 2.8203650207011717, 2.8203650207011717, 2.8203650207011717, 2.8203650207011717, 2.8203650207011717, 2.8203650207011717, 2.8203650207011717, 2.8203650207011717, 2.8203650207011717, 2.81975893020382, 1.8110639355240001, 1.8110639355240001, 1.8110639355240001, 1.8110639355240001, 1.8110639355240001, 1.8110639355240001, 1.8110639355240001, 1.8110639355240001, 1.8110639355240001, 1.8132190332600002, 2.6689663299098676, 2.6689663299098676, 2.6689663299098676, 2.6689663299098676, 2.6689663299098676, 2.6689663299098676, 2.6689663299098676, 2.6689663299098676, 2.6689663299098676, 2.669562096818423, 4.661197000462238, 4.662032706568547, 4.653964252273422, 4.653125776604891, 4.65703805544959, 4.6616017597895585, 4.6670050463111865, 4.673974796041199, 4.679810920619836, 4.687303824965279, 4.701459556388725, 4.715990230663081, 4.712672160984861, 4.709030108394228, 4.70832003122446, 4.703670018304849, 4.704875289351668, 4.706619657734466, 4.710617802690703, 4.716149079975349, 2.776195376318848, 2.776195376318848, 2.776195376318848, 2.776195376318848, 2.776195376318848, 2.776195376318848, 2.776195376318848, 2.776195376318848, 2.776195376318848, 2.775391271447778, 1.8110639355240001, 1.8110639355240001, 1.8110639355240001, 1.8110639355240001, 1.8110639355240001, 1.8110639355240001, 1.8110639355240001, 1.8110639355240001, 1.8110639355240001, 1.8142965821280002, 2.6405267337088953, 2.6405267337088953, 2.6405267337088953, 2.6405267337088953, 2.6405267337088953, 2.6405267337088953, 2.6405267337088953, 2.6405267337088953, 2.6405267337088953, 2.6411205613754722, 4.717149635754207, 4.7288387577090605, 4.739752141229721, 4.72636430353349, 4.717548973215449, 4.7308015091786535, 4.738240736464638, 4.740496956568119, 4.74266165204479, 4.7570627978943385, 4.759269360051857, 4.757334465388433, 4.74184839533402, 4.722657603869121, 4.712781975688175, 4.731490350243071, 4.758045542812916, 4.781028391661674, 4.781390408789386, 4.769009818076528, 4.761577533023485, 4.756368388910134, 4.748687881271775, 4.7545204158721885, 4.763052256745589, 4.753612781368249, 4.748163413804221, 4.745985930305398, 4.743497171041125, 4.722511023361183, 4.704689733743569, 4.693897663610727, 4.711535408345177], "O35": 3.1315200011909536, "O46": 3.0702707598557155, "O22": [3.934710571875394, 3.922473981686921, 3.918122061204505, 3.8993069605929898, 3.877709069759772, 3.877709069759772, 3.877709069759772, 3.877709069759772, 3.877709069759772, 3.877709069759772, 3.885582265815004, 3.8908126036357844, 3.885658120148852, 3.869089994232915, 3.8557526207352724, 2.051839295123192, 2.051839295123192, 2.051839295123192, 2.051839295123192, 2.051839295123192, 2.051839295123192, 2.051839295123192, 2.051839295123192, 2.051839295123192, 2.051839295123192, 1.05, 1.05, 1.05, 1.05, 1.05, 1.05, 1.05, 1.05, 1.05, 1.05, 2.000140666974456, 2.000140666974456, 2.000140666974456, 2.000140666974456, 2.000140666974456, 2.000140666974456, 2.000140666974456, 2.000140666974456, 2.000140666974456, 2.000140666974456, 3.7844652736919335, 3.786297521255487, 3.8042123369822116, 3.8201326648108482, 3.8054611272787446, 3.792125033885253, 3.7792698311090667, 3.7658159907972686, 3.768320093093487, 3.7713228005081447, 3.764994655032886, 3.753584176388054, 3.7487077727592593, 3.7534473177818315, 3.752692047904349, 3.75100265160445, 3.752291029438656, 3.7527433777370085, 3.7547318974522748, 3.7567857878816824, 1.9614837330391746, 1.9614837330391746, 1.9614837330391746, 1.9614837330391746, 1.9614837330391746, 1.9614837330391746, 1.9614837330391746, 1.9614837330391746, 1.9614837330391746, 1.9614837330391746, 1.05, 1.05, 1.05, 1.05, 1.05, 1.05, 1.05, 1.05, 1.05, 1.05, 1.8216986240222588, 1.8216986240222588, 1.8216986240222588, 1.8216986240222588, 1.8216986240222588, 1.8216986240222588, 1.8216986240222588, 1.8216986240222588, 1.8216986240222588, 1.8216986240222588, 3.6559319984943937, 3.6567031955914966, 3.6492575535367946, 3.6484838006628113, 3.6520940867015397, 3.656305514035202, 3.661291715343096, 3.6677234629619524, 3.6731090911144775, 3.6800236105088553, 3.6930866465435455, 3.7064956832069473, 3.7034337387213094, 3.700072819895676, 3.6994175543089933, 3.6951264806432382, 3.696238715585058, 3.6978484343880376, 3.7015379584453214, 3.7068683567865404, 1.9207022802871663, 1.9207022802871663, 1.9207022802871663, 1.9207022802871663, 1.9207022802871663, 1.9207022802871663, 1.9207022802871663, 1.9207022802871663, 1.9207022802871663, 1.9207022802871663, 1.05, 1.05, 1.05, 1.05, 1.05, 1.05, 1.05, 1.05, 1.05, 1.05, 1.795440589460851, 1.795440589460851, 1.795440589460851, 1.795440589460851, 1.795440589460851, 1.795440589460851, 1.795440589460851, 1.795440589460851, 1.795440589460851, 1.795440589460851, 3.7075655926331104, 3.7183524193072333, 3.728423387590418, 3.7160689707806447, 3.70793410482723, 3.7201636639831515, 3.727028649705197, 3.729110709870959, 3.7311083102894744, 3.744397816959677, 3.7464340523271207, 3.7446485141620083, 3.730357829696105, 3.7126483950550244, 3.703535076715342, 3.7207993327011777, 3.7453047027927204, 3.7665134820292296, 3.766847554684539, 3.7554226344331596, 3.7485640550659927, 3.743757010115288, 3.736669368718079, 3.742051684006471, 3.749924943355464, 3.7412141107383277, 3.736185385430833, 3.734175984110676, 3.731879334719814, 3.712513129246435, 3.6960674832041565, 3.686108464004292, 3.702384733180689],