{"O23": 5.0, "O34": [5.0, 5.0, 5.0, 5.0, 5.0, 5.0, 5.0, 5.0, 5.0, 5.0, 5.0, 5.0, 5.0, 5.0, 5.0, 5.0, 5.0, 5.0, 5.0, 5.0, 5.0, 5.0, 5.0, 5.0, 5.0, 5.0, 5.0, 5.0, 5.0, 5.0, 5.0, 5.0, 5.0, 5.0, 5.0, 5.0, 5.0, 5.0, 5.0, 5.0, 5.0, 5.0, 5.0, 5.0, 5.0, 5.0, 5.0, 5.0, 5.0, 5.0, 5.0, 5.0, 5.0, 5.0, 5.0, 5.0, 5.0, 5.0, 5.0, 5.0], "O35": 5.0, "O46": 4.9779888512124995, "O22": [4.395478402185232, 4.399062643376009, 4.401215002672462, 4.401942129676244, 4.40134725770459, 4.402707313791442, 4.405621213671174, 4.4050893700502085, 4.404847173925982, 4.40456927303398, 4.402175915059458, 4.400697947434438, 4.403875519217696, 4.406098303742998, 4.407811527346073, 4.409566575901609, 4.411658596466319, 4.413466162224861, 4.41485630048303, 4.41587281438964, 4.415722109679421, 4.41316541803894, 4.4116401880939655, 4.410661754148862, 4.41130485635319, 4.409210328840548, 4.408601531963227, 4.4101450411427106, 4.409954408200011, 4.409219273645077, 4.410478675523876, 4.4098485681593, 4.41022273054031, 4.411637260456717, 4.412557498883328, 4.4122620695567525, 4.4121003268225145, 4.412050408400993, 4.412463692086857, 4.412797688765831, 4.414551724047954, 4.41543858695918, 4.417066409875827, 4.418263769444311, 4.419631089413803, 4.421308478158868, 4.4206719703954125, 4.420545462831904, 4.422814104217131, 4.434092970192109, 4.435499477418103, 4.436529813663587, 4.436414680794941, 4.436733022868358, 4.4369805569961684, 4.438014363020383, 4.439148996279838, 4.44040091786134, 4.4414435062859035, 4.443171140219112], "O21": [4.559, 4.559, 4.559, 4.559, 4.559, 4.559, 4.559, 4.559, 4.559, 4.559, 4.559, 4.559, 4.559, 4.559, 4.559, 4.559, 4.559, 4.559, 4.559, 4.559, 4.559, 4.559, 4.559, 4.559, 4.559, 4.559, 4.559, 4.559, 4.559, 4.559, 4.559, 4.559, 4.559, 4.559, 4.559, 4.559, 4.559, 4.559, 4.559, 4.559, 4.559, 4.559, 4.559, 4.559, 4.559, 4.559, 4.559, 4.559, 4.559, 4.559, 4.559, 4.559, 4.559, 4.559, 4.559, 4.559, 4.559, 4.559, 4.559, 4.559], "mode": "3"}