{"O23": 2.1554426985935873, "O34": [3.209836676238839, 3.2090373238705148, 3.208987544632332, 3.2124113167464476, 3.230702007840746, 3.240797881533778, 3.240797881533778, 3.240797881533778, 3.240797881533778, 3.240797881533778, 3.2293544691785834, 3.2329103058327733, 3.23397265646683, 3.2378603820990057, 3.2423172836500584, 3.2496291317473838, 2.63962892542589, 2.623751250901823, 2.6163170428476272, 2.6070614072345912, 2.6053091335526193, 2.6006903128326915, 2.6057204454867198, 2.6051625372505574, 2.603067398161175, 2.6230445121334998, 2.620960867820253, 2.6082179868244544, 2.601507740490322, 2.5911348606839653, 2.588887951234046, 2.5924126921899258, 2.595259757591753, 2.6003011022650004, 2.590417733838227, 2.5941199815380718, 2.3013390647741305, 2.3039052883605544, 2.3036748093717234, 2.3036748093717234, 2.3036748093717234, 2.3036748093717234, 2.3036748093717234, 2.3036748093717234, 2.3036748093717234, 2.3036748093717234, 2.292002774784539, 2.2781782800210433, 1.8121414843919998, 1.8110639355240001, 1.8110639355240001, 1.8110639355240001, 1.8110639355240001, 1.8110639355240001, 1.8110639355240001, 1.8110639355240001, 1.8110639355240001, 1.8110639355240001, 1.8110639355240001], "O35": 2.2267069177441163, "O46": 1.4213537289665656, "O22": [2.3166036623231725, 2.315866012781833, 2.315820076053966, 2.318979563696348, 2.3358583776351654, 2.345174940510562, 2.345174940510562, 2.345174940510562, 2.345174940510562, 2.345174940510562, 2.3346148568607594, 2.337896214846276, 2.33887656154819, 2.342464189661986, 2.34657705842326, 2.353324497486518, 1.7946116507952634, 1.7799519304721776, 1.7730879901178809, 1.764542341364732, 1.7629244821455956, 1.7586599647016854, 1.7633042429166275, 1.7627891310407868, 1.7608547071399971, 1.7792994046460946, 1.777375593773244, 1.765610201352231, 1.7594146886272233, 1.7498374979198763, 1.7477629457505908, 1.7510173087586118, 1.7536459797563109, 1.758300609932163, 1.7491753808712645, 1.7525936343292403, 1.4822715321101714, 1.4846409042752484, 1.4844281050072263, 1.4844281050072263, 1.4844281050072263, 1.4844281050072263, 1.4844281050072263, 1.4844281050072263, 1.4844281050072263, 1.4844281050072263, 1.4736514158648628, 1.4608873787551704, 1.05, 1.05, 1.05, 1.05, 1.05, 1.05, 1.05, 1.05, 1.05, 1.05, 1.05], "O21": [4.553999999999999, 4.553999999999999, 4.553999999999999, 4.553999999999999, 4.553999999999999, 4.553999999999999, 4.553999999999999, 4.553999999999999, 4.553999999999999, 4.553999999999999, 4.553999999999999, 4.553999999999999, 4.553999999999999, 4.553999999999999, 4.553999999999999, 4.553999999999999, 4.531000000000001, 4.531000000000001, 4.531000000000001, 4.531000000000001, 4.531000000000001, 4.531000000000001, 4.531000000000001, 4.531000000000001, 4.531000000000001, 4.531000000000001, 4.531000000000001, 4.531000000000001, 4.531000000000001, 4.531000000000001, 4.531000000000001, 4.531000000000001, 4.531000000000001, 4.531000000000001, 4.531000000000001, 4.531000000000001, 4.531000000000001, 4.531000000000001, 4.531000000000001, 4.531000000000001, 4.531000000000001, 4.531000000000001, 4.531000000000001, 4.531000000000001, 4.531000000000001, 4.531000000000001, 4.531000000000001, 4.531000000000001, 4.414, 4.408, 4.408, 4.408, 4.408, 4.408, 4.408, 4.408, 4.408, 4.408, 4.408], "mode": "3"}