{"O23": 5.0, "O34": [2.909979813948649, 2.9125270839528072, 2.914947142976292, 2.916917951332051, 2.9210959789440105, 2.9220877843129967, 2.9276780791854287, 2.932862769524731, 2.9371847106370597, 2.939588951730485, 2.944077834569269, 2.94726092533488, 2.9503922372684994, 2.9491832365472304, 2.950043723377939, 2.9531064023775504, 2.9569346703146655, 2.9613724622741024, 2.9642996063766747, 2.9667788741519905, 2.9698293823058375, 2.9719947937454907, 2.9745548127080323, 2.9778341776829564, 4.518000529424307, 4.507051588483706, 4.507051588483706, 4.507051588483706, 4.507051588483706, 4.507051588483706, 4.507051588483706, 4.507051588483706, 4.507051588483706, 4.507051588483706, 4.511579114519365, 4.515221590547076, 4.997916931774393, 4.995168555979125, 4.9910558191255685, 4.988936648501392, 4.986995498341408, 4.987633825032768, 4.989158743616934, 4.988078946931975, 4.988301045701879, 4.987075181643778, 4.9842103892358045, 4.9734232080375005, 4.964324049211312, 4.952550637868034, 4.951948838132259, 4.950864121319455, 4.947970769762969, 4.94400292709492, 4.939607767674242, 4.935948958430878, 4.9321683354298, 4.929316390181698, 4.928581479375811, 4.925081411209778], "O35": 3.861724562419252, "O46": 3.8802251205894396, "O22": [2.0442243008614858, 2.0465761733470784, 2.048810593028365, 2.0506302234321776, 2.054487760390793, 2.055403485757391, 2.060564956930591, 2.0653519369269864, 2.069342347982682, 2.0715621631051966, 2.075706710021051, 2.078645630346954, 2.0815367437226326, 2.0804204837553844, 2.0812149638450705, 2.0840427090230964, 2.087577315882235, 2.0916746910286252, 2.09437729800196, 2.096666384614554, 2.0994828925553675, 2.1014821983127447, 2.1038458418019577, 2.106873651277258, 3.523789009534402, 3.513685228544896, 3.513685228544896, 3.513685228544896, 3.513685228544896, 3.513685228544896, 3.513685228544896, 3.513685228544896, 3.513685228544896, 3.513685228544896, 3.517863270214566, 3.521224579791736, 3.9666601738710408, 3.964123948014778, 3.9603286775259487, 3.9583730878499943, 3.956581777056501, 3.957170830657597, 3.958578039216382, 3.95758159314208, 3.957786547880746, 3.956655309523251, 3.9540116533717025, 3.9440571457245173, 3.9356603602758327, 3.9247957505973994, 3.924240404398823, 3.9232394179863768, 3.9205694071962025, 3.916907846362486, 3.912851953793386, 3.9094755717781866, 3.905986778933836, 3.903354978256746, 3.9026767959677207, 3.899446901643713], "O21": [4.531000000000001, 4.531000000000001, 4.531000000000001, 4.531000000000001, 4.531000000000001, 4.531000000000001, 4.531000000000001, 4.531000000000001, 4.531000000000001, 4.531000000000001, 4.531000000000001, 4.531000000000001, 4.531000000000001, 4.531000000000001, 4.531000000000001, 4.531000000000001, 4.531000000000001, 4.531000000000001, 4.531000000000001, 4.531000000000001, 4.531000000000001, 4.531000000000001, 4.531000000000001, 4.531000000000001, 4.553999999999999, 4.553999999999999, 4.553999999999999, 4.553999999999999, 4.553999999999999, 4.553999999999999, 4.553999999999999, 4.553999999999999, 4.553999999999999, 4.553999999999999, 4.553999999999999, 4.553999999999999, 4.553999999999999, 4.553999999999999, 4.553999999999999, 4.553999999999999, 4.553999999999999, 4.553999999999999, 4.553999999999999, 4.553999999999999, 4.553999999999999, 4.553999999999999, 4.553999999999999, 4.553999999999999, 4.553999999999999, 4.553999999999999, 4.553999999999999, 4.553999999999999, 4.553999999999999, 4.553999999999999, 4.553999999999999, 4.553999999999999, 4.553999999999999, 4.553999999999999, 4.553999999999999, 4.553999999999999], "mode": "3"}