{"O23": 5.0, "O34": [2.6139075805774197, 2.6058343178514085, 2.6058343178514085, 2.6058343178514085, 2.6058343178514085, 2.6058343178514085, 2.6058343178514085, 2.6058343178514085, 2.6058343178514085, 2.6058343178514085, 2.5975347044496093, 2.60547348983058, 4.441675742251924, 4.455793926204216, 4.463652453851539, 4.464865082858101, 4.462921046156555, 4.46245674558416, 4.467460604257058, 4.46072888575599, 4.4548777341355885, 4.449771372774088, 4.443635545161632, 4.440710709759999, 4.440162706641217, 4.436330864456137, 4.437068000448633, 4.429557346976084, 4.428176879104725, 4.429969318514385, 4.4359737126729755, 4.438542223689826, 4.425735017954796, 4.409594608818689, 4.402346500710187, 4.397600252985066, 4.395677292118931, 4.3908935485403155, 4.380767891602308, 4.3835616562625646, 4.386339296580605, 4.3883995162081, 4.387268043410173, 4.387985887664043, 2.428294590050599, 2.4297651663899313, 2.426911442951727, 2.425784216831601, 2.426098081203231, 2.418982090221594, 2.418982090221594, 2.418982090221594, 2.418982090221594, 2.418982090221594, 2.4192948237358975, 2.4200531824493274, 2.4206267126603347, 2.4220984958730614, 2.42524077402644, 2.425098723868802], "O35": 2.855647552495186, "O46": 2.8337473708588896, "O22": [1.7708633543277512, 1.763409380291521, 1.763409380291521, 1.763409380291521, 1.763409380291521, 1.763409380291521, 1.763409380291521, 1.763409380291521, 1.763409380291521, 1.763409380291521, 1.7557464186231933, 1.7630762308833965, 3.453355810758, 3.4663841976492438, 3.473636117508825, 3.474755142441948, 3.4729611679219876, 3.472532707185718, 3.477150312889109, 3.470938222625147, 3.465538727383584, 3.4608265312789768, 3.455164334476386, 3.4524652701112784, 3.4519595679137973, 3.448423509546652, 3.449103745257856, 3.4421728468096497, 3.4408989386653883, 3.4425530178434953, 3.44809392667497, 3.4504641716990494, 3.4386455672754517, 3.4237510528309065, 3.417062433601534, 3.412682553593347, 3.4109080280435027, 3.406493546525108, 3.397149499403881, 3.399727610512215, 3.402290841932802, 3.4041920310998117, 3.403147897844562, 3.403810330966179, 1.5994884766446105, 1.6008462471301865, 1.5982114288247666, 1.5971706706434046, 1.5974604589181611, 1.5908903256499505, 1.5908903256499505, 1.5908903256499505, 1.5908903256499505, 1.5908903256499505, 1.5911790698138641, 1.5918792558912778, 1.5924087914021274, 1.5937676761835275, 1.5966689145755886, 1.5965377608868252], "O21": [4.531000000000001, 4.531000000000001, 4.531000000000001, 4.531000000000001, 4.531000000000001, 4.531000000000001, 4.531000000000001, 4.531000000000001, 4.531000000000001, 4.531000000000001, 4.531000000000001, 4.531000000000001, 4.553999999999999, 4.553999999999999, 4.553999999999999, 4.553999999999999, 4.553999999999999, 4.553999999999999, 4.553999999999999, 4.553999999999999, 4.553999999999999, 4.553999999999999, 4.553999999999999, 4.553999999999999, 4.553999999999999, 4.553999999999999, 4.553999999999999, 4.553999999999999, 4.553999999999999, 4.553999999999999, 4.553999999999999, 4.553999999999999, 4.553999999999999, 4.553999999999999, 4.553999999999999, 4.553999999999999, 4.553999999999999, 4.553999999999999, 4.553999999999999, 4.553999999999999, 4.553999999999999, 4.553999999999999, 4.553999999999999, 4.553999999999999, 4.531000000000001, 4.531000000000001, 4.531000000000001, 4.531000000000001, 4.531000000000001, 4.531000000000001, 4.531000000000001, 4.531000000000001, 4.531000000000001, 4.531000000000001, 4.531000000000001, 4.531000000000001, 4.531000000000001, 4.531000000000001, 4.531000000000001, 4.531000000000001], "mode": "3"}