{"O21": [4.531000000000001, 4.531000000000001, 4.531000000000001, 4.531000000000001, 4.531000000000001, 4.531000000000001, 4.531000000000001, 4.531000000000001, 4.531000000000001, 4.531000000000001, 4.531000000000001, 4.531000000000001, 4.531000000000001, 4.531000000000001, 4.531000000000001, 4.531000000000001, 4.531000000000001, 4.531000000000001, 4.531000000000001, 4.531000000000001, 4.531000000000001, 4.531000000000001, 4.531000000000001, 4.531000000000001, 4.531000000000001, 4.531000000000001, 4.531000000000001, 4.531000000000001, 4.531000000000001, 4.531000000000001, 4.531000000000001, 4.531000000000001, 4.531000000000001, 4.531000000000001, 4.531000000000001, 4.531000000000001, 4.531000000000001, 4.531000000000001, 4.531000000000001, 4.531000000000001, 4.531000000000001, 4.531000000000001, 4.531000000000001, 4.531000000000001, 4.531000000000001, 4.531000000000001, 4.531000000000001, 4.531000000000001, 4.531000000000001, 4.531000000000001, 4.531000000000001, 4.531000000000001, 4.531000000000001, 4.531000000000001, 4.531000000000001, 4.531000000000001, 4.531000000000001, 4.531000000000001, 4.531000000000001, 4.531000000000001, 4.531000000000001, 4.531000000000001, 4.531000000000001, 4.531000000000001], "O22": [2.3314373891030513, 2.3401067305371077, 2.3324222711267644, 2.325903287625376, 2.326198887299891, 2.332482931226187, 2.330871847528929, 2.3369757279528365, 2.3425748841522585, 2.3563910838290276, 2.387084434436501, 2.403320731017862, 2.4221840961345076, 2.429574598049783, 2.435383214952387, 2.434646857636111, 2.441236339347475, 2.457945139895654, 2.461514947658557, 2.4605106359145927, 2.457736664742104, 2.4613690290811103, 2.4830855481025123, 2.490854211814491, 2.4969849702227576, 2.523534138055495, 2.5388285560494346, 2.5380178944722394, 2.537027347806108, 2.5261014694850665, 2.497239417115102, 2.4805199220002514, 2.470727372501756, 2.464107043510192, 2.459776795975918, 2.4650338520060338, 2.4590702738767525, 2.44027031957253, 2.4313865398639365, 2.4308302562363884, 2.433024768796612, 2.419156487968578, 2.396153844979301, 2.3882615812842594, 2.376827229524751, 2.3355548404415423, 2.3230459174173417, 2.32966859404611, 2.338847374431833, 2.364803780974582, 2.3914855117059504, 2.391660187562169, 2.3898474736133797, 2.391373337075343, 2.394112802791638, 2.3963450536563626, 2.395590908608107, 2.399648170900315, 2.4044911730284912, 2.4062154270396117, 2.411367610633943, 2.4265868491236966, 2.4427385634939816, 2.4605413922706934], "I23": [], "IGen": {"displaySize": "1920x1080", "device": ""}}