{"O21": [4.553999999999999, 4.553999999999999, 4.553999999999999, 4.553999999999999, 4.553999999999999, 4.553999999999999, 4.553999999999999, 4.553999999999999, 4.553999999999999, 4.553999999999999, 4.553999999999999, 4.553999999999999, 4.553999999999999, 4.553999999999999, 4.553999999999999, 4.553999999999999, 4.553999999999999, 4.553999999999999, 4.553999999999999, 4.553, 4.531000000000001, 4.531000000000001, 4.531000000000001, 4.531000000000001, 4.531000000000001, 4.531000000000001, 4.531000000000001, 4.531000000000001, 4.531000000000001, 4.531000000000001, 4.531000000000001, 4.531000000000001, 4.531000000000001, 4.531000000000001, 4.531000000000001, 4.531000000000001, 4.531000000000001, 4.531000000000001, 4.531000000000001, 4.529, 4.408, 4.408, 4.408, 4.408, 4.408, 4.408, 4.408, 4.408, 4.408, 4.408, 4.408, 4.408, 4.408, 4.408, 4.408, 4.408, 4.408, 4.408, 4.408, 4.408, 4.408, 4.408, 4.408, 4.408, 4.408, 4.408, 4.408, 4.408, 4.408, 4.408, 4.408, 4.408, 4.408, 4.408, 4.408, 4.408, 4.408, 4.408, 4.408, 4.408, 4.408, 4.408, 4.408, 4.408, 4.408, 4.408, 4.408, 4.408, 4.408, 4.408, 4.408, 4.408, 4.408, 4.408, 4.408, 4.408, 4.408, 4.408, 4.408, 4.408, 4.408, 4.408, 4.408, 4.408, 4.408, 4.408, 4.408, 4.408, 4.408, 4.408, 4.408, 4.408, 4.408, 4.408, 4.408, 4.408, 4.408, 4.408, 4.408, 4.408, 4.408, 4.408, 4.408, 4.408, 4.408, 4.408, 4.408, 4.408, 4.408, 4.408, 4.408, 4.408, 4.408, 4.408, 4.408, 4.408, 4.408, 4.408, 4.408, 4.408, 4.408, 4.408, 4.408, 4.408, 4.408, 4.408, 4.408, 4.408, 4.408, 4.408, 4.408, 4.408, 4.408, 4.408, 4.408, 4.408, 4.408, 4.408, 4.408, 4.408, 4.408, 4.408, 4.408, 4.408, 4.408, 4.408, 4.408, 4.408, 4.408, 4.408, 4.408, 4.408, 4.408, 4.408, 4.408, 4.408, 4.408, 4.408, 4.408], "O22": [4.236257727574005, 4.231305767127959, 4.23011147174202, 4.228336888809616, 4.228412906817427, 4.231558325977362, 4.2345044001441945, 4.236609626562755, 4.239144649301112, 4.238949990663696, 4.2376727051783964, 4.238150956577825, 4.239192055071799, 4.238980096738787, 4.236861536948731, 4.234549648266856, 4.23338717061842, 4.2332787219152515, 4.237639466699325, 4.23872559528426, 2.3519974809366744, 2.3437313311876675, 2.3309091733969227, 2.3214596356934663, 2.3106486718020527, 2.3024701326919157, 2.2945093831029646, 2.2887365665371644, 2.2817660485081883, 2.2734317524624554, 2.2670840896221716, 2.2485051505930005, 2.2379946586279895, 2.229863849472391, 2.2241159989888297, 2.2103051136821787, 2.190019224050226, 2.170056576889258, 2.1698596223627185, 2.1764397617657565, 1.05, 1.05, 1.05, 1.05, 1.05, 1.05, 1.05, 1.05, 1.05, 1.05, 1.05, 1.05, 1.05, 1.05, 1.05, 1.05, 1.05, 1.05, 1.05, 1.05, 1.05, 1.05, 1.05, 1.05, 1.05, 1.05, 1.05, 1.05, 1.05, 1.05, 1.05, 1.05, 1.05, 1.05, 1.05, 1.05, 1.05, 1.05, 1.05, 1.05, 1.05, 1.05, 1.05, 1.05, 1.05, 1.05, 1.05, 1.05, 1.05, 1.05, 1.05, 1.05, 1.05, 1.05, 1.05, 1.05, 1.05, 1.05, 1.05, 1.05, 1.05, 1.05, 1.05, 1.05, 1.05, 1.05, 1.05, 1.05, 1.05, 1.05, 1.05, 1.05, 1.05, 1.05, 1.05, 1.05, 1.05, 1.05, 1.05, 1.05, 1.05, 1.05, 1.05, 1.05, 1.05, 1.05, 1.05, 1.05, 1.05, 1.05, 1.05, 1.05, 1.05, 1.05, 1.05, 1.05, 1.05, 1.05, 1.05, 1.05, 1.05, 1.05, 1.05, 1.05, 1.0503240844110784, 1.0512194441743163, 1.0514988612148675, 1.0537012267052006, 1.0562157805121475, 1.054827483569204, 1.0545794117847287, 1.0549693063247008, 1.0535972666493756, 1.0527747755374364, 1.0528945353025811, 1.0540371089872025, 1.054128490389566, 1.0548505118902496, 1.054524454068936, 1.0532875302132594, 1.053064752677952, 1.0524242284714327, 1.0518182109367928, 1.051248644548742, 1.0511427253231662, 1.0511174281136735, 1.0519906951232771, 1.0509898445585195, 1.05, 1.05, 1.05, 1.05, 1.05, 1.05, 1.05, 1.05, 1.05, 1.05, 1.05, 1.05], "I23": [[50, 12], [60, 12]], "IGen": {"displaySize": "1920x1080", "device": ""}}