{"O21": [4.553999999999999, 4.553999999999999, 4.553999999999999, 4.553999999999999, 4.553999999999999, 4.553999999999999, 4.553999999999999, 4.553999999999999, 4.553999999999999, 4.553999999999999, 4.553999999999999, 4.553999999999999, 4.553999999999999, 4.553999999999999, 4.553999999999999, 4.553999999999999, 4.553999999999999, 4.553999999999999, 4.553999999999999, 4.553999999999999, 4.531000000000001, 4.531000000000001, 4.531000000000001, 4.531000000000001, 4.531000000000001, 4.531000000000001, 4.531000000000001, 4.531000000000001, 4.531000000000001, 4.531000000000001, 4.531000000000001, 4.531000000000001, 4.531000000000001, 4.531000000000001, 4.531000000000001, 4.531000000000001, 4.531000000000001, 4.531000000000001, 4.531000000000001, 4.53, 4.408, 4.408, 4.408, 4.408, 4.408, 4.408, 4.408, 4.408, 4.408, 4.408, 4.408, 4.408, 4.408, 4.408, 4.408, 4.408, 4.408, 4.408, 4.408, 4.408, 4.408, 4.408, 4.408, 4.408, 4.408, 4.408, 4.408, 4.408, 4.408, 4.408, 4.408, 4.408, 4.408, 4.408, 4.408, 4.408, 4.408, 4.408, 4.408, 4.408, 4.408, 4.408, 4.408, 4.408, 4.408, 4.408, 4.408, 4.408, 4.408, 4.408, 4.408, 4.408, 4.408, 4.408, 4.408, 4.408, 4.408, 4.408, 4.408, 4.408, 4.408, 4.408, 4.408, 4.408, 4.408, 4.408, 4.408, 4.408, 4.408, 4.408, 4.408, 4.408, 4.408, 4.408, 4.408, 4.408, 4.408, 4.408, 4.408, 4.408, 4.408, 4.408, 4.408, 4.408, 4.408, 4.408, 4.408, 4.408, 4.408, 4.408, 4.408, 4.408, 4.408, 4.408, 4.408, 4.408, 4.408, 4.408, 4.408, 4.408, 4.408, 4.408, 4.408, 4.408, 4.408, 4.408, 4.408, 4.408, 4.408, 4.408, 4.408, 4.408, 4.408, 4.408, 4.408, 4.408, 4.408, 4.408, 4.408, 4.408, 4.408, 4.408, 4.408, 4.408, 4.408, 4.408, 4.408, 4.408, 4.408, 4.408, 4.408, 4.408, 4.408, 4.408, 4.408, 4.408, 4.408, 4.408, 4.408], "O22": [4.150424594543933, 4.140382768159677, 4.129169982153387, 4.119891018694729, 4.11264310859642, 4.10456582668103, 4.095599632797993, 4.088048501695727, 4.083582106047829, 4.079517660518522, 4.075769452332601, 4.07265255602086, 4.0683883983148545, 4.058962312469863, 4.046760963548836, 4.03395804590751, 4.019629870547426, 4.005410134180017, 3.99325157491338, 3.9836162447884176, 2.2277274129615363, 2.222263988904464, 2.212115921977532, 2.2030324994682444, 2.196222234467897, 2.188933210825936, 2.1939384641475934, 2.1994428146048994, 2.2000024713748285, 2.2000465891646623, 2.1958312103126056, 2.1900501842257607, 2.18003683326948, 2.14648040344285, 2.147545503394966, 2.145945714850142, 2.1459286901593777, 2.146035168007599, 2.1488389032829662, 2.160715400410237, 1.05, 1.05, 1.05, 1.05, 1.05, 1.05, 1.05, 1.05, 1.05, 1.05, 1.05, 1.05, 1.05, 1.05, 1.05, 1.05, 1.05, 1.05, 1.05, 1.05, 1.05, 1.05, 1.05, 1.05, 1.05, 1.05, 1.05, 1.05, 1.05, 1.05, 1.05, 1.05, 1.05, 1.05, 1.05, 1.05, 1.05, 1.05, 1.05, 1.05, 1.05, 1.05, 1.05, 1.05, 1.05, 1.05, 1.05, 1.05, 1.05, 1.05, 1.05, 1.05, 1.05, 1.05, 1.05, 1.05, 1.05, 1.05, 1.05, 1.05, 1.05, 1.05, 1.05, 1.05, 1.05, 1.05, 1.05, 1.05, 1.05, 1.05, 1.05, 1.050094257841271, 1.0508961521341809, 1.0520535857288908, 1.054092475543762, 1.055614461502657, 1.0563145426904836, 1.0569678167859693, 1.0578558232003112, 1.0610263482731488, 1.0625343723293126, 1.06510814809745, 1.0675348400542015, 1.070679732197718, 1.073394747287906, 1.071751026976456, 1.0694979407762846, 1.0679995032548393, 1.066164444660599, 1.0650128430500478, 1.0667634288121637, 1.0694361003395216, 1.0701479211041796, 1.0691472830784678, 1.067871145035701, 1.068464913530676, 1.0704538563202968, 1.0724623478936948, 1.0742425665082358, 1.0732180817404338, 1.071554458795698, 1.071970913129548, 1.0713831277794537, 1.0693876719494384, 1.0666212638970312, 1.0630292011637814, 1.0605111105957985, 1.0577084377492902, 1.0548160010916836, 1.0521185890246665, 1.05, 1.05, 1.05, 1.05, 1.05, 1.05, 1.05, 1.05, 1.05, 1.05, 1.05, 1.05, 1.05, 1.05, 1.05, 1.05, 1.05, 1.05, 1.05, 1.05, 1.05, 1.05, 1.05, 1.05, 1.05, 1.05, 1.0507325003081014, 1.0514677768725822, 1.0519703605132447], "I23": [[50, 12], [60, 12]], "IGen": {"displaySize": "1920x1080", "device": ""}}