{"O21": [4.559, 4.559, 4.559, 4.559, 4.559, 4.559, 4.559, 4.559, 4.559, 4.559, 4.559, 4.559, 4.559, 4.559, 4.559, 4.559, 4.559, 4.559, 4.559, 4.559, 4.559, 4.559, 4.559, 4.559, 4.559, 4.559, 4.559, 4.559, 4.559, 4.559, 4.559, 4.559, 4.559, 4.559, 4.559, 4.559, 4.559, 4.559, 4.559, 4.559, 4.559, 4.559, 4.559, 4.559, 4.559, 4.559, 4.559, 4.559, 4.559, 4.559, 4.559, 4.559, 4.559, 4.559, 4.559, 4.559, 4.559, 4.559, 4.559, 4.559, 4.559, 4.559, 4.559, 4.559, 4.559, 4.559, 4.559, 4.559, 4.559, 4.559, 4.559, 4.559, 4.559, 4.559, 4.559, 4.559, 4.559, 4.559, 4.559, 4.559, 4.559, 4.559, 4.559, 4.559, 4.559, 4.559, 4.559, 4.559, 4.559, 4.559, 4.559, 4.559, 4.559, 4.559, 4.559, 4.559, 4.559, 4.559, 4.559, 4.559, 4.559, 4.559, 4.559, 4.559, 4.559, 4.559, 4.559, 4.559, 4.559, 4.559, 4.559, 4.559, 4.559, 4.559, 4.559, 4.559, 4.559, 4.559, 4.559, 4.559, 4.559, 4.559, 4.559, 4.559, 4.559, 4.559, 4.559, 4.559, 4.559, 4.559, 4.559, 4.559, 4.559, 4.559, 4.559, 4.559, 4.559, 4.559, 4.559, 4.559, 4.559, 4.559, 4.559, 4.559, 4.559, 4.559, 4.559, 4.559, 4.559, 4.559, 4.559, 4.559, 4.559, 4.559, 4.559, 4.559, 4.559, 4.559, 4.559, 4.559, 4.559, 4.559, 4.559, 4.559, 4.559, 4.559, 4.559, 4.559, 4.559, 4.559, 4.559, 4.559, 4.559, 4.559, 4.559, 4.559, 4.559, 4.559, 4.559, 4.559, 4.559, 4.559, 4.559, 4.559, 4.559, 4.559, 4.559, 4.559, 4.559, 4.559, 4.559, 4.559, 4.559, 4.559, 4.559, 4.559, 4.559, 4.559, 4.559, 4.559, 4.559, 4.559, 4.559, 4.559, 4.559, 4.559, 4.559, 4.559, 4.559, 4.559, 4.559, 4.559, 4.559, 4.559, 4.559, 4.559, 4.559, 4.559, 4.559, 4.559, 4.559, 4.559, 4.559, 4.559, 4.559, 4.559, 4.559, 4.559, 4.559, 4.559, 4.559, 4.559, 4.559, 4.559, 4.559, 4.559, 4.559, 4.559, 4.559, 4.559, 4.559, 4.559, 4.559, 4.559, 4.559, 4.559, 4.559, 4.559, 4.559, 4.559, 4.559, 4.559, 4.559, 4.559, 4.559, 4.559, 4.559, 4.559, 4.559, 4.559, 4.559, 4.559, 4.559, 4.559, 4.559, 4.559, 4.559, 4.559, 4.559, 4.559, 4.559, 4.559, 4.559, 4.559, 4.559, 4.559, 4.559, 4.559, 4.559, 4.559, 4.559, 4.559, 4.559, 4.559, 4.559, 4.559, 4.559, 4.559, 4.559, 4.559, 4.559, 4.559, 4.559, 4.559, 4.559, 4.559, 4.559, 4.559, 4.559, 4.559], "O22": [4.441492083255245, 4.434708881091342, 4.427180333847578, 4.420362510744391, 4.414221655000337, 4.410465570069106, 4.4119279416013795, 4.4129790764244685, 4.414327401838744, 4.415796166998722, 4.4108521419566005, 4.407711023128423, 4.406105353864083, 4.398048623314244, 4.390923488094986, 4.3847709775055, 4.379414596998249, 4.374349694061355, 4.370328911659262, 4.366957512222437, 4.364015948741371, 4.362065392471307, 4.362402973650142, 4.363693319389419, 4.365344503763425, 4.365496504611339, 4.3608982361697075, 4.356673967045777, 4.352037059636827, 4.347301484558345, 4.344223451123646, 4.338735937724861, 4.33308768655593, 4.336147571993224, 4.338810950571482, 4.341734329680998, 4.344423769014864, 4.346493373396772, 4.347190898839683, 4.3483972553262635, 4.350038344976013, 4.351867611420856, 4.352747376873906, 4.352605932443721, 4.3521730691089715, 4.352241338802542, 4.359023481960955, 4.365340783592663, 4.370450282642597, 4.375457863914322, 4.3793761118064305, 4.381937768144659, 4.384283348191996, 4.386797456809421, 4.389317035663601, 4.389653101478631, 4.390541280993662, 4.393169888342065, 4.396201689007519, 4.399836494588474, 4.403789798389458, 4.407427147832613, 4.410577547742563, 4.413350787129448, 4.415526714641263, 4.416054610700601, 4.410178098444912, 4.404348456464168, 4.39950085739468, 4.394451736135572, 4.393199811261022, 4.392865824158806, 4.392484567389475, 4.392493784487875, 4.393630276362993, 4.396398227043697, 4.398216557545434, 4.399256003472053, 4.4010475460499885, 4.4014772819370345, 4.400521763320069, 4.400035132150776, 4.40088970498793, 4.402377745772482, 4.404313444755318, 4.407065969775415, 4.410990449567103, 4.415167587732933, 4.419752932873037, 4.423846367956925, 4.424059691202928, 4.4234546847669405, 4.42251235380784, 4.420884145333673, 4.421087016616174, 4.4212585795449355, 4.422114878161783, 4.423057308006445, 4.423453129519732, 4.424590001904522, 4.4263084318781125, 4.4272763694364246, 4.427153252371801, 4.426048305903542, 4.425449976651099, 4.424931068756911, 4.423980385050567, 4.4219459346552465, 4.41859070682066, 4.415514576438801, 4.41341375361971, 4.413721719265492, 4.414304100461875, 4.4149833690933065, 4.413566529947241, 4.412147087272723, 4.410096768526825, 4.407859349906804, 4.406534645785485, 4.404954469551284, 4.403152283200497, 4.401735397060972, 4.400734941575258, 4.400119280508514, 4.399082627176612, 4.398439472318815, 4.3980349166792845, 4.398705422129415, 4.399312266057466, 4.3999535918279, 4.400817358465363, 4.400556320036046, 4.400700226909955, 4.401211842767968, 4.4013996481504964, 4.401804569260916, 4.401343368266678, 4.4006366490465565, 4.398878814778458, 4.3980273807123424, 4.397127120665812, 4.395798064092908, 4.3944051796723995, 4.393512664617971, 4.393038063409407, 4.392101598677979, 4.393251541564452, 4.394582856124515, 4.395420726060371, 4.395917589018112, 4.396329575695343, 4.395723965055358, 4.397026436543841, 4.396434912141452, 4.395130355719296, 4.393588340681205, 4.396125355502499, 4.3996465808295895, 4.4002779084534644, 4.401005844106283, 4.404823571539564, 4.408862276946357, 4.412621297083158, 4.41624094357823, 4.4191558041248955, 4.422285504798069, 4.420817187184203, 4.418734274033508, 4.419173796886213, 4.41980065193861, 4.419703500313869, 4.419610599634611, 4.417702145712056, 4.417174338965777, 4.417058425118905, 4.417622814000271, 4.418128970620601, 4.417036784444016, 4.419624905977571, 4.421269226801405, 4.420468588968506, 4.419127324343932, 4.417560505942571, 4.41601546301731, 4.41492036497292, 4.413824974290655, 4.4137246432432855, 4.416877730721926, 4.41789969144273, 4.419244753433093, 4.420498393828196, 4.4222767616666445, 4.424043316226655, 4.4255325056545125, 4.427957367528226, 4.429589276985134, 4.428313658267113, 4.428349775548705, 4.427632901939676, 4.426593822995964, 4.425254205702849, 4.424367511107617, 4.423657873192478, 4.422409321872831, 4.422381250929483, 4.422479470529813, 4.423712712050543, 4.422161117280941, 4.420865278305075, 4.419635493446814, 4.419607460574397, 4.420652743885905, 4.421861870656943, 4.422521305368645, 4.421626657832959, 4.420369634527655, 4.420228397431197, 4.419984713589075, 4.419984993593169, 4.419537007814208, 4.4177983644200145, 4.416231979862336, 4.41567915180707, 4.4174080426265006, 4.418031311034784, 4.418041895307097, 4.418430750018522, 4.418923628219683, 4.419593639427343, 4.419972762309015, 4.420002165128863, 4.419094524177292, 4.41437979408473, 4.410215832028494, 4.40801405689826, 4.407188608424843, 4.4055821057466416, 4.403614195408038, 4.401917748451805, 4.401127072463067, 4.402046701275784, 4.404790131406528, 4.4062673485596395, 4.405227370249977, 4.402826975497221, 4.402700673440945, 4.403669731601954, 4.401743177184796, 4.3999460195610665, 4.398232436855319, 4.395519160519071, 4.395214785643921, 4.3989613928120965, 4.401267338262566, 4.402834195209643, 4.404541038878038, 4.406026582776786, 4.407338024418941, 4.408113696130773, 4.408747718632494, 4.40770612589634, 4.40436140997943, 4.401665474125392, 4.399998125874236, 4.399319126531258, 4.396696323101487, 4.395522780959105, 4.396867174890579, 4.395953194755771, 4.395031109014257, 4.395765009265456, 4.394844604874175, 4.394869707372395, 4.396227741061065, 4.397060729325309, 4.396428919193975, 4.395824998625774, 4.3961401127500705, 4.396330743517084, 4.396796186421683, 4.398672067447899, 4.400167781591204, 4.402267433220955, 4.40415039593534, 4.406001906510063, 4.408088572687668, 4.4073475301070175, 4.407688571688689, 4.410702353046202, 4.424719945856728, 4.426548038653564, 4.427753325920792, 4.428005802650318, 4.428487564715109, 4.4289944814611975, 4.43043624190956, 4.432448483764772, 4.4337498428332145, 4.435744408922706, 4.437901049648781], "I23": [], "IGen": {"displaySize": "1920x1080", "device": ""}}