{"O21": [4.559, 4.559, 4.559, 4.559, 4.559, 4.559, 4.559, 4.559, 4.559, 4.559, 4.559, 4.559, 4.559, 4.559, 4.559, 4.559, 4.559, 4.559, 4.559, 4.559, 4.559, 4.559, 4.559, 4.559, 4.559, 4.559, 4.559, 4.559, 4.559, 4.559, 4.559, 4.559, 4.559, 4.559, 4.559, 4.559, 4.559, 4.559, 4.559, 4.559, 4.559, 4.559, 4.559, 4.559, 4.559, 4.559, 4.559, 4.559, 4.559, 4.559, 4.559, 4.559, 4.559, 4.559, 4.559, 4.559, 4.559, 4.559, 4.559, 4.559, 4.559, 4.559, 4.559, 4.559, 4.559, 4.559, 4.559, 4.559, 4.559, 4.559, 4.559, 4.559, 4.559, 4.559, 4.559, 4.559, 4.559, 4.559, 4.559, 4.559, 4.559, 4.559, 4.559, 4.559, 4.559, 4.559, 4.559, 4.559, 4.559, 4.559, 4.559, 4.559, 4.559, 4.559, 4.559, 4.559, 4.559, 4.559, 4.559, 4.559, 4.559, 4.559, 4.559, 4.559, 4.559, 4.559, 4.559, 4.559, 4.559, 4.559, 4.559, 4.559, 4.559, 4.559, 4.559, 4.559, 4.559, 4.559, 4.559, 4.559, 4.559, 4.559, 4.559, 4.559, 4.559, 4.559, 4.559, 4.559, 4.559, 4.559, 4.559, 4.559, 4.559, 4.559, 4.559, 4.559, 4.559, 4.559, 4.559, 4.559, 4.559, 4.559, 4.559, 4.559, 4.559, 4.559, 4.559, 4.559, 4.559, 4.559, 4.559, 4.559, 4.559, 4.559, 4.559, 4.559, 4.559, 4.559, 4.559, 4.559, 4.559, 4.559, 4.559, 4.559, 4.559, 4.559, 4.559, 4.559, 4.559, 4.559, 4.559, 4.559, 4.559, 4.559, 4.559, 4.559, 4.559, 4.559, 4.559, 4.559], "O22": [4.386237604787625, 4.386400348920215, 4.38629301005979, 4.385818059433829, 4.385374044767272, 4.385101334310204, 4.384734254011976, 4.384457979565726, 4.384088086335497, 4.383468797055315, 4.38440472762891, 4.384164224572525, 4.3829356875485095, 4.381732780856446, 4.379357290294404, 4.376973318793778, 4.374225168294698, 4.370548407095009, 4.366971178085135, 4.364328812406009, 4.361536577831059, 4.359133461889589, 4.357595925266206, 4.356613293462733, 4.355323268000019, 4.353408912591138, 4.351211169634105, 4.349109906361672, 4.347140943934229, 4.345586899226582, 4.343885045666552, 4.343401430766754, 4.344317968735087, 4.344493674768675, 4.344393630555448, 4.343985670194972, 4.343593170134441, 4.34390199351807, 4.344443837339704, 4.344771990305514, 4.345415587540381, 4.34606227460172, 4.343604575234174, 4.340307156171555, 4.337339055770912, 4.334825856358714, 4.332743948301916, 4.330488572424334, 4.329745047840388, 4.3308032259309055, 4.3315966983920555, 4.331809055334407, 4.330760823949061, 4.330352070885536, 4.329912577836276, 4.329725906525589, 4.329736941309302, 4.329566694454376, 4.329298107868541, 4.328916668195717, 4.3282775170050085, 4.326958968894246, 4.328118842803045, 4.330047489456102, 4.331955683424438, 4.333814433426829, 4.335473006243641, 4.337595256896552, 4.337584565490182, 4.332969325116002, 4.329045879498313, 4.325096634096891, 4.322401855225862, 4.322364177719154, 4.321897417796957, 4.3193938888640515, 4.31621207538728, 4.313013658375654, 4.309872190976542, 4.306973915814455, 4.304763992733897, 4.302992403748283, 4.3010512543020365, 4.298811609816906, 4.297908950016685, 4.297327873411172, 4.297043370980375, 4.295779250995093, 4.29497687478968, 4.296795848410554, 4.29804011436499, 4.299834680318102, 4.300936496958233, 4.299104326155791, 4.2971390096370605, 4.297155052050669, 4.297454228865939, 4.297965477005674, 4.299100319244165, 4.300193500672026, 4.300388955834949, 4.30035433087555, 4.300458541763278, 4.300805093923131, 4.299915188643939, 4.298595637206106, 4.297182297040157, 4.296204474835512, 4.295263440948489, 4.294903670682406, 4.294320738019493, 4.2930991693849645, 4.291027664506816, 4.290236249011377, 4.2898161156333705, 4.289587312327064, 4.28963764062601, 4.289420598836167, 4.2888325823100235, 4.287305506335707, 4.285208645105293, 4.283268544479724, 4.281556788032487, 4.279802085733586, 4.278109385812549, 4.2763720605254445, 4.274778489187638, 4.273413391024065, 4.271795548218555, 4.270296132253901, 4.268792950728766, 4.267610548761364, 4.26743190685528, 4.266813495973318, 4.266719049854294, 4.266633279681327, 4.266621689433482, 4.266357070492664, 4.265676626064145, 4.266208635756563, 4.267646884223346, 4.268771774949261, 4.270005234209871, 4.2710924504629135, 4.271930584661295, 4.272769013117219, 4.272916512847107, 4.2730748999734605, 4.274565031455211, 4.277525742570472, 4.280476491811574, 4.28275137658143, 4.284802379661966, 4.286375644473213, 4.287730152309312, 4.289613620172783, 4.291235102505166, 4.2925629239003245, 4.292796769035188, 4.292027847877204, 4.290944846930308, 4.290373782935577, 4.292247762980055, 4.294282337422934, 4.296305747178253, 4.298495297057341, 4.300579698682143, 4.30275970536348, 4.305312742950234, 4.305482193703563, 4.304903207523647, 4.304826270340698, 4.304679226228409, 4.304725274642104, 4.3047881202145275, 4.304009067299485, 4.303438920612635, 4.303679196997851, 4.305926121084923, 4.309621369208357], "I23": [], "IGen": {"displaySize": "1920x1080", "device": ""}}