{"O21": [4.553999999999999, 4.553999999999999, 4.553999999999999, 4.553999999999999, 4.553999999999999, 4.553999999999999, 4.553999999999999, 4.553999999999999, 4.553999999999999, 4.553999999999999, 4.553999999999999, 4.553999999999999, 4.553999999999999, 4.553999999999999, 4.553999999999999, 4.553999999999999, 4.553999999999999, 4.553999999999999, 4.553999999999999, 4.553999999999999, 4.553999999999999, 4.553999999999999, 4.553999999999999, 4.553999999999999, 4.553999999999999, 4.553999999999999, 4.553999999999999, 4.553999999999999, 4.553999999999999, 4.553999999999999, 4.531000000000001, 4.531000000000001, 4.531000000000001, 4.531000000000001, 4.531000000000001, 4.531000000000001, 4.531000000000001, 4.531000000000001, 4.531000000000001, 4.531000000000001, 4.531000000000001, 4.531000000000001, 4.531000000000001, 4.531000000000001, 4.531000000000001, 4.531000000000001, 4.531000000000001, 4.531000000000001, 4.531000000000001, 4.531000000000001, 4.531000000000001, 4.531000000000001, 4.531000000000001, 4.531000000000001, 4.529, 4.408, 4.408, 4.408, 4.408, 4.408, 4.408, 4.408, 4.408, 4.408, 4.408, 4.408, 4.408, 4.408, 4.408, 4.408, 4.408, 4.408, 4.408, 4.408, 4.408, 4.408, 4.408, 4.408, 4.408, 4.408, 4.408, 4.408, 4.408, 4.408, 4.408, 4.408, 4.408, 4.408, 4.408, 4.408, 4.408, 4.408, 4.408, 4.408, 4.408, 4.408, 4.408, 4.408, 4.408, 4.408, 4.408, 4.408, 4.408, 4.408, 4.408, 4.408, 4.408, 4.408, 4.408, 4.408, 4.408, 4.408, 4.408, 4.408, 4.408, 4.408, 4.408, 4.408, 4.408, 4.408, 4.408, 4.408, 4.408, 4.408, 4.408, 4.408, 4.408, 4.408, 4.408, 4.408, 4.408, 4.408, 4.408, 4.408, 4.408, 4.408, 4.408, 4.408, 4.408, 4.408, 4.408, 4.408, 4.408, 4.408, 4.408, 4.408, 4.408, 4.408, 4.408, 4.408, 4.408, 4.408, 4.408, 4.408, 4.408, 4.408, 4.408, 4.408, 4.408, 4.408, 4.408, 4.408, 4.408, 4.408, 4.408, 4.408, 4.408, 4.408, 4.408, 4.408, 4.408, 4.408, 4.408, 4.408, 4.408, 4.408, 4.408, 4.408, 4.408, 4.408, 4.408, 4.408, 4.408, 4.408, 4.408, 4.408, 4.408, 4.408, 4.408, 4.408, 4.408, 4.408, 4.408, 4.408, 4.408, 4.408, 4.408, 4.408, 4.408, 4.408, 4.408, 4.408, 4.408, 4.408, 4.408, 4.408, 4.408, 4.408, 4.408, 4.408, 4.408, 4.408, 4.408, 4.408, 4.408, 4.408, 4.408, 4.408, 4.408, 4.408, 4.408, 4.408, 4.408, 4.408, 4.408, 4.408, 4.408, 4.408, 4.408, 4.408, 4.408, 4.408, 4.408, 4.408, 4.408, 4.408, 4.408, 4.408, 4.408, 4.408], "O22": [3.92415167383106, 3.9192651974427926, 3.916115373995071, 3.911989369260704, 3.908181151699183, 3.9024419245513178, 3.901852459902806, 3.9019423292631132, 3.897310872750653, 3.8930855221637977, 3.885825483446608, 3.881416359454968, 3.8790320262543316, 3.870230996709159, 3.862505274545376, 3.856106657510891, 3.855037787147858, 3.853089193615462, 3.836978723327536, 3.826466450859702, 3.8212163385323676, 3.81863219299503, 3.8157527442517774, 3.8127120246748105, 3.809905332264755, 3.8098472913338313, 3.8031213238602635, 3.794272237632761, 3.7927109756947153, 3.7913001755072178, 2.3090966288423243, 2.2901396240184773, 2.308750467693184, 2.3376593208615843, 2.3668734980908828, 2.3780327353686763, 2.3808186291117046, 2.3797174637701604, 2.363434661669185, 2.354092034765398, 2.3488759359583957, 2.354511858947558, 2.3432821171216993, 2.321139313220082, 2.3333092681280845, 2.3462781919991746, 2.362027115317607, 2.379137666958923, 2.3969808999768123, 2.3781236909829384, 2.3452392553268795, 2.361438992920898, 2.3508954867622416, 2.3154109493815733, 2.2703912933796637, 1.0839769778787158, 1.087921122473907, 1.0914167637344376, 1.0933720428461013, 1.093189500443302, 1.093874191368751, 1.0929304261909694, 1.0904298410591555, 1.0877957105808516, 1.085142418960357, 1.084034068721708, 1.082955252075508, 1.0824933017628189, 1.083352161066448, 1.0811286510730784, 1.076406228022391, 1.0724660026829786, 1.0693789127281415, 1.0674218531123536, 1.0632052420669833, 1.059071659429195, 1.0548351483478653, 1.0514420696054432, 1.05, 1.05, 1.05, 1.05, 1.05, 1.05, 1.05, 1.05, 1.05, 1.05, 1.05, 1.05, 1.05, 1.05, 1.05, 1.05, 1.05, 1.05, 1.05, 1.05, 1.05, 1.05, 1.05, 1.05, 1.05, 1.05, 1.05, 1.05, 1.05, 1.05, 1.05, 1.05, 1.05, 1.05, 1.05, 1.05, 1.05, 1.05, 1.05, 1.05, 1.05, 1.05, 1.05, 1.05, 1.05, 1.05, 1.05, 1.05, 1.05, 1.05, 1.05, 1.05, 1.05, 1.05, 1.05, 1.05, 1.05, 1.05, 1.05, 1.05, 1.05, 1.05, 1.05, 1.05, 1.05, 1.05, 1.05, 1.05, 1.05, 1.05, 1.05, 1.05, 1.05, 1.05, 1.05, 1.05, 1.05, 1.05, 1.05, 1.05, 1.05, 1.05, 1.05, 1.05, 1.05, 1.05, 1.05, 1.05, 1.05, 1.05, 1.05, 1.05, 1.05, 1.050136481891231, 1.0508597271056737, 1.0518554390736023, 1.053798852055175, 1.0562255280819552, 1.0574015509517187, 1.058002257046541, 1.0583124880782009, 1.0614295451495894, 1.063666124989541, 1.0657019657355409, 1.0681609915307264, 1.071421300472068, 1.07456660600236, 1.075218391659045, 1.0725357584593542, 1.0707699737768932, 1.0692978034306266, 1.0672798888261261, 1.0667104804280358, 1.0688686547546742, 1.0698723324373496, 1.0700694578181285, 1.0689207630600857, 1.0681301293100596, 1.0700678359840814, 1.0722520131791267, 1.074114781836627, 1.0743448217699494, 1.072897389169313, 1.0717822445220409, 1.0712869062204389, 1.0703504518735723, 1.067901654980322, 1.0640395188442533, 1.0608407095148986, 1.0576218517016074, 1.0547125490883218, 1.0523434329959436, 1.05003645185036, 1.05, 1.05, 1.05, 1.05, 1.05, 1.05, 1.05, 1.05, 1.05, 1.05, 1.05, 1.05, 1.05, 1.05, 1.05, 1.05, 1.05, 1.05, 1.05, 1.05, 1.05, 1.05, 1.05, 1.05, 1.05, 1.0501829534322726, 1.0514695741732305, 1.0520794891132368, 1.052609982369042], "I23": [[50, 12], [60, 12]], "IGen": {"displaySize": "1920x1080", "device": ""}}