{"O21": [4.408, 4.408, 4.408, 4.408, 4.408, 4.408, 4.408, 4.408, 4.408, 4.408, 4.408, 4.408, 4.408, 4.408, 4.415, 4.531000000000001, 4.531000000000001, 4.531000000000001, 4.531000000000001, 4.531000000000001, 4.531000000000001, 4.531000000000001, 4.531000000000001, 4.531000000000001, 4.532, 4.553999999999999, 4.553999999999999, 4.553999999999999, 4.553999999999999, 4.553999999999999, 4.553999999999999, 4.553999999999999, 4.553999999999999, 4.553999999999999, 4.553, 4.531000000000001, 4.531000000000001, 4.531000000000001, 4.531000000000001, 4.531000000000001, 4.531000000000001, 4.531000000000001, 4.531000000000001, 4.531000000000001, 4.529, 4.408, 4.408, 4.408, 4.408, 4.408, 4.408, 4.408, 4.408, 4.408, 4.408, 4.408, 4.408, 4.408, 4.408, 4.408, 4.408, 4.408, 4.408, 4.408, 4.421, 4.531000000000001, 4.531000000000001, 4.531000000000001, 4.531000000000001, 4.531000000000001, 4.531000000000001, 4.531000000000001, 4.531000000000001, 4.531000000000001, 4.533, 4.553999999999999, 4.553999999999999, 4.553999999999999, 4.553999999999999, 4.553999999999999, 4.553999999999999, 4.553999999999999, 4.553999999999999, 4.553999999999999, 4.553, 4.531000000000001, 4.531000000000001, 4.531000000000001, 4.531000000000001, 4.531000000000001, 4.531000000000001, 4.531000000000001, 4.531000000000001, 4.531000000000001, 4.527, 4.408, 4.408, 4.408, 4.408, 4.408, 4.408, 4.408, 4.408, 4.408, 4.408, 4.408, 4.408, 4.408, 4.408, 4.408, 4.408, 4.408, 4.408, 4.408, 4.422, 4.531000000000001, 4.531000000000001, 4.531000000000001, 4.531000000000001, 4.531000000000001, 4.531000000000001, 4.531000000000001, 4.531000000000001, 4.531000000000001, 4.534, 4.553999999999999, 4.553999999999999, 4.553999999999999, 4.553999999999999, 4.553999999999999, 4.553999999999999, 4.553999999999999, 4.553999999999999, 4.553999999999999, 4.553, 4.531000000000001, 4.531000000000001, 4.531000000000001, 4.531000000000001, 4.531000000000001, 4.531000000000001, 4.531000000000001, 4.531000000000001, 4.531000000000001, 4.527, 4.408, 4.408, 4.408, 4.408, 4.408, 4.408, 4.408, 4.408, 4.408, 4.408, 4.408, 4.408, 4.408, 4.408, 4.408, 4.408, 4.408, 4.408, 4.408, 4.408, 4.408, 4.408, 4.408, 4.408, 4.408, 4.408, 4.408, 4.408, 4.408, 4.408, 4.408, 4.408, 4.408, 4.408], "O22": [1.05, 1.05, 1.05, 1.05, 1.05, 1.05, 1.05, 1.05, 1.05, 1.05, 1.05, 1.05, 1.05, 1.05, 1.05, 1.776441059151841, 1.776441059151841, 1.776441059151841, 1.776441059151841, 1.776441059151841, 1.776441059151841, 1.776441059151841, 1.776441059151841, 1.776441059151841, 1.776441059151841, 3.5279496701113335, 3.5279496701113335, 3.5279496701113335, 3.5279496701113335, 3.5279496701113335, 3.5279496701113335, 3.5279496701113335, 3.5279496701113335, 3.5279496701113335, 3.5279496701113335, 1.5255010903768804, 1.5255010903768804, 1.5255010903768804, 1.5255010903768804, 1.5255010903768804, 1.5255010903768804, 1.5255010903768804, 1.5255010903768804, 1.5255010903768804, 1.5255010903768804, 1.05, 1.05, 1.05, 1.05, 1.05, 1.05, 1.05, 1.05, 1.05, 1.05, 1.05, 1.05, 1.05, 1.05, 1.05, 1.05, 1.05, 1.05, 1.05, 1.05, 1.5013396656338465, 1.5013396656338465, 1.5013396656338465, 1.5013396656338465, 1.5013396656338465, 1.5013396656338465, 1.5013396656338465, 1.5013396656338465, 1.5013396656338465, 1.5013396656338465, 3.563508077770176, 3.563508077770176, 3.563508077770176, 3.563508077770176, 3.563508077770176, 3.563508077770176, 3.563508077770176, 3.563508077770176, 3.563508077770176, 3.563508077770176, 1.5128959588436763, 1.5128959588436763, 1.5128959588436763, 1.5128959588436763, 1.5128959588436763, 1.5128959588436763, 1.5128959588436763, 1.5128959588436763, 1.5128959588436763, 1.5128959588436763, 1.05, 1.05, 1.05, 1.05, 1.05, 1.05, 1.05, 1.05, 1.05, 1.05, 1.05, 1.05, 1.05, 1.05, 1.05, 1.05, 1.05, 1.05, 1.05, 1.05, 1.60030789950358, 1.60030789950358, 1.60030789950358, 1.60030789950358, 1.60030789950358, 1.60030789950358, 1.60030789950358, 1.60030789950358, 1.60030789950358, 1.60030789950358, 3.6507179601004887, 3.6507179601004887, 3.6507179601004887, 3.6507179601004887, 3.6507179601004887, 3.6507179601004887, 3.6507179601004887, 3.6507179601004887, 3.6507179601004887, 3.6507179601004887, 1.5438882100510152, 1.5438882100510152, 1.5438882100510152, 1.5438882100510152, 1.5438882100510152, 1.5438882100510152, 1.5438882100510152, 1.5438882100510152, 1.5438882100510152, 1.5438882100510152, 1.05, 1.05, 1.05, 1.05, 1.05, 1.05, 1.05, 1.05, 1.05, 1.05, 1.05, 1.05, 1.05, 1.05, 1.05, 1.05, 1.05, 1.05, 1.05, 1.05, 1.05, 1.05, 1.05, 1.05, 1.05, 1.05, 1.05, 1.05, 1.05, 1.05, 1.05, 1.05, 1.05, 1.05, 1.05], "I23": [], "IGen": {"displaySize": "1920x1080", "device": ""}}