{"O21": [4.408, 4.408, 4.408, 4.408, 4.408, 4.408, 4.408, 4.408, 4.408, 4.408, 4.408, 4.408, 4.408, 4.408, 4.409, 4.531000000000001, 4.531000000000001, 4.531000000000001, 4.531000000000001, 4.531000000000001, 4.531000000000001, 4.531000000000001, 4.531000000000001, 4.531000000000001, 4.532, 4.553999999999999, 4.553999999999999, 4.553999999999999, 4.553999999999999, 4.553999999999999, 4.553999999999999, 4.553999999999999, 4.553999999999999, 4.553999999999999, 4.553999999999999, 4.531000000000001, 4.531000000000001, 4.531000000000001, 4.531000000000001, 4.531000000000001, 4.531000000000001, 4.531000000000001, 4.531000000000001, 4.531000000000001, 4.53, 4.408, 4.408, 4.408, 4.408, 4.408, 4.408, 4.408, 4.408, 4.408, 4.408, 4.408, 4.408, 4.408, 4.408, 4.408, 4.408, 4.408, 4.408, 4.408, 4.416, 4.531000000000001, 4.531000000000001, 4.531000000000001, 4.531000000000001, 4.531000000000001, 4.531000000000001, 4.531000000000001, 4.531000000000001, 4.531000000000001, 4.532, 4.553999999999999, 4.553999999999999, 4.553999999999999, 4.553999999999999, 4.553999999999999, 4.553999999999999, 4.553999999999999, 4.553999999999999, 4.553999999999999, 4.553, 4.531000000000001, 4.531000000000001, 4.531000000000001, 4.531000000000001, 4.531000000000001, 4.531000000000001, 4.531000000000001, 4.531000000000001, 4.531000000000001, 4.5280000000000005, 4.408, 4.408, 4.408, 4.408, 4.408, 4.408, 4.408, 4.408, 4.408, 4.408, 4.408, 4.408, 4.408, 4.408, 4.408, 4.408, 4.408, 4.408, 4.408, 4.422, 4.531000000000001, 4.531000000000001, 4.531000000000001, 4.531000000000001, 4.531000000000001, 4.531000000000001, 4.531000000000001, 4.531000000000001, 4.531000000000001, 4.533, 4.553999999999999, 4.553999999999999, 4.553999999999999, 4.553999999999999, 4.553999999999999, 4.553999999999999, 4.553999999999999, 4.553999999999999, 4.553999999999999, 4.553, 4.531000000000001, 4.531000000000001, 4.531000000000001, 4.531000000000001, 4.531000000000001, 4.531000000000001, 4.531000000000001, 4.531000000000001, 4.531000000000001, 4.527, 4.408, 4.408, 4.408, 4.408, 4.408, 4.408, 4.408, 4.408, 4.408, 4.408, 4.408, 4.408, 4.408, 4.408, 4.408, 4.408, 4.408, 4.408, 4.408, 4.408, 4.408, 4.408, 4.408, 4.408, 4.408, 4.408, 4.408, 4.408, 4.408, 4.408, 4.408, 4.408, 4.408, 4.408, 4.408], "O22": [1.05, 1.05, 1.05, 1.05, 1.05, 1.05, 1.05, 1.05, 1.05, 1.05, 1.05, 1.05, 1.05, 1.05, 1.05, 1.97051401817443, 1.97051401817443, 1.97051401817443, 1.97051401817443, 1.97051401817443, 1.97051401817443, 1.97051401817443, 1.97051401817443, 1.97051401817443, 1.97051401817443, 3.703872023479076, 3.703872023479076, 3.703872023479076, 3.703872023479076, 3.703872023479076, 3.703872023479076, 3.703872023479076, 3.703872023479076, 3.703872023479076, 3.703872023479076, 1.8195352405481413, 1.8195352405481413, 1.8195352405481413, 1.8195352405481413, 1.8195352405481413, 1.8195352405481413, 1.8195352405481413, 1.8195352405481413, 1.8195352405481413, 1.8195352405481413, 1.05, 1.05, 1.05, 1.05, 1.05, 1.05, 1.05, 1.05, 1.05, 1.05, 1.05, 1.05, 1.05, 1.05, 1.05, 1.05, 1.05, 1.05, 1.05, 1.05, 1.881161106630986, 1.881161106630986, 1.881161106630986, 1.881161106630986, 1.881161106630986, 1.881161106630986, 1.881161106630986, 1.881161106630986, 1.881161106630986, 1.881161106630986, 3.8724978472196367, 3.8724978472196367, 3.8724978472196367, 3.8724978472196367, 3.8724978472196367, 3.8724978472196367, 3.8724978472196367, 3.8724978472196367, 3.8724978472196367, 3.8724978472196367, 2.0152243018052403, 2.0152243018052403, 2.0152243018052403, 2.0152243018052403, 2.0152243018052403, 2.0152243018052403, 2.0152243018052403, 2.0152243018052403, 2.0152243018052403, 2.0152243018052403, 1.05, 1.05, 1.05, 1.05, 1.05, 1.05, 1.05, 1.05, 1.05, 1.05, 1.05, 1.05, 1.05, 1.05, 1.05, 1.05, 1.05, 1.05, 1.05, 1.05, 1.8281642533278524, 1.8281642533278524, 1.8281642533278524, 1.8281642533278524, 1.8281642533278524, 1.8281642533278524, 1.8281642533278524, 1.8281642533278524, 1.8281642533278524, 1.8281642533278524, 3.824147372436499, 3.824147372436499, 3.824147372436499, 3.824147372436499, 3.824147372436499, 3.824147372436499, 3.824147372436499, 3.824147372436499, 3.824147372436499, 3.824147372436499, 2.1029754588492633, 2.1029754588492633, 2.1029754588492633, 2.1029754588492633, 2.1029754588492633, 2.1029754588492633, 2.1029754588492633, 2.1029754588492633, 2.1029754588492633, 2.1029754588492633, 1.05, 1.05, 1.05, 1.05, 1.05, 1.05, 1.05, 1.05, 1.05, 1.05, 1.05, 1.05, 1.05, 1.05, 1.05, 1.05, 1.05, 1.05, 1.05, 1.05, 1.05, 1.05, 1.05, 1.05, 1.05, 1.05, 1.05, 1.05, 1.05, 1.05, 1.05, 1.05, 1.05, 1.05], "I23": [], "IGen": {"displaySize": "1920x1080", "device": ""}}